null,seed,avg_clustering,transitivity,triangles,assortativity,neighbour_degree_edge,neighbour_degree_node,friend_at_least,unbeaten,components,giant_size,hub_share,avg_path_giant
swap,2026091200,0.141986649864275,0.11491515331944031,1158,-0.12033039939007376,22.081589958158997,23.538703940667524,0.7654643598702731,1,18,286,0.03695955369595537,2.6450496871549505
swap,2026091201,0.12689040600744267,0.11154113327379181,1124,-0.13378289867409293,22.081589958158997,24.223973618078066,0.7608310106109755,2,18,286,0.03695955369595537,2.644755244755245
swap,2026091202,0.1455723052297222,0.11630445569117794,1172,-0.11195530824977765,22.081589958158997,24.32264839010078,0.7666686282584043,1,18,286,0.03695955369595537,2.6286590602380078
swap,2026091203,0.1406588215524212,0.11124342562270517,1121,-0.1278309830217433,22.081589958158997,24.94813490231702,0.7682540853114788,1,18,286,0.03695955369595537,2.6102564102564103
swap,2026091204,0.15639085046231418,0.11183884092487843,1127,-0.11900108948147779,22.081589958158997,23.891417691261143,0.766369116353524,1,18,286,0.03695955369595537,2.628708133971292
swap,2026091205,0.15326831838990476,0.10866329264662102,1095,-0.14175144618997734,22.081589958158997,25.25930976495338,0.7634590164214139,2,18,286,0.03695955369595537,2.6145012881854988
swap,2026091206,0.16164662287668533,0.1177929939466111,1187,-0.11634978159997693,22.081589958158997,24.09528703511515,0.7634676048515177,1,18,286,0.03695955369595537,2.644264507422402
swap,2026091207,0.13963005117718025,0.1231517316661705,1241,-0.10038636359972102,22.081589958158997,23.219383611735626,0.7577486941642715,1,18,286,0.03695955369595537,2.6560422034106246
swap,2026091208,0.14814223103937768,0.11680063510965565,1177,-0.11326560712557725,22.081589958158997,24.362268934290313,0.7650931640556606,1,18,286,0.03695955369595537,2.623236412710097
swap,2026091209,0.13660829219664633,0.10598392378684132,1068,-0.14384850934611212,22.081589958158997,25.30458098122988,0.7676554220652079,2,18,286,0.03695955369595537,2.603361550729972
swap,2026091210,0.13435047078699314,0.11799146571400218,1189,-0.11355662216607296,22.081589958158997,23.821200176580938,0.7664164150565982,1,18,286,0.03695955369595537,2.647405226352595
swap,2026091211,0.1310618050568424,0.10856405676292548,1094,-0.13321841723875896,22.081589958158997,24.27372873102498,0.7682579066042191,2,18,286,0.03695955369595537,2.624561403508772
swap,2026091212,0.14441035127320212,0.10985412325096755,1107,-0.13956079025699916,22.081589958158997,24.67184896898539,0.7671285609603107,2,18,286,0.03695955369595537,2.6147711937185623
swap,2026091213,0.15725006050536408,0.1151136250868314,1160,-0.11630152282441673,22.081589958158997,24.456215128513705,0.7627598270540158,1,18,286,0.03695955369595537,2.635725677830941
swap,2026091214,0.14489064777863558,0.12126624987595515,1222,-0.10767197632207968,22.081589958158997,23.52939279266019,0.7631263433014088,1,18,286,0.03695955369595537,2.644092749355907
swap,2026091215,0.13948882273801505,0.12285402401508386,1238,-0.10176246989673764,22.081589958158997,23.2333363593411,0.7533950615541058,1,18,286,0.03695955369595537,2.678027235921973
swap,2026091216,0.14548413814867386,0.1133273791803116,1142,-0.12299486875581823,22.081589958158997,25.037082710438764,0.7635837910065164,1,18,286,0.03695955369595537,2.6072629125260702
swap,2026091217,0.13491320962190695,0.11253349211074724,1134,-0.12321130205226727,22.081589958158997,24.40673180531147,0.7619605329013541,1,18,286,0.03695955369595537,2.6347932768985403
swap,2026091218,0.1453384283189393,0.11044953855314081,1113,-0.131447466414436,22.081589958158997,25.542468225846733,0.7640002999322734,1,18,286,0.03695955369595537,2.613029076186971
swap,2026091219,0.14842164799458107,0.1054877443683636,1063,-0.12748001010858334,22.081589958158997,23.816010568456583,0.7641489058355968,1,18,286,0.03695955369595537,2.629321555637345
swap,2026091220,0.15324264398014573,0.11015183090205419,1110,-0.13478755863801464,22.081589958158997,25.287375063388208,0.7632710697146454,1,18,286,0.03695955369595537,2.609078640657588
swap,2026091221,0.14142835827058814,0.11898382455095763,1199,-0.11077223705499933,22.081589958158997,23.886945491776558,0.7608311212006111,1,18,286,0.03695955369595537,2.640264998159735
swap,2026091222,0.1409686731204683,0.11312890741292052,1140,-0.12160560097455671,22.081589958158997,24.743547384836543,0.7664720462835207,1,18,286,0.03695955369595537,2.6209054103790947
swap,2026091223,0.12673890938623023,0.10648010320531905,1073,-0.1252586440457036,22.081589958158997,24.329714280210414,0.766698802719053,1,18,286,0.03695955369595537,2.627383143172617
swap,2026091224,0.14777471716554094,0.125434156991168,1264,-0.1036650355634959,22.081589958158997,23.480278456050378,0.760456886380487,2,18,286,0.03695955369595537,2.658594037541406
swap,2026091225,0.1398177839055041,0.1106480103205319,1115,-0.1360832336424326,22.081589958158997,24.353178042026784,0.7647258261617922,2,18,286,0.03695955369595537,2.626082689240584
swap,2026091226,0.15284896367393858,0.11898382455095763,1199,-0.1168996391639286,22.081589958158997,23.664503603260957,0.7622774143328214,1,18,286,0.03695955369595537,2.6333456017666546
swap,2026091227,0.1354890299243945,0.1177929939466111,1187,-0.10797030329826628,22.081589958158997,23.562012196401525,0.757941259476757,1,18,286,0.03695955369595537,2.6320206109679796
swap,2026091228,0.14384872516011316,0.11193807680857398,1128,-0.13010791979587288,22.081589958158997,24.205901784115323,0.7660409560555731,1,18,286,0.03695955369595537,2.6265488897067844
swap,2026091229,0.1331040301906089,0.11660216334226456,1175,-0.11381838946380532,22.081589958158997,23.76511785931669,0.7614981334431008,1,18,286,0.03695955369595537,2.628560912771439
swap,2026091230,0.13612458540478742,0.11471668155204923,1156,-0.12095337631093322,22.081589958158997,23.982930937105966,0.7615412010934423,1,18,286,0.03695955369595537,2.649932523616734
swap,2026091231,0.14638109381526399,0.11094571797161853,1118,-0.12622966910544786,22.081589958158997,24.044794445012403,0.7633112426691125,2,18,286,0.03695955369595537,2.6374677953625323
swap,2026091232,0.15108888589353928,0.11412126624987595,1150,-0.12024119377464465,22.081589958158997,24.712916392180173,0.7647681518332383,2,18,286,0.03695955369595537,2.6180836707152495
swap,2026091233,0.1498929842189085,0.11164036915748735,1125,-0.13383846938534344,22.081589958158997,24.870107089789848,0.7625971965422449,1,18,286,0.03695955369595537,2.6023064654643604
swap,2026091234,0.13906153153219714,0.12136548575965068,1223,-0.11308427112044493,22.081589958158997,23.328904065080255,0.7606250211882749,2,18,286,0.03695955369595537,2.6569746043430253
swap,2026091235,0.14847163006255376,0.11620521980748238,1171,-0.12439437324704614,22.081589958158997,23.805173549282564,0.7634808733151445,2,18,286,0.03695955369595537,2.6542510121457488
swap,2026091236,0.12273892871687839,0.1037014984618438,1045,-0.1408374542286208,22.081589958158997,25.30067231302107,0.7690981246435299,1,18,286,0.03695955369595537,2.6005152741994846
swap,2026091237,0.13787930832539716,0.11590751215639575,1168,-0.1185111897901905,22.081589958158997,24.23458585447552,0.7599136096644842,1,18,286,0.03695955369595537,2.63214329530119
swap,2026091238,0.1361751482411882,0.11640369157487347,1173,-0.1162825117916205,22.081589958158997,23.85139344935764,0.765201455811379,1,18,286,0.03695955369595537,2.628757207704576
swap,2026091239,0.12997058262119546,0.10578545201945024,1066,-0.13835139609373384,22.081589958158997,25.323793575620638,0.7644961154212012,3,18,286,0.03695955369595537,2.6074346705925655
swap,2026091240,0.14083864810373284,0.12196090106182396,1229,-0.10812531633491233,22.081589958158997,23.69418791830224,0.7600810537363414,1,18,286,0.03695955369595537,2.65138019874862
swap,2026091241,0.1380888839120543,0.11441897390096259,1153,-0.12474973332162131,22.081589958158997,24.440110012150274,0.7622063820059155,1,18,286,0.03695955369595537,2.6225493804441173
swap,2026091242,0.1544936813841295,0.11491515331944031,1158,-0.11756063815038104,22.081589958158997,24.040722935072445,0.7651250073828911,1,18,286,0.03695955369595537,2.638179364495154
swap,2026091243,0.15841044465550505,0.110846482087923,1117,-0.13373317751139455,22.081589958158997,24.940281135920433,0.7651045771228651,1,18,286,0.03695955369595537,2.6197276407802725
swap,2026091244,0.1420174745459219,0.1160067480400913,1169,-0.11605876655948054,22.081589958158997,23.635665206888962,0.7629585907830354,1,18,286,0.03695955369595537,2.6427677585572322
swap,2026091245,0.15276426793885264,0.11253349211074724,1134,-0.1304077091591983,22.081589958158997,24.70286337841685,0.7683789863531186,1,18,286,0.03695955369595537,2.6198257882468408
swap,2026091246,0.14189983931329728,0.11769375806291556,1186,-0.1025580084999017,22.081589958158997,24.149365052650214,0.7610211263461426,1,18,286,0.03695955369595537,2.625469267574531
swap,2026091247,0.14572256789469565,0.11670139922596011,1176,-0.11124751287490364,22.081589958158997,23.63382440522954,0.7602559378404108,1,18,286,0.03695955369595537,2.6426205373573795
swap,2026091248,0.14803511482972914,0.11908306043465317,1200,-0.10789864632849662,22.081589958158997,24.019687885910862,0.7617563702912769,1,18,286,0.03695955369595537,2.638154827628512
swap,2026091249,0.1444499920654104,0.1133273791803116,1142,-0.12029822687303346,22.081589958158997,24.877741214974296,0.760416153854814,2,18,286,0.03695955369595537,2.6187952398478713
swap,2026091250,0.13674884825483855,0.11025106678574972,1111,-0.14199274006777515,22.081589958158997,25.08491389536556,0.7639543807421626,2,18,286,0.03695955369595537,2.6061587535271746
swap,2026091251,0.1424740467287794,0.11481591743574476,1157,-0.1254209690180404,22.081589958158997,23.833221540526072,0.7632583678804276,1,18,286,0.03695955369595537,2.6521163047478837
swap,2026091252,0.15296184830615073,0.1126327279944428,1135,-0.12330928199052388,22.081589958158997,24.517422332149295,0.7628974980324602,1,18,286,0.03695955369595537,2.626867868973132
swap,2026091253,0.13022778523393222,0.1177929939466111,1187,-0.11539338041161362,22.081589958158997,23.823351352745178,0.7587753938293949,1,18,286,0.03695955369595537,2.636658078763342
swap,2026091254,0.1425222562705218,0.1184876451324799,1194,-0.11596809855691477,22.081589958158997,23.666374903955194,0.7639935048937867,1,18,286,0.03695955369595537,2.6523371365476627
swap,2026091255,0.12778322068249917,0.11164036915748735,1125,-0.12200921982469143,22.081589958158997,24.45532780676789,0.7634601423549698,1,18,286,0.03695955369595537,2.63329652803337
swap,2026091256,0.13555321701713735,0.11759452217922,1185,-0.11321442357574206,22.081589958158997,23.858361553429134,0.7638062784076144,1,18,286,0.03695955369595537,2.6507913139492087
swap,2026091257,0.15188095046789543,0.11749528629552446,1184,-0.12164508542728736,22.081589958158997,24.314573901386193,0.7620243645953944,1,18,286,0.03695955369595537,2.6252729726413935
swap,2026091258,0.15124651744586587,0.11253349211074724,1134,-0.12132189786975252,22.081589958158997,24.585952488762743,0.7688312260342675,4,19,284,0.03695955369595537,2.6160354352261983
swap,2026091259,0.14467964614487147,0.11392279448248487,1148,-0.12223881460538392,22.081589958158997,23.88831063831663,0.7627907305758059,1,18,286,0.03695955369595537,2.657072751809594
swap,2026091260,0.1437189037883185,0.11531209685422249,1162,-0.12210866215008695,22.081589958158997,24.191336527248108,0.7624805187626531,1,18,286,0.03695955369595537,2.633762728499571
swap,2026091261,0.12844490475582965,0.12007541927160861,1210,-0.0908325884260603,22.081589958158997,23.364332243379355,0.7620073283027526,1,18,286,0.03695955369595537,2.638915470494418
swap,2026091262,0.13908495445432087,0.11471668155204923,1156,-0.11554839344825946,22.081589958158997,23.697348747630883,0.7602004517167907,1,18,286,0.03695955369595537,2.6416881364249787
swap,2026091263,0.13661520417543377,0.11709834276074228,1180,-0.10836222305129625,22.081589958158997,24.071148396771783,0.7626429038975425,1,18,286,0.03695955369595537,2.6280947123052387
swap,2026091264,0.14720986073180298,0.11273196387813833,1136,-0.13630551648743497,22.081589958158997,25.577308817296228,0.7644956011760783,1,18,286,0.03695955369595537,2.6206355048460312
swap,2026091265,0.13865804470018547,0.10767093380966558,1085,-0.13460914740715785,22.081589958158997,24.9018866875778,0.7660419181061443,1,18,286,0.03695955369595537,2.601864801864802
swap,2026091266,0.1391805761654491,0.10935794383248983,1102,-0.12508461997626147,22.081589958158997,23.860312435288762,0.7623320120596973,1,18,286,0.03695955369595537,2.636486320696847
swap,2026091267,0.14610184940219542,0.1184876451324799,1194,-0.11569316977493817,22.081589958158997,23.59011649125808,0.7594904429675126,1,18,286,0.03695955369595537,2.6770457612562875
swap,2026091268,0.1521887112849885,0.11699910687704675,1179,-0.1165077194108985,22.081589958158997,23.539214822154033,0.7573723429995762,1,18,286,0.03695955369595537,2.672751809593915
swap,2026091269,0.12996982244460414,0.11660216334226456,1175,-0.1142658799280857,22.081589958158997,23.36232510693602,0.7584901562805436,3,19,284,0.03695955369595537,2.636614741452247
swap,2026091270,0.14779067066924648,0.1117396050411829,1126,-0.12973501107563967,22.081589958158997,24.60546874764884,0.7669390671765045,1,18,286,0.03695955369595537,2.6121457489878543
swap,2026091271,0.1260788890675682,0.12156395752704177,1225,-0.11668320586747885,22.081589958158997,23.937247645835235,0.7623144450072238,1,18,286,0.03695955369595537,2.6386210280947124
swap,2026091272,0.1389753057080108,0.12285402401508386,1238,-0.1089983614564,22.081589958158997,23.403227036655743,0.7625021486284113,1,18,286,0.03695955369595537,2.65518341307815
swap,2026091273,0.12896499199343006,0.11094571797161853,1118,-0.12650898504883903,22.081589958158997,24.011802007972,0.7672593899448513,1,18,286,0.03695955369595537,2.619457735247209
swap,2026091274,0.12943305205323682,0.1168998709933512,1178,-0.1115429150768144,22.081589958158997,23.58544431446311,0.7590753721904407,2,18,286,0.03695955369595537,2.641418230891915
swap,2026091275,0.13443375255891135,0.11997618338791306,1209,-0.104659458817451,22.081589958158997,24.288755714983285,0.760989740095145,1,18,286,0.03695955369595537,2.6276285118390383
swap,2026091276,0.14282277915160008,0.11302967152922497,1139,-0.12559353070034426,22.081589958158997,23.843847168619217,0.764287985796016,1,18,286,0.03695955369595537,2.6361673414304994
swap,2026091277,0.14511875794353601,0.11580827627270021,1167,-0.11488008252611678,22.081589958158997,24.179502965941502,0.760805540978103,1,18,286,0.03695955369595537,2.633051159366949
swap,2026091278,0.14668941851274694,0.11729681452813337,1182,-0.11170231527487424,22.081589958158997,23.854697685749958,0.7641249265813896,1,18,286,0.03695955369595537,2.63513679303153
swap,2026091279,0.14454528975651196,0.11005259501835864,1109,-0.1271334243568366,22.081589958158997,25.073917801997187,0.7681846663926808,2,18,286,0.03695955369595537,2.601447675131886
swap,2026091280,0.143666704017302,0.11352585094770269,1144,-0.11899085277151007,22.081589958158997,23.864395072185182,0.7581370323723382,1,18,286,0.03695955369595537,2.6569255306097412
swap,2026091281,0.1341257245465273,0.12037312692269525,1213,-0.11047683485308907,22.081589958158997,23.648388453085676,0.7617752923310065,1,18,286,0.03695955369595537,2.6483376272849957
swap,2026091282,0.14391330561777696,0.11203731269226952,1129,-0.12446603021681582,22.081589958158997,24.34263644749313,0.76214846058479,1,18,286,0.03695955369595537,2.632683106367317
swap,2026091283,0.15435978029304198,0.11193807680857398,1128,-0.12220664208834493,22.081589958158997,25.381643760860207,0.7669055594754175,1,18,286,0.03695955369595537,2.5979634400687033
swap,2026091284,0.136263121113385,0.11680063510965565,1177,-0.11663640947905801,22.081589958158997,23.647021505635706,0.7615663256838894,1,18,286,0.03695955369595537,2.636658078763342
swap,2026091285,0.13619042753363256,0.11551056862161357,1164,-0.12296415862591595,22.081589958158997,24.14640599180221,0.7637149183076622,1,18,286,0.03695955369595537,2.6307201570359466
swap,2026091286,0.12906673406998626,0.11392279448248487,1148,-0.12557159489327177,22.081589958158997,24.010192887235373,0.7645777755864553,1,18,286,0.03695955369595537,2.6302784934363883
swap,2026091287,0.15851580194812986,0.11531209685422249,1162,-0.12836914148859033,22.081589958158997,24.291914365380688,0.7679031642863637,1,18,286,0.03695955369595537,2.62350631824316
swap,2026091288,0.15670165912938935,0.11789222983030664,1188,-0.11356978365031636,22.081589958158997,24.10433161704217,0.7661380548803227,1,18,286,0.03695955369595537,2.628168322905165
swap,2026091289,0.14276952736680595,0.11164036915748735,1125,-0.1257309950913329,22.081589958158997,25.53365085817989,0.7685770259658259,1,18,286,0.03695955369595537,2.6046129309287203
swap,2026091290,0.13747711406715485,0.10628163143792796,1071,-0.13205581946391498,22.081589958158997,24.518207354595397,0.7648313831825869,1,18,286,0.03695955369595537,2.6186234817813765
swap,2026091291,0.1282842416405825,0.11858688101617545,1195,-0.09904242981974277,22.081589958158997,23.830676482419477,0.7603459691420495,3,19,284,0.03695955369595537,2.632210222465535
swap,2026091292,0.14323806981501985,0.11501438920313585,1159,-0.12544875437366546,22.081589958158997,24.044845995658783,0.7627050071910448,2,18,286,0.03695955369595537,2.6413446202919886
swap,2026091293,0.15356634582262635,0.11560980450530912,1165,-0.12228122383239091,22.081589958158997,25.35629812770621,0.7645974154252969,1,18,286,0.03695955369595537,2.614354066985646
swap,2026091294,0.13551233863993215,0.11858688101617545,1195,-0.11318810060725429,22.081589958158997,24.11915542908696,0.7601684074451464,1,18,286,0.03695955369595537,2.6501778922831556
swap,2026091295,0.15208986172117916,0.10846482087922993,1093,-0.14556827662059915,22.081589958158997,24.786368979898505,0.7657919480034727,2,18,286,0.03695955369595537,2.6211507790455157
swap,2026091296,0.15355151020505975,0.11620521980748238,1171,-0.12196534821054636,22.081589958158997,24.308711533623683,0.7690488893944466,1,18,286,0.03695955369595537,2.6185989449147344
swap,2026091297,0.15683669755952748,0.11431973801726704,1152,-0.12488134816405659,22.081589958158997,24.135764193748624,0.7659975432140784,1,18,286,0.03695955369595537,2.635897435897436
swap,2026091298,0.16652170712298417,0.11441897390096259,1153,-0.12242307538479331,22.081589958158997,24.458684563166806,0.7674257827629951,1,18,286,0.03695955369595537,2.623236412710097
swap,2026091299,0.14510627505390586,0.11580827627270021,1167,-0.11453495916150819,22.081589958158997,23.95768033699726,0.7675367682108197,1,18,286,0.03695955369595537,2.644411728622255
swap,2026091300,0.14349937327462406,0.110846482087923,1117,-0.12648704924176637,22.081589958158997,24.51751387578647,0.7677548788918789,2,18,286,0.03695955369595537,2.616635995583364
swap,2026091301,0.13549585468874728,0.11213654857596507,1130,-0.12549701314922515,22.081589958158997,23.96547961922656,0.7610730081860254,1,18,286,0.03695955369595537,2.6550852656115813
swap,2026091302,0.1491476853561641,0.12444179815421257,1254,-0.11184709160155312,22.081589958158997,24.497483136844522,0.7639443208254136,1,18,286,0.03695955369595537,2.6374677953625323
swap,2026091303,0.13162451751023416,0.11650292745856902,1174,-0.10811654201208326,22.081589958158997,24.180341797991286,0.7597001377429694,1,18,286,0.03695955369595537,2.6532204637467793
swap,2026091304,0.1363675342963563,0.1117396050411829,1126,-0.11889287283325277,22.081589958158997,23.11271291325675,0.7617776258266316,3,18,286,0.03695955369595537,2.669512943197154
swap,2026091305,0.13560186446173642,0.11322814329661605,1141,-0.11582332223023592,22.081589958158997,24.135385182656872,0.7663470926454,1,18,286,0.03695955369595537,2.636314562630352
swap,2026091306,0.15549477800379685,0.11680063510965565,1177,-0.11780631918959351,22.081589958158997,24.478582857208263,0.7640007912229633,1,18,286,0.03695955369595537,2.6303521040363145
swap,2026091307,0.14412881018387694,0.11402203036618042,1149,-0.1260161605832752,22.081589958158997,24.014220392226616,0.7667390120675202,4,19,284,0.03695955369595537,2.6140944607574776
swap,2026091308,0.13059510529326163,0.11382355859878933,1147,-0.12146667419643065,22.081589958158997,24.36664273776625,0.7594811063796162,1,18,286,0.03695955369595537,2.635725677830941
swap,2026091309,0.13951105230593963,0.11590751215639575,1168,-0.12090365514823607,22.081589958158997,23.952427977511377,0.7643505692056455,1,18,286,0.03695955369595537,2.6367807630965525
swap,2026091310,0.15897949338275316,0.11352585094770269,1144,-0.13072943432959466,22.081589958158997,25.46985276683958,0.7684488852140252,2,18,286,0.03695955369595537,2.6003189792663477
swap,2026091311,0.14116586052913277,0.11729681452813337,1182,-0.10887990809820826,22.081589958158997,24.217847718654987,0.7677145619568365,1,18,286,0.03695955369595537,2.622672064777328
swap,2026091312,0.13928576392504222,0.11670139922596011,1176,-0.12387376342585728,22.081589958158997,23.73142155685382,0.7603771310840277,1,18,286,0.03695955369595537,2.632658569500675
swap,2026091313,0.13003101434926018,0.11471668155204923,1156,-0.10938589404801481,22.081589958158997,23.68108633737276,0.7599848992871304,4,19,284,0.03695955369595537,2.64970387697208
swap,2026091314,0.13503689458770224,0.10687704674010122,1077,-0.13533741620196632,22.081589958158997,24.514297339149696,0.7635314654870032,2,18,286,0.03695955369595537,2.6158262789841737
swap,2026091315,0.15468190980227806,0.1106480103205319,1115,-0.12997484256630007,22.081589958158997,24.79681834975572,0.7683451164271891,1,18,286,0.03695955369595537,2.610526315789474
swap,2026091316,0.13553580318636946,0.11521286097052694,1161,-0.11764545660439495,22.081589958158997,23.76362161795012,0.7637862479681212,1,18,286,0.03695955369595537,2.6378603852288065
swap,2026091317,0.1541322879698905,0.11124342562270517,1121,-0.13559040917686954,22.081589958158997,24.736710078954246,0.7704834216062414,1,18,286,0.03695955369595537,2.610967979389032
swap,2026091318,0.13053464658560965,0.10677781085640567,1076,-0.1406605053849024,22.081589958158997,24.79990522551076,0.7653540866144322,1,18,286,0.03695955369595537,2.620831799779168
swap,2026091319,0.16339874686476366,0.11392279448248487,1148,-0.1287391254345464,22.081589958158997,24.636443647568026,0.7648458592782656,1,18,286,0.03695955369595537,2.6195804195804198
swap,2026091320,0.14171007446855471,0.10955641559988091,1104,-0.12732060991052233,22.081589958158997,24.0421818495823,0.7607662806465805,1,18,286,0.03695955369595537,2.626696110906637
swap,2026091321,0.14085726004193236,0.11709834276074228,1180,-0.1168382189041248,22.081589958158997,25.085536065460214,0.762693891855289,1,18,286,0.03695955369595537,2.6080235553919766
swap,2026091322,0.16021832942994682,0.11451820978465813,1154,-0.12918076635027417,22.081589958158997,23.97727884130541,0.7617672146652564,1,18,286,0.03695955369595537,2.6307692307692307
swap,2026091323,0.16384424572856995,0.1229532598987794,1239,-0.10047410682801115,22.081589958158997,23.414882792501363,0.7570872945684428,1,18,286,0.03695955369595537,2.661661145871672
swap,2026091324,0.15344316065942012,0.11531209685422249,1162,-0.12425398408178129,22.081589958158997,24.383152129900523,0.7623182888139103,1,18,286,0.03695955369595537,2.62718684823948
swap,2026091325,0.13933133106100787,0.11948000396943535,1204,-0.11410355495574884,22.081589958158997,23.75369278441914,0.7594662016186364,1,18,286,0.03695955369595537,2.6379094589620906
swap,2026091326,0.13293610468032804,0.10906023618140319,1099,-0.13144307925302218,22.081589958158997,24.265251798852447,0.764865518868251,1,18,286,0.03695955369595537,2.6213225371120106
swap,2026091327,0.14099806614358357,0.11987694750421753,1208,-0.10821159717606427,22.081589958158997,24.386077844145156,0.7658391377497457,1,18,286,0.03695955369595537,2.632339590234327
swap,2026091328,0.13963539815325576,0.12007541927160861,1210,-0.10569629129841362,22.081589958158997,23.629370547410694,0.7625688131902234,1,18,286,0.03695955369595537,2.6516746411483254
swap,2026091329,0.11928418848396358,0.11342661506400714,1143,-0.1187334726351929,22.081589958158997,24.749243080349828,0.7623414680754362,1,18,286,0.03695955369595537,2.611777695988222
swap,2026091330,0.14305181235783518,0.10777016969336112,1086,-0.13392036306508084,22.081589958158997,24.967821095073063,0.7620419080889852,1,18,286,0.03695955369595537,2.612317507054349
swap,2026091331,0.13896201857431795,0.11967847573682644,1206,-0.1052604999312386,22.081589958158997,23.796246433892655,0.7638098435044773,1,18,286,0.03695955369595537,2.6467918046865417
swap,2026091332,0.13962089980155976,0.11441897390096259,1153,-0.1217401405912683,22.081589958158997,24.292123849223817,0.7614253483339061,1,18,286,0.03695955369595537,2.629812292970188
swap,2026091333,0.14285831089552176,0.1231517316661705,1241,-0.09872216703648377,22.081589958158997,23.79533995223729,0.7577260122406698,1,18,286,0.03695955369595537,2.640952030425715
swap,2026091334,0.13309040747020964,0.11302967152922497,1139,-0.12269946655390729,22.081589958158997,24.337193270401457,0.7684085743928861,1,18,286,0.03695955369595537,2.621739663844927
swap,2026091335,0.12880819190541565,0.10429691376401706,1051,-0.1504731230820184,22.081589958158997,25.079006754993625,0.7640701243645094,2,18,286,0.03695955369595537,2.6318488529014843
swap,2026091336,0.15976369808572358,0.11719757864443783,1181,-0.12635250962505415,22.081589958158997,24.442709117447066,0.7634953781496087,1,18,286,0.03695955369595537,2.6225984541774015
swap,2026091337,0.15422804184118072,0.1122357844596606,1131,-0.13025123373541414,22.081589958158997,24.46645703463293,0.7676757507441279,1,18,286,0.03695955369595537,2.611704085388296
swap,2026091338,0.13877051961571166,0.11560980450530912,1165,-0.11566538441931308,22.081589958158997,24.071221853939473,0.762136484941228,2,18,286,0.03695955369595537,2.636461783830205
swap,2026091339,0.13552334391519794,0.11531209685422249,1162,-0.1089135430023861,22.081589958158997,24.496728508041862,0.7626242823505222,1,18,286,0.03695955369595537,2.62039013617961
swap,2026091340,0.15046979073024072,0.11630445569117794,1172,-0.12612583961863852,22.081589958158997,23.69450607654866,0.7597515298247344,1,18,286,0.03695955369595537,2.6494417862838917
swap,2026091341,0.14166906353176165,0.11302967152922497,1139,-0.13079524175081245,22.081589958158997,24.297002373506363,0.7632177870213209,1,18,286,0.03695955369595537,2.6458103300208564
swap,2026091342,0.13708024636020708,0.12186166517812841,1228,-0.0965432102006122,22.081589958158997,23.54036596750295,0.7615143519362082,1,18,286,0.03695955369595537,2.6426450742240215
swap,2026091343,0.15044677689630462,0.11739605041182892,1183,-0.11339722196801244,22.081589958158997,24.557719281002576,0.7649347923463777,1,18,286,0.03695955369595537,2.613814255919519
swap,2026091344,0.15447132308474856,0.11541133273791804,1163,-0.11831376752653755,22.081589958158997,23.868903145173345,0.7687285296829652,2,18,286,0.03695955369595537,2.6303275671696724
swap,2026091345,0.15169100396113291,0.11918229631834872,1201,-0.11105740254694237,22.081589958158997,24.23582377519525,0.7581781412143289,1,18,286,0.03695955369595537,2.633762728499571
swap,2026091346,0.14661765480438824,0.11570904038900466,1166,-0.11003519393736133,22.081589958158997,24.611981624979467,0.7617781140886108,1,18,286,0.03695955369595537,2.6341553183658446
swap,2026091347,0.1688478941732662,0.11283119976183388,1137,-0.13190665597582174,22.081589958158997,24.899137717706154,0.7679383849218252,2,18,286,0.03695955369595537,2.6217887375782114
swap,2026091348,0.147773654053792,0.11293043564552942,1138,-0.1309692658202546,22.081589958158997,25.15422135971653,0.7625083573641375,1,18,286,0.03695955369595537,2.6230155809103177
swap,2026091349,0.13179804603023781,0.11928153220204427,1202,-0.10494754908367106,22.081589958158997,23.817036986909773,0.7571043879923536,1,18,286,0.03695955369595537,2.6501778922831556
swap,2026091350,0.15557518636284784,0.11769375806291556,1186,-0.10694516991440944,22.081589958158997,23.374975393811877,0.7599749082330234,1,18,286,0.03695955369595537,2.650472334682861
swap,2026091351,0.13675171092189042,0.11957923985313089,1205,-0.11223169941889223,22.081589958158997,22.8798652228932,0.7645568797972918,1,18,286,0.03695955369595537,2.662421788737578
swap,2026091352,0.1467923136803842,0.11342661506400714,1143,-0.12943229693803868,22.081589958158997,24.801783604409078,0.7697674149929009,2,18,286,0.03695955369595537,2.615629984051037
swap,2026091353,0.14413905786887932,0.11948000396943535,1204,-0.10497240966502006,22.081589958158997,23.909223380170456,0.764282014081476,1,18,286,0.03695955369595537,2.632462274567538
swap,2026091354,0.14167094100672234,0.11302967152922497,1139,-0.12335315360466956,22.081589958158997,23.848502783958683,0.7629553776117666,1,18,286,0.03695955369595537,2.641197399092136
swap,2026091355,0.14220908767644452,0.10568621613575468,1065,-0.1312105596980525,22.081589958158997,24.265219088253723,0.7668877192679499,1,18,286,0.03695955369595537,2.627603974972396
swap,2026091356,0.13723076879982993,0.11213654857596507,1130,-0.12898334408662127,22.081589958158997,24.322186449692555,0.7656652666859419,1,18,286,0.03695955369595537,2.6198257882468408
swap,2026091357,0.13865196293748158,0.11630445569117794,1172,-0.11628689895303564,22.081589958158997,23.98392847028171,0.7625173906602191,1,18,286,0.03695955369595537,2.6251257514415407
swap,2026091358,0.14920269816665943,0.11114418973900962,1120,-0.1268687322848286,22.081589958158997,24.410468575947597,0.7614425884962972,1,18,286,0.03695955369595537,2.633247454300086
swap,2026091359,0.1357691254097942,0.11580827627270021,1167,-0.11508774149973695,22.081589958158997,23.804399746536017,0.7637456044764511,1,18,286,0.03695955369595537,2.631210894368789
swap,2026091360,0.1422048132831074,0.11699910687704675,1179,-0.10623591215239812,22.081589958158997,23.512630305013182,0.7602521562271118,1,18,286,0.03695955369595537,2.648582995951417
swap,2026091361,0.15622991990216825,0.11124342562270517,1121,-0.13230003811598856,22.081589958158997,24.736336872246287,0.7696898837501034,1,18,286,0.03695955369595537,2.6112378849220956
swap,2026091362,0.13763859037062684,0.12176242929443287,1227,-0.10384198440721498,22.081589958158997,23.486601795745695,0.7629186339396492,1,18,286,0.03695955369595537,2.639676113360324
swap,2026091363,0.13889395774115498,0.11709834276074228,1180,-0.11597979765401953,22.081589958158997,23.514457021580608,0.7660368288821806,1,18,286,0.03695955369595537,2.649147343884186
swap,2026091364,0.1467140757888966,0.11035030266944527,1112,-0.12153394400478645,22.081589958158997,24.60648731849434,0.7667266805681597,1,18,286,0.03695955369595537,2.6128818549871182
swap,2026091365,0.1445177295136049,0.10687704674010122,1077,-0.12654700711443131,22.081589958158997,24.496749383359948,0.7678851036909135,1,18,286,0.03695955369595537,2.618917924181082
swap,2026091366,0.1431243683824036,0.11273196387813833,1136,-0.12155880458613531,22.081589958158997,24.583721444516417,0.767500567275982,1,18,286,0.03695955369595537,2.616292479450374
swap,2026091367,0.1289296174903174,0.11551056862161357,1164,-0.11575751480901836,22.081589958158997,24.685349267102012,0.7661237050764722,1,18,286,0.03695955369595537,2.6199975463133356
swap,2026091368,0.15266188811342535,0.11481591743574476,1157,-0.11724037536712134,22.081589958158997,24.095284732940414,0.7689962407750426,1,18,286,0.03695955369595537,2.6302294197031038
swap,2026091369,0.14484340014654584,0.11521286097052694,1161,-0.11234869038994513,22.081589958158997,23.509263331612203,0.7581639857051821,1,18,286,0.03695955369595537,2.656532940743467
swap,2026091370,0.1296816158383828,0.11451820978465813,1154,-0.11469143458529295,22.081589958158997,24.173502114016856,0.7678813441323963,1,18,286,0.03695955369595537,2.6275303643724697
swap,2026091371,0.13144038572136604,0.11372432271509378,1146,-0.12347745651141334,22.081589958158997,24.504504354703947,0.7596216345024167,1,18,286,0.03695955369595537,2.631333578702
swap,2026091372,0.1452251525565781,0.1072739902748834,1081,-0.1449058152470079,22.081589958158997,24.276650299519016,0.7661946539553253,2,18,286,0.03695955369595537,2.6182554287817448
swap,2026091373,0.15060478919956174,0.11114418973900962,1120,-0.12741566507450394,22.081589958158997,24.92080622241157,0.7675464607364998,1,18,286,0.03695955369595537,2.6129309287204023
swap,2026091374,0.15718006752096808,0.12096854222486851,1219,-0.11672122793307198,22.081589958158997,24.351889544189476,0.7654189196661443,1,18,286,0.03695955369595537,2.626131762973868
swap,2026091375,0.1524318661517993,0.11580827627270021,1167,-0.1243797493756638,22.081589958158997,24.195936482423047,0.7642737103200751,2,18,286,0.03695955369595537,2.6252484357747514
swap,2026091376,0.1290686381763986,0.11193807680857398,1128,-0.1221203612471929,22.081589958158997,24.692271838378794,0.7625574399713464,1,18,286,0.03695955369595537,2.6178137651821864
swap,2026091377,0.14669495602900806,0.11967847573682644,1206,-0.11908737032262995,22.081589958158997,24.497237480255375,0.7613601368537163,1,18,286,0.03695955369595537,2.63064654643602
swap,2026091378,0.14253161297491188,0.11372432271509378,1146,-0.11819677655548468,22.081589958158997,23.260137796878674,0.761322748318256,2,18,286,0.03695955369595537,2.653367684946632
swap,2026091379,0.1392631382053171,0.11441897390096259,1153,-0.11514477459812475,22.081589958158997,23.850668497980305,0.7668257784872935,2,18,286,0.03695955369595537,2.6320451478346216
swap,2026091380,0.15757326842063324,0.11312890741292052,1140,-0.12115372334886235,22.081589958158997,24.840296827818975,0.7667452694694233,1,18,286,0.03695955369595537,2.6154091522512575
swap,2026091381,0.14765219945909416,0.11878535278356654,1197,-0.11602220688102702,22.081589958158997,24.0305524168587,0.7648583432579379,1,18,286,0.03695955369595537,2.6385964912280704
swap,2026091382,0.1382625821608687,0.11809070159769773,1190,-0.11195384586263936,22.081589958158997,23.564612644285244,0.7619807259385127,1,18,286,0.03695955369595537,2.6443871917556128
swap,2026091383,0.13669308643842812,0.11560980450530912,1165,-0.11640388992408918,22.081589958158997,24.069488830414755,0.7619558641771249,1,18,286,0.03695955369595537,2.6401423138265243
swap,2026091384,0.1676682503738117,0.11828917336508882,1192,-0.1081136172378075,22.081589958158997,24.35157085251117,0.7639338208712405,1,18,286,0.03695955369595537,2.6259600049073732
swap,2026091385,0.1407139886172608,0.11015183090205419,1110,-0.13466618050554652,22.081589958158997,24.896973275249863,0.7659401098734565,1,18,286,0.03695955369595537,2.609863820390136
swap,2026091386,0.12856074368615894,0.11471668155204923,1156,-0.11586573145724234,22.081589958158997,24.006734346871053,0.7602033021864987,1,18,286,0.03695955369595537,2.6329530119003803
swap,2026091387,0.14922093646218154,0.11352585094770269,1144,-0.12191562704784863,22.081589958158997,25.265745817345188,0.7635773636295232,3,19,284,0.03695955369595537,2.5969989548599015
swap,2026091388,0.1506841734644441,0.11878535278356654,1197,-0.11442966728756054,22.081589958158997,24.0726276339646,0.7628858294540403,1,18,286,0.03695955369595537,2.6226229910440435
swap,2026091389,0.14310939142005905,0.11541133273791804,1163,-0.11426003037953301,22.081589958158997,23.444503670530334,0.7633498560651476,4,19,284,0.03695955369595537,2.6375852286866075
swap,2026091390,0.1503436350314419,0.11124342562270517,1121,-0.1315615326112131,22.081589958158997,24.34709649085705,0.7664153972525455,1,18,286,0.03695955369595537,2.625150288308183
swap,2026091391,0.1431210872211817,0.1151136250868314,1160,-0.11410940450430168,22.081589958158997,24.22773559552341,0.7607738045375421,2,18,286,0.03695955369595537,2.635185866764814
swap,2026091392,0.15099811929496434,0.11392279448248487,1148,-0.12832088271302994,22.081589958158997,24.24302893371043,0.7649222977664379,1,18,286,0.03695955369595537,2.6390381548276287
swap,2026091393,0.13954770945576733,0.11620521980748238,1171,-0.11840004836769033,22.081589958158997,24.285858079607955,0.7632433799937157,1,18,286,0.03695955369595537,2.628143786038523
swap,2026091394,0.13887905459223254,0.10846482087922993,1093,-0.1288005456943495,22.081589958158997,24.694932805348635,0.7645393122363694,1,18,286,0.03695955369595537,2.613127223653539
swap,2026091395,0.1425391167036678,0.11273196387813833,1136,-0.1278719298616127,22.081589958158997,23.810447409950136,0.7622707229499603,2,18,286,0.03695955369595537,2.6548398969451603
swap,2026091396,0.15155045977089165,0.11461744566835368,1155,-0.12060094101063511,22.081589958158997,24.33742856206637,0.7605027799832371,1,18,286,0.03695955369595537,2.6346705925653295
swap,2026091397,0.15447641127717118,0.11759452217922,1185,-0.11461392806696992,22.081589958158997,24.038381597810105,0.7633431942960012,1,18,286,0.03695955369595537,2.6350386455649613
swap,2026091398,0.14167727093774596,0.11719757864443783,1181,-0.10819404853040614,22.081589958158997,24.08710214410774,0.7615186005410176,1,18,286,0.03695955369595537,2.6297632192369034
swap,2026091399,0.16074811792561106,0.11203731269226952,1129,-0.13501276625729275,22.081589958158997,24.892549721997558,0.7648489652052426,2,18,286,0.03695955369595537,2.6314317261685685
swap,2026091400,0.15534675770695286,0.11213654857596507,1130,-0.13310288865484365,22.081589958158997,24.632129063883532,0.760147389043375,1,18,286,0.03695955369595537,2.618942461047724
swap,2026091401,0.13561360405103773,0.1151136250868314,1160,-0.11301261415067465,22.081589958158997,23.900569295905804,0.7612116840419368,1,18,286,0.03695955369595537,2.6382775119617223
swap,2026091402,0.15217521536611742,0.12057159869008634,1215,-0.10372499343616158,22.081589958158997,23.2707222186965,0.7617309509948991,1,18,286,0.03695955369595537,2.6605569868727765
swap,2026091403,0.14475009748661638,0.11114418973900962,1120,-0.12483747654991083,22.081589958158997,24.427155989205133,0.7674181967766285,2,18,286,0.03695955369595537,2.6387927861612073
swap,2026091404,0.14175437456085357,0.1126327279944428,1135,-0.13459598592291508,22.081589958158997,24.568404782589056,0.7614712532061787,1,18,286,0.03695955369595537,2.626597963440069
swap,2026091405,0.14225260229524825,0.11809070159769773,1190,-0.11372187191268611,22.081589958158997,23.788579730283335,0.7603051619564077,1,18,286,0.03695955369595537,2.648705680284628
swap,2026091406,0.13186446297740814,0.1122357844596606,1131,-0.13214941224075716,22.081589958158997,24.69551824602819,0.7627023263218097,3,18,286,0.03695955369595537,2.639136302294197
swap,2026091407,0.14469158961018605,0.11878535278356654,1197,-0.1114507846871099,22.081589958158997,24.160052523206307,0.7626319860279316,1,18,286,0.03695955369595537,2.6218868850447796
swap,2026091408,0.1355092287502918,0.1126327279944428,1135,-0.1292348746743858,22.081589958158997,23.924154147716518,0.7613840132089997,1,18,286,0.03695955369595537,2.640215924426451
swap,2026091409,0.14255654128618617,0.11382355859878933,1147,-0.12732499707193676,22.081589958158997,23.78252770188482,0.7606124802874803,2,18,286,0.03695955369595537,2.6379339958287327
swap,2026091410,0.14894859690585704,0.11382355859878933,1147,-0.12733523378190392,22.081589958158997,23.77358788778678,0.7659192310454426,1,18,286,0.03695955369595537,2.642203410624463
swap,2026091411,0.14671790802494875,0.11630445569117794,1172,-0.11315446570307701,22.081589958158997,24.247974566451784,0.7632358582038423,1,18,286,0.03695955369595537,2.6233345601766653
swap,2026091412,0.1427804635271798,0.1202738910389997,1212,-0.11333872648248558,22.081589958158997,23.825344724399514,0.7643659606474795,1,18,286,0.03695955369595537,2.6664703717335296
swap,2026091413,0.142165351039689,0.12007541927160861,1210,-0.10907733036186108,22.081589958158997,23.854388099909833,0.7647147802205349,1,18,286,0.03695955369595537,2.628609986504723
swap,2026091414,0.1442419810594347,0.10697628262379677,1078,-0.14047770699263185,22.081589958158997,24.38167141325215,0.7667625141494743,1,18,286,0.03695955369595537,2.6347687400318978
swap,2026091415,0.1241970636958634,0.11541133273791804,1163,-0.10738973560441309,22.081589958158997,23.859301132151398,0.763183889085176,1,18,286,0.03695955369595537,2.641050177892283
swap,2026091416,0.1408233242303745,0.11352585094770269,1144,-0.11721843956004883,22.081589958158997,24.37291587548946,0.7657146556175817,1,18,286,0.03695955369595537,2.6244387191755614
swap,2026091417,0.13105873650989877,0.11719757864443783,1181,-0.11096380977009881,22.081589958158997,23.58550467605622,0.7582022208269198,1,18,286,0.03695955369595537,2.638400196294933
swap,2026091418,0.14731300034736916,0.11709834276074228,1180,-0.12305628901562124,22.081589958158997,23.588435498737265,0.7621358920352224,1,18,286,0.03695955369595537,2.64573671942093
swap,2026091419,0.13895566634900794,0.11412126624987595,1150,-0.11363851584581103,22.081589958158997,23.967765829899133,0.7648293105191301,1,18,286,0.03695955369595537,2.629689608636977
swap,2026091420,0.14231070077387065,0.11124342562270517,1121,-0.12728112545779166,22.081589958158997,24.54375644384661,0.7636812730542396,1,18,286,0.03695955369595537,2.6114341798552325
swap,2026091421,0.14244881063370776,0.11997618338791306,1209,-0.1082291458217223,22.081589958158997,23.932787538557154,0.7677258274356403,1,18,286,0.03695955369595537,2.6362409520304255
swap,2026091422,0.14596020166734494,0.11948000396943535,1204,-0.10888722003389845,22.081589958158997,23.76410985306446,0.7586612225949952,1,18,286,0.03695955369595537,2.645515887621151
swap,2026091423,0.14036274446403627,0.11481591743574476,1157,-0.11321881073715592,22.081589958158997,23.957045830390843,0.7632533104247965,3,19,284,0.03695955369595537,2.617603145374011
swap,2026091424,0.15656728405501638,0.11521286097052694,1161,-0.12040936829553424,22.081589958158997,24.720304559740267,0.7598877860081639,1,18,286,0.03695955369595537,2.6193841246472824
swap,2026091425,0.14095401266277008,0.1168998709933512,1178,-0.11444721593321805,22.081589958158997,23.073742518040547,0.7600801933563589,2,18,286,0.03695955369595537,2.653833885412833
swap,2026091426,0.14518921296146425,0.12404485461943039,1250,-0.09422093942519874,22.081589958158997,23.038955694523416,0.7575571572416542,3,19,284,0.03695955369595537,2.651669735728861
swap,2026091427,0.14585372326878057,0.1106480103205319,1115,-0.12417793995059703,22.081589958158997,24.76958608543153,0.7653455872432833,1,18,286,0.03695955369595537,2.6272849957060482
swap,2026091428,0.1348537125637252,0.11025106678574972,1111,-0.13489577528623975,22.081589958158997,24.760039792489746,0.7632376457207733,1,18,286,0.03695955369595537,2.6291743344374923
swap,2026091429,0.1489404533813427,0.11541133273791804,1163,-0.11725938639991826,22.081589958158997,23.85978695546526,0.768826601531737,1,18,286,0.03695955369595537,2.633885412832781
swap,2026091430,0.13883731218379725,0.12007541927160861,1210,-0.10620081486108145,22.081589958158997,24.08225582610611,0.7659767332507968,1,18,286,0.03695955369595537,2.634351613298982
swap,2026091431,0.1312402110814567,0.11908306043465317,1200,-0.10505137857048101,22.081589958158997,23.545796857307504,0.7633553466899945,2,18,286,0.03695955369595537,2.6445098760888235
swap,2026091432,0.14753895096263625,0.1177929939466111,1187,-0.11805638739022051,22.081589958158997,24.233700137765563,0.7654513069418248,1,18,286,0.03695955369595537,2.629297018770703
swap,2026091433,0.15279347900504517,0.11590751215639575,1168,-0.1219551115005792,22.081589958158997,24.103047313830658,0.7629279797198886,1,18,286,0.03695955369595537,2.6411237884922096
swap,2026091434,0.1465919894536099,0.11471668155204923,1156,-0.11904349870848413,22.081589958158997,24.02023458500747,0.7631343974564697,1,18,286,0.03695955369595537,2.640804809225862
swap,2026091435,0.14200444650271757,0.12235784459660613,1233,-0.09614544089903011,22.081589958158997,23.799726870812915,0.7615706689233899,1,18,286,0.03695955369595537,2.638351122561649
swap,2026091436,0.14513047459370665,0.11997618338791306,1209,-0.10503675469909873,22.081589958158997,24.030229188840654,0.770256104945486,1,18,286,0.03695955369595537,2.627947491105386
swap,2026091437,0.14650639073285843,0.11491515331944031,1158,-0.12135699516106865,22.081589958158997,23.941290722865038,0.7645925029600925,1,18,286,0.03695955369595537,2.6472334682861
swap,2026091438,0.15343903812711623,0.12047236280639079,1214,-0.10049458024794554,22.081589958158997,23.834155926943957,0.758337641634284,1,18,286,0.03695955369595537,2.646816341553184
swap,2026091439,0.14190310786877472,0.11610598392378683,1170,-0.11815582971561607,22.081589958158997,24.591985267949866,0.763242214504488,1,18,286,0.03695955369595537,2.629812292970188
swap,2026091440,0.1470205511324471,0.11551056862161357,1164,-0.12864260788342788,22.081589958158997,24.945924183280123,0.7714327172158523,3,19,284,0.03695955369595537,2.5957547404568757
swap,2026091441,0.13196663883129528,0.11104495385531409,1119,-0.12999677837337262,22.081589958158997,23.79403169516515,0.764259292462916,1,18,286,0.03695955369595537,2.638154827628512
swap,2026091442,0.14773325843823662,0.12404485461943039,1250,-0.09797927437029363,22.081589958158997,23.03084595474231,0.7588749481289506,1,18,286,0.03695955369595537,2.6628143786038523
swap,2026091443,0.14632683093845728,0.11312890741292052,1140,-0.12644610240189766,22.081589958158997,24.887436833785145,0.7640465512847676,1,18,286,0.03695955369595537,2.618746166114587
swap,2026091444,0.13940020010521212,0.11610598392378683,1170,-0.11208253593079831,22.081589958158997,23.827569509822702,0.7623909585350956,1,18,286,0.03695955369595537,2.6333456017666546
swap,2026091445,0.1440462622065934,0.11124342562270517,1121,-0.13768747233300427,22.081589958158997,24.349979302207974,0.7677981236552135,1,18,286,0.03695955369595537,2.6275303643724697
swap,2026091446,0.16088929125199133,0.11362508683139823,1145,-0.12249180758028733,22.081589958158997,24.09250273509194,0.7633787462100216,1,18,286,0.03695955369595537,2.642154336891179
swap,2026091447,0.1430546523312319,0.10985412325096755,1107,-0.13267002206194545,22.081589958158997,25.215601393899973,0.7630976515809729,1,18,286,0.03695955369595537,2.5984787142681878
swap,2026091448,0.1327675947429064,0.11164036915748735,1125,-0.12369973935641501,22.081589958158997,24.750651704068165,0.7640099454130931,2,18,286,0.03695955369595537,2.619089682247577
swap,2026091449,0.15263051346521786,0.11412126624987595,1150,-0.12732792184621303,22.081589958158997,24.248409330564577,0.7611283740108258,2,18,286,0.03695955369595537,2.6334437492332228
swap,2026091450,0.15220487961798312,0.11769375806291556,1186,-0.11769810254136896,22.081589958158997,24.26338925575323,0.7618145501179892,1,18,286,0.03695955369595537,2.6379339958287327
swap,2026091451,0.15305102777747548,0.11918229631834872,1201,-0.10815602646481444,22.081589958158997,23.480840262597876,0.7616128375423402,2,18,286,0.03695955369595537,2.663697705802969
swap,2026091452,0.14618893317518697,0.1168998709933512,1178,-0.1127376853686981,22.081589958158997,23.702339502055924,0.7648526112873136,1,18,286,0.03695955369595537,2.639651576493682
swap,2026091453,0.14315281282961786,0.11054877443683636,1114,-0.13118423672956547,22.081589958158997,24.800624118037963,0.7610915661961924,1,18,286,0.03695955369595537,2.6131762973868238
swap,2026091454,0.14880906646177716,0.11818993748139327,1191,-0.10773924613043545,22.081589958158997,23.990692011144077,0.768688591156369,1,18,286,0.03695955369595537,2.637983069562017
swap,2026091455,0.1470166525671071,0.11729681452813337,1182,-0.11270258807738207,22.081589958158997,24.192453548575834,0.76380596535442,1,18,286,0.03695955369595537,2.6284382284382284
swap,2026091456,0.1375497947286945,0.11233502034335616,1132,-0.12967066604156025,22.081589958158997,24.812570084220848,0.7668759055728498,2,18,286,0.03695955369595537,2.607410133725923
swap,2026091457,0.1330784413757222,0.10965565148357646,1105,-0.12838230297283304,22.081589958158997,24.468323787119246,0.7655628936613953,1,18,286,0.03695955369595537,2.625469267574531
swap,2026091458,0.14076647535532386,0.11630445569117794,1172,-0.11788236332077766,22.081589958158997,24.181346292753798,0.7603172376538211,1,18,286,0.03695955369595537,2.6342534658324133
swap,2026091459,0.14606493203341658,0.11441897390096259,1153,-0.13327106317573365,22.081589958158997,24.4718034497718,0.7630174004265378,1,18,286,0.03695955369595537,2.6251257514415407
swap,2026091460,0.150278335872791,0.11451820978465813,1154,-0.12311478450114742,22.081589958158997,24.350946343229054,0.7648314879868534,1,18,286,0.03695955369595537,2.6217887375782114
swap,2026091461,0.15191728009150327,0.11491515331944031,1158,-0.12407557285092528,22.081589958158997,24.265961475513443,0.7641056382629765,1,18,286,0.03695955369595537,2.638179364495154
swap,2026091462,0.14597000215193215,0.11749528629552446,1184,-0.12159828903886585,22.081589958158997,24.187190147204973,0.7601223620628943,1,18,286,0.03695955369595537,2.631775242301558
swap,2026091463,0.14997048128912024,0.1133273791803116,1142,-0.1238342789731273,22.081589958158997,24.442132224030445,0.7664106531480656,1,18,286,0.03695955369595537,2.612685560053981
swap,2026091464,0.14981375772475852,0.11054877443683636,1114,-0.13404320358468638,22.081589958158997,24.76630375566724,0.7642353370881124,2,18,286,0.03695955369595537,2.6185989449147344
swap,2026091465,0.13653340491774524,0.11233502034335616,1132,-0.12359737225674393,22.081589958158997,24.742064114698895,0.766681755513711,2,18,286,0.03695955369595537,2.62269660164397
swap,2026091466,0.14962859054801084,0.1133273791803116,1142,-0.12157927800606967,22.081589958158997,24.858127765174736,0.7615329198777331,1,18,286,0.03695955369595537,2.6193350509139983
swap,2026091467,0.12979735876718262,0.11749528629552446,1184,-0.11454227109719896,22.081589958158997,24.004105495329178,0.7641930886716253,1,18,286,0.03695955369595537,2.623432707643234
swap,2026091468,0.14626974893816103,0.11739605041182892,1183,-0.11936522387888134,22.081589958158997,24.1579552148167,0.7624376822487471,1,18,286,0.03695955369595537,2.6329775487670224
swap,2026091469,0.1494532408700555,0.11580827627270021,1167,-0.1204444655868509,22.081589958158997,23.819254044880548,0.7603825530432966,1,18,286,0.03695955369595537,2.6549135075450865
swap,2026091470,0.12383755208731217,0.10945717971618538,1103,-0.1260863551659074,22.081589958158997,24.02916497923146,0.7532490373610787,2,18,286,0.03695955369595537,2.63214329530119
swap,2026091471,0.145584296237888,0.11570904038900466,1166,-0.12651629698452985,22.081589958158997,24.521091639177918,0.7617498605860115,1,18,286,0.03695955369595537,2.637835848362164
swap,2026091472,0.1437803180136104,0.11054877443683636,1114,-0.12770229295358507,22.081589958158997,24.672046730257183,0.7698089684593145,1,18,286,0.03695955369595537,2.606821248926512
swap,2026091473,0.14316495837986074,0.1211670139922596,1221,-0.10662051996973664,22.081589958158997,23.789459631391583,0.7636126411602857,1,18,286,0.03695955369595537,2.6641639062691693
swap,2026091474,0.13955153401859083,0.12156395752704177,1225,-0.10055746289488618,22.081589958158997,23.52994757234792,0.7598957582861215,1,18,286,0.03695955369595537,2.65069316648264
swap,2026091475,0.14089422458585119,0.11203731269226952,1129,-0.12396004426700918,22.081589958158997,23.98553362197808,0.7598403483179064,1,18,286,0.03695955369595537,2.635799288430867
swap,2026091476,0.15656392439521646,0.12196090106182396,1229,-0.11128845971477236,22.081589958158997,23.87890660321139,0.7634272484889547,1,18,286,0.03695955369595537,2.644436265488897
swap,2026091477,0.14098065024007225,0.1151136250868314,1160,-0.11936083671746682,22.081589958158997,24.06801139567625,0.7617734947664261,1,18,286,0.03695955369595537,2.631947000368053
swap,2026091478,0.13752412973235584,0.11451820978465813,1154,-0.13453749043738816,22.081589958158997,23.963303641509057,0.7651627954331114,2,18,286,0.03695955369595537,2.623825297509508
swap,2026091479,0.15175718449311318,0.11362508683139823,1145,-0.1187744194750617,22.081589958158997,24.33900877765978,0.7666893022651118,1,18,286,0.03695955369595537,2.6375414059624585
swap,2026091480,0.15660273247239623,0.11789222983030664,1188,-0.12168164510574211,22.081589958158997,24.513617894042863,0.7678950626091823,1,18,286,0.03695955369595537,2.608710587657956
swap,2026091481,0.1549402220496186,0.11501438920313585,1159,-0.1222139540240357,22.081589958158997,24.609184941560446,0.764319675559987,1,18,286,0.03695955369595537,2.624168813642498
swap,2026091482,0.12654112586121707,0.11193807680857398,1128,-0.12609951665015096,22.081589958158997,24.220764958802956,0.7669097866732666,2,18,286,0.03695955369595537,2.623432707643234
swap,2026091483,0.14137266120388484,0.11997618338791306,1209,-0.10844119195675742,22.081589958158997,23.4972910891115,0.7621693172201318,2,18,286,0.03695955369595537,2.658446816341553
swap,2026091484,0.13639243209371676,0.11997618338791306,1209,-0.10575771155821682,22.081589958158997,23.432448614034247,0.762129729184612,2,18,286,0.03695955369595537,2.650840387682493
swap,2026091485,0.13342066642530662,0.1160067480400913,1169,-0.1213101987726465,22.081589958158997,24.599280889237814,0.7619607211615872,2,18,286,0.03695955369595537,2.6167832167832166
swap,2026091486,0.14223867120441738,0.1099533591346631,1108,-0.138931963787587,22.081589958158997,24.88018270238338,0.7659718979518375,1,18,286,0.03695955369595537,2.6083916083916083
swap,2026091487,0.14316153257154413,0.11124342562270517,1121,-0.12380649361750214,22.081589958158997,24.849129161558366,0.7601649047501048,1,18,286,0.03695955369595537,2.6144767513188567
swap,2026091488,0.14545684644336548,0.11104495385531409,1119,-0.13510782142127364,22.081589958158997,23.926207940294674,0.7584564266446353,1,18,286,0.03695955369595537,2.6251257514415407
swap,2026091489,0.14359634954671396,0.1202738910389997,1212,-0.10211490519703709,22.081589958158997,23.83087573335154,0.7604173890377547,1,18,286,0.03695955369595537,2.625935468040731
swap,2026091490,0.14913457409254766,0.10449538553140816,1053,-0.13713176522050005,22.081589958158997,24.75521153823293,0.7670559246381217,1,18,286,0.03695955369595537,2.613986013986014
swap,2026091491,0.1442564514123306,0.11392279448248487,1148,-0.1136121928773241,22.081589958158997,24.581081686350256,0.7613624988572322,1,18,286,0.03695955369595537,2.6159980370506686
swap,2026091492,0.13118205578184272,0.11977771162052198,1207,-0.10162061834433593,22.081589958158997,23.172574598348202,0.7604504953463225,3,19,284,0.03695955369595537,2.631712536704325
swap,2026091493,0.1413496312101336,0.11948000396943535,1204,-0.10935079675669804,22.081589958158997,23.964501015556245,0.7576145706809327,1,18,286,0.03695955369595537,2.6545209176788123
swap,2026091494,0.13838280470263423,0.12166319341073732,1226,-0.10286218502464098,22.081589958158997,23.43633957663325,0.7617702832766794,1,18,286,0.03695955369595537,2.6406330511593668
swap,2026091495,0.13772736375025496,0.11382355859878933,1147,-0.11535974550743569,22.081589958158997,24.990207036512537,0.760224096649673,1,18,286,0.03695955369595537,2.6146239725187095
swap,2026091496,0.14442246341137893,0.12086930634117297,1218,-0.10737657412016953,22.081589958158997,23.191044882488086,0.7608406883475021,3,19,284,0.03695955369595537,2.6409694918628377
swap,2026091497,0.13529731921168342,0.11382355859878933,1147,-0.12917345441458333,22.081589958158997,24.194994769129586,0.7659807663402345,1,18,286,0.03695955369595537,2.6308919151024415
swap,2026091498,0.14809608071132319,0.11412126624987595,1150,-0.11814559300564885,22.081589958158997,24.353598481702864,0.7605440255992634,1,18,286,0.03695955369595537,2.625322046374678
swap,2026091499,0.1389539818718949,0.11203731269226952,1129,-0.12142134019514732,22.081589958158997,24.45938696257452,0.7618580897253749,1,18,286,0.03695955369595537,2.618868850447798
swap,2026091500,0.16192506839579224,0.11312890741292052,1140,-0.12776371321338753,22.081589958158997,24.586017651201747,0.7614040727227959,1,18,286,0.03695955369595537,2.6140596245859404
swap,2026091501,0.14043968387022487,0.11213654857596507,1130,-0.12253129203301778,22.081589958158997,24.56963987169792,0.7613161231478875,1,18,286,0.03695955369595537,2.6147221199852777
swap,2026091502,0.13658208530698088,0.12325096754986603,1242,-0.09690588221087752,22.081589958158997,23.62184397091794,0.7627529963450105,1,18,286,0.03695955369595537,2.6401423138265243
swap,2026091503,0.13328306548700336,0.11203731269226952,1129,-0.11816752881272068,22.081589958158997,24.38952938208781,0.7593518368443511,1,18,286,0.03695955369595537,2.636658078763342
swap,2026091504,0.14321867329945412,0.1168998709933512,1178,-0.11243058406968254,22.081589958158997,23.393043349053336,0.7579113208285951,2,18,286,0.03695955369595537,2.641810820758189
swap,2026091505,0.14229352471867174,0.10826634911183884,1091,-0.13908843921137046,22.081589958158997,24.074234664198713,0.7694700896796502,2,18,286,0.03695955369595537,2.6369034474297632
swap,2026091506,0.15782917714013736,0.1070755185074923,1079,-0.13568107717943606,22.081589958158997,24.744669127092493,0.7672489759003192,1,18,286,0.03695955369595537,2.606575880260091
swap,2026091507,0.13825599058773727,0.10419767788032153,1050,-0.13715808818898698,22.081589958158997,24.03432591747714,0.7654175336602461,1,18,286,0.03695955369595537,2.6382529750950803
swap,2026091508,0.134105837233271,0.11630445569117794,1172,-0.12171235523564301,22.081589958158997,24.168863589701452,0.7659800529183688,1,18,286,0.03695955369595537,2.621739663844927
swap,2026091509,0.1435103151694836,0.1160067480400913,1169,-0.1202528928717501,22.081589958158997,24.380831507674078,0.7644927458077854,2,18,286,0.03695955369595537,2.629297018770703
swap,2026091510,0.15013645029023737,0.11243425622705171,1133,-0.13006258579458965,22.081589958158997,24.954242420769877,0.761892160260046,1,18,286,0.03695955369595537,2.6255919519077415
swap,2026091511,0.14450008972984796,0.11531209685422249,1162,-0.10796884091112818,22.081589958158997,23.944466030272253,0.7637457720018361,1,18,286,0.03695955369595537,2.6313090418353577
swap,2026091512,0.1554534502622383,0.11809070159769773,1190,-0.12369973935641579,22.081589958158997,24.77109604796862,0.7649422570224568,3,19,284,0.03695955369595537,2.594485641765789
swap,2026091513,0.12793710425924423,0.11491515331944031,1158,-0.11964015266085722,22.081589958158997,24.926904505441765,0.7604900714500337,1,18,286,0.03695955369595537,2.620758189179242
swap,2026091514,0.14504869288527758,0.11015183090205419,1110,-0.13592968299292546,22.081589958158997,24.919138092531394,0.7621213806637727,1,18,286,0.03695955369595537,2.614992025518341
swap,2026091515,0.1512875236896967,0.1202738910389997,1212,-0.11442966728756002,22.081589958158997,24.145898003230464,0.7642543385282802,1,18,286,0.03695955369595537,2.6289780395043554
swap,2026091516,0.13068682297084777,0.11412126624987595,1150,-0.11344255596929569,22.081589958158997,24.07351658999017,0.7667305590638728,1,18,286,0.03695955369595537,2.6360446570972886
swap,2026091517,0.12815954143799418,0.11481591743574476,1157,-0.11379937843100962,22.081589958158997,23.74936943481026,0.7666681837088692,1,18,286,0.03695955369595537,2.6252238989081094
swap,2026091518,0.13672230418041784,0.11501438920313585,1159,-0.11486692104187332,22.081589958158997,23.941580345137087,0.7613477715831496,2,18,286,0.03695955369595537,2.6347442031652557
swap,2026091519,0.13552118539874303,0.11640369157487347,1173,-0.11094772351157897,22.081589958158997,24.20805022939846,0.7635353749328568,1,18,286,0.03695955369595537,2.6315298736351367
swap,2026091520,0.13672232043851854,0.10052595018358639,1013,-0.1551425252141935,22.081589958158997,26.206192985586608,0.7680730233110339,1,18,286,0.03695955369595537,2.585645933014354
swap,2026091521,0.14917771798827087,0.10618239555423241,1070,-0.12768620669506517,22.081589958158997,24.452278885902057,0.7650361355638313,1,18,286,0.03695955369595537,2.6154091522512575
swap,2026091522,0.1356832674288842,0.12255631636399722,1235,-0.10588640162637508,22.081589958158997,23.47946769001389,0.7613015994715006,2,18,286,0.03695955369595537,2.644632560422034
swap,2026091523,0.14366447128385762,0.11948000396943535,1204,-0.10816333840050525,22.081589958158997,24.174473819212107,0.7619296105574629,1,18,286,0.03695955369595537,2.626647037173353
swap,2026091524,0.13587395438889763,0.11789222983030664,1188,-0.11321149880146501,22.081589958158997,24.185889721682063,0.7646712058957104,1,18,286,0.03695955369595537,2.6209054103790947
swap,2026091525,0.13271814862850317,0.12017465515530416,1211,-0.09753178390601382,22.081589958158997,23.182555436317514,0.7664798806171594,1,18,286,0.03695955369595537,2.636412710096921
swap,2026091526,0.1391742660295073,0.1117396050411829,1126,-0.12990172320939092,22.081589958158997,25.07579378156077,0.7614898551296033,1,18,286,0.03695955369595537,2.610575389522758
swap,2026091527,0.14301715260315986,0.11957923985313089,1205,-0.10744091915424969,22.081589958158997,22.994802319835664,0.7579695359524223,1,18,286,0.03695955369595537,2.6728990307937677
swap,2026091528,0.16082231300794814,0.11660216334226456,1175,-0.1167153783845193,22.081589958158997,24.20694515539253,0.7638384949901388,1,18,286,0.03695955369595537,2.6211017053122316
swap,2026091529,0.14024917504186205,0.11799146571400218,1189,-0.10723910972918164,22.081589958158997,24.057654784373305,0.7610348033024834,1,18,286,0.03695955369595537,2.635774751564225
swap,2026091530,0.148439857256178,0.11134266150640071,1122,-0.12301972933716641,22.081589958158997,24.450647493590825,0.7621193696281514,2,18,286,0.03695955369595537,2.631358115568642
swap,2026091531,0.14916269283499844,0.1099533591346631,1108,-0.12588454574084,22.081589958158997,24.752274769354965,0.7629060493599451,2,18,286,0.03695955369595537,2.62350631824316
swap,2026091532,0.15418450831842484,0.12086930634117297,1218,-0.10552519200324721,22.081589958158997,23.65629643660548,0.763505028704238,1,18,286,0.03695955369595537,2.6363636363636362
swap,2026091533,0.14624273668851864,0.11670139922596011,1176,-0.12233533215650307,22.081589958158997,24.46070428106782,0.7651744572526807,2,18,286,0.03695955369595537,2.631947000368053
swap,2026091534,0.13157366202164464,0.10816711322814329,1090,-0.14046162073411209,22.081589958158997,24.233073833919857,0.762627784485827,2,18,286,0.03695955369595537,2.630671083302662
swap,2026091535,0.15157084644223115,0.11680063510965565,1177,-0.11200649179961415,22.081589958158997,23.949168281433874,0.7629296922795521,1,18,286,0.03695955369595537,2.6255674150410995
swap,2026091536,0.15339296117294415,0.11560980450530912,1165,-0.11623717779033797,22.081589958158997,23.772547330423837,0.764904379912167,1,18,286,0.03695955369595537,2.6587167218746166
swap,2026091537,0.14480311528911632,0.11312890741292052,1140,-0.12565056379873293,22.081589958158997,23.80554689207246,0.7601643516575269,1,18,286,0.03695955369595537,2.65403018034597
swap,2026091538,0.14266417910681822,0.1160067480400913,1169,-0.11782094306097454,22.081589958158997,23.751056273066844,0.7606434891040539,1,18,286,0.03695955369595537,2.6406821248926513
swap,2026091539,0.15397656407898924,0.11729681452813337,1182,-0.11540507950871963,22.081589958158997,24.65987171786875,0.762906986266674,1,18,286,0.03695955369595537,2.6236780763096554
swap,2026091540,0.13843639245880446,0.11164036915748735,1125,-0.12559645547462125,22.081589958158997,24.381900539284818,0.7640878456273732,2,18,286,0.03695955369595537,2.6295423874371244
swap,2026091541,0.1257784179989197,0.1142205021335715,1151,-0.10938881882229115,22.081589958158997,23.821103080381018,0.7611178622183951,1,18,286,0.03695955369595537,2.6394307446939025
swap,2026091542,0.13869431576089275,0.10380073434553935,1046,-0.14956644305635405,22.081589958158997,24.454117277603604,0.7633847723895002,2,18,286,0.03695955369595537,2.6227702122438963
swap,2026091543,0.133265980554416,0.1184876451324799,1194,-0.10818234943330143,22.081589958158997,23.20972396258206,0.7576040692568502,1,18,286,0.03695955369595537,2.656704698809962
swap,2026091544,0.14301352990869673,0.10945717971618538,1103,-0.13284989567994027,22.081589958158997,24.586899777506122,0.7639133687595344,1,18,286,0.03695955369595537,2.615728131517605
swap,2026091545,0.14497741927700097,0.11183884092487843,1127,-0.12188345453080951,22.081589958158997,23.742222501450858,0.7584728376212112,2,18,286,0.03695955369595537,2.645589498221077
swap,2026091546,0.15294683553100624,0.11402203036618042,1149,-0.12526595598139514,22.081589958158997,24.975445413507227,0.7638011968509223,1,18,286,0.03695955369595537,2.605888847994111
swap,2026091547,0.13247895941880186,0.11104495385531409,1119,-0.11768786583140119,22.081589958158997,24.47818539162491,0.7606417470810479,1,18,286,0.03695955369595537,2.6273095325726903
swap,2026091548,0.1311697794359128,0.1133273791803116,1142,-0.12410189581941164,22.081589958158997,24.581956128647033,0.7634572752744823,1,18,286,0.03695955369595537,2.607238375659428
swap,2026091549,0.13440020379586373,0.11382355859878933,1147,-0.12142718974369995,22.081589958158997,23.67355352895795,0.7646755400165638,1,18,286,0.03695955369595537,2.63594650963072
swap,2026091550,0.140814280434206,0.1231517316661705,1241,-0.09489217512161899,22.081589958158997,23.499102445643263,0.7614481976650659,1,18,286,0.03695955369595537,2.6407802723592195
swap,2026091551,0.1337810525964172,0.1122357844596606,1131,-0.1253536992096845,22.081589958158997,23.539857668442124,0.759414144041879,1,18,286,0.03695955369595537,2.6528033370138635
swap,2026091552,0.1246012067133326,0.10260990374119282,1034,-0.14028028472897844,22.081589958158997,25.484864054105422,0.7669410810531931,1,18,286,0.03695955369595537,2.600785179732548
swap,2026091553,0.14773162965360417,0.11312890741292052,1140,-0.1320192597854602,22.081589958158997,25.520742141911906,0.7624663329070369,1,18,286,0.03695955369595537,2.610550852656116
swap,2026091554,0.14977562066519498,0.11620521980748238,1171,-0.11760743453880193,22.081589958158997,23.438520255747605,0.7609363216822416,3,19,284,0.03695955369595537,2.6268103319564027
swap,2026091555,0.14565984351631334,0.10915947206509874,1100,-0.13279432496869048,22.081589958158997,24.59074492320715,0.7692047557175146,1,18,286,0.03695955369595537,2.610550852656116
swap,2026091556,0.15624325225650068,0.11312890741292052,1140,-0.12313379553394423,22.081589958158997,24.88423513428494,0.7643333399832215,1,18,286,0.03695955369595537,2.6057416267942584
swap,2026091557,0.13927953278243974,0.11144189739009626,1123,-0.11380961514097698,22.081589958158997,23.848242648198507,0.7637254233447682,1,18,286,0.03695955369595537,2.6208808735124522
swap,2026091558,0.127405492803195,0.11590751215639575,1168,-0.12144620077649619,22.081589958158997,24.407004098637028,0.7598050906174868,1,18,286,0.03695955369595537,2.629297018770703
swap,2026091559,0.1523697679853154,0.11630445569117794,1172,-0.11766154286291479,22.081589958158997,24.101226546851745,0.7676863042336892,1,18,286,0.03695955369595537,2.6283400809716597
swap,2026091560,0.14815509980292768,0.11501438920313585,1159,-0.1167285398687628,22.081589958158997,24.319919974994704,0.7618866085383306,1,18,286,0.03695955369595537,2.62718684823948
swap,2026091561,0.14160277406920682,0.11213654857596507,1130,-0.12757214049828797,22.081589958158997,24.4442205264469,0.7619333106316278,1,18,286,0.03695955369595537,2.621175315912158
swap,2026091562,0.13206480926650038,0.12086930634117297,1218,-0.1115282912054329,22.081589958158997,23.791799350798204,0.7582618545698288,1,18,286,0.03695955369595537,2.6406330511593668
swap,2026091563,0.13096539308265245,0.1099533591346631,1108,-0.13082595188071394,22.081589958158997,24.22998428435192,0.7624163368881247,2,18,286,0.03695955369595537,2.6301803459698196
swap,2026091564,0.15887653469326934,0.11382355859878933,1147,-0.11928040542486752,22.081589958158997,24.558319811694957,0.7642246284123551,1,18,286,0.03695955369595537,2.629370629370629
swap,2026091565,0.13169276486243944,0.1142205021335715,1151,-0.12220079253979166,22.081589958158997,24.086533507350275,0.7632140893912913,1,18,286,0.03695955369595537,2.633885412832781
swap,2026091566,0.14207382090445198,0.11769375806291556,1186,-0.11481866226631303,22.081589958158997,23.615749685761475,0.7667520761590444,1,18,286,0.03695955369595537,2.6333946754999387
swap,2026091567,0.14611347807065356,0.11441897390096259,1153,-0.11375696920400208,22.081589958158997,23.432183372555162,0.7565564358984085,1,18,286,0.03695955369595537,2.6560176665439825
swap,2026091568,0.14614920121216024,0.11818993748139327,1191,-0.1132085740271893,22.081589958158997,24.163538980628633,0.7609833087359761,1,18,286,0.03695955369595537,2.6232118758434546
swap,2026091569,0.1386654999179381,0.11699910687704675,1179,-0.12471317364316642,22.081589958158997,23.844114431353244,0.7614540457727254,1,18,286,0.03695955369595537,2.6535394430131274
swap,2026091570,0.15062434373562916,0.12047236280639079,1214,-0.10491537656663072,22.081589958158997,23.46899361856137,0.7636638331270986,1,18,286,0.03695955369595537,2.6449024659550977
swap,2026091571,0.1408702023979694,0.1126327279944428,1135,-0.12588162096656433,22.081589958158997,23.819220248504298,0.7679443099718806,1,18,286,0.03695955369595537,2.6264998159735002
swap,2026091572,0.13228066184910556,0.11441897390096259,1153,-0.11855067424292173,22.081589958158997,23.923034105852427,0.767265905360508,1,18,286,0.03695955369595537,2.646669120353331
swap,2026091573,0.14534966495948745,0.11025106678574972,1111,-0.13783078627254491,22.081589958158997,24.86161935273366,0.7667035502678355,1,18,286,0.03695955369595537,2.616317016317016
swap,2026091574,0.14229572571244595,0.11402203036618042,1149,-0.1140377475345313,22.081589958158997,24.4087503336562,0.7653098774552235,1,18,286,0.03695955369595537,2.627922954238744
swap,2026091575,0.1545187370110156,0.12245708048030168,1234,-0.10523417696275149,22.081589958158997,24.084453621803764,0.7681022709660648,3,19,284,0.03695955369595537,2.6196436569949735
swap,2026091576,0.13794568046176325,0.12126624987595515,1222,-0.10720693721214193,22.081589958158997,23.082925031784665,0.7606226386726787,1,18,286,0.03695955369595537,2.6562139614771194
swap,2026091577,0.14248480086988805,0.12285402401508386,1238,-0.10352464639823168,22.081589958158997,23.836207051901198,0.7637427527926993,1,18,286,0.03695955369595537,2.648632069684701
swap,2026091578,0.15135163927581133,0.11481591743574476,1157,-0.11927163110203845,22.081589958158997,23.95450993485518,0.7619237862314038,1,18,286,0.03695955369595537,2.6371488160961847
swap,2026091579,0.14399990826289827,0.1177929939466111,1187,-0.11710729813754855,22.081589958158997,23.75715208453824,0.7570537716204974,1,18,286,0.03695955369595537,2.660360691939639
swap,2026091580,0.14571106879401025,0.11818993748139327,1191,-0.1098143734794978,22.081589958158997,23.881926613273173,0.7650350505605812,1,18,286,0.03695955369595537,2.638890933627776
swap,2026091581,0.1401519972834935,0.11888458866726208,1198,-0.10644210873887926,22.081589958158997,23.938630950432056,0.764431773427726,1,18,286,0.03695955369595537,2.6411237884922096
swap,2026091582,0.14464740924921132,0.11570904038900466,1166,-0.11499268633575588,22.081589958158997,24.02612618897845,0.7658156075189181,1,18,286,0.03695955369595537,2.6251993620414673
swap,2026091583,0.1460574526131155,0.11283119976183388,1137,-0.12753265604555672,22.081589958158997,24.533519748927333,0.7627578666169963,1,18,286,0.03695955369595537,2.6206355048460312
swap,2026091584,0.14365240968982448,0.11948000396943535,1204,-0.11681043354849961,22.081589958158997,23.871620636398173,0.7633410816566808,1,18,286,0.03695955369595537,2.6385964912280704
swap,2026091585,0.1347044572294205,0.11928153220204427,1202,-0.10153872466459846,22.081589958158997,24.089647937241327,0.7609890520528271,1,18,286,0.03695955369595537,2.6270396270396272
swap,2026091586,0.136565559577112,0.11164036915748735,1125,-0.13745641516517404,22.081589958158997,25.24575950120827,0.766631056187471,1,18,286,0.03695955369595537,2.5974236290025763
swap,2026091587,0.16044896199987665,0.11908306043465317,1200,-0.11535682073315928,22.081589958158997,23.810193433599498,0.7614497187360828,1,18,286,0.03695955369595537,2.6419335050913997
swap,2026091588,0.15547477223029285,0.12166319341073732,1226,-0.10400430937955117,22.081589958158997,23.96083985984091,0.7683649616295382,1,18,286,0.03695955369595537,2.631333578702
swap,2026091589,0.1369985402311172,0.11074724620422745,1116,-0.14109775913921566,22.081589958158997,24.498332963251638,0.761377798423497,4,19,284,0.03695955369595537,2.620489722789031
swap,2026091590,0.14556197611364285,0.1261288081770368,1271,-0.09438765155895067,22.081589958158997,23.28603302633794,0.7582503360217036,1,18,286,0.03695955369595537,2.657318120476015
swap,2026091591,0.1382292429939642,0.12821276173464324,1292,-0.08977528252516478,22.081589958158997,23.13117237093455,0.7596795090866927,1,18,286,0.03695955369595537,2.6579560790087107
swap,2026091592,0.14388651126815816,0.11342661506400714,1143,-0.12796990979986939,22.081589958158997,24.375883360895433,0.7639168219743585,1,18,286,0.03695955369595537,2.625150288308183
swap,2026091593,0.15044321576861738,0.11253349211074724,1134,-0.12324786173072139,22.081589958158997,24.675926687471478,0.7637102051910585,1,18,286,0.03695955369595537,2.6235799288430868
swap,2026091594,0.15138641626816177,0.1227547881313883,1237,-0.10555443974601067,22.081589958158997,23.90874487044761,0.76510212163353,1,18,286,0.03695955369595537,2.637615016562385
swap,2026091595,0.1286293501771966,0.11342661506400714,1143,-0.12004377151099244,22.081589958158997,23.85310486258025,0.760794008054432,1,18,286,0.03695955369595537,2.641074714758925
swap,2026091596,0.128696658394372,0.11392279448248487,1148,-0.1259240301935712,22.081589958158997,24.572648130436626,0.7646202605079216,1,18,286,0.03695955369595537,2.61774015458226
swap,2026091597,0.14412505169310422,0.1168998709933512,1178,-0.11665103335043914,22.081589958158997,24.327136713430217,0.7634743052136572,2,18,286,0.03695955369595537,2.6273095325726903
swap,2026091598,0.13361089604442677,0.1122357844596606,1131,-0.1303579879964998,22.081589958158997,24.742777649844218,0.761744250922202,1,18,286,0.03695955369595537,2.6127591706539075
swap,2026091599,0.15477138445697655,0.11957923985313089,1205,-0.10490806463093977,22.081589958158997,23.731698866096515,0.7636645827673794,1,18,286,0.03695955369595537,2.6371488160961847
swap,2026091600,0.1392471647678995,0.11660216334226456,1175,-0.11250809058800618,22.081589958158997,23.976190759398136,0.7639107416327642,1,18,286,0.03695955369595537,2.635725677830941
swap,2026091601,0.14371145945390104,0.11025106678574972,1111,-0.13467495482837555,22.081589958158997,24.614546293407347,0.7666238284200575,1,18,286,0.03695955369595537,2.619678567046988
swap,2026091602,0.16048154903891218,0.11699910687704675,1179,-0.12247718370890624,22.081589958158997,24.833129729135944,0.7686880871450216,1,18,286,0.03695955369595537,2.608342534658324
swap,2026091603,0.14176627399039787,0.11491515331944031,1158,-0.12310747256545657,22.081589958158997,23.952686845631245,0.7627513228594833,1,18,286,0.03695955369595537,2.639111765427555
swap,2026091604,0.140616918867996,0.11501438920313585,1159,-0.12674004221666957,22.081589958158997,24.477861602380486,0.7636269571850438,2,18,286,0.03695955369595537,2.619629493313704
swap,2026091605,0.1395458484817908,0.10915947206509874,1100,-0.12878738421010674,22.081589958158997,25.079741137530274,0.7679047059323032,2,18,286,0.03695955369595537,2.6082198503251135
swap,2026091606,0.1514348506064634,0.1211670139922596,1221,-0.11023261620101411,22.081589958158997,24.114786896240926,0.7652307044109198,1,18,286,0.03695955369595537,2.6251257514415407
swap,2026091607,0.1262987011625705,0.11124342562270517,1121,-0.12200190788900056,22.081589958158997,24.356576715341657,0.7633294498648103,2,18,286,0.03695955369595537,2.6191387559808614
swap,2026091608,0.13872702663252812,0.1126327279944428,1135,-0.11658376354208333,22.081589958158997,24.43154551565155,0.7663224088121832,1,18,286,0.03695955369595537,2.624242424242424
swap,2026091609,0.14248824323415152,0.11412126624987595,1150,-0.11510967730680874,22.081589958158997,23.655847412231605,0.7667157728934036,1,18,286,0.03695955369595537,2.634965034965035
swap,2026091610,0.14847752875760584,0.1151136250868314,1160,-0.12102064611928894,22.081589958158997,24.419947929525474,0.7634010592896701,1,18,286,0.03695955369595537,2.641663599558336
swap,2026091611,0.13274525584655048,0.11818993748139327,1191,-0.09974730042034033,22.081589958158997,23.413320428305287,0.758064976362599,3,19,284,0.03695955369595537,2.6545314288558206
swap,2026091612,0.1518493993676354,0.11521286097052694,1161,-0.1252966661112965,22.081589958158997,24.488156772114436,0.7645311495251969,1,18,286,0.03695955369595537,2.615065636118268
swap,2026091613,0.136600630613494,0.1099533591346631,1108,-0.12383866613454186,22.081589958158997,24.240198100410698,0.767291256197946,1,18,286,0.03695955369595537,2.6179119126487547
swap,2026091614,0.13769288611149189,0.11789222983030664,1188,-0.1089983614563993,22.081589958158997,23.74593253996475,0.7615292257684118,1,18,286,0.03695955369595537,2.650595019016072
swap,2026091615,0.1357331803965076,0.11203731269226952,1129,-0.12614923781284862,22.081589958158997,24.19435763067685,0.7676849972518927,1,18,286,0.03695955369595537,2.6192614403140717
swap,2026091616,0.14294556058787478,0.11769375806291556,1186,-0.10731369147322836,22.081589958158997,23.471001079905722,0.759318306537808,1,18,286,0.03695955369595537,2.664237516869096
swap,2026091617,0.14510241960307504,0.11660216334226456,1175,-0.11286345066258141,22.081589958158997,23.70273705768322,0.7624188619169702,1,18,286,0.03695955369595537,2.6420316525579683
swap,2026091618,0.1411647980755075,0.11719757864443783,1181,-0.13298736007092812,22.081589958158997,24.70593374874436,0.7646571436745372,2,18,286,0.03695955369595537,2.602600907864066
swap,2026091619,0.1336108706362202,0.11699910687704675,1179,-0.12176938833403231,22.081589958158997,24.475014538065434,0.7620075006528231,1,18,286,0.03695955369595537,2.6369770580296894
swap,2026091620,0.14602820629204669,0.11322814329661605,1141,-0.11777122189827671,22.081589958158997,24.67041914506543,0.7625467381131413,1,18,286,0.03695955369595537,2.616832290516501
swap,2026091621,0.1360815806629486,0.11233502034335616,1132,-0.11415035134417027,22.081589958158997,23.918054307572294,0.764709807784752,1,18,286,0.03695955369595537,2.636854373696479
swap,2026091622,0.14552920052490315,0.1142205021335715,1151,-0.1291573681560628,22.081589958158997,24.286692624818333,0.7631645659376661,1,18,286,0.03695955369595537,2.6189915347810087
swap,2026091623,0.14378688411416157,0.10906023618140319,1099,-0.1286294463991838,22.081589958158997,25.151135568892506,0.7636485144767727,1,18,286,0.03695955369595537,2.6006379585326953
swap,2026091624,0.12736998280730574,0.11987694750421753,1208,-0.10003539068656041,22.081589958158997,24.13730026330345,0.7677287527089519,1,18,286,0.03695955369595537,2.6289044289044288
swap,2026091625,0.14095977861093317,0.11362508683139823,1145,-0.12328588379631322,22.081589958158997,23.77748036243697,0.764882139815664,1,18,286,0.03695955369595537,2.637590479695743
swap,2026091626,0.13139781848722434,0.11352585094770269,1144,-0.12209111350442887,22.081589958158997,23.859193380461498,0.7641128884501933,1,18,286,0.03695955369595537,2.6367316893632684
swap,2026091627,0.1489653813558194,0.11451820978465813,1154,-0.12035964713283641,22.081589958158997,23.974073320705266,0.7688281450709533,1,18,286,0.03695955369595537,2.632339590234327
swap,2026091628,0.15602431343674855,0.11560980450530912,1165,-0.12010080460938044,22.081589958158997,24.26417870221609,0.7622235303326849,1,18,286,0.03695955369595537,2.6302784934363883
swap,2026091629,0.1362983466454484,0.11729681452813337,1182,-0.11203573954237686,22.081589958158997,23.192343693117632,0.7589140683661126,1,18,286,0.03695955369595537,2.6526561158140107
swap,2026091630,0.1455216816418261,0.1079686414607522,1088,-0.13210554062661278,22.081589958158997,23.95610161974496,0.7682104247965178,1,18,286,0.03695955369595537,2.6326094957673907
swap,2026091631,0.14077057232863002,0.11312890741292052,1140,-0.1169742209079752,22.081589958158997,23.620005405850744,0.7606879608427793,1,18,286,0.03695955369595537,2.635357624831309
swap,2026091632,0.15253690103091766,0.11402203036618042,1149,-0.12949517958498058,22.081589958158997,23.927600467357824,0.7584305438095706,1,18,286,0.03695955369595537,2.6567783094098885
swap,2026091633,0.14563955543789808,0.1099533591346631,1108,-0.13639325971572497,22.081589958158997,24.977477712074723,0.7637137361553115,1,18,286,0.03695955369595537,2.6112378849220956
swap,2026091634,0.14951361064871524,0.11719757864443783,1181,-0.11550744660839067,22.081589958158997,23.884179196448212,0.7622945750124343,1,18,286,0.03695955369595537,2.62983682983683
swap,2026091635,0.14664075127641063,0.11749528629552446,1184,-0.11933890091039481,22.081589958158997,24.028932499170246,0.7668305217196671,1,18,286,0.03695955369595537,2.6284136915715863
swap,2026091636,0.15192218095196944,0.11183884092487843,1127,-0.1380296709233366,22.081589958158997,24.747213266077623,0.7600230819737053,2,18,286,0.03695955369595537,2.6328548644338117
swap,2026091637,0.1443950920121399,0.1133273791803116,1142,-0.12162022484593897,22.081589958158997,23.846841044140557,0.7607858115780115,1,18,286,0.03695955369595537,2.6464237516869096
swap,2026091638,0.14737918685680887,0.11124342562270517,1121,-0.1287054905303685,22.081589958158997,24.008262708071953,0.764909261343576,1,18,286,0.03695955369595537,2.624953993375046
swap,2026091639,0.14740548517952495,0.11749528629552446,1184,-0.11794232119344264,22.081589958158997,23.790704523793238,0.7659716462707361,1,18,286,0.03695955369595537,2.642301558091032
swap,2026091640,0.14388826317099082,0.11789222983030664,1188,-0.11878758095930517,22.081589958158997,24.01397144493423,0.7626226415455991,1,18,286,0.03695955369595537,2.636682615629984
swap,2026091641,0.1488707476711471,0.11590751215639575,1168,-0.11788821286933036,22.081589958158997,24.149630154284157,0.767870812439846,2,18,286,0.03695955369595537,2.631726168568274
swap,2026091642,0.14757618377377105,0.11094571797161853,1118,-0.12732499707193667,22.081589958158997,24.96538297773768,0.7683460737217924,1,18,286,0.03695955369595537,2.616267942583732
swap,2026091643,0.1450695867653914,0.11243425622705171,1133,-0.12351986573842028,22.081589958158997,24.104625917643254,0.7570860181979073,1,18,286,0.03695955369595537,2.6367071524966263
swap,2026091644,0.13875542610980318,0.11620521980748238,1171,-0.11997357692835979,22.081589958158997,24.474986623591622,0.7627191427565705,1,18,286,0.03695955369595537,2.6289535026377133
swap,2026091645,0.1447886251822792,0.1160067480400913,1169,-0.11946905336569205,22.081589958158997,24.677541557572006,0.7642152450381715,2,18,286,0.03695955369595537,2.6243651085756348
swap,2026091646,0.16034659769309403,0.12335020343356158,1243,-0.10360507769083158,22.081589958158997,23.34783948540049,0.7632438901797522,1,18,286,0.03695955369595537,2.655944055944056
swap,2026091647,0.13883634100668116,0.11164036915748735,1125,-0.137063033025006,22.081589958158997,24.415098906804936,0.7633742681570806,1,18,286,0.03695955369595537,2.628757207704576
swap,2026091648,0.12757968501748138,0.11293043564552942,1138,-0.12399514155832526,22.081589958158997,24.577919359834976,0.763678662848406,2,18,286,0.03695955369595537,2.6240952030425713
swap,2026091649,0.14458472063587124,0.11362508683139823,1145,-0.11885046360624645,22.081589958158997,24.003760108420163,0.7654952363821995,1,18,286,0.03695955369595537,2.630057661636609
swap,2026091650,0.14759117087205767,0.11650292745856902,1174,-0.10288412083171425,22.081589958158997,23.75550012544574,0.7618911210195976,1,18,286,0.03695955369595537,2.6463992148202675
swap,2026091651,0.13583620832741092,0.11580827627270021,1167,-0.11555278060967399,22.081589958158997,23.44491638423032,0.76391630065688,1,18,286,0.03695955369595537,2.635357624831309
swap,2026091652,0.1446233854571554,0.12096854222486851,1219,-0.10411252602777638,22.081589958158997,24.161608167318256,0.7649635987290483,1,18,286,0.03695955369595537,2.6340571708992764
swap,2026091653,0.12294818695433452,0.11491515331944031,1158,-0.11615820888487603,22.081589958158997,24.11669539372934,0.7621649893475262,1,18,286,0.03695955369595537,2.6237516869095816
swap,2026091654,0.12876564441229252,0.11114418973900962,1120,-0.12508900713767593,22.081589958158997,24.433251419193656,0.7616291867002432,1,18,286,0.03695955369595537,2.6238989081094344
swap,2026091655,0.13553403818246734,0.11402203036618042,1149,-0.12420718769336046,22.081589958158997,24.33964445760307,0.7636312174753276,1,18,286,0.03695955369595537,2.626082689240584
swap,2026091656,0.1607858603333539,0.11670139922596011,1176,-0.1161786823048111,22.081589958158997,23.72022764269129,0.7693241293200277,1,18,286,0.03695955369595537,2.658005152741995
swap,2026091657,0.15058907124268087,0.11114418973900962,1120,-0.1277271535349339,22.081589958158997,24.609222849440247,0.7656300200892127,1,18,286,0.03695955369595537,2.6377131640289533
swap,2026091658,0.15169660329217666,0.10955641559988091,1104,-0.1283896149085239,22.081589958158997,24.633886897652616,0.7667836217897745,2,18,286,0.03695955369595537,2.618917924181082
swap,2026091659,0.1378475260348213,0.11680063510965565,1177,-0.11105301538552717,22.081589958158997,23.95743625206789,0.7608102085706143,1,18,286,0.03695955369595537,2.6230891915102443
swap,2026091660,0.13761645077684723,0.1202738910389997,1212,-0.11426734231522319,22.081589958158997,24.111611495313095,0.7654167795427813,1,18,286,0.03695955369595537,2.6373205741626795
swap,2026091661,0.13971190904299138,0.10945717971618538,1103,-0.12457278447790274,22.081589958158997,24.47036845424103,0.7674102685147834,1,18,286,0.03695955369595537,2.6157772052508896
swap,2026091662,0.1597934494182809,0.11610598392378683,1170,-0.11238525006839932,22.081589958158997,24.29748575576885,0.7623164625515118,1,18,286,0.03695955369595537,2.6265734265734264
swap,2026091663,0.13198964001022864,0.1160067480400913,1169,-0.10717183992082575,22.081589958158997,23.817639412751504,0.7613360782986056,1,18,286,0.03695955369595537,2.628364617838302
swap,2026091664,0.14871926623736556,0.12483874168899474,1258,-0.10462143675185866,22.081589958158997,23.33922184930338,0.7627551477607122,1,18,286,0.03695955369595537,2.6556496135443504
swap,2026091665,0.15096891796599993,0.11977771162052198,1207,-0.11230043161438553,22.081589958158997,24.30335772238381,0.7588088844334787,1,18,286,0.03695955369595537,2.646693657219973
swap,2026091666,0.12982842726344426,0.11789222983030664,1188,-0.11010685090713154,22.081589958158997,23.630646700344414,0.7603813486172633,1,18,286,0.03695955369595537,2.6314317261685685
swap,2026091667,0.13901538136849087,0.11243425622705171,1133,-0.12472487274027239,22.081589958158997,24.85642922346657,0.7630405336301465,1,18,286,0.03695955369595537,2.616807753649859
swap,2026091668,0.1478984436389699,0.11461744566835368,1155,-0.12111131412185616,22.081589958158997,24.398329162729887,0.7691950186271447,1,18,286,0.03695955369595537,2.610428168322905
swap,2026091669,0.14210413007236777,0.10965565148357646,1105,-0.13765968697737904,22.081589958158997,24.80990199894304,0.7620222402855735,2,18,286,0.03695955369595537,2.617543859649123
swap,2026091670,0.14306040380066323,0.11580827627270021,1167,-0.12787339224875086,22.081589958158997,24.376109449493317,0.7605929116506882,2,18,286,0.03695955369595537,2.630425714636241
swap,2026091671,0.148051775711452,0.1231517316661705,1241,-0.10574162529969694,22.081589958158997,23.71232997010583,0.7604640320352269,1,18,286,0.03695955369595537,2.6444853392221814
swap,2026091672,0.1603259772012713,0.1106480103205319,1115,-0.12491790784251006,22.081589958158997,24.34536066495083,0.7668881220987783,1,18,286,0.03695955369595537,2.6270396270396272
swap,2026091673,0.14885816628121284,0.11481591743574476,1157,-0.1247965297100427,22.081589958158997,24.41176099248887,0.7627474973474833,2,18,286,0.03695955369595537,2.628511839038155
swap,2026091674,0.14405596905648999,0.11729681452813337,1182,-0.10698904152855453,22.081589958158997,24.22550558173886,0.7632546315600183,1,18,286,0.03695955369595537,2.635529382897804
swap,2026091675,0.1413329698551596,0.11719757864443783,1181,-0.11707512562050891,22.081589958158997,24.469993825715598,0.7697220630636628,1,18,286,0.03695955369595537,2.613568887253098
swap,2026091676,0.13352120737240059,0.11312890741292052,1140,-0.12144473838935808,22.081589958158997,24.226324320013408,0.7631207134994826,1,18,286,0.03695955369595537,2.628192859771807
swap,2026091677,0.13985607437707961,0.11799146571400218,1189,-0.11604852984951339,22.081589958158997,24.157310630477372,0.7632051637354675,1,18,286,0.03695955369595537,2.647258005152742
swap,2026091678,0.15255516406737862,0.11739605041182892,1183,-0.11251101536228186,22.081589958158997,24.466891176848442,0.7623542150389663,1,18,286,0.03695955369595537,2.6244141823089193
swap,2026091679,0.14776652581264468,0.11035030266944527,1112,-0.1258245878681751,22.081589958158997,24.85167620051096,0.7704384410765536,1,18,286,0.03695955369595537,2.6165623849834376
swap,2026091680,0.13638718278285333,0.11164036915748735,1125,-0.13455796385732194,22.081589958158997,24.77075381641778,0.7646429332876223,2,18,286,0.03695955369595537,2.621494295178506
swap,2026091681,0.14131395876090377,0.11253349211074724,1134,-0.13446144630620285,22.081589958158997,24.79028782433298,0.7632764001201668,1,18,286,0.03695955369595537,2.6188197767145134
swap,2026091682,0.12892830745701558,0.11412126624987595,1150,-0.11410501734288647,22.081589958158997,23.96373128062692,0.7626152477608821,1,18,286,0.03695955369595537,2.6314562630352105
swap,2026091683,0.13187343797503875,0.11858688101617545,1195,-0.11296143060083867,22.081589958158997,23.8372396712445,0.7628852093770998,1,18,286,0.03695955369595537,2.6409029566924302
swap,2026091684,0.1475247387622163,0.10915947206509874,1100,-0.1323058876645413,22.081589958158997,24.64475295132218,0.7595174723858271,1,18,286,0.03695955369595537,2.627456753772543
swap,2026091685,0.14546250668546548,0.10836558499553439,1092,-0.13053054967880381,22.081589958158997,24.14071179996313,0.761153123241104,3,18,286,0.03695955369595537,2.6419089682247576
swap,2026091686,0.14417911155048294,0.12225860871291058,1232,-0.10844557911817118,22.081589958158997,24.07821344887357,0.7639382863492882,1,18,286,0.03695955369595537,2.639896945160103
swap,2026091687,0.13178520643403077,0.1133273791803116,1142,-0.12535662398396089,22.081589958158997,24.20387678223993,0.7644295954109308,1,18,286,0.03695955369595537,2.6295914611704085
swap,2026091688,0.1447693278779001,0.11471668155204923,1156,-0.1254282809537313,22.081589958158997,24.332365914067037,0.7670442092378869,1,18,286,0.03695955369595537,2.630474788369525
swap,2026091689,0.13902421842288426,0.11183884092487843,1127,-0.12136138232248313,22.081589958158997,24.648101134511098,0.7635787946292069,1,18,286,0.03695955369595537,2.616856827383143
swap,2026091690,0.13550342708212895,0.11660216334226456,1175,-0.11498829917434078,22.081589958158997,24.124001841565356,0.7601446562329163,1,18,286,0.03695955369595537,2.6341062446325605
swap,2026091691,0.13873768422832924,0.11501438920313585,1159,-0.1141342650856505,22.081589958158997,24.442372394579177,0.7611471413444317,1,18,286,0.03695955369595537,2.6199975463133356
swap,2026091692,0.137804615423293,0.10816711322814329,1090,-0.1254604534707709,22.081589958158997,24.200649515847047,0.7614216042052994,3,19,284,0.03695955369595537,2.6127507092022095
swap,2026091693,0.13720471918583782,0.11352585094770269,1144,-0.12440753473128963,22.081589958158997,24.197042366256365,0.7564911365854409,1,18,286,0.03695955369595537,2.6326340326340327
swap,2026091694,0.14177608083833426,0.11541133273791804,1163,-0.11421469637824913,22.081589958158997,24.890518476504827,0.7667871733830851,1,18,286,0.03695955369595537,2.6138878665194456
swap,2026091695,0.14655305397493423,0.11660216334226456,1175,-0.11752407847192683,22.081589958158997,24.23142743476769,0.7636953980137288,1,18,286,0.03695955369595537,2.6165378481167956
swap,2026091696,0.14151275090921914,0.10915947206509874,1100,-0.1200715568666171,22.081589958158997,23.43198892741807,0.7580234993209304,1,18,286,0.03695955369595537,2.6520917678812417
swap,2026091697,0.13254529786259328,0.11352585094770269,1144,-0.10891793016380068,22.081589958158997,23.765862082402826,0.75970999657048,1,18,286,0.03695955369595537,2.6417126732916207
swap,2026091698,0.14301795481242677,0.11322814329661605,1141,-0.1183634886892361,22.081589958158997,24.030640137919736,0.7573340286908954,1,18,286,0.03695955369595537,2.6369034474297632
swap,2026091699,0.13313109943453705,0.1054877443683636,1063,-0.14598505695497743,22.081589958158997,24.396499638219797,0.7633134360227969,1,18,286,0.03695955369595537,2.624953993375046
swap,2026091700,0.14219146975913016,0.12067083457378187,1216,-0.11058797627558996,22.081589958158997,24.259145224077226,0.7637346922170178,3,19,284,0.03695955369595537,2.619693425571094
swap,2026091701,0.1465655859544203,0.11918229631834872,1201,-0.1118514787629676,22.081589958158997,23.70926100892122,0.7583565493074422,1,18,286,0.03695955369595537,2.669390258863943
swap,2026091702,0.1468609913924467,0.11005259501835864,1109,-0.13498205612739175,22.081589958158997,24.56466878398207,0.7669219349402137,1,18,286,0.03695955369595537,2.628708133971292
swap,2026091703,0.13647429433398067,0.10201448843901954,1028,-0.14794319333298608,22.081589958158997,25.035210676112104,0.7704074495595723,1,18,286,0.03695955369595537,2.600147221199853
swap,2026091704,0.1466631819977335,0.1193807680857398,1203,-0.11545772544569301,22.081589958158997,24.58693974545366,0.7623225987506509,1,18,286,0.03695955369595537,2.6382775119617223
swap,2026091705,0.13929160634112123,0.11719757864443783,1181,-0.10752427522112462,22.081589958158997,23.109107595098134,0.7597249643182461,1,18,286,0.03695955369595537,2.653956569746043
swap,2026091706,0.13419783159918514,0.11551056862161357,1164,-0.11114368338809427,22.081589958158997,23.836234885619728,0.7603287350364685,1,18,286,0.03695955369595537,2.6485339222181326
swap,2026091707,0.14794101919345487,0.11967847573682644,1206,-0.11440041954479735,22.081589958158997,24.696763738543048,0.7597918170616459,1,18,286,0.03695955369595537,2.6342534658324133
swap,2026091708,0.1329719891050226,0.11164036915748735,1125,-0.11492102936598556,22.081589958158997,23.79044735659271,0.7608201172814126,1,18,286,0.03695955369595537,2.6296405349036927
swap,2026091709,0.14914481055235385,0.11293043564552942,1138,-0.1253829469524487,22.081589958158997,24.57287879716512,0.7696469115315155,1,18,286,0.03695955369595537,2.6224512329775487
swap,2026091710,0.13402072902646361,0.11531209685422249,1162,-0.11579261210033376,22.081589958158997,23.821490091058013,0.7659852228427274,1,18,286,0.03695955369595537,2.6282173966384494
swap,2026091711,0.14240741199458748,0.12593033640964574,1269,-0.09493750912290227,22.081589958158997,22.874762276694447,0.7594438832899528,1,18,286,0.03695955369595537,2.6670347196662987
swap,2026091712,0.14277085630001002,0.10915947206509874,1100,-0.1322035205648695,22.081589958158997,24.347613010557506,0.760751659638861,1,18,286,0.03695955369595537,2.6288798920377867
swap,2026091713,0.13707420512584423,0.12305249578247494,1240,-0.09815622321401216,22.081589958158997,23.74100526508523,0.759521714948068,1,18,286,0.03695955369595537,2.6569746043430253
swap,2026091714,0.1519290331159178,0.11560980450530912,1165,-0.1259562027106109,22.081589958158997,24.222492712881763,0.7630565645507925,1,18,286,0.03695955369595537,2.6282419335050915
swap,2026091715,0.14425336312032488,0.12652575171181898,1275,-0.09112945301510951,22.081589958158997,22.745449621570533,0.7593607118486206,1,18,286,0.03695955369595537,2.6665194454668137
swap,2026091716,0.13427415889603667,0.125434156991168,1264,-0.10130181794821502,22.081589958158997,23.23484139976788,0.7615204607792062,1,18,286,0.03695955369595537,2.6417126732916207
swap,2026091717,0.15240382925044568,0.11501438920313585,1159,-0.1185462870815072,22.081589958158997,24.164380207851025,0.762406841468602,1,18,286,0.03695955369595537,2.6360937308305727
swap,2026091718,0.14785582084727825,0.12245708048030168,1234,-0.1065064537729588,22.081589958158997,24.18642082769058,0.7670154517548063,1,18,286,0.03695955369595537,2.626131762973868
swap,2026091719,0.14734480715993165,0.11888458866726208,1198,-0.12374361097056077,22.081589958158997,23.82704065393249,0.7639885533043032,2,18,286,0.03695955369595537,2.629370629370629
swap,2026091720,0.1430866921766319,0.11948000396943535,1204,-0.10913582584738779,22.081589958158997,23.521397919054337,0.7578049858520928,1,18,286,0.03695955369595537,2.6549135075450865
swap,2026091721,0.1460875671948117,0.11431973801726704,1152,-0.1234657574143087,22.081589958158997,24.247818698944943,0.7605565728322028,1,18,286,0.03695955369595537,2.6334192123665807
swap,2026091722,0.14460072944024127,0.10925870794879429,1101,-0.13761874013751024,22.081589958158997,24.61068431695447,0.765011839614111,2,18,286,0.03695955369595537,2.60679671205987
swap,2026091723,0.1398678874664869,0.11293043564552942,1138,-0.12959900907179067,22.081589958158997,24.592638241789924,0.7643734946440961,1,18,286,0.03695955369595537,2.6197521776469146
swap,2026091724,0.13948039079584415,0.11491515331944031,1158,-0.12414869220783309,22.081589958158997,24.629713391670787,0.7606796518083935,1,18,286,0.03695955369595537,2.616807753649859
swap,2026091725,0.13327930915153505,0.11392279448248487,1148,-0.11465926206825262,22.081589958158997,23.699692364193783,0.7622445251619823,1,18,286,0.03695955369595537,2.6414918414918414
swap,2026091726,0.1317193745889863,0.11005259501835864,1109,-0.12778564902046072,22.081589958158997,24.07274090215818,0.7670905881705536,2,18,286,0.03695955369595537,2.6256900993743097
swap,2026091727,0.14355400373873484,0.12255631636399722,1235,-0.10855233337925771,22.081589958158997,24.150209664094337,0.7609006147454798,1,18,286,0.03695955369595537,2.6336155072997176
swap,2026091728,0.13798837977015124,0.12106777810856406,1220,-0.10290605663878614,22.081589958158997,23.533021936953094,0.7591930655206576,1,18,286,0.03695955369595537,2.6509630720157036
swap,2026091729,0.150023302029488,0.11461744566835368,1155,-0.11652673044369534,22.081589958158997,24.545766570999454,0.7659148231194939,1,18,286,0.03695955369595537,2.6024046129309286
swap,2026091730,0.14155047684647487,0.11044953855314081,1113,-0.13691094476263704,22.081589958158997,24.72234513025467,0.7628239683203163,2,18,286,0.03695955369595537,2.618746166114587
swap,2026091731,0.14584846566070836,0.11957923985313089,1205,-0.11733689291824052,22.081589958158997,23.76339754880625,0.7611681874325099,2,18,286,0.03695955369595537,2.6405103668261565
swap,2026091732,0.13858727430875817,0.11352585094770269,1144,-0.11884607644483114,22.081589958158997,24.28114989985206,0.7633881117392766,1,18,286,0.03695955369595537,2.6366090050300577
swap,2026091733,0.13481129422121335,0.11809070159769773,1190,-0.11670806644882775,22.081589958158997,24.181740771510924,0.7609522766318324,1,18,286,0.03695955369595537,2.635750214697583
swap,2026091734,0.1442261391073207,0.11769375806291556,1186,-0.10849383789373154,22.081589958158997,23.39522444757467,0.7682646278894275,1,18,286,0.03695955369595537,2.631235431235431
swap,2026091735,0.14627507252766425,0.10836558499553439,1092,-0.1393662927676233,22.081589958158997,25.438268931098452,0.7707263423016798,1,18,286,0.03695955369595537,2.5970310391363025
swap,2026091736,0.13756749183286668,0.1202738910389997,1212,-0.12123415464146234,22.081589958158997,24.200828377288495,0.7614329802442075,1,18,286,0.03695955369595537,2.6335418966997914
swap,2026091737,0.12866302739213087,0.11431973801726704,1152,-0.11454665825861345,22.081589958158997,24.461303883177784,0.7619410799443554,1,18,286,0.03695955369595537,2.6246595509753403
swap,2026091738,0.1439551059010829,0.12424332638682148,1252,-0.10535555509522025,22.081589958158997,23.774132155414154,0.761945430673774,1,18,286,0.03695955369595537,2.655821371610845
swap,2026091739,0.1332046151323982,0.11729681452813337,1182,-0.11230481877580073,22.081589958158997,24.361508744083793,0.7626178355488553,1,18,286,0.03695955369595537,2.6294442399705558
swap,2026091740,0.15008755750121994,0.11342661506400714,1143,-0.12005108344668267,22.081589958158997,24.339241128253594,0.7670706014067024,1,18,286,0.03695955369595537,2.6115077904551587
swap,2026091741,0.17123660825937798,0.11352585094770269,1144,-0.1204971115238243,22.081589958158997,24.428403244531363,0.7605970280688382,1,18,286,0.03695955369595537,2.6256164887743836
swap,2026091742,0.146422117882457,0.11471668155204923,1156,-0.11484937239621526,22.081589958158997,24.24037292124571,0.7626420316655551,2,18,286,0.03695955369595537,2.6388173230278493
swap,2026091743,0.12933894708948535,0.10628163143792796,1071,-0.14206439703754553,22.081589958158997,24.78836108685157,0.7657060899431756,2,18,286,0.03695955369595537,2.6123420439209912
swap,2026091744,0.15431704759706688,0.11441897390096259,1153,-0.12483016461421996,22.081589958158997,23.972605261266153,0.7630231984752646,1,18,286,0.03695955369595537,2.647282542019384
swap,2026091745,0.1537091086369852,0.1184876451324799,1194,-0.11639950276267473,22.081589958158997,24.45243127435995,0.7623270517064364,1,18,286,0.03695955369595537,2.620929947245737
swap,2026091746,0.14390119450751987,0.11451820978465813,1154,-0.13059343232574513,22.081589958158997,24.615002645296645,0.7651098792275439,2,18,286,0.03695955369595537,2.6198748619801253
swap,2026091747,0.14511095741798458,0.11005259501835864,1109,-0.13136118557328474,22.081589958158997,24.06964680234135,0.7681754415266446,3,18,286,0.03695955369595537,2.633885412832781
swap,2026091748,0.1433326765609685,0.1133273791803116,1142,-0.12572368315564203,22.081589958158997,24.589943371046694,0.760594683542989,1,18,286,0.03695955369595537,2.6246840878419824
swap,2026091749,0.14410946439944877,0.11749528629552446,1184,-0.12631010039804733,22.081589958158997,24.42615806087734,0.7608055073551702,1,18,286,0.03695955369595537,2.6334192123665807
swap,2026091750,0.13191183269303583,0.11164036915748735,1125,-0.12171966717133384,22.081589958158997,24.669258854771257,0.7621232685751965,1,18,286,0.03695955369595537,2.6061832903938167
swap,2026091751,0.14490097919037082,0.10667857497271013,1075,-0.1385970771329456,22.081589958158997,24.505527805038042,0.7682632435890329,1,18,286,0.03695955369595537,2.619654030180346
swap,2026091752,0.14925370641331454,0.1151136250868314,1160,-0.11399387592038557,22.081589958158997,24.437089489826448,0.7619719283730537,1,18,286,0.03695955369595537,2.6252238989081094
swap,2026091753,0.1403889955036678,0.11481591743574476,1157,-0.11844684475611172,22.081589958158997,23.774139410140688,0.7654435493002473,1,18,286,0.03695955369595537,2.637075205496258
swap,2026091754,0.14175748240650665,0.11660216334226456,1175,-0.12118882064017843,22.081589958158997,23.756548453421143,0.761344658249234,2,18,286,0.03695955369595537,2.6576125628757206
swap,2026091755,0.14159530574158644,0.11154113327379181,1124,-0.13227517753463974,22.081589958158997,24.79488868766791,0.7615574864890832,1,18,286,0.03695955369595537,2.618942461047724
swap,2026091756,0.12625153613401494,0.11054877443683636,1114,-0.12782805824746699,22.081589958158997,24.363024838237617,0.7650422362940261,1,18,286,0.03695955369595537,2.6133235185866766
swap,2026091757,0.14687867261168733,0.1160067480400913,1169,-0.1178297173838036,22.081589958158997,23.34974789333541,0.7587296928855086,1,18,286,0.03695955369595537,2.64573671942093
swap,2026091758,0.12980186861694937,0.1079686414607522,1088,-0.13507418651709635,22.081589958158997,25.192189273714423,0.7643990812131262,1,18,286,0.03695955369595537,2.604931910195068
swap,2026091759,0.13997260550068788,0.11481591743574476,1157,-0.11647993405527404,22.081589958158997,23.929917274080445,0.7626817805462784,1,18,286,0.03695955369595537,2.6341553183658446
swap,2026091760,0.14969388909344136,0.1133273791803116,1142,-0.11776537234972409,22.081589958158997,24.12045257703197,0.765501982370918,1,18,286,0.03695955369595537,2.6218868850447796
swap,2026091761,0.1439041942137481,0.11491515331944031,1158,-0.12471463603030451,22.081589958158997,24.22332718845821,0.7603246558905064,1,18,286,0.03695955369595537,2.634351613298982
swap,2026091762,0.13428377156957025,0.11451820978465813,1154,-0.12224027699252214,22.081589958158997,24.617670813293778,0.759705578269828,1,18,286,0.03695955369595537,2.631382652435284
swap,2026091763,0.1549348217311508,0.11541133273791804,1163,-0.12244939835328106,22.081589958158997,24.293143042880303,0.7622852187042266,1,18,286,0.03695955369595537,2.628192859771807
swap,2026091764,0.1547277586035401,0.11253349211074724,1134,-0.12728843739348253,22.081589958158997,24.27553008907123,0.7631863734614762,1,18,286,0.03695955369595537,2.6320942215679057
swap,2026091765,0.1357522370556511,0.11828917336508882,1192,-0.10994891309620994,22.081589958158997,23.889585004626664,0.7643428265613537,1,18,286,0.03695955369595537,2.6258373205741625
swap,2026091766,0.1333231251518381,0.11154113327379181,1124,-0.12811322373941064,22.081589958158997,24.474122133099545,0.7616518022961488,2,18,286,0.03695955369595537,2.6157772052508896
swap,2026091767,0.1521535843027986,0.12374714696834375,1247,-0.10224213287805788,22.081589958158997,23.239475367802875,0.7608898013870653,1,18,286,0.03695955369595537,2.659011164274322
swap,2026091768,0.1467469047014798,0.11809070159769773,1190,-0.11301700131208854,22.081589958158997,23.634994707312078,0.7598476038019273,1,18,286,0.03695955369595537,2.634400687032266
swap,2026091769,0.1344485808483784,0.1202738910389997,1212,-0.11429659005798727,22.081589958158997,23.936024034122614,0.7685107517356872,2,18,286,0.03695955369595537,2.632118758434548
swap,2026091770,0.15004430030029745,0.11799146571400218,1189,-0.11675924999866369,22.081589958158997,23.717672411483576,0.764680919566555,2,18,286,0.03695955369595537,2.650668629615998
swap,2026091771,0.14176055188109954,0.11908306043465317,1200,-0.1106567084710833,22.081589958158997,23.532326058787344,0.759128563118583,1,18,286,0.03695955369595537,2.650104281683229
swap,2026091772,0.13940823875125644,0.1106480103205319,1115,-0.13331347240274055,22.081589958158997,24.028634622371918,0.7650900416287911,1,18,286,0.03695955369595537,2.624021592442645
swap,2026091773,0.1485430980576479,0.1202738910389997,1212,-0.10807413278507626,22.081589958158997,23.973843620132662,0.7602620073398153,1,18,286,0.03695955369595537,2.653269537480064
swap,2026091774,0.14159276980062133,0.11144189739009626,1123,-0.12444848157115851,22.081589958158997,24.953102997018625,0.7621114527523261,1,18,286,0.03695955369595537,2.609839283523494
swap,2026091775,0.14597052770565544,0.12573186464225464,1267,-0.10236643578480224,22.081589958158997,23.54019283490524,0.7654118788114171,3,19,284,0.03695955369595537,2.6368884686209126
swap,2026091776,0.13539655454407862,0.11967847573682644,1206,-0.11145224707424797,22.081589958158997,24.648779239131567,0.7575082548588943,2,18,286,0.03695955369595537,2.6166850693166483
swap,2026091777,0.13856780940121957,0.11233502034335616,1132,-0.11597394810546738,22.081589958158997,23.986864248062684,0.7573983124440858,1,18,286,0.03695955369595537,2.6360201202306466
swap,2026091778,0.1362336144963195,0.11451820978465813,1154,-0.11425418083097963,22.081589958158997,24.25877715331644,0.7652948555336034,2,18,286,0.03695955369595537,2.6182554287817448
swap,2026091779,0.1299921208211721,0.11709834276074228,1180,-0.10831981382428871,22.081589958158997,23.136675544689986,0.7618954725883046,2,18,286,0.03695955369595537,2.649564470617102
swap,2026091780,0.12851752993559146,0.11551056862161357,1164,-0.11059967537269474,22.081589958158997,23.575773289831453,0.7643487893857441,1,18,286,0.03695955369595537,2.653833885412833
swap,2026091781,0.14314699919208224,0.1211670139922596,1221,-0.10689983591312704,22.081589958158997,23.778438892124782,0.761088581955087,1,18,286,0.03695955369595537,2.655723224144277
swap,2026091782,0.14938053004640897,0.11481591743574476,1157,-0.12305628901562062,22.081589958158997,24.626383674167705,0.7614894339209348,1,18,286,0.03695955369595537,2.620242914979757
swap,2026091783,0.13835785272748533,0.12751811054877443,1285,-0.10024889920873245,22.081589958158997,23.32392650658217,0.7589359672485894,1,18,286,0.03695955369595537,2.666175929333824
swap,2026091784,0.1389740871758084,0.1106480103205319,1115,-0.13405928984320628,22.081589958158997,24.120489115463812,0.7635178346445172,2,18,286,0.03695955369595537,2.636486320696847
swap,2026091785,0.1555032911233742,0.11769375806291556,1186,-0.11679580967711793,22.081589958158997,24.022243158851936,0.7633508898156149,2,18,286,0.03695955369595537,2.63974972396025
swap,2026091786,0.15036921493584646,0.11124342562270517,1121,-0.1317165456478591,22.081589958158997,24.651206050039978,0.7653351283654809,1,18,286,0.03695955369595537,2.63064654643602
swap,2026091787,0.1413907205448531,0.10816711322814329,1090,-0.13152936009417346,22.081589958158997,24.826766855380857,0.7698186209554343,1,18,286,0.03695955369595537,2.616856827383143
swap,2026091788,0.1396615930018492,0.1151136250868314,1160,-0.1143784837377248,22.081589958158997,23.832331775734026,0.7659400166431908,1,18,286,0.03695955369595537,2.631358115568642
swap,2026091789,0.1482463893999296,0.1247395058052992,1257,-0.09949869460685164,22.081589958158997,23.571077940026818,0.7573647171731704,1,18,286,0.03695955369595537,2.6431848852901485
swap,2026091790,0.13377842542971105,0.10906023618140319,1099,-0.12247133416035286,22.081589958158997,24.128555869394766,0.7626901605667727,1,18,286,0.03695955369595537,2.6366335418966997
swap,2026091791,0.15696211670157154,0.11620521980748238,1171,-0.12298463204585099,22.081589958158997,23.896458973663805,0.7663339001770105,1,18,286,0.03695955369595537,2.6386455649613545
swap,2026091792,0.14807915040516162,0.11551056862161357,1164,-0.11718187988159524,22.081589958158997,24.084109378248897,0.7641351696816677,1,18,286,0.03695955369595537,2.649294565084039
swap,2026091793,0.15865789812900863,0.11640369157487347,1173,-0.11326999428699165,22.081589958158997,24.025837752394644,0.7659251167235255,1,18,286,0.03695955369595537,2.623236412710097
swap,2026091794,0.15162509095555465,0.11491515331944031,1158,-0.12793773728283026,22.081589958158997,24.69135865531158,0.7612831301944235,2,18,286,0.03695955369595537,2.6308673782357994
swap,2026091795,0.15970545254260216,0.11501438920313585,1159,-0.12270092894104544,22.081589958158997,23.999000776291158,0.7663956950662528,1,18,286,0.03695955369595537,2.637664090295669
swap,2026091796,0.13184520630965366,0.11531209685422249,1162,-0.1242539840817819,22.081589958158997,23.893232140500665,0.7648462432147889,1,18,286,0.03695955369595537,2.6385228806281438
swap,2026091797,0.14737151225916578,0.11789222983030664,1188,-0.11427172947663766,22.081589958158997,23.93187993145747,0.7634689578900328,1,18,286,0.03695955369595537,2.631947000368053
swap,2026091798,0.14679480329788153,0.11203731269226952,1129,-0.13364397189596694,22.081589958158997,25.02658973467951,0.7633838996249901,1,18,286,0.03695955369595537,2.6089314194577353
swap,2026091799,0.1496436256416666,0.1142205021335715,1151,-0.11882852779917326,22.081589958158997,24.610712204235003,0.7639578657405854,1,18,286,0.03695955369595537,2.619433198380567
swap,2026091800,0.1301747863390194,0.11451820978465813,1154,-0.12225051370248928,22.081589958158997,24.091924147530612,0.7602452140503938,2,18,286,0.03695955369595537,2.6303275671696724
swap,2026091801,0.15547147005343212,0.1142205021335715,1151,-0.1217971736896576,22.081589958158997,24.518876779685367,0.7633684821424861,1,18,286,0.03695955369595537,2.626597963440069
swap,2026091802,0.14831150711650404,0.11709834276074228,1180,-0.11434046167213162,22.081589958158997,23.324027722116394,0.7600013025483581,1,18,286,0.03695955369595537,2.660434302539566
swap,2026091803,0.14682417083764723,0.11243425622705171,1133,-0.1396222105168028,22.081589958158997,24.78731099967778,0.7648515345411773,3,18,286,0.03695955369595537,2.614182308919151
swap,2026091804,0.14562196077675568,0.11481591743574476,1157,-0.12363685670947383,22.081589958158997,24.249741360117813,0.7611766505646882,1,18,286,0.03695955369595537,2.632339590234327
swap,2026091805,0.15432177118397938,0.11967847573682644,1206,-0.11240864826261014,22.081589958158997,23.895160567966077,0.7588270924362438,1,18,286,0.03695955369595537,2.6295423874371244
swap,2026091806,0.1381529994240433,0.11312890741292052,1140,-0.1256374023144901,22.081589958158997,24.346633467160274,0.7613451974466462,2,18,286,0.03695955369595537,2.6246840878419824
swap,2026091807,0.1489777063250861,0.11481591743574476,1157,-0.11094041157588802,22.081589958158997,24.727393016524488,0.7644535399763852,1,18,286,0.03695955369595537,2.610428168322905
swap,2026091808,0.13126730033425021,0.11253349211074724,1134,-0.11701224297356758,22.081589958158997,24.44430364832613,0.7639778868070338,1,18,286,0.03695955369595537,2.6201447675131884
swap,2026091809,0.1377056578555081,0.1193807680857398,1203,-0.11517548472802701,22.081589958158997,24.37895953745406,0.7579602122039536,1,18,286,0.03695955369595537,2.6560176665439825
swap,2026091810,0.14656105807463674,0.10816711322814329,1090,-0.1288531916313244,22.081589958158997,24.49462705212578,0.7709697168741773,1,18,286,0.03695955369595537,2.6131762973868238
swap,2026091811,0.13179561625469832,0.11570904038900466,1166,-0.11157654998099238,22.081589958158997,24.101518730255464,0.7647159625957708,1,18,286,0.03695955369595537,2.6229910440436757
swap,2026091812,0.14106484842890238,0.11025106678574972,1111,-0.14215798981438785,22.081589958158997,24.755863103413756,0.7607111643483577,3,18,286,0.03695955369595537,2.6198012513801987
swap,2026091813,0.14127918249585816,0.11382355859878933,1147,-0.12169188181570936,22.081589958158997,24.42399115015207,0.7634180434163823,1,18,286,0.03695955369595537,2.6229419703103916
swap,2026091814,0.14308054590479272,0.12593033640964574,1269,-0.0961703014803783,22.081589958158997,23.159319432069424,0.7578221263496644,1,18,286,0.03695955369595537,2.6484848484848484
swap,2026091815,0.13332044278474697,0.11888458866726208,1198,-0.10942245372646835,22.081589958158997,25.090129956073056,0.7611045656982313,1,18,286,0.03695955369595537,2.6211262421788737
swap,2026091816,0.14914790911252285,0.10866329264662102,1095,-0.13598964086558962,22.081589958158997,24.25365907932517,0.7604457493382015,1,18,286,0.03695955369595537,2.627800269905533
swap,2026091817,0.13484766480125032,0.11124342562270517,1121,-0.12542243140517917,22.081589958158997,24.700395321186534,0.7707651131650984,1,18,286,0.03695955369595537,2.627211385106122
swap,2026091818,0.12913934776615527,0.11183884092487843,1127,-0.12173721581699187,22.081589958158997,24.878092135067153,0.7650836607250091,1,18,286,0.03695955369595537,2.6204882836461785
swap,2026091819,0.13765514449876332,0.11580827627270021,1167,-0.12023388183895446,22.081589958158997,24.708029432193005,0.7610331788633575,1,18,286,0.03695955369595537,2.632683106367317
swap,2026091820,0.14698991667647138,0.11025106678574972,1111,-0.1320134102369074,22.081589958158997,24.08441173317545,0.7642642206010751,3,18,286,0.03695955369595537,2.6326094957673907
swap,2026091821,0.1542946553128347,0.12225860871291058,1232,-0.10228454210506402,22.081589958158997,23.588083414044203,0.7595604389935626,1,18,286,0.03695955369595537,2.6675745307324257
swap,2026091822,0.14208984801963007,0.11997618338791306,1209,-0.11059675059841893,22.081589958158997,24.103486682450374,0.7647891869600163,1,18,286,0.03695955369595537,2.6342780026990553
swap,2026091823,0.13813061281174427,0.12007541927160861,1210,-0.10894571551942588,22.081589958158997,23.97056110413444,0.7618282062211559,1,18,286,0.03695955369595537,2.645933014354067
swap,2026091824,0.14272314113104467,0.11183884092487843,1127,-0.12153686877906271,22.081589958158997,24.4179183697088,0.7667417326096706,2,18,286,0.03695955369595537,2.628609986504723
swap,2026091825,0.1447487169410113,0.12057159869008634,1215,-0.11246714374813747,22.081589958158997,24.268705941791893,0.7599231688739813,1,18,286,0.03695955369595537,2.62269660164397
swap,2026091826,0.13924212974249253,0.11213654857596507,1130,-0.12629986368808002,22.081589958158997,23.731453052807893,0.7699296294397503,1,18,286,0.03695955369595537,2.6431848852901485
swap,2026091827,0.14377037506622087,0.11640369157487347,1173,-0.12451575137951353,22.081589958158997,23.65328801402037,0.765934391505436,1,18,286,0.03695955369595537,2.6331983805668018
swap,2026091828,0.1506296069780968,0.12503721345638583,1260,-0.09369448005545777,22.081589958158997,23.302870051427238,0.7621975224078469,1,18,286,0.03695955369595537,2.678616120721384
swap,2026091829,0.14119537466515225,0.1168998709933512,1178,-0.1143287625750263,22.081589958158997,24.242866749385083,0.7638771090474048,1,18,286,0.03695955369595537,2.629321555637345
swap,2026091830,0.1499802727575727,0.11719757864443783,1181,-0.12095045153665684,22.081589958158997,24.149063677679965,0.7680698293817085,1,18,286,0.03695955369595537,2.6165133112501535
swap,2026091831,0.15298082577906186,0.11431973801726704,1152,-0.1280327924468106,22.081589958158997,24.287324696362475,0.7628042953365886,2,18,286,0.03695955369595537,2.6238007606428657
swap,2026091832,0.13824960690276097,0.11293043564552942,1138,-0.12490328397112845,22.081589958158997,24.107373800193848,0.7618861539717154,1,18,286,0.03695955369595537,2.6411237884922096
swap,2026091833,0.13934423980489843,0.11838840924878435,1193,-0.1250656089434659,22.081589958158997,23.68632846330134,0.7610480109939093,3,19,284,0.03695955369595537,2.612576519185786
swap,2026091834,0.1451858375708897,0.1142205021335715,1151,-0.129723311978535,22.081589958158997,24.118089694274772,0.7657614366957675,2,18,286,0.03695955369595537,2.6246350141086983
swap,2026091835,0.140152090866579,0.13138831001290066,1324,-0.08405881120206096,22.081589958158997,23.528776185126542,0.7608404801584454,1,18,286,0.03695955369595537,2.650128818549871
swap,2026091836,0.1364001124364822,0.11243425622705171,1133,-0.11640973947264119,22.081589958158997,24.219669109400623,0.7670287554039329,1,18,286,0.03695955369595537,2.614992025518341
swap,2026091837,0.1456209427350917,0.11243425622705171,1133,-0.13022344837978828,22.081589958158997,24.72949194510158,0.764303205156501,2,18,286,0.03695955369595537,2.6251012145748986
swap,2026091838,0.12649511602803704,0.10856405676292548,1094,-0.13363958473455234,22.081589958158997,24.56259299180517,0.7661260579385906,1,18,286,0.03695955369595537,2.611139737455527
swap,2026091839,0.14808113423772978,0.1177929939466111,1187,-0.11095942260868419,22.081589958158997,23.88670062063767,0.762195529758139,1,18,286,0.03695955369595537,2.6452459820880874
swap,2026091840,0.14182895402236434,0.11521286097052694,1161,-0.11424979366956528,22.081589958158997,24.126962447235307,0.7605183590657876,1,18,286,0.03695955369595537,2.630425714636241
swap,2026091841,0.13199697952839487,0.11402203036618042,1149,-0.12184250769094006,22.081589958158997,24.504194586863758,0.7666075663997928,1,18,286,0.03695955369595537,2.6218868850447796
swap,2026091842,0.1471194296429691,0.110846482087923,1117,-0.1293240802898141,22.081589958158997,24.73049848624386,0.7640720703205212,1,18,286,0.03695955369595537,2.610403631456263
swap,2026091843,0.1340871396063774,0.11729681452813337,1182,-0.11201672850958064,22.081589958158997,24.282618796240442,0.763657893887891,1,18,286,0.03695955369595537,2.6352840142313827
swap,2026091844,0.14165898426212084,0.1079686414607522,1088,-0.14094859565112242,22.081589958158997,25.134570080037864,0.7673432895598686,1,18,286,0.03695955369595537,2.600392589866274
swap,2026091845,0.14207140887814146,0.11412126624987595,1150,-0.12512995397754537,22.081589958158997,24.281004394232582,0.7645504623123223,1,18,286,0.03695955369595537,2.621396147711937
swap,2026091846,0.1501523188213728,0.1227547881313883,1237,-0.1000207668151788,22.081589958158997,24.028488052843006,0.7611040314082381,1,18,286,0.03695955369595537,2.6420071156913263
swap,2026091847,0.1376939292103905,0.10816711322814329,1090,-0.13891587752906648,22.081589958158997,25.03048524809653,0.7661261483152595,1,18,286,0.03695955369595537,2.617519322782481
swap,2026091848,0.12557206691550635,0.1193807680857398,1203,-0.11032767136499515,22.081589958158997,23.487781458537317,0.7593698914541417,1,18,286,0.03695955369595537,2.664311127469022
swap,2026091849,0.15238721840727928,0.10876252853031657,1096,-0.14012819646660887,22.081589958158997,24.693350423072893,0.7649578270922879,2,18,286,0.03695955369595537,2.6176665439823337
swap,2026091850,0.13634016424364503,0.1122357844596606,1131,-0.13021028689554542,22.081589958158997,24.23739355073479,0.7603148992961511,2,18,286,0.03695955369595537,2.6341307814992025
swap,2026091851,0.1433634689336003,0.11630445569117794,1172,-0.1161742951433966,22.081589958158997,24.276373641655052,0.7685908391906442,1,18,286,0.03695955369595537,2.639872408293461
swap,2026091852,0.14010919545298947,0.1079686414607522,1088,-0.14224134588126333,22.081589958158997,24.997784589174064,0.7678458845745839,1,18,286,0.03695955369595537,2.6089314194577353
swap,2026091853,0.13832724378049924,0.11302967152922497,1139,-0.12138478051669377,22.081589958158997,24.24241281173858,0.7625382574168745,1,18,286,0.03695955369595537,2.6380812170285854
swap,2026091854,0.1542133931284357,0.10846482087922993,1093,-0.1450096447338179,22.081589958158997,24.666422679705068,0.7605965626401507,1,18,286,0.03695955369595537,2.624561403508772
swap,2026091855,0.13767474692684847,0.11789222983030664,1188,-0.11391929417633902,22.081589958158997,24.072469682088506,0.7636212942412324,1,18,286,0.03695955369595537,2.6365844681634156
swap,2026091856,0.14682558906838428,0.11471668155204923,1156,-0.12085393398553827,22.081589958158997,24.347903701785683,0.7626076152669649,1,18,286,0.03695955369595537,2.6239234449760764
swap,2026091857,0.14897564586265627,0.11928153220204427,1202,-0.10470625520587318,22.081589958158997,23.469718994859694,0.7641870903800967,1,18,286,0.03695955369595537,2.641001104158999
swap,2026091858,0.14214841807373235,0.1126327279944428,1135,-0.12861043536638808,22.081589958158997,24.608244382775865,0.7632238467621464,1,18,286,0.03695955369595537,2.63974972396025
swap,2026091859,0.1530596926743779,0.11035030266944527,1112,-0.12652360892022063,22.081589958158997,24.982455822300565,0.7633277113824538,2,18,286,0.03695955369595537,2.6168813642497852
swap,2026091860,0.13371876117521544,0.11412126624987595,1150,-0.11341623300080868,22.081589958158997,23.37845319274529,0.763609299295363,1,18,286,0.03695955369595537,2.652754263280579
swap,2026091861,0.13110984334597206,0.1160067480400913,1169,-0.11530563718332339,22.081589958158997,24.556113304285923,0.7633891981611313,1,18,286,0.03695955369595537,2.6218378113114955
swap,2026091862,0.13779126516880444,0.10836558499553439,1092,-0.14078480829164688,22.081589958158997,24.605560874616543,0.766710040298057,2,18,286,0.03695955369595537,2.6091767881241568
swap,2026091863,0.13984568144953374,0.1211670139922596,1221,-0.0971968972513739,22.081589958158997,23.491646827926978,0.7581505707139244,3,19,284,0.03695955369595537,2.634026775493953
swap,2026091864,0.13715938645648346,0.11580827627270021,1167,-0.12095191392379501,22.081589958158997,24.68677973186072,0.7693722286956947,1,18,286,0.03695955369595537,2.6199484725800515
swap,2026091865,0.14056289799807384,0.11590751215639575,1168,-0.11985951073158256,22.081589958158997,23.68840913631024,0.7611956847913636,1,18,286,0.03695955369595537,2.657121825542878
swap,2026091866,0.14758733572033175,0.11124342562270517,1121,-0.12788509134585554,22.081589958158997,24.54442194136041,0.7648012776545214,1,18,286,0.03695955369595537,2.6255674150410995
swap,2026091867,0.16236632405299561,0.10925870794879429,1101,-0.13095171717459722,22.081589958158997,24.93109741012102,0.76506598400195,1,18,286,0.03695955369595537,2.614427677585572
swap,2026091868,0.1361411527018873,0.11531209685422249,1162,-0.1151842590508559,22.081589958158997,23.98759961093072,0.7592105356565991,3,19,284,0.03695955369595537,2.617379186781466
swap,2026091869,0.1448696613730283,0.11997618338791306,1209,-0.10341789213714594,22.081589958158997,23.083151482768557,0.7565771072132365,1,18,286,0.03695955369595537,2.653318611213348
swap,2026091870,0.13959689122744423,0.11868611689987099,1196,-0.11404505947022212,22.081589958158997,24.54176453052123,0.7587728574190795,1,18,286,0.03695955369595537,2.6262299104404367
swap,2026091871,0.13711148612491988,0.11372432271509378,1146,-0.1321757352092449,22.081589958158997,24.830694988709226,0.7621192878101719,1,18,286,0.03695955369595537,2.619114219114219
swap,2026091872,0.14856868777748208,0.11273196387813833,1136,-0.12507584565343313,22.081589958158997,24.546665946849817,0.7637828187388492,1,18,286,0.03695955369595537,2.627456753772543
swap,2026091873,0.1566051910728039,0.12245708048030168,1234,-0.11681482070991478,22.081589958158997,24.512645171648742,0.7614673801439762,1,18,286,0.03695955369595537,2.6467672678198992
swap,2026091874,0.1452242973678204,0.10826634911183884,1091,-0.14572913920579716,22.081589958158997,24.3732712201129,0.7639586790697958,3,18,286,0.03695955369595537,2.6347687400318978
swap,2026091875,0.13442295169792945,0.11312890741292052,1140,-0.11484352284766197,22.081589958158997,23.757994335663035,0.7631787198737326,1,18,286,0.03695955369595537,2.646276530487057
swap,2026091876,0.13917925286541485,0.1133273791803116,1142,-0.12484917564701614,22.081589958158997,24.018898866802456,0.7631300021927458,1,18,286,0.03695955369595537,2.6354803091645196
swap,2026091877,0.14493411712285148,0.11948000396943535,1204,-0.1102355409752911,22.081589958158997,23.650799027742583,0.7637558479906862,1,18,286,0.03695955369595537,2.649564470617102
swap,2026091878,0.1435993509384496,0.11650292745856902,1174,-0.11496782575440637,22.081589958158997,24.330616898233544,0.7623316293591819,3,19,284,0.03695955369595537,2.608769223112527
swap,2026091879,0.1306680913334369,0.10856405676292548,1094,-0.12593572929067656,22.081589958158997,24.225240236344188,0.7625967919810581,1,18,286,0.03695955369595537,2.636461783830205
swap,2026091880,0.14279669036118112,0.12007541927160861,1210,-0.11414011463420254,22.081589958158997,23.25613119653409,0.7622932736614122,1,18,286,0.03695955369595537,2.649564470617102
swap,2026091881,0.14955262578130898,0.11035030266944527,1112,-0.1330049087165862,22.081589958158997,24.44421434688488,0.7668113386540399,4,19,284,0.03695955369595537,2.6219081272084805
swap,2026091882,0.14946347195008217,0.11302967152922497,1139,-0.12137893096814047,22.081589958158997,25.632557318844764,0.7647602799927816,1,18,286,0.03695955369595537,2.606600417126733
swap,2026091883,0.14541166383429893,0.11809070159769773,1190,-0.11837372539920327,22.081589958158997,24.13577410501486,0.7615987411963351,1,18,286,0.03695955369595537,2.635185866764814
swap,2026091884,0.14706116785031478,0.11293043564552942,1138,-0.12814100909503512,22.081589958158997,25.751159558471624,0.7659217270661213,1,18,286,0.03695955369595537,2.608514292724819
swap,2026091885,0.1491992498938304,0.11273196387813833,1136,-0.12744783759154296,22.081589958158997,24.01915484913275,0.7663690197695696,1,18,286,0.03695955369595537,2.6316770948349895
swap,2026091886,0.1422675653815242,0.11828917336508882,1192,-0.0986417357438844,22.081589958158997,22.569462586112845,0.7572174032434116,1,18,286,0.03695955369595537,2.6813642497853025
swap,2026091887,0.12208713091961464,0.10866329264662102,1095,-0.1279538235413495,22.081589958158997,24.393503595290145,0.7645076813885268,2,18,286,0.03695955369595537,2.62269660164397
swap,2026091888,0.15282929167727247,0.11094571797161853,1118,-0.12234556886647033,22.081589958158997,25.064187168672728,0.7618939612019163,1,18,286,0.03695955369595537,2.606821248926512
swap,2026091889,0.14401913431255492,0.11769375806291556,1186,-0.12312063404970075,22.081589958158997,23.960817249592232,0.7626048889206674,1,18,286,0.03695955369595537,2.6502269660164397
swap,2026091890,0.1362182565410142,0.11908306043465317,1200,-0.10599461827460022,22.081589958158997,24.244786069274948,0.7649078317597813,3,19,284,0.03695955369595537,2.6181754839994027
swap,2026091891,0.14149502477599396,0.11193807680857398,1128,-0.1362835806803617,22.081589958158997,25.121639190850434,0.7646607974744337,1,18,286,0.03695955369595537,2.6063305115936695
swap,2026091892,0.15456254931622687,0.11203731269226952,1129,-0.13737890864685054,22.081589958158997,24.10727163650305,0.7694471196575502,1,18,286,0.03695955369595537,2.6375414059624585
swap,2026091893,0.1374717616341964,0.10896100029770765,1098,-0.13347141021366216,22.081589958158997,23.8335648515783,0.7660714129742393,1,18,286,0.03695955369595537,2.630793767635873
swap,2026091894,0.14436751743105664,0.10935794383248983,1102,-0.12761454972529432,22.081589958158997,24.341186368056725,0.7664008674683261,1,18,286,0.03695955369595537,2.625935468040731
swap,2026091895,0.1576544410992705,0.11431973801726704,1152,-0.1250860823634002,22.081589958158997,24.43800270832788,0.7645477584915719,1,18,286,0.03695955369595537,2.624708624708625
swap,2026091896,0.14547192507603127,0.11144189739009626,1123,-0.13079085458939863,22.081589958158997,25.165399640530026,0.7643529498275221,1,18,286,0.03695955369595537,2.60794994479205
swap,2026091897,0.1285195220595384,0.11005259501835864,1109,-0.12864407027056543,22.081589958158997,24.61643812567467,0.7640118555065442,1,18,286,0.03695955369595537,2.6230155809103177
swap,2026091898,0.13335008448740865,0.11293043564552942,1138,-0.12871865201461274,22.081589958158997,23.776955686051718,0.7660654106923046,2,18,286,0.03695955369595537,2.630008587903325
swap,2026091899,0.14076891878312653,0.1122357844596606,1131,-0.12234995602788484,22.081589958158997,24.259263696538426,0.7645550579644037,1,18,286,0.03695955369595537,2.6233345601766653
swap,2026091900,0.15130138321123174,0.11878535278356654,1197,-0.11354638545610636,22.081589958158997,23.91672902910213,0.7647745805073759,1,18,286,0.03695955369595537,2.630622009569378
swap,2026091901,0.1392364220029347,0.11015183090205419,1110,-0.12323323785933975,22.081589958158997,24.66291263284852,0.764689027916377,1,18,286,0.03695955369595537,2.605128205128205
swap,2026091902,0.1404947734369513,0.11818993748139327,1191,-0.10260626727546206,22.081589958158997,23.80869000556852,0.7624436443827011,3,19,284,0.03695955369595537,2.6521425372020104
swap,2026091903,0.13864559858206554,0.1122357844596606,1131,-0.12011981564217665,22.081589958158997,24.949402897836727,0.7591218648755138,1,18,286,0.03695955369595537,2.623825297509508
swap,2026091904,0.15068363060873088,0.11402203036618042,1149,-0.11272452388445521,22.081589958158997,23.816172120525195,0.7623305683517406,1,18,286,0.03695955369595537,2.6320696847012637
swap,2026091905,0.13905121949804014,0.11402203036618042,1149,-0.11823918578249103,22.081589958158997,24.123387868153145,0.7614204337567383,1,18,286,0.03695955369595537,2.640289535026377
swap,2026091906,0.1329813907599829,0.11044953855314081,1113,-0.1313275506691067,22.081589958158997,24.25807157068105,0.7626948546350234,1,18,286,0.03695955369595537,2.652705189547295
swap,2026091907,0.13155444982848158,0.11114418973900962,1120,-0.11554839344826007,22.081589958158997,24.68873083751879,0.7602898989572185,1,18,286,0.03695955369595537,2.617028585449638
swap,2026091908,0.12775271695293117,0.11451820978465813,1154,-0.10953359514896983,22.081589958158997,23.28747731022861,0.7643696101738097,1,18,286,0.03695955369595537,2.6567783094098885
swap,2026091909,0.15359090964378386,0.12126624987595515,1222,-0.10478229933705728,22.081589958158997,23.887049196437257,0.759644204950088,1,18,286,0.03695955369595537,2.6367316893632684
swap,2026091910,0.12770362494075074,0.11044953855314081,1113,-0.12778564902046008,22.081589958158997,24.048834159918208,0.7604993168362156,2,18,286,0.03695955369595537,2.651993620414673
swap,2026091911,0.14165459937751534,0.11670139922596011,1176,-0.10827155504872919,22.081589958158997,24.260586381591782,0.7625261661447432,1,18,286,0.03695955369595537,2.6224512329775487
swap,2026091912,0.13851733073820857,0.12235784459660613,1233,-0.10905246978051159,22.081589958158997,23.35363619118771,0.7574811667669892,1,18,286,0.03695955369595537,2.661268556005398
swap,2026091913,0.14768089952489977,0.10747246204227448,1083,-0.14378562669917028,22.081589958158997,25.451348198296834,0.7668703785983005,1,18,286,0.03695955369595537,2.6225493804441173
swap,2026091914,0.13213758796449668,0.11650292745856902,1174,-0.11077516182927566,22.081589958158997,24.32292093530418,0.7633293496873814,1,18,286,0.03695955369595537,2.624831309041835
swap,2026091915,0.14271645287941723,0.11312890741292052,1140,-0.12054244552510754,22.081589958158997,23.94476034379461,0.7647503718380435,1,18,286,0.03695955369595537,2.626720647773279
swap,2026091916,0.1442259150999511,0.11590751215639575,1168,-0.11094772351157957,22.081589958158997,23.609584731679092,0.7596253503086993,1,18,286,0.03695955369595537,2.650153355416513
swap,2026091917,0.14281658541590583,0.12424332638682148,1252,-0.09545811894409051,22.081589958158997,22.841473964074744,0.7550792189807907,1,18,286,0.03695955369595537,2.669193963930806
swap,2026091918,0.1382240437803591,0.12007541927160861,1210,-0.10667609068098653,22.081589958158997,23.320516236532722,0.7644769699957535,1,18,286,0.03695955369595537,2.6471353208195314
swap,2026091919,0.14734580174127987,0.10786940557705667,1087,-0.13286598193846014,22.081589958158997,24.54028109363296,0.7683258493220335,1,18,286,0.03695955369595537,2.6148202674518464
swap,2026091920,0.12492766501696644,0.11203731269226952,1129,-0.11840004836768975,22.081589958158997,24.007068145153944,0.7597072250770212,1,18,286,0.03695955369595537,2.6322905165010426
swap,2026091921,0.14560769120825828,0.11769375806291556,1186,-0.12094606437524236,22.081589958158997,24.848155730201643,0.7627610361796363,1,18,286,0.03695955369595537,2.621739663844927
swap,2026091922,0.1346675195680842,0.11481591743574476,1157,-0.11181345669737518,22.081589958158997,24.46706456610303,0.7648976904994768,1,18,286,0.03695955369595537,2.610403631456263
swap,2026091923,0.13029916718394047,0.12444179815421257,1254,-0.09594070669968573,22.081589958158997,23.295815791399203,0.7549136407643973,1,18,286,0.03695955369595537,2.646669120353331
swap,2026091924,0.13814531295375274,0.11858688101617545,1195,-0.1085406342821523,22.081589958158997,23.988351477756495,0.763165736462892,2,18,286,0.03695955369595537,2.6560667402772666
swap,2026091925,0.1411820861700506,0.11709834276074228,1180,-0.11194799631408679,22.081589958158997,24.181314004210275,0.7636322453552611,1,18,286,0.03695955369595537,2.63629002576371
swap,2026091926,0.13922709441370074,0.11531209685422249,1162,-0.12041960500550207,22.081589958158997,24.20281501549714,0.7604546484213417,2,18,286,0.03695955369595537,2.638326585695007
swap,2026091927,0.1321039875315509,0.11858688101617545,1195,-0.10391071660270905,22.081589958158997,24.047533238326995,0.7621160728223594,1,18,286,0.03695955369595537,2.6205618942461046
swap,2026091928,0.14219525320611512,0.12245708048030168,1234,-0.11138205249161526,22.081589958158997,23.764290160184842,0.7634014184483447,1,18,286,0.03695955369595537,2.6450742240215925
swap,2026091929,0.13736358317130226,0.11352585094770269,1144,-0.12566518767011461,22.081589958158997,23.974040480111345,0.7693338538448778,1,18,286,0.03695955369595537,2.6226229910440435
swap,2026091930,0.138902105117404,0.1220601369455195,1230,-0.10028984604860192,22.081589958158997,23.994822150008815,0.7580988851037513,1,18,286,0.03695955369595537,2.6348178137651823
swap,2026091931,0.144991705809352,0.1231517316661705,1241,-0.10489490314669622,22.081589958158997,24.003281731689125,0.7581479575368774,1,18,286,0.03695955369595537,2.631726168568274
swap,2026091932,0.15319916959320481,0.11491515331944031,1158,-0.128332581810136,22.081589958158997,24.514098153597207,0.7660445464142231,1,18,286,0.03695955369595537,2.626058152373942
swap,2026091933,0.12850415186049816,0.11471668155204923,1156,-0.11905081064417501,22.081589958158997,24.492396992015212,0.7680123095492155,1,18,286,0.03695955369595537,2.6165378481167956
swap,2026091934,0.14049824016242807,0.1193807680857398,1203,-0.10243663036743371,22.081589958158997,23.190308398180225,0.7633351045238015,3,19,284,0.03695955369595537,2.634872841288011
swap,2026091935,0.1488368972425149,0.11531209685422249,1162,-0.11906250974128095,22.081589958158997,24.401337279554024,0.7637582969764802,1,18,286,0.03695955369595537,2.6214206845785792
swap,2026091936,0.16355942907296406,0.11918229631834872,1201,-0.11304624905485178,22.081589958158997,24.24353605189823,0.7652199450704337,1,18,286,0.03695955369595537,2.630671083302662
swap,2026091937,0.14155373269832744,0.11074724620422745,1116,-0.1283428185201026,22.081589958158997,24.069826921175924,0.7625855466351521,2,18,286,0.03695955369595537,2.6498098392835234
swap,2026091938,0.13939571828113181,0.11749528629552446,1184,-0.10718353901793194,22.081589958158997,24.09265072669555,0.7620837171094058,1,18,286,0.03695955369595537,2.637983069562017
swap,2026091939,0.14499306508584128,0.11183884092487843,1127,-0.12930068209560408,22.081589958158997,24.165266319967557,0.7613764309250096,1,18,286,0.03695955369595537,2.629272481904061
swap,2026091940,0.1353804441287006,0.1126327279944428,1135,-0.12218324389413357,22.081589958158997,24.496291031916957,0.7594431873558702,1,18,286,0.03695955369595537,2.62684333210649
swap,2026091941,0.14348953756240573,0.12642651582812345,1274,-0.10323801851915108,22.081589958158997,23.16780709557087,0.761362977412332,2,18,286,0.03695955369595537,2.642890442890443
swap,2026091942,0.15289585489588384,0.12077007045747742,1217,-0.11395439146765561,22.081589958158997,24.086795928161052,0.7676306683174164,1,18,286,0.03695955369595537,2.6288062814378605
swap,2026091943,0.14351916922197064,0.10906023618140319,1099,-0.13262322567352405,22.081589958158997,24.15920826736092,0.7663968372535899,1,18,286,0.03695955369595537,2.621911421911422
swap,2026091944,0.13749838160059513,0.11035030266944527,1112,-0.12745661191437196,22.081589958158997,24.68455935404662,0.7594472294508098,1,18,286,0.03695955369595537,2.617372101582628
swap,2026091945,0.16634184971767232,0.11580827627270021,1167,-0.12319082863233285,22.081589958158997,24.36727111709541,0.7664262364817325,1,18,286,0.03695955369595537,2.623629002576371
swap,2026091946,0.1346212987357246,0.11402203036618042,1149,-0.12553064805340367,22.081589958158997,24.24315061571477,0.7642736108241539,1,18,286,0.03695955369595537,2.641074714758925
swap,2026091947,0.138851808327331,0.11729681452813337,1182,-0.10936980778949436,22.081589958158997,23.60527584509629,0.765960920831391,1,18,286,0.03695955369595537,2.641025641025641
swap,2026091948,0.14304511568585326,0.1126327279944428,1135,-0.1349454964489368,22.081589958158997,24.832280483149322,0.763169433712694,3,18,286,0.03695955369595537,2.619482272113851
swap,2026091949,0.13650024520801765,0.11193807680857398,1128,-0.11663787186619627,22.081589958158997,23.588126493129856,0.7600024559066654,2,18,286,0.03695955369595537,2.6382529750950803
swap,2026091950,0.15301984001259333,0.10499156494988587,1058,-0.1440737169653896,22.081589958158997,25.004627700179533,0.7665901038056882,2,18,286,0.03695955369595537,2.595607900871059
swap,2026091951,0.13688699358346462,0.11650292745856902,1174,-0.11764691899153293,22.081589958158997,23.78851709546775,0.7612524773305521,2,18,286,0.03695955369595537,2.6452705189547294
swap,2026091952,0.1415281634906668,0.11908306043465317,1200,-0.11177250985750636,22.081589958158997,23.97622819106568,0.7629049057896202,1,18,286,0.03695955369595537,2.630425714636241
swap,2026091953,0.13538295519626803,0.11233502034335616,1132,-0.13121494685946763,22.081589958158997,24.39313874230179,0.7694907371504651,1,18,286,0.03695955369595537,2.6419089682247576
swap,2026091954,0.14024663142856622,0.11164036915748735,1125,-0.12976133404412743,22.081589958158997,23.851986971793767,0.7647080629182161,1,18,286,0.03695955369595537,2.633100233100233
swap,2026091955,0.13718491108361366,0.1133273791803116,1142,-0.12221834118544962,22.081589958158997,24.660449469669963,0.7620510255785229,1,18,286,0.03695955369595537,2.638915470494418
swap,2026091956,0.14970514053034653,0.11362508683139823,1145,-0.12946300706794017,22.081589958158997,25.29676175310031,0.7662683482511157,1,18,286,0.03695955369595537,2.6197767145135566
swap,2026091957,0.1422665145534052,0.11799146571400218,1189,-0.10659419700124961,22.081589958158997,24.04623220486548,0.7658395629331078,1,18,286,0.03695955369595537,2.6295423874371244
swap,2026091958,0.13517975969480256,0.11670139922596011,1176,-0.11458760509848226,22.081589958158997,24.404342929858537,0.7632970218873243,1,18,286,0.03695955369595537,2.6310391363022942
swap,2026091959,0.1461330770012237,0.11699910687704675,1179,-0.1133387264824857,22.081589958158997,24.315310928842624,0.7673179554441738,1,18,286,0.03695955369595537,2.627432216905901
swap,2026091960,0.12579445813794596,0.11759452217922,1185,-0.11223901135458239,22.081589958158997,23.338412860382768,0.7580670026287594,1,18,286,0.03695955369595537,2.655207949944792
swap,2026091961,0.1288171652524963,0.10955641559988091,1104,-0.1331906318831338,22.081589958158997,24.734747192140183,0.7609094482256008,1,18,286,0.03695955369595537,2.6065268065268064
swap,2026091962,0.14888633848608016,0.12146472164334624,1224,-0.09586612495563983,22.081589958158997,23.508384961740163,0.7577026965245081,1,18,286,0.03695955369595537,2.6662495399337502
swap,2026091963,0.14486764080344613,0.12037312692269525,1213,-0.11285175156547603,22.081589958158997,23.493584408615998,0.7608743257039013,1,18,286,0.03695955369595537,2.6375414059624585
swap,2026091964,0.13870429467076004,0.11987694750421753,1208,-0.10401162131524276,22.081589958158997,24.15576208750555,0.7573217421284356,1,18,286,0.03695955369595537,2.6407066617592934
swap,2026091965,0.1484616371078491,0.11719757864443783,1181,-0.11370286087989039,22.081589958158997,23.8897004239401,0.765577782567796,3,19,284,0.03695955369595537,2.624471208878714
swap,2026091966,0.1398769738332516,0.11402203036618042,1149,-0.12496616661806965,22.081589958158997,24.20216991792665,0.7628303814853086,2,18,286,0.03695955369595537,2.635701140964299
swap,2026091967,0.15692237970227,0.110846482087923,1117,-0.13212747643368536,22.081589958158997,24.781268868624977,0.764466534622667,2,18,286,0.03695955369595537,2.6145994356520674
swap,2026091968,0.13693854642676598,0.12146472164334624,1224,-0.10879655203133266,22.081589958158997,23.555623991737903,0.7616942768786523,1,18,286,0.03695955369595537,2.6601643970065023
swap,2026091969,0.1317520850731208,0.10925870794879429,1101,-0.1334801845364913,22.081589958158997,23.911048804561386,0.7590743280154855,1,18,286,0.03695955369595537,2.6321923690344744
swap,2026091970,0.14055350255959745,0.1133273791803116,1142,-0.1189733041258519,22.081589958158997,24.07784955759204,0.765683639764009,1,18,286,0.03695955369595537,2.631947000368053
swap,2026091971,0.1327718678120642,0.11481591743574476,1157,-0.11209569741504175,22.081589958158997,24.072067415825373,0.7624789768234906,1,18,286,0.03695955369595537,2.6367807630965525
swap,2026091972,0.14366071460823307,0.1168998709933512,1178,-0.11852435127443396,22.081589958158997,24.37723155425174,0.7708307347958596,1,18,286,0.03695955369595537,2.621469758311864
swap,2026091973,0.15974584944456507,0.11481591743574476,1157,-0.12081444953280782,22.081589958158997,24.55982244708444,0.7647156069174287,1,18,286,0.03695955369595537,2.6189915347810087
swap,2026091974,0.14396367743772692,0.11957923985313089,1205,-0.11144347275141896,22.081589958158997,23.487624018815463,0.7611584683538574,1,18,286,0.03695955369595537,2.638375659428291
swap,2026091975,0.14847897461470172,0.1126327279944428,1135,-0.12539903321096776,22.081589958158997,24.597182038994163,0.7706542661760661,1,18,286,0.03695955369595537,2.6270887007729113
swap,2026091976,0.15451400807046364,0.11471668155204923,1156,-0.12112886276751418,22.081589958158997,23.789689745563912,0.7597677587830073,1,18,286,0.03695955369595537,2.6348178137651823
swap,2026091977,0.1524755790650105,0.11144189739009626,1123,-0.12486526190553604,22.081589958158997,23.99831936071525,0.7609183666259529,1,18,286,0.03695955369595537,2.6384738068948597
swap,2026091978,0.1588327200204187,0.11719757864443783,1181,-0.11960066820812663,22.081589958158997,24.785716847104048,0.764793140283272,1,18,286,0.03695955369595537,2.6179609863820392
swap,2026091979,0.1410207927195393,0.11382355859878933,1147,-0.12399806633260224,22.081589958158997,24.29538344957553,0.7651871885780084,1,18,286,0.03695955369595537,2.6360201202306466
swap,2026091980,0.15403414773731364,0.11521286097052694,1161,-0.12402146452681231,22.081589958158997,24.490071869757774,0.7636580147438464,1,18,286,0.03695955369595537,2.626009078640658
swap,2026091981,0.1433780201917329,0.10985412325096755,1107,-0.13503323967722766,22.081589958158997,24.25221623075711,0.7622129808549379,1,18,286,0.03695955369595537,2.644951539688382
swap,2026091982,0.1385512759053908,0.11362508683139823,1145,-0.12688043138193336,22.081589958158997,25.300847270199256,0.7639208385048273,1,18,286,0.03695955369595537,2.611188811188811
swap,2026091983,0.1358495706396191,0.11650292745856902,1174,-0.11636879263277314,22.081589958158997,23.475389679289115,0.7617729570673789,1,18,286,0.03695955369595537,2.647282542019384
swap,2026091984,0.13552518455860024,0.11283119976183388,1137,-0.11870861205384396,22.081589958158997,23.13647556715861,0.7646966047283394,2,18,286,0.03695955369595537,2.6476751318856584
swap,2026091985,0.14361981415797134,0.11987694750421753,1208,-0.11094187396302697,22.081589958158997,24.45073998286667,0.763130609917775,1,18,286,0.03695955369595537,2.634621518832045
swap,2026091986,0.14324083524202802,0.1126327279944428,1135,-0.1262428305896921,22.081589958158997,24.43942084094673,0.7641069857623052,2,18,286,0.03695955369595537,2.629885903570114
swap,2026091987,0.16439547202559063,0.11719757864443783,1181,-0.12277843545936845,22.081589958158997,24.380870340060053,0.7709965060597392,1,18,286,0.03695955369595537,2.623285486443381
swap,2026091988,0.12753948434068874,0.10955641559988091,1104,-0.12348184367282776,22.081589958158997,25.167849094429137,0.7640651240143923,1,18,286,0.03695955369595537,2.621592442645074
swap,2026091989,0.14267279091508,0.11293043564552942,1138,-0.11534073447464013,22.081589958158997,24.153239984562436,0.7588970854237388,1,18,286,0.03695955369595537,2.622058643111275
swap,2026091990,0.16159534487449306,0.10876252853031657,1096,-0.1365102506867787,22.081589958158997,25.012108165450993,0.767834264891526,1,18,286,0.03695955369595537,2.622181327444485
swap,2026091991,0.1382214467858937,0.11114418973900962,1120,-0.13484459173640387,22.081589958158997,25.064941922604508,0.7648699035730754,2,18,286,0.03695955369595537,2.6284873021715125
swap,2026091992,0.1608748023733021,0.11918229631834872,1201,-0.113853486755122,22.081589958158997,23.544717867162564,0.7631190622703319,1,18,286,0.03695955369595537,2.634204392099129
swap,2026091993,0.13504754197628183,0.11560980450530912,1165,-0.11384178765801584,22.081589958158997,24.138274229887564,0.7640674066284942,1,18,286,0.03695955369595537,2.618378113114955
swap,2026091994,0.1478616677452983,0.11580827627270021,1167,-0.12313818269535881,22.081589958158997,23.98688262854769,0.7660867587747229,2,18,286,0.03695955369595537,2.6329530119003803
swap,2026091995,0.14376743285217763,0.1133273791803116,1142,-0.11759134828028267,22.081589958158997,25.01409258139495,0.7623193839376611,1,18,286,0.03695955369595537,2.613078149920255
swap,2026091996,0.1480264090356704,0.11302967152922497,1139,-0.12696524983594695,22.081589958158997,25.260453507273304,0.7643513848814255,1,18,286,0.03695955369595537,2.609127714390872
swap,2026091997,0.1322569881502582,0.11144189739009626,1123,-0.13315845936609405,22.081589958158997,24.525294891454614,0.7688384368405908,2,18,286,0.03695955369595537,2.6278984173721014
swap,2026091998,0.134264147153715,0.11918229631834872,1201,-0.11888848567183885,22.081589958158997,24.16003083784429,0.7631790594431554,2,18,286,0.03695955369595537,2.640853882959146
swap,2026091999,0.1342526196882189,0.11967847573682644,1206,-0.10712796830668068,22.081589958158997,23.80984734488732,0.7598019792239477,2,18,286,0.03695955369595537,2.6437737700895596
swap,2026092000,0.1366823869292599,0.11769375806291556,1186,-0.11695667226231722,22.081589958158997,23.744175453782354,0.7595984986393021,1,18,286,0.03695955369595537,2.6484848484848484
swap,2026092001,0.14120929652805894,0.10528927260097251,1061,-0.143545795208511,22.081589958158997,24.40032527053751,0.7670169175317355,2,18,286,0.03695955369595537,2.6329039381670962
swap,2026092002,0.14618583080145173,0.11412126624987595,1150,-0.11838396210916978,22.081589958158997,24.682352568272243,0.7654110625824173,1,18,286,0.03695955369595537,2.6211262421788737
swap,2026092003,0.1429014335001599,0.11858688101617545,1195,-0.11650333224948471,22.081589958158997,23.348758233339503,0.7588058367906346,1,18,286,0.03695955369595537,2.6446570972886763
swap,2026092004,0.13275370903662018,0.10816711322814329,1090,-0.13605106112539347,22.081589958158997,24.98311049082926,0.763620569525293,2,18,286,0.03695955369595537,2.610624463256042
swap,2026092005,0.12477338518013338,0.10866329264662102,1095,-0.13195930191279523,22.081589958158997,24.58363035837138,0.7593760946957061,3,19,284,0.03695955369595537,2.609167371721495
swap,2026092006,0.15276229886095843,0.1160067480400913,1169,-0.11879196812071967,22.081589958158997,24.268266584745316,0.7684194790038279,1,18,286,0.03695955369595537,2.623997055576003
swap,2026092007,0.13835224184291325,0.11789222983030664,1188,-0.10707385998256919,22.081589958158997,24.089101402497757,0.769951227481873,1,18,286,0.03695955369595537,2.642154336891179
swap,2026092008,0.15314283492449302,0.12086930634117297,1218,-0.10765881483783622,22.081589958158997,24.690644270439194,0.7618090035285651,1,18,286,0.03695955369595537,2.619531345847135
swap,2026092009,0.13405243976629289,0.11948000396943535,1204,-0.10766612677352781,22.081589958158997,23.98478911504208,0.7697659291275935,1,18,286,0.03695955369595537,2.6284627653048704
swap,2026092010,0.1377478752448257,0.11699910687704675,1179,-0.11067133234246494,22.081589958158997,23.99110631118906,0.7621021131108217,2,18,286,0.03695955369595537,2.6305238621028093
swap,2026092011,0.13799465297792352,0.12344943931725712,1244,-0.0989473746557618,22.081589958158997,24.36098840716673,0.7614410033614913,1,18,286,0.03695955369595537,2.6220341062446324
swap,2026092012,0.13953751805945389,0.1168998709933512,1178,-0.10949118592196302,22.081589958158997,23.80227375274544,0.7597227187764842,1,18,286,0.03695955369595537,2.6411483253588517
swap,2026092013,0.13246973347565769,0.11461744566835368,1155,-0.11193483482984386,22.081589958158997,24.094617344584552,0.7604799081485228,1,18,286,0.03695955369595537,2.6412955465587045
swap,2026092014,0.14563663921019881,0.11312890741292052,1140,-0.12234995602788487,22.081589958158997,24.768283276438325,0.7664648246516557,1,18,286,0.03695955369595537,2.6129554655870444
swap,2026092015,0.15638575256719206,0.1122357844596606,1131,-0.1256666500572536,22.081589958158997,24.44431705188334,0.7635758260779297,1,18,286,0.03695955369595537,2.6144767513188567
swap,2026092016,0.1406826476799765,0.11402203036618042,1149,-0.12189807840219052,22.081589958158997,24.342234289451916,0.7614580652165428,1,18,286,0.03695955369595537,2.621935958778064
swap,2026092017,0.14754512685552862,0.10241143197380173,1032,-0.16273231446129133,22.081589958158997,25.424901056912304,0.7666897098681211,1,18,286,0.03695955369595537,2.5966875230033124
swap,2026092018,0.15544311632605978,0.12384638285203929,1248,-0.10411106364063823,22.081589958158997,23.401199362851944,0.7625599756488041,3,19,284,0.03695955369595537,2.638281988752302
swap,2026092019,0.13805374323953762,0.11114418973900962,1120,-0.127284050232068,22.081589958158997,24.543595596238553,0.7634174339834437,1,18,286,0.03695955369595537,2.6159244264507424
swap,2026092020,0.15033359415409736,0.12672422347921009,1277,-0.09498138073704739,22.081589958158997,23.808529677763634,0.7587636545435543,1,18,286,0.03695955369595537,2.633689117899644
swap,2026092021,0.1443617297173238,0.11630445569117794,1172,-0.10837099737412453,22.081589958158997,24.022777119593638,0.7681401220017655,1,18,286,0.03695955369595537,2.620414673046252
swap,2026092022,0.15363593400191672,0.11491515331944031,1158,-0.11776244757544832,22.081589958158997,24.13004178040145,0.7675119103487399,1,18,286,0.03695955369595537,2.6128818549871182
swap,2026092023,0.14532628451402124,0.10519003671727696,1060,-0.14201175110057151,22.081589958158997,25.081914431313486,0.7702422173348029,1,18,286,0.03695955369595537,2.5997791682002207
swap,2026092024,0.13499608705346877,0.11828917336508882,1192,-0.1123369912928397,22.081589958158997,23.84206371361532,0.7607354374817508,1,18,286,0.03695955369595537,2.6335418966997914
swap,2026092025,0.14416025389133708,0.11025106678574972,1111,-0.1311725376324601,22.081589958158997,24.61934149090118,0.767227116247028,1,18,286,0.03695955369595537,2.6184762605815237
swap,2026092026,0.15485795419264226,0.12344943931725712,1244,-0.10176539467101399,22.081589958158997,23.544011043615274,0.7593150394668722,1,18,286,0.03695955369595537,2.650840387682493
swap,2026092027,0.1462062589149974,0.11630445569117794,1172,-0.11331094112686103,22.081589958158997,23.488905370315297,0.7632784051278173,1,18,286,0.03695955369595537,2.6504232609495766
swap,2026092028,0.1513843673686302,0.11769375806291556,1186,-0.1221276731828831,22.081589958158997,24.81418942993425,0.7657559937225826,1,18,286,0.03695955369595537,2.6347442031652557
swap,2026092029,0.1426062018587623,0.1117396050411829,1126,-0.11687477858257912,22.081589958158997,24.421706243850046,0.7674403273431424,1,18,286,0.03695955369595537,2.6225248435774753
swap,2026092030,0.14090303195777265,0.11580827627270021,1167,-0.1256651876701147,22.081589958158997,23.986525309909688,0.7618205933728606,1,18,286,0.03695955369595537,2.641540915225126
swap,2026092031,0.133027401580118,0.11570904038900466,1166,-0.11854921185578288,22.081589958158997,23.716780601097287,0.7638705846846919,2,18,286,0.03695955369595537,2.6416881364249787
swap,2026092032,0.13685674614868973,0.10836558499553439,1092,-0.13526575923219597,22.081589958158997,25.093296026219146,0.7657946528415523,2,18,286,0.03695955369595537,2.6067476383265857
swap,2026092033,0.1562421466670376,0.11372432271509378,1146,-0.11791599822495552,22.081589958158997,24.584663024152423,0.7651299710463787,1,18,286,0.03695955369595537,2.622647527910686
swap,2026092034,0.13707144904730545,0.1122357844596606,1131,-0.1139792520490039,22.081589958158997,23.522581101672696,0.7630364531745849,1,18,286,0.03695955369595537,2.6482640166850695
swap,2026092035,0.15116406617595235,0.11044953855314081,1113,-0.13719903502885641,22.081589958158997,24.78869251245315,0.7640137362265575,2,18,286,0.03695955369595537,2.627235921972764
swap,2026092036,0.12658882353799503,0.11491515331944031,1158,-0.1145144857415739,22.081589958158997,23.44750117805393,0.7601229306980752,1,18,286,0.03695955369595537,2.646129309287204
swap,2026092037,0.14214568219562304,0.11044953855314081,1113,-0.13286598193846016,22.081589958158997,24.072126966640123,0.7650477156997603,3,18,286,0.03695955369595537,2.648165869218501
swap,2026092038,0.1506964309641129,0.11818993748139327,1191,-0.1168045839999469,22.081589958158997,23.591676311993634,0.7610778636589132,1,18,286,0.03695955369595537,2.653907496012759
swap,2026092039,0.14254544539353844,0.11471668155204923,1156,-0.12602932206751877,22.081589958158997,23.803705999661677,0.7591071224357744,2,18,286,0.03695955369595537,2.6350631824316033
swap,2026092040,0.14431147366733882,0.10925870794879429,1101,-0.12717729597098165,22.081589958158997,24.385916169293516,0.7651290228073389,1,18,286,0.03695955369595537,2.6190406085142928
swap,2026092041,0.130717040013191,0.10806787734444775,1089,-0.1396675445180854,22.081589958158997,24.788509539082515,0.7639947742788612,1,18,286,0.03695955369595537,2.613765182186235
swap,2026092042,0.14677837900448765,0.1160067480400913,1169,-0.12078227701576742,22.081589958158997,24.837487818539408,0.7602535096380354,1,18,286,0.03695955369595537,2.6088823457244508
swap,2026092043,0.1440797576569024,0.11551056862161357,1164,-0.11598857197684838,22.081589958158997,23.99406505435324,0.7641114171000755,1,18,286,0.03695955369595537,2.619457735247209
swap,2026092044,0.15029740285503537,0.11769375806291556,1186,-0.11254903742787485,22.081589958158997,23.839197587079532,0.7616561574159644,1,18,286,0.03695955369595537,2.639872408293461
swap,2026092045,0.14371351250275755,0.12335020343356158,1243,-0.09593193237685747,22.081589958158997,23.490643593410073,0.7588649760176026,1,18,286,0.03695955369595537,2.658397742608269
swap,2026092046,0.15418268653384315,0.12444179815421257,1254,-0.10617156711831802,22.081589958158997,24.114208358869643,0.7556014149756031,1,18,286,0.03695955369595537,2.6395779658937553
swap,2026092047,0.1510190560492113,0.11025106678574972,1111,-0.13368638112297307,22.081589958158997,24.17888236882731,0.7692357011746949,2,18,286,0.03695955369595537,2.622254938044412
swap,2026092048,0.15879366550846272,0.11352585094770269,1144,-0.12668739627969494,22.081589958158997,24.108682155177604,0.7653507384672542,1,18,286,0.03695955369595537,2.6310882100355784
swap,2026092049,0.14817477590345912,0.11888458866726208,1198,-0.11476309155506324,22.081589958158997,23.915073487278182,0.7621508040582662,1,18,286,0.03695955369595537,2.654594528278739
swap,2026092050,0.1425557151229459,0.110846482087923,1117,-0.13153959680414123,22.081589958158997,25.161332600215903,0.7657024440595822,1,18,286,0.03695955369595537,2.6153846153846154
swap,2026092051,0.14982928718705663,0.12166319341073732,1226,-0.1097939000595641,22.081589958158997,24.406883908644602,0.7617294512489398,1,18,286,0.03695955369595537,2.6284873021715125
swap,2026092052,0.1482037152742783,0.11729681452813337,1182,-0.11808124797156927,22.081589958158997,24.12090452427909,0.7669687729748366,2,18,286,0.03695955369595537,2.643503864556496
swap,2026092053,0.13967103607673131,0.11213654857596507,1130,-0.12115518573600048,22.081589958158997,24.512723276909945,0.7662109573859329,1,18,286,0.03695955369595537,2.6127591706539075
swap,2026092054,0.13834024059773944,0.12057159869008634,1215,-0.10193064441762706,22.081589958158997,23.905495665943185,0.7633022664286402,1,18,286,0.03695955369595537,2.6419825788246842
swap,2026092055,0.12798111443530122,0.12017465515530416,1211,-0.09975899951744573,22.081589958158997,23.987561717823166,0.7590878302808769,1,18,286,0.03695955369595537,2.648558459084775
swap,2026092056,0.15223000858149816,0.11054877443683636,1114,-0.1444056788457539,22.081589958158997,24.191750245609075,0.7635020716062463,2,18,286,0.03695955369595537,2.644289044289044
swap,2026092057,0.1533563533170152,0.11144189739009626,1123,-0.12430809240589413,22.081589958158997,24.343535769899063,0.769703012589617,1,18,286,0.03695955369595537,2.621935958778064
swap,2026092058,0.13817928084113298,0.10955641559988091,1104,-0.12600007432475527,22.081589958158997,24.49675739564923,0.7693222811892928,1,18,286,0.03695955369595537,2.6214452214452213
swap,2026092059,0.14513730836578317,0.11451820978465813,1154,-0.11114368338809431,22.081589958158997,23.933776922443005,0.7654551366161814,1,18,286,0.03695955369595537,2.623481781376518
swap,2026092060,0.1421254797132985,0.11402203036618042,1149,-0.12617263600705939,22.081589958158997,24.971786684582685,0.7686170453134343,1,18,286,0.03695955369595537,2.602600907864066
swap,2026092061,0.14011300232307855,0.11521286097052694,1161,-0.1147484676836816,22.081589958158997,23.603123438203127,0.760489556179122,1,18,286,0.03695955369595537,2.6541283278125385
swap,2026092062,0.14447093249199497,0.11680063510965565,1177,-0.11676948670863144,22.081589958158997,24.153801140589184,0.7703890740498794,1,18,286,0.03695955369595537,2.640461293092872
swap,2026092063,0.1392004697771145,0.10747246204227448,1083,-0.1421653017500787,22.081589958158997,24.49591782484488,0.7662518264548172,1,18,286,0.03695955369595537,2.626278984173721
swap,2026092064,0.15296909465012157,0.10777016969336112,1086,-0.13449069404896621,22.081589958158997,24.383156237325338,0.7638222425994677,1,18,286,0.03695955369595537,2.6297386823702613
swap,2026092065,0.14291083257231285,0.11551056862161357,1164,-0.12203261801890203,22.081589958158997,24.40558274579447,0.7614133968616542,1,18,286,0.03695955369595537,2.6330266225003065
swap,2026092066,0.13617216335105378,0.10866329264662102,1095,-0.12824337619470702,22.081589958158997,24.23941260595545,0.7665683951945771,1,18,286,0.03695955369595537,2.6265243528401423
swap,2026092067,0.1369098536010727,0.11928153220204427,1202,-0.11060406253410902,22.081589958158997,23.938530955440665,0.7672510029164643,1,18,286,0.03695955369595537,2.637222426696111
swap,2026092068,0.14804318203686725,0.12265555224769277,1236,-0.10266768753526442,22.081589958158997,23.133961371201302,0.7656194302386446,2,18,286,0.03695955369595537,2.658937553674396
swap,2026092069,0.1324107614574758,0.11342661506400714,1143,-0.12496031706951764,22.081589958158997,24.182053938216708,0.7642084142254881,2,18,286,0.03695955369595537,2.6290516501042815
swap,2026092070,0.14238736112467187,0.11243425622705171,1133,-0.1202996892601716,22.081589958158997,24.18344874871641,0.764982095247838,3,19,284,0.03695955369595537,2.618673169760613
swap,2026092071,0.14869026791004356,0.11491515331944031,1158,-0.11936083671746683,22.081589958158997,24.206066331704402,0.7603434710377355,1,18,286,0.03695955369595537,2.6269414795730586
swap,2026092072,0.13565150529828873,0.12136548575965068,1223,-0.09750399855038869,22.081589958158997,23.512663613252332,0.7590430030507326,1,18,286,0.03695955369595537,2.6433321064900013
swap,2026092073,0.15198725294179624,0.11878535278356654,1197,-0.12389862400720682,22.081589958158997,24.051082269470037,0.7665572017289413,3,18,286,0.03695955369595537,2.6443381180223287
swap,2026092074,0.13142037477343704,0.11719757864443783,1181,-0.10675505958644761,22.081589958158997,23.293183585587055,0.7589541523752835,1,18,286,0.03695955369595537,2.6567783094098885
swap,2026092075,0.1482490497055536,0.10657933908901458,1074,-0.13332370911270713,22.081589958158997,24.8544129633198,0.7639628768770815,1,18,286,0.03695955369595537,2.6086124401913877
swap,2026092076,0.1446489160363448,0.11461744566835368,1155,-0.12512410442899263,22.081589958158997,24.574128746933415,0.7620355857054495,2,18,286,0.03695955369595537,2.6335909704330756
swap,2026092077,0.13782012621867384,0.11035030266944527,1112,-0.12974378539846876,22.081589958158997,24.305526969660878,0.7681040634055891,1,18,286,0.03695955369595537,2.6291988713041343
swap,2026092078,0.13518238600881172,0.11352585094770269,1144,-0.12125024089998152,22.081589958158997,24.00860610217658,0.7626754495615282,1,18,286,0.03695955369595537,2.6282173966384494
swap,2026092079,0.1336087525460646,0.11005259501835864,1109,-0.13575858369775964,22.081589958158997,24.95092468739029,0.7682260014497815,1,18,286,0.03695955369595537,2.62684333210649
swap,2026092080,0.14332198943817348,0.1088617644140121,1097,-0.13265539819056374,22.081589958158997,24.65307516502371,0.7678367101390522,1,18,286,0.03695955369595537,2.6198012513801987
swap,2026092081,0.13891640592540314,0.11164036915748735,1125,-0.12685703318772318,22.081589958158997,23.886986541261265,0.7601524804603936,2,18,286,0.03695955369595537,2.6379585326953747
swap,2026092082,0.137126769769193,0.11451820978465813,1154,-0.12138331812955486,22.081589958158997,25.114078389865867,0.7632679946588594,1,18,286,0.03695955369595537,2.6118022328548642
swap,2026092083,0.14210347362291723,0.11650292745856902,1174,-0.11420299728114376,22.081589958158997,24.210840654872726,0.7653520727630633,1,18,286,0.03695955369595537,2.6315789473684212
swap,2026092084,0.1625938501165544,0.11402203036618042,1149,-0.14206732181182183,22.081589958158997,24.65642869943493,0.7646022729357743,2,18,286,0.03695955369595537,2.607729112992271
swap,2026092085,0.13121772292266692,0.12037312692269525,1213,-0.10098009277781715,22.081589958158997,24.015626853853437,0.7629170387163761,1,18,286,0.03695955369595537,2.6399460188933874
swap,2026092086,0.14669763093301097,0.11461744566835368,1155,-0.12144035122794358,22.081589958158997,24.206589949239955,0.7638384187952029,2,18,286,0.03695955369595537,2.637811311495522
swap,2026092087,0.15173757913931962,0.11015183090205419,1110,-0.13394522364642975,22.081589958158997,24.726088392751155,0.7664434337240915,2,18,286,0.03695955369595537,2.621935958778064
swap,2026092088,0.14223452970554015,0.11491515331944031,1158,-0.12237920377064826,22.081589958158997,24.510047215464798,0.7638582466292666,1,18,286,0.03695955369595537,2.6236780763096554
swap,2026092089,0.14243500305813495,0.11044953855314081,1113,-0.12949079242356612,22.081589958158997,24.232904640091533,0.7697065042314928,1,18,286,0.03695955369595537,2.609888357256778
swap,2026092090,0.1602140397037861,0.11451820978465813,1154,-0.12501296300649123,22.081589958158997,24.601438608096544,0.7672792909379976,1,18,286,0.03695955369595537,2.620193841246473
swap,2026092091,0.1413545636826918,0.1231517316661705,1241,-0.10521370354281788,22.081589958158997,23.58713258982224,0.7619630785195874,1,18,286,0.03695955369595537,2.6339835602993498
swap,2026092092,0.14634387461914983,0.11302967152922497,1139,-0.11505410659555897,22.081589958158997,24.44704539434171,0.761947276934105,1,18,286,0.03695955369595537,2.6159489633173845
swap,2026092093,0.1524619429444872,0.12801428996725217,1290,-0.10235034952628244,22.081589958158997,23.53948906301577,0.7623737605013351,1,18,286,0.03695955369595537,2.6542264752791067
swap,2026092094,0.14213761639880468,0.11372432271509378,1146,-0.11931111555476893,22.081589958158997,24.221222778591624,0.7618238930145377,1,18,286,0.03695955369595537,2.6284382284382284
swap,2026092095,0.13786238758358682,0.11928153220204427,1202,-0.10787232336000893,22.081589958158997,23.71905477139111,0.7621690931666798,1,18,286,0.03695955369595537,2.64158998895841
swap,2026092096,0.13676561412953886,0.1160067480400913,1169,-0.12454061196086243,22.081589958158997,24.416701981126266,0.7596602543868054,1,18,286,0.03695955369595537,2.617175806649491
swap,2026092097,0.1408387078612116,0.11868611689987099,1196,-0.10410521409208487,22.081589958158997,23.702257130002195,0.760645093914898,1,18,286,0.03695955369595537,2.646865415286468
swap,2026092098,0.16129971154403516,0.11858688101617545,1195,-0.11844245759469713,22.081589958158997,23.338036304259777,0.7625082550505383,1,18,286,0.03695955369595537,2.6395779658937553
swap,2026092099,0.14681601641540837,0.11699910687704675,1179,-0.11214103141632574,22.081589958158997,24.13447506903032,0.7650254570926938,1,18,286,0.03695955369595537,2.648951048951049
swap,2026092100,0.1367687804779818,0.12483874168899474,1258,-0.09446369569013541,22.081589958158997,23.73365358095521,0.7612797940477387,1,18,286,0.03695955369595537,2.6471107839528893
swap,2026092101,0.14298780932888389,0.11293043564552942,1138,-0.12568858586432527,22.081589958158997,24.46210586848846,0.7669324294735492,1,18,286,0.03695955369595537,2.616464237516869
swap,2026092102,0.15618647558173465,0.11957923985313089,1205,-0.10520346683285002,22.081589958158997,23.9135559859441,0.7655583930300982,1,18,286,0.03695955369595537,2.6269905533063427
swap,2026092103,0.15026998127382682,0.11551056862161357,1164,-0.11384032527087772,22.081589958158997,23.50953258450955,0.7655082415042681,2,18,286,0.03695955369595537,2.6377131640289533
swap,2026092104,0.13835376435403732,0.11144189739009626,1123,-0.12840862594132008,22.081589958158997,23.790072134487893,0.7671019087731915,2,18,286,0.03695955369595537,2.6269660164397006
swap,2026092105,0.1434077601452559,0.1193807680857398,1203,-0.11290732227672641,22.081589958158997,24.115944131902815,0.758434185954115,1,18,286,0.03695955369595537,2.6400196294933136
swap,2026092106,0.12448160755115965,0.11362508683139823,1145,-0.1293577151939926,22.081589958158997,23.52695986381083,0.768138340958014,2,18,286,0.03695955369595537,2.6329530119003803
swap,2026092107,0.14286419722312513,0.11560980450530912,1165,-0.1207749650800771,22.081589958158997,23.826466011684968,0.7630073759725503,1,18,286,0.03695955369595537,2.6263525947736475
swap,2026092108,0.1461672569786048,0.11898382455095763,1199,-0.11039201639907521,22.081589958158997,23.511715176099667,0.7608594150505212,1,18,286,0.03695955369595537,2.6385228806281438
swap,2026092109,0.14476049490974305,0.11243425622705171,1133,-0.1250173501679063,22.081589958158997,24.411310445423666,0.7648789893918209,1,18,286,0.03695955369595537,2.643528401423138
swap,2026092110,0.13938019789539408,0.11878535278356654,1197,-0.11244959510247945,22.081589958158997,23.877075033714064,0.762629318860876,1,18,286,0.03695955369595537,2.637075205496258
swap,2026092111,0.15014422038737257,0.1236479110846482,1246,-0.10011289720488334,22.081589958158997,23.5898709730041,0.7583388645052728,1,18,286,0.03695955369595537,2.6606551343393448
swap,2026092112,0.14382420063550022,0.11491515331944031,1158,-0.1277739499233554,22.081589958158997,23.87062992494748,0.7600110658305487,1,18,286,0.03695955369595537,2.6569746043430253
swap,2026092113,0.13759115292824756,0.1151136250868314,1160,-0.1209153542453414,22.081589958158997,24.19269109061865,0.7664810498212434,1,18,286,0.03695955369595537,2.63329652803337
swap,2026092114,0.14416957307658784,0.11183884092487843,1127,-0.11910784374256352,22.081589958158997,24.20237263397505,0.7659410680130949,1,18,286,0.03695955369595537,2.635725677830941
swap,2026092115,0.15228267827017505,0.1126327279944428,1135,-0.1256754243800818,22.081589958158997,24.01586268292511,0.7642020604903714,1,18,286,0.03695955369595537,2.6388418598944914
swap,2026092116,0.13652396687616067,0.10935794383248983,1102,-0.13323011633586498,22.081589958158997,23.938440452319362,0.765001061159024,3,19,284,0.03695955369595537,2.614542377942567
swap,2026092117,0.1441839005659221,0.11551056862161357,1164,-0.12450112750813179,22.081589958158997,24.888595302170007,0.7658393451061882,1,18,286,0.03695955369595537,2.615507299717826
swap,2026092118,0.15249989568366407,0.11670139922596011,1176,-0.11709413665330527,22.081589958158997,24.77233684859976,0.7641809108434336,1,18,286,0.03695955369595537,2.6171267329162067
swap,2026092119,0.14410791390991284,0.11283119976183388,1137,-0.1241633160792155,22.081589958158997,24.945354796554263,0.7663649830036907,1,18,286,0.03695955369595537,2.613200834253466
swap,2026092120,0.1391175458638475,0.10757169792597003,1084,-0.14053766486529617,22.081589958158997,24.446715361679644,0.7616145351354973,1,18,286,0.03695955369595537,2.617519322782481
swap,2026092121,0.15060622859570563,0.11441897390096259,1153,-0.11948806439848753,22.081589958158997,24.69378421484713,0.7623489203081816,1,18,286,0.03695955369595537,2.607974481658692
swap,2026092122,0.12664422573420012,0.11898382455095763,1199,-0.10476036352998537,22.081589958158997,23.907434734248977,0.7602797160897509,1,18,286,0.03695955369595537,2.6365599312967736
swap,2026092123,0.15750050164184587,0.1256326287585591,1266,-0.09518903971066742,22.081589958158997,23.40295557814393,0.7599893568535492,1,18,286,0.03695955369595537,2.658471353208195
swap,2026092124,0.1279730649633451,0.11243425622705171,1133,-0.12178693697968973,22.081589958158997,23.86088116535922,0.7636273529583657,2,18,286,0.03695955369595537,2.658471353208195
swap,2026092125,0.13616089141461923,0.11154113327379181,1124,-0.1277593260519737,22.081589958158997,24.15057003002087,0.7636713941313318,2,18,286,0.03695955369595537,2.619065145380935
swap,2026092126,0.14169955427043815,0.1193807680857398,1203,-0.11300383982784484,22.081589958158997,24.37718360339757,0.7600068565442657,2,18,286,0.03695955369595537,2.624929456508404
swap,2026092127,0.14293964687514193,0.11997618338791306,1209,-0.1117637355346774,22.081589958158997,23.773852885301988,0.7600766633032053,1,18,286,0.03695955369595537,2.6497853024168814
swap,2026092128,0.143041603658407,0.11759452217922,1185,-0.11566830919358946,22.081589958158997,23.932853557077085,0.7666921453075256,3,19,284,0.03695955369595537,2.6227044244264173
swap,2026092129,0.13673329069927576,0.1193807680857398,1203,-0.10887113377537914,22.081589958158997,23.524482651857376,0.7600834033297763,2,18,286,0.03695955369595537,2.654079254079254
swap,2026092130,0.14024525768079465,0.10677781085640567,1076,-0.1297613340441267,22.081589958158997,23.898862233662424,0.7610767104364632,2,18,286,0.03695955369595537,2.638326585695007
swap,2026092131,0.13042363781853267,0.11372432271509378,1146,-0.11458614271134479,22.081589958158997,23.71247276505821,0.7604167042678014,1,18,286,0.03695955369595537,2.649343638817323
swap,2026092132,0.14133273787743592,0.12007541927160861,1210,-0.10589956311061854,22.081589958158997,24.080164182413707,0.7603377833032525,1,18,286,0.03695955369595537,2.640215924426451
swap,2026092133,0.13158579965016667,0.1202738910389997,1212,-0.10645673261026112,22.081589958158997,24.288649670271038,0.7603704479042936,1,18,286,0.03695955369595537,2.6393080603606918
swap,2026092134,0.14645494208758536,0.11124342562270517,1121,-0.1287303511117181,22.081589958158997,24.57663243293582,0.7589619244070345,1,18,286,0.03695955369595537,2.6297386823702613
swap,2026092135,0.1362093322417959,0.1072739902748834,1081,-0.12947470616504617,22.081589958158997,24.199766406360226,0.7641023290117308,1,18,286,0.03695955369595537,2.6274812906391856
swap,2026092136,0.1378407174705778,0.11094571797161853,1118,-0.11865450372973173,22.081589958158997,24.51955904315374,0.7656436037206763,1,18,286,0.03695955369595537,2.6134952766531714
swap,2026092137,0.14983969931681965,0.1177929939466111,1187,-0.11818946461979317,22.081589958158997,23.266328384051103,0.7606351774299878,1,18,286,0.03695955369595537,2.664114832535885
swap,2026092138,0.14918112054219643,0.11402203036618042,1149,-0.12517967514024303,22.081589958158997,23.77575519748516,0.7629722621081688,3,19,284,0.03695955369595537,2.6300452894042703
swap,2026092139,0.13166200889879565,0.11124342562270517,1121,-0.12461665609204711,22.081589958158997,23.808341532619842,0.7675762006744296,2,18,286,0.03695955369595537,2.6350631824316033
swap,2026092140,0.14904017096572963,0.11124342562270517,1121,-0.12234703125360845,22.081589958158997,24.389909975109966,0.7688692030112861,3,19,284,0.03695955369595537,2.6067784800676854
swap,2026092141,0.14117508946413704,0.1133273791803116,1142,-0.11124166332635171,22.081589958158997,24.21554996797677,0.7622329665311245,1,18,286,0.03695955369595537,2.624806772175193
swap,2026092142,0.14153893470878864,0.11154113327379181,1124,-0.11729302130409536,22.081589958158997,24.43043836058501,0.7730373000711035,3,19,284,0.03695955369595537,2.5937391131239735
swap,2026092143,0.13724480281702114,0.11521286097052694,1161,-0.11801251577607474,22.081589958158997,23.987750749312408,0.7643193292651876,1,18,286,0.03695955369595537,2.6256655625076677
swap,2026092144,0.14232600133506385,0.11183884092487843,1127,-0.1182274866853863,22.081589958158997,24.214976726171592,0.7644848266256944,1,18,286,0.03695955369595537,2.62949331370384
swap,2026092145,0.1373563196904296,0.11352585094770269,1144,-0.13278262587158518,22.081589958158997,24.413114492992026,0.7662030448193012,1,18,286,0.03695955369595537,2.6128082443871916
swap,2026092146,0.14302763598058071,0.10935794383248983,1102,-0.12945423274511125,22.081589958158997,24.547814915820396,0.7671392996032066,1,18,286,0.03695955369595537,2.6127837075205496
swap,2026092147,0.156761232801858,0.12235784459660613,1233,-0.10338279484582925,22.081589958158997,23.78461343758215,0.7614709046076369,1,18,286,0.03695955369595537,2.64873021715127
swap,2026092148,0.15123532131562545,0.11342661506400714,1143,-0.12189222885363783,22.081589958158997,24.219090010625262,0.7598599475808668,2,18,286,0.03695955369595537,2.6199239357134094
swap,2026092149,0.1417816966371829,0.11838840924878435,1193,-0.1136516773300539,22.081589958158997,23.905751097326704,0.7621685613860736,1,18,286,0.03695955369595537,2.627407680039259
swap,2026092150,0.16453550198865918,0.12057159869008634,1215,-0.1065006042244062,22.081589958158997,23.44121090800601,0.7624344882989403,1,18,286,0.03695955369595537,2.648018648018648
swap,2026092151,0.13555445026135998,0.11441897390096259,1153,-0.11233552890570218,22.081589958158997,23.397745070556372,0.7633620158815317,1,18,286,0.03695955369595537,2.648214942951785
swap,2026092152,0.14287461000006685,0.11293043564552942,1138,-0.11863110553552093,22.081589958158997,23.99480135373959,0.7675250054079596,1,18,286,0.03695955369595537,2.633124769966875
swap,2026092153,0.16199767226766548,0.11948000396943535,1204,-0.10061010883186097,22.081589958158997,23.51842215847395,0.7641320141687756,1,18,286,0.03695955369595537,2.6605569868727765
swap,2026092154,0.1326246885273476,0.11372432271509378,1146,-0.11253733833076891,22.081589958158997,23.539211797894147,0.7643072543794481,4,19,284,0.03695955369595537,2.627208480565371
swap,2026092155,0.14614807555494697,0.11074724620422745,1116,-0.12647535014466096,22.081589958158997,24.352351458720747,0.7648387323093265,1,18,286,0.03695955369595537,2.6246595509753403
swap,2026092156,0.15515763234476898,0.11352585094770269,1144,-0.1270778536455862,22.081589958158997,24.223047789448135,0.7673103048734214,1,18,286,0.03695955369595537,2.619506808980493
swap,2026092157,0.13047980202394377,0.11412126624987595,1150,-0.12492229500392459,22.081589958158997,23.868068403900903,0.7657766260675053,2,18,286,0.03695955369595537,2.6289780395043554
swap,2026092158,0.1378069690660909,0.11253349211074724,1134,-0.12182495904528211,22.081589958158997,23.704542882545393,0.7640358798781806,1,18,286,0.03695955369595537,2.652778800147221
swap,2026092159,0.14882043762404384,0.11035030266944527,1112,-0.13144161686588332,22.081589958158997,24.511351915013595,0.765629320276554,1,18,286,0.03695955369595537,2.617764691448902
swap,2026092160,0.14024377365540666,0.1106480103205319,1115,-0.12940158680813707,22.081589958158997,24.345519455190136,0.7636130244817282,2,18,286,0.03695955369595537,2.6329284750337383
swap,2026092161,0.1347653901254763,0.10499156494988587,1058,-0.13768454755872797,22.081589958158997,24.51405232217068,0.7663161510569351,1,18,286,0.03695955369595537,2.6206355048460312
swap,2026092162,0.14609509890299124,0.11352585094770269,1144,-0.12901844137793744,22.081589958158997,25.098950489824723,0.7677779303568496,1,18,286,0.03695955369595537,2.6185744080480924
swap,2026092163,0.14545497062223464,0.11451820978465813,1154,-0.1131105940889313,22.081589958158997,24.03640474915422,0.7616495245094042,1,18,286,0.03695955369595537,2.6358238252975097
swap,2026092164,0.1435359640778043,0.10985412325096755,1107,-0.1274244393973329,22.081589958158997,24.68873020597478,0.7681040196678361,1,18,286,0.03695955369595537,2.619457735247209
swap,2026092165,0.13644272566599377,0.11570904038900466,1166,-0.12300656785292284,22.081589958158997,24.105904963120967,0.7572238309976708,2,18,286,0.03695955369595537,2.6405103668261565
swap,2026092166,0.13987934425485696,0.11312890741292052,1140,-0.1240170773653984,22.081589958158997,23.743050296333987,0.7644196940655923,1,18,286,0.03695955369595537,2.6399705557600295
swap,2026092167,0.15492008213167657,0.11541133273791804,1163,-0.11754016473044682,22.081589958158997,24.02969022829009,0.7667933174926785,1,18,286,0.03695955369595537,2.6289535026377133
swap,2026092168,0.15114372773298462,0.11412126624987595,1150,-0.12237481660923369,22.081589958158997,24.282806499808625,0.759456998221822,2,18,286,0.03695955369595537,2.6315298736351367
swap,2026092169,0.13450334959224294,0.11154113327379181,1124,-0.12657186769578024,22.081589958158997,24.479973366459912,0.7641557565497392,1,18,286,0.03695955369595537,2.6192614403140717
swap,2026092170,0.13869901361307338,0.11630445569117794,1172,-0.11603975552668433,22.081589958158997,23.973723814405318,0.7671642782794204,1,18,286,0.03695955369595537,2.648190406085143
swap,2026092171,0.14931839828757526,0.11094571797161853,1118,-0.1355640862083825,22.081589958158997,24.677046704570447,0.7667578051684547,1,18,286,0.03695955369595537,2.6048828364617838
swap,2026092172,0.15451854397648923,0.12067083457378187,1216,-0.10527951096403537,22.081589958158997,24.011249095919382,0.7617529249232102,1,18,286,0.03695955369595537,2.6258127837075205
swap,2026092173,0.13705930290786755,0.1126327279944428,1135,-0.11778584576965855,22.081589958158997,23.792760647117746,0.763962028022282,1,18,286,0.03695955369595537,2.6288798920377867
swap,2026092174,0.13757267552069144,0.11957923985313089,1205,-0.11206206251086455,22.081589958158997,24.536551401756075,0.7642874935401163,2,18,286,0.03695955369595537,2.6193841246472824
swap,2026092175,0.16106569301488838,0.12344943931725712,1244,-0.10012898346340318,22.081589958158997,23.848878089774026,0.7602191411170343,1,18,286,0.03695955369595537,2.6360691939639307
swap,2026092176,0.14293456128981563,0.11789222983030664,1188,-0.12415600414352389,22.081589958158997,24.668013264190442,0.7594621960661764,1,18,286,0.03695955369595537,2.6371733529628267
swap,2026092177,0.14871441109008485,0.1168998709933512,1178,-0.1185696852757179,22.081589958158997,24.2711006390189,0.7583524012783632,1,18,286,0.03695955369595537,2.6419825788246842
swap,2026092178,0.15660080035455395,0.11134266150640071,1122,-0.13744617845520637,22.081589958158997,24.908533742786407,0.7672786618091312,1,18,286,0.03695955369595537,2.614304993252362
swap,2026092179,0.14450401721590306,0.11431973801726704,1152,-0.11758842350600564,22.081589958158997,24.18048104279122,0.765111761665157,1,18,286,0.03695955369595537,2.637615016562385
swap,2026092180,0.13994353070215815,0.1122357844596606,1131,-0.13536520155759213,22.081589958158997,25.040259821228446,0.7689906794058463,1,18,286,0.03695955369595537,2.617789228315544
swap,2026092181,0.1542722560095363,0.11352585094770269,1144,-0.12835013045579333,22.081589958158997,24.648820525325682,0.7668371745682029,1,18,286,0.03695955369595537,2.6089559563243774
swap,2026092182,0.13832195730741803,0.11590751215639575,1168,-0.10968568341133882,22.081589958158997,23.67751626166169,0.7574720775725008,1,18,286,0.03695955369595537,2.6444853392221814
swap,2026092183,0.14531431158288705,0.11461744566835368,1155,-0.12033478655148822,22.081589958158997,23.969625513798576,0.7621005086891709,1,18,286,0.03695955369595537,2.633787265366213
swap,2026092184,0.13471720047622224,0.10409844199662598,1049,-0.14522461564312944,22.081589958158997,25.123668087686696,0.769057353381155,1,18,286,0.03695955369595537,2.603189792663477
swap,2026092185,0.137500439965915,0.12047236280639079,1214,-0.11014194819844829,22.081589958158997,23.63028875511684,0.7631393491728138,1,18,286,0.03695955369595537,2.662569009937431
swap,2026092186,0.1414763987045734,0.11680063510965565,1177,-0.11995017873414895,22.081589958158997,24.181540508810713,0.7623463844181904,1,18,286,0.03695955369595537,2.6269169427064165
swap,2026092187,0.12779920171456025,0.11114418973900962,1120,-0.12638906930350838,22.081589958158997,24.26804450308068,0.7661209051449669,1,18,286,0.03695955369595537,2.619604956447062
swap,2026092188,0.1455675832328455,0.11580827627270021,1167,-0.11958311956246924,22.081589958158997,24.252893821689714,0.7651955110757837,1,18,286,0.03695955369595537,2.631186357502147
swap,2026092189,0.14132634479191702,0.11650292745856902,1174,-0.10898812474643267,22.081589958158997,24.272433544918115,0.7634144266512124,1,18,286,0.03695955369595537,2.626720647773279
swap,2026092190,0.14191741173363764,0.10717475439118786,1080,-0.14050256757398083,22.081589958158997,24.538371274832205,0.7642982584640914,1,18,286,0.03695955369595537,2.6108943687891055
swap,2026092191,0.15876677288082497,0.1126327279944428,1135,-0.1268701946719661,22.081589958158997,23.721277338380435,0.7659686181859601,1,18,286,0.03695955369595537,2.634204392099129
swap,2026092192,0.1497795287676452,0.10925870794879429,1101,-0.14335568488054912,22.081589958158997,24.629507843141695,0.7605448184552023,1,18,286,0.03695955369595537,2.6379339958287327
swap,2026092193,0.1578594052754042,0.1160067480400913,1169,-0.12674296699094603,22.081589958158997,24.53655264955442,0.764022408050786,1,18,286,0.03695955369595537,2.6348423506318244
swap,2026092194,0.14901891176561158,0.110846482087923,1117,-0.12710417661407383,22.081589958158997,24.52734389973062,0.7634839227769709,1,18,286,0.03695955369595537,2.6315544105017787
swap,2026092195,0.150663251295612,0.11977771162052198,1207,-0.10325556716480852,22.081589958158997,24.131584093104006,0.7604153256093917,1,18,286,0.03695955369595537,2.618378113114955
swap,2026092196,0.1387741879953618,0.11203731269226952,1129,-0.12593719167781403,22.081589958158997,24.618810937978143,0.7612121456670767,1,18,286,0.03695955369595537,2.634351613298982
swap,2026092197,0.14488313169226566,0.12235784459660613,1233,-0.11509651582256519,22.081589958158997,24.28928350623562,0.7625162842678651,1,18,286,0.03695955369595537,2.636461783830205
swap,2026092198,0.1306378526923368,0.11104495385531409,1119,-0.12722116758512678,22.081589958158997,24.93110956948534,0.7672079001375525,1,18,286,0.03695955369595537,2.6004416635995584
swap,2026092199,0.16307187501938913,0.11342661506400714,1143,-0.1317472557777607,22.081589958158997,24.677274317161757,0.7645423012949032,1,18,286,0.03695955369595537,2.607385596859281
er,2026591200,0.02876603489514626,0.031185944363103953,142,0.029004864576800373,10.525801952580196,10.478900266371912,0.636029681668878,14,1,303,0.006624825662482566,2.779577295477892
er,2026591201,0.03359570173781007,0.03465273690406121,157,0.011856963211112383,10.478382147838216,10.457452789019474,0.6342767747470718,18,1,303,0.005927475592747559,2.7802548466767205
er,2026591202,0.033886772192568713,0.03303479665247394,150,-0.01743344568614955,10.499302649930266,10.510734381723024,0.6408973964084622,12,1,303,0.00697350069735007,2.778440757983083
er,2026591203,0.03295987691965989,0.0337252020573108,153,-0.005928631063238984,10.490934449093446,10.456071460084349,0.633451060307496,13,1,303,0.006624825662482566,2.782593491137193
er,2026591204,0.029783805419859737,0.030305264710219732,137,-0.03653258921018739,10.457461645746166,10.493976969667049,0.6352417064050727,21,1,303,0.006624825662482566,2.77304220488274
er,2026591205,0.03532077958019778,0.03760110762952707,172,0.013793228851854133,10.569735006973502,10.56094274846689,0.6375139935346691,15,1,303,0.007670850767085077,2.779096452691627
er,2026591206,0.027846844097648746,0.029654765417527294,134,-0.03131622618833131,10.453277545327754,10.474188617148721,0.6337891718497426,15,1,303,0.006624825662482566,2.775664983716915
er,2026591207,0.02813029825873525,0.028783934548159168,129,-0.006679763535974779,10.37587168758717,10.37887585895663,0.6375272417351625,22,1,303,0.007322175732217573,2.778768605337355
er,2026591208,0.03120535527962803,0.031236055332440876,140,0.03768199392634977,10.376569037656905,10.3457074592171,0.6375256298523625,12,1,303,0.006624825662482566,2.7777413502939696
er,2026591209,0.02769735818658358,0.02866313353735911,128,-0.0062355950059824125,10.342398884239888,10.354732151463368,0.6297408907557422,13,1,303,0.005927475592747559,2.777347933468844
er,2026591210,0.03579961422127992,0.0344597598932859,155,-0.0009229304397676792,10.410041841004185,10.42328834989726,0.6398320399266817,14,1,303,0.005927475592747559,2.780495268069853
er,2026591211,0.03130560583814423,0.031106243154435925,142,0.043546400295109554,10.550209205020922,10.512411633617914,0.639052966921342,15,1,303,0.00697350069735007,2.7798614298515942
er,2026591212,0.028826944857812647,0.02972749793559042,132,-0.023770361472072975,10.289400278940029,10.307762983258034,0.6369818575264119,22,1,303,0.006276150627615063,2.7777632067842544
er,2026591213,0.03385251852054415,0.03286697757050855,148,-0.0001192452779588359,10.42050209205021,10.410902584841034,0.6404351902696274,22,2,302,0.007670850767085077,2.7770346086994784
er,2026591214,0.030201254313843594,0.03092321481924111,138,-0.034247505215238616,10.336122733612273,10.356898759626128,0.6353340979433,17,1,303,0.00697350069735007,2.77249579262562
er,2026591215,0.035711705987278436,0.03278688524590164,148,-0.03868901741658989,10.443514644351465,10.480058009770177,0.6406857640622929,17,1,303,0.007322175732217573,2.7777413502939696
er,2026591216,0.029276779757268983,0.0295468009478673,133,-0.010753884790783555,10.417015341701534,10.439902163293253,0.6359030774872358,23,1,303,0.005927475592747559,2.7793150175944747
er,2026591217,0.027792544816576944,0.02757961314995955,125,0.013092094923492033,10.48186889818689,10.477633077484027,0.6425924764252018,16,1,303,0.00697350069735007,2.782921338491465
er,2026591218,0.030541844854599657,0.03131991051454139,140,-0.04799132020253816,10.351464435146443,10.393641479801934,0.6276995098777277,18,1,303,0.006276150627615063,2.773173343824449
er,2026591219,0.03241373857273682,0.03274819294881251,148,0.03926231147302388,10.454672245467224,10.424437543140222,0.6333657202177878,14,1,303,0.007670850767085077,2.7792057351430506
er,2026591220,0.03651327382820501,0.03451603325415677,155,-0.02871218140126926,10.394700139470014,10.426048502753972,0.6363469335513599,17,1,303,0.00697350069735007,2.7781566236093806
er,2026591221,0.03225507399173218,0.03350956884354755,150,-0.01974453170449033,10.364714086471409,10.381571728587254,0.6332207442355957,18,1,303,0.00697350069735007,2.7716652459947984
er,2026591222,0.03486206537504701,0.0346298066318653,157,0.015198827074233359,10.484658298465831,10.454310756904402,0.6320908947912902,16,1,303,0.007322175732217573,2.7852818394422223
er,2026591223,0.0325989805061319,0.03265699052132701,147,-0.03251372088279396,10.417015341701534,10.438517868346901,0.6394913667190895,20,1,303,0.00697350069735007,2.7764081043865976
er,2026591224,0.02735592779273618,0.027209872871905436,122,0.009203399181992325,10.38005578800558,10.361739803047316,0.6294021618279044,17,1,303,0.005927475592747559,2.773741612571853
er,2026591225,0.028071506784378072,0.02813337302768681,126,0.06591202854541409,10.369595536959553,10.317860383323401,0.6337480130796963,16,1,303,0.006276150627615063,2.7857845387187727
er,2026591226,0.029511108268426723,0.02999777794237464,135,-0.009808016725383239,10.41492329149233,10.440720235027165,0.6358389660879469,9,1,303,0.00697350069735007,2.77253950560619
er,2026591227,0.030239471882637748,0.02869740677079441,128,-0.027744505168124187,10.331241283124129,10.350658950294942,0.6331930596636479,18,1,303,0.00697350069735007,2.774200598867834
er,2026591228,0.03540436084116923,0.031743730975503696,146,0.03391099267047893,10.622036262203626,10.578657468472553,0.6387190133040453,11,1,303,0.007322175732217573,2.778768605337355
er,2026591229,0.028203608643788885,0.02940076307324007,131,0.004344604746061328,10.321478382147838,10.311292864209134,0.6321907282303322,17,1,303,0.006624825662482566,2.778877887788779
er,2026591230,0.03325696499837443,0.0337029150451575,153,-0.010753551263531726,10.49721059972106,10.509859922105116,0.633506615313546,18,1,303,0.006276150627615063,2.7803859856184294
er,2026591231,0.034066560609950246,0.033215234720992026,150,-0.0019520438470943583,10.447698744769875,10.455330300052198,0.6364039425920615,22,1,303,0.006276150627615063,2.781588092584093
er,2026591232,0.031175138091270878,0.03163992869875223,142,-0.0005117526708072975,10.389121338912135,10.38112199444465,0.6362498475122237,17,1,303,0.005927475592747559,2.778550040434507
er,2026591233,0.027889915716755673,0.027474150664697192,124,-0.01272872216293445,10.442119944211996,10.441900701172534,0.6391538421241392,20,1,303,0.006624825662482566,2.7768233777020086
er,2026591234,0.02853795254325555,0.029035833025489472,131,0.009853773418086182,10.43863319386332,10.41404801900426,0.6338218757773213,16,1,303,0.006624825662482566,2.7792057351430506
er,2026591235,0.03007696858890802,0.03,135,0.021366647310025858,10.414225941422595,10.383200916514836,0.6366920986970492,14,1,303,0.005927475592747559,2.7823530697440604
er,2026591236,0.03282364651030929,0.030530381815480612,137,-0.04351628642030477,10.387726638772666,10.425221891128997,0.62998263196283,24,1,303,0.006276150627615063,2.7722553712324873
er,2026591237,0.028263614616034688,0.0282913789262642,127,0.006005344906355288,10.391213389121338,10.400292327966055,0.632192354658866,15,1,303,0.006624825662482566,2.7748781500666624
er,2026591238,0.023948198582658932,0.025275872353116614,113,0.02913779837367894,10.352859135285913,10.315216451149306,0.6350531449395748,20,1,303,0.006624825662482566,2.7834896072388697
er,2026591239,0.03433458211605531,0.03194770857814336,145,0.005451539309629061,10.495118549511856,10.496076524931551,0.6299263615221682,16,1,303,0.007322175732217573,2.7806919764824163
er,2026591240,0.03239432220136018,0.03353302162478083,153,-0.013999162907842748,10.545327754532776,10.546103948573448,0.6327712802523519,19,1,303,0.006624825662482566,2.7829869079623193
er,2026591241,0.03362821437339415,0.034331948392739994,157,0.004357949548660423,10.566945606694562,10.571869840506999,0.6372928364264998,14,1,303,0.00697350069735007,2.7798395733613095
er,2026591242,0.032382638716360324,0.03202609533694121,144,0.007707546577616108,10.406555090655509,10.369284841649431,0.6363700486079635,14,1,303,0.007322175732217573,2.774200598867834
er,2026591243,0.029484909813972133,0.028915122534369397,129,0.03912132038146829,10.333333333333334,10.290864545137987,0.6377301008489127,14,1,303,0.006276150627615063,2.777282363997989
er,2026591244,0.02819959546732069,0.02920196165849309,131,-0.019887045992048664,10.384937238493723,10.39593653250774,0.6342395360522909,16,1,303,0.006624825662482566,2.7769108036631476
er,2026591245,0.02872015118589621,0.03098447113975974,141,-0.008346534293691232,10.520223152022314,10.525334572675789,0.63503519765896,14,1,303,0.006624825662482566,2.781478810132669
er,2026591246,0.038504935927766444,0.03771226935234875,171,0.030758635226131127,10.4860529986053,10.435193826967268,0.6349663230705747,20,1,303,0.006276150627615063,2.791663934605381
er,2026591247,0.03497038512978187,0.03444933263738722,154,-0.027725258572536354,10.352161785216179,10.36438119234076,0.6420551271890818,15,1,303,0.007670850767085077,2.7755119882849213
er,2026591248,0.030389549405274507,0.028953229398663696,130,-0.02194529754889015,10.393305439330545,10.415325500983625,0.6323948695235824,18,1,303,0.005927475592747559,2.774484733241536
er,2026591249,0.03329419722838477,0.033600356030262575,151,-0.015093403495076933,10.401673640167363,10.427847841614586,0.6283452154739283,19,1,303,0.006276150627615063,2.781238388739536
er,2026591250,0.03281701912805735,0.03202381816861521,147,-0.02767880345950164,10.603207810320782,10.63742280929235,0.6402455447009903,16,1,303,0.00697350069735007,2.784189014927983
er,2026591251,0.029923006221170095,0.03047960555804572,136,-0.0017019030469163658,10.334728033472803,10.343196600149135,0.6346157463731721,13,1,303,0.006624825662482566,2.775337136362643
er,2026591252,0.03111560336677585,0.030745410307454105,139,-0.025275272613421263,10.4581589958159,10.480426227224498,0.6384544282913532,12,1,303,0.006624825662482566,2.780320416147575
er,2026591253,0.030300248296753828,0.02904227017440142,131,-0.03918143411901571,10.436541143654114,10.470429411503961,0.6313521305804358,18,1,303,0.005927475592747559,2.772124232290779
er,2026591254,0.029189144404636543,0.029312288613303268,130,-0.0021337475553440447,10.278242677824268,10.294588270236202,0.6356363520967482,16,1,303,0.005927475592747559,2.7777413502939696
er,2026591255,0.035388956795633066,0.033066353148651625,150,-0.023066181419420764,10.49023709902371,10.529165531050321,0.6352403752010625,17,1,303,0.006624825662482566,2.78134767119096
er,2026591256,0.029282003291904283,0.029564315352697094,133,-0.027510917275708497,10.411436541143654,10.436083520817068,0.6320783406179445,18,1,303,0.006276150627615063,2.776364391406028
er,2026591257,0.030228190886315523,0.030444444444444444,137,-0.021911974164797985,10.414225941422595,10.43953606683659,0.6326395872187951,19,1,303,0.005927475592747559,2.7774790724105523
er,2026591258,0.03033739537893049,0.030262572318647086,136,-0.01707912702185114,10.401673640167363,10.401338471759264,0.6290635519595915,19,1,303,0.007322175732217573,2.77824404957052
er,2026591259,0.030133759982333072,0.030784210920530297,137,-0.004585332952251998,10.310320781032077,10.311829905518024,0.6360523781315861,18,1,303,0.006276150627615063,2.7738946080038467
er,2026591260,0.03629898729674961,0.035918907007492284,163,-0.03830800197485947,10.493723849372385,10.528015706499827,0.6324967766653847,19,1,303,0.00697350069735007,2.7798614298515942
er,2026591261,0.02747265274163475,0.026651735722284433,119,-0.021351564847053597,10.341004184100418,10.346077518847498,0.6372685208081248,18,1,303,0.006624825662482566,2.7788997442790637
er,2026591262,0.03098181576172564,0.029474772844795744,133,-0.019755535535944883,10.44002789400279,10.455624565989186,0.6398114765689022,16,1,303,0.007670850767085077,2.7798395733613095
er,2026591263,0.029274587859788485,0.029508196721311476,132,0.0038998099114557387,10.358437935843794,10.35373113776579,0.6322143596604867,14,1,303,0.00697350069735007,2.7784844709636527
er,2026591264,0.02890592980866714,0.027547197531771102,125,-0.028242359450526774,10.49302649930265,10.52517283725787,0.6316062558636816,13,1,303,0.006276150627615063,2.776867090682578
er,2026591265,0.035665116115258653,0.03380219456513735,153,-0.017011337531782942,10.46931659693166,10.463982954533332,0.6394287963594895,14,1,303,0.007322175732217573,2.785085131029659
er,2026591266,0.031401254387337825,0.031238378579397545,140,0.0004590211815975636,10.37587168758717,10.381995182941218,0.6356474704246982,17,1,303,0.006624825662482566,2.7800362817738726
er,2026591267,0.034292076050957826,0.03395383469843634,152,-0.0022138204400847573,10.365411436541144,10.350160820326808,0.6318750785334943,21,1,303,0.006276150627615063,2.7862216685244685
er,2026591268,0.03314125153088461,0.033183856502242155,148,-0.04843097861171276,10.330543933054393,10.371613567034359,0.6302903458844054,18,1,303,0.006276150627615063,2.7762113959740344
er,2026591269,0.028182825824060537,0.02924019788820793,132,-0.049624200555917174,10.444211994421199,10.493018850473714,0.6310448031982686,18,1,303,0.006276150627615063,2.7715996765239437
er,2026591270,0.03247574558995949,0.02903225806451613,129,-0.02835913265041203,10.295676429567644,10.339659684762067,0.6317119715634567,20,1,303,0.006624825662482566,2.7736978995912835
er,2026591271,0.03316782820277287,0.03148492742835876,141,-0.013994719935727675,10.368898186889819,10.386197052963213,0.6341243341097739,19,1,303,0.006276150627615063,2.780014425283588
er,2026591272,0.03043268090857215,0.03162486368593239,145,0.03275326827490147,10.592050209205022,10.560511054691924,0.6382892633693449,13,1,303,0.006624825662482566,2.7850632745393744
er,2026591273,0.029172317684257112,0.0274880810488677,123,-0.0194926114022878,10.361227336122734,10.370087588375299,0.6414148172520333,20,1,303,0.005927475592747559,2.7785063274539374
er,2026591274,0.03509265407312797,0.03035413153456998,138,-0.02155317637391074,10.51115760111576,10.546711313529203,0.6426566798765861,13,1,303,0.006624825662482566,2.7764955303477366
er,2026591275,0.028226055574858567,0.027599102468212417,123,-0.009071796829164612,10.323570432357045,10.339234727660838,0.6327171434553497,16,1,303,0.00697350069735007,2.773020348392455
er,2026591276,0.03249806450155897,0.032890811455847255,147,-0.01820405865799276,10.350069735006974,10.372617730152676,0.6321905633786822,21,1,303,0.005927475592747559,2.777304220488274
er,2026591277,0.03246187309961334,0.03338278931750742,150,0.006448472354746438,10.400278940027894,10.398286514441144,0.6366138674306991,15,1,303,0.005927475592747559,2.775730553187769
er,2026591278,0.029791762304866555,0.03089575461213603,139,-0.010266240362873574,10.412133891213388,10.393148404206936,0.6376671366770377,15,1,303,0.006276150627615063,2.786483946407886
er,2026591279,0.026450695909360045,0.027600534203887816,124,0.028259787903583165,10.398884239888424,10.382342988251013,0.6363956771134989,12,1,303,0.006624825662482566,2.778025484667672
er,2026591280,0.029835087382676505,0.031119877273723427,142,-0.008706382802883328,10.54602510460251,10.570299459152416,0.6390634832175309,18,1,303,0.006624825662482566,2.7772605075077044
er,2026591281,0.03231852863554424,0.03178061607813674,141,-0.0015929197360968254,10.281729428172943,10.293264075922783,0.628539276034908,20,1,303,0.00697350069735007,2.774178742377549
er,2026591282,0.03311640424183722,0.030796697165811203,138,0.0056557701354039095,10.374476987447698,10.372448555768607,0.626963373993077,14,1,303,0.006624825662482566,2.780538981050423
er,2026591283,0.0336039440367675,0.034748185616890255,158,-0.027870543494107478,10.51255230125523,10.527389901338879,0.6376560576764421,16,1,303,0.00697350069735007,2.7844512928114002
er,2026591284,0.03112097839820612,0.031003174134494722,140,0.0502341506881903,10.447001394700141,10.390768091838272,0.6353319850407795,14,1,303,0.006276150627615063,2.7840360194959892
er,2026591285,0.03310873160825648,0.03043542654028436,137,0.0035941124857697734,10.417015341701534,10.411845205390021,0.6313253211768063,17,1,303,0.006624825662482566,2.7789216007693485
er,2026591286,0.032376360346657376,0.030871003307607496,140,-0.02319823112488781,10.48744769874477,10.508859774148068,0.6394139963446894,15,1,303,0.007670850767085077,2.7759054051100476
er,2026591287,0.030274724872094826,0.03041880969875092,138,0.007266617284131262,10.490934449093446,10.488995365744515,0.6374056315887999,12,1,303,0.006624825662482566,2.7726706445478984
er,2026591288,0.03140848636741105,0.033387025918875386,152,-0.012206355587356795,10.524407252440726,10.541745247838724,0.6340549374911635,15,1,303,0.00697350069735007,2.7834896072388697
er,2026591289,0.03350846773968498,0.032037118868758284,145,-0.04555616189773137,10.468619246861925,10.505412307822034,0.6322130518912698,17,1,303,0.006276150627615063,2.773654186610714
er,2026591290,0.030142735550729906,0.027980898373377108,125,0.05954430393242961,10.345885634588564,10.297150105650626,0.6344051941824219,16,1,303,0.006624825662482566,2.781741088016086
er,2026591291,0.0353222356280015,0.03501338090990187,157,0.023648767186458055,10.380753138075313,10.348297465223789,0.6344260067032345,14,1,303,0.006276150627615063,2.7821126483509278
er,2026591292,0.029022026313814318,0.029892920880428317,134,-0.027516490927355582,10.377963737796374,10.406295358311956,0.6354578177597979,17,1,303,0.005927475592747559,2.779599151968177
er,2026591293,0.03742188755216374,0.03387815750371471,152,-0.030995338696099696,10.386331938633194,10.41198074741472,0.6354906644510605,17,1,303,0.006624825662482566,2.784167158437698
er,2026591294,0.032017150217499665,0.032288978990047915,146,0.04480528166819858,10.45955369595537,10.423523732463744,0.6363936636068261,16,1,303,0.006276150627615063,2.7852599829519376
er,2026591295,0.027270103795101492,0.028590425531914893,129,-0.0015851147221060586,10.439330543933055,10.438844196370328,0.6387857924986637,18,1,303,0.00697350069735007,2.7737197560815683
er,2026591296,0.03320256021111246,0.03451603325415677,155,-0.006310744930262897,10.394700139470014,10.408564893816862,0.6341110799832408,17,1,303,0.007322175732217573,2.7779599151968175
er,2026591297,0.031070539719345775,0.030598570577724835,137,-0.017899425835359358,10.366806136680614,10.395159619926655,0.634532871785347,20,1,303,0.005927475592747559,2.781478810132669
er,2026591298,0.03114651316456791,0.032255655939669975,144,0.00031758489721430663,10.339609483960949,10.33875673981964,0.6348509072518973,19,1,303,0.005927475592747559,2.7822656437829214
er,2026591299,0.033157509918537414,0.03283204288266826,147,-0.029556078880599978,10.366806136680614,10.40531058203406,0.6294264866047045,19,1,303,0.00697350069735007,2.775424562323782
er,2026591300,0.034239475076461245,0.035579275072270405,160,0.01947839190835289,10.40794979079498,10.388243580096336,0.6315431543154315,14,1,303,0.006624825662482566,2.7835333202194392
er,2026591301,0.028127300958585632,0.029253158011376228,132,-0.008049103275188948,10.44002789400279,10.444918351285791,0.6398517278467774,17,1,303,0.00697350069735007,2.7723646536839115
er,2026591302,0.03559835998682824,0.03605187953396351,164,-0.02683459702255365,10.516736401673642,10.559605243006525,0.6377786256863135,20,1,303,0.006276150627615063,2.782374926234345
er,2026591303,0.027937902773141714,0.03090507726269316,140,-0.002311789227699913,10.476987447698745,10.47861820219321,0.6390346662332684,16,1,303,0.006624825662482566,2.779708434419601
er,2026591304,0.026732206896508157,0.02762024011195404,125,0.028549260987941482,10.467921896792191,10.441157319059796,0.6315416008849323,18,1,303,0.006624825662482566,2.7801892772058663
er,2026591305,0.026494229362604434,0.027541128084606344,125,-0.026847906169832125,10.495118549511856,10.522959187483066,0.6387237500953284,19,1,303,0.006276150627615063,2.769501453456604
er,2026591306,0.028118881700710474,0.028367210185392004,127,0.021241265847870675,10.36610878661088,10.348344358514714,0.625444911707288,18,1,303,0.005927475592747559,2.7767359517408696
er,2026591307,0.030401091714428927,0.02954461310625694,133,-0.006299350342814873,10.41771269177127,10.426486140049041,0.6363381438876489,17,1,303,0.005927475592747559,2.774419163770682
er,2026591308,0.038058462992558564,0.035787923416789394,162,-0.007936648449675622,10.470013947001394,10.483658257069655,0.6350337533214645,15,1,303,0.007670850767085077,2.783249185845737
er,2026591309,0.0322102205911175,0.0315673289183223,143,-0.06794093823258752,10.476987447698745,10.544506991369252,0.6355769015276878,18,1,303,0.006276150627615063,2.7748781500666624
er,2026591310,0.03735739077599115,0.03452545706169422,158,-0.04289194794549099,10.57391910739191,10.621292706463063,0.6408459998660931,14,1,303,0.00697350069735007,2.7794024435556137
er,2026591311,0.03292005257183199,0.03186149705390267,146,-0.024733759415600663,10.586471408647142,10.627056261815863,0.6383488131924817,16,1,303,0.00697350069735007,2.775424562323782
er,2026591312,0.03166913644720713,0.030515220756246776,138,-0.03404004887785341,10.460948396094839,10.50209292768377,0.6368138149733956,19,1,303,0.006624825662482566,2.774484733241536
er,2026591313,0.028431145714963878,0.03032300593276203,138,0.002620476110400709,10.520920502092052,10.538200357377395,0.6362132380551134,14,1,303,0.006624825662482566,2.7774572159202675
er,2026591314,0.030196712840859608,0.03135966549690137,140,-0.021223341460525156,10.339609483960949,10.346334019310142,0.6354935035628105,16,1,303,0.006276150627615063,2.7787904618276396
er,2026591315,0.0311675918609677,0.0318938338587873,145,-0.024317241425501287,10.51115760111576,10.521896449091603,0.6362078811845847,17,1,303,0.007322175732217573,2.7714466810919505
er,2026591316,0.03568013156570309,0.03575106664705017,162,0.01479466066215635,10.479776847977686,10.433641113788173,0.6312215745384062,16,1,303,0.00697350069735007,2.7870740716455753
er,2026591317,0.0317304598716486,0.03213415084582995,145,-0.011422999372855465,10.44002789400279,10.431870738233965,0.6357099217247733,15,1,303,0.00697350069735007,2.7798614298515942
er,2026591318,0.030698860550498967,0.03074276310868427,137,0.007714689729215612,10.322873082287309,10.316699870791693,0.6285728435480911,18,1,303,0.006624825662482566,2.7824404957052
er,2026591319,0.03374023676877492,0.034388404082236354,155,0.009757642001134803,10.429567642956766,10.418879391171178,0.6373975996500748,18,1,303,0.007670850767085077,2.779992568793303
er,2026591320,0.030558755787122274,0.028782287822878228,130,-0.03465421645815567,10.449093444909344,10.47702245490769,0.6373609018410998,17,1,303,0.007322175732217573,2.773020348392455
er,2026591321,0.03307696514329871,0.033195632930067866,150,-0.028014533266734795,10.453277545327754,10.499749442462024,0.6371672908510416,11,1,303,0.00697350069735007,2.7705068520097043
er,2026591322,0.029881504633979882,0.03064169935608023,138,0.0003839812380504811,10.42189679218968,10.409277597119763,0.6436400122990106,19,1,303,0.006276150627615063,2.7797740038904553
er,2026591323,0.028866678358601235,0.029087410258308046,131,-0.013913088379288516,10.42189679218968,10.414698131901103,0.6342579953966092,19,1,303,0.00697350069735007,2.783118046904028
er,2026591324,0.029967588725213715,0.030446699755537446,137,-0.03174535636711438,10.41352859135286,10.437842977501347,0.6347753973845995,18,1,303,0.006624825662482566,2.772823639979892
er,2026591325,0.033838743256945136,0.0332861717179239,149,0.014934912017603616,10.364714086471409,10.354807624427602,0.6343384842147218,15,1,303,0.00697350069735007,2.7844294363211155
er,2026591326,0.033628028284405684,0.030682576150596604,138,-0.021116149898666857,10.40934449093445,10.430727326665009,0.6399920696659194,20,1,303,0.005927475592747559,2.775249710401504
er,2026591327,0.028652911078653653,0.028846153846153848,130,0.005949362854132737,10.428172942817294,10.409201924825105,0.6385160105476294,14,1,303,0.00697350069735007,2.7796865779293163
er,2026591328,0.029100222023926158,0.03102836879432624,140,0.007378442035944084,10.439330543933055,10.427111809166265,0.6399857385005899,18,1,303,0.006276150627615063,2.7823530697440604
er,2026591329,0.031003847529764827,0.03157426623184109,142,-0.02493687064188356,10.408647140864716,10.441771445244072,0.6367006664036367,18,1,303,0.006276150627615063,2.7761021135226107
er,2026591330,0.03346663259301581,0.030147387226440375,135,-0.026628555849771026,10.368200836820083,10.383971352856035,0.6265941062970766,16,1,303,0.006276150627615063,2.7775227853911217
er,2026591331,0.034816685492589,0.03258476442095993,148,0.0017270422848992782,10.502092050209205,10.501477763223312,0.638151750964797,13,1,303,0.006624825662482566,2.7774790724105523
er,2026591332,0.02965829873226495,0.03188384102986303,142,0.015175863830511319,10.31729428172943,10.311377583298084,0.6280230999290405,16,1,303,0.005927475592747559,2.776801521211724
er,2026591333,0.03401203602595258,0.0345489443378119,156,-0.024169213328470524,10.446304044630406,10.467147936782474,0.6367952225625493,19,1,303,0.00697350069735007,2.776867090682578
er,2026591334,0.027707010429322904,0.02961392219947353,135,-0.01451522274176554,10.536959553695956,10.545507179305803,0.6352561193417338,15,1,303,0.006624825662482566,2.774572159202675
er,2026591335,0.027329064742852557,0.029907638176220497,136,0.047466679843132444,10.513249651324966,10.457057880398775,0.6311322230585481,13,1,303,0.007322175732217573,2.7784844709636527
er,2026591336,0.030310747084189134,0.029615441284809193,134,0.03268164719809467,10.465829846582984,10.43821458564278,0.6403023636972844,13,1,303,0.006624825662482566,2.7762769654448887
er,2026591337,0.030500235379461695,0.031714349079618544,143,-0.025949526425084808,10.43305439330544,10.45842587728987,0.6308941974783558,19,1,303,0.006624825662482566,2.7712062596988174
er,2026591338,0.03172586597164349,0.031155930162552678,138,-0.02442885202556622,10.266387726638772,10.280468776246297,0.6326746502489077,20,1,303,0.005927475592747559,2.776364391406028
er,2026591339,0.03206927903690924,0.03268845897264843,147,-0.023775515926292352,10.40794979079498,10.423022958418615,0.6371648652152438,17,1,303,0.006624825662482566,2.775533844775206
er,2026591340,0.026805484901000338,0.02518012330089876,113,-0.004675836331004762,10.3884239888424,10.376262428279027,0.6374682248444624,22,1,303,0.006276150627615063,2.7787904618276396
er,2026591341,0.030739890407916037,0.031194295900178252,140,-0.016674755372464056,10.389121338912135,10.40562450879865,0.6326019598296826,12,1,303,0.006276150627615063,2.7749437195375166
er,2026591342,0.03711684207806575,0.03677447939743022,166,0.012833681515365698,10.443514644351465,10.428425322275137,0.6344696737333835,13,1,303,0.007322175732217573,2.780976110856119
er,2026591343,0.031124995997938398,0.03118319203833395,141,0.029670930844886065,10.45955369595537,10.433567503344195,0.6359904868422632,16,1,303,0.006624825662482566,2.782200074312067
er,2026591344,0.03557087070482528,0.03358459586536309,150,-0.02157517921772562,10.343793584379359,10.367567173384005,0.6367667581776493,15,1,303,0.006276150627615063,2.7728017834896073
er,2026591345,0.029648664863084134,0.03159959320063926,145,0.018361826030628983,10.599721059972106,10.581358479382112,0.638956340150283,14,1,303,0.00697350069735007,2.7792494481236205
er,2026591346,0.029090237214106876,0.027498716726552762,125,-0.026898867594491203,10.50976290097629,10.537460383630647,0.637303954215719,14,1,303,0.00697350069735007,2.7747251546346687
er,2026591347,0.032996873809337406,0.03253257022366142,144,0.016292618852713603,10.260111576011157,10.25170132586411,0.629453829082542,17,1,303,0.006276150627615063,2.784473149301685
er,2026591348,0.028238789017993874,0.028268289063659295,127,-0.031052137804698617,10.398884239888424,10.431941072258487,0.629370845940444,18,1,303,0.00697350069735007,2.781588092584093
er,2026591349,0.03097492845600009,0.03157660662663998,142,-0.03850202513576059,10.40794979079498,10.449112964517742,0.6367493067988118,15,1,303,0.005927475592747559,2.7752715668917887
er,2026591350,0.028623388087569798,0.029162956366874444,131,-0.058539583412822345,10.397489539748955,10.471346433555228,0.6426006501210345,18,1,303,0.005927475592747559,2.774921863047232
er,2026591351,0.029849966279019403,0.02924362357080035,133,-0.008513261254512046,10.514644351464435,10.524477737681229,0.6372502297463214,15,1,303,0.00697350069735007,2.7778724892356785
er,2026591352,0.034060816037488936,0.033592880978865404,151,-0.04258951169133724,10.40376569037657,10.441259579254629,0.6351214649045167,15,1,303,0.006624825662482566,2.7790527397110574
er,2026591353,0.029001248002412827,0.028727165586328814,130,-0.012665602616076785,10.467224546722456,10.467261763883778,0.6391270308349516,16,1,303,0.007670850767085077,2.7724302231547657
er,2026591354,0.03046843199726135,0.031900554141081325,142,-0.011061978464579836,10.312412831241284,10.32004153334963,0.6305903667289806,15,1,303,0.006276150627615063,2.7793587305750442
er,2026591355,0.030337154055849455,0.029873865899535296,135,0.013474046538168678,10.45397489539749,10.458870957123723,0.6356354545710982,16,1,303,0.006276150627615063,2.778353332021944
er,2026591356,0.029969628076791734,0.0313588850174216,141,0.005192936455880887,10.406555090655509,10.392032284460939,0.6321151849617196,18,1,303,0.006276150627615063,2.7795554389876074
er,2026591357,0.02830884484472444,0.027586206896551724,124,-0.02312383297999635,10.40376569037657,10.416502256067133,0.6293269848962918,19,1,303,0.006624825662482566,2.7764081043865976
er,2026591358,0.03398992429890876,0.030434462986106005,138,-0.04855575993006723,10.4860529986053,10.525766316113232,0.6359618013083359,18,1,303,0.006624825662482566,2.779905142832164
er,2026591359,0.030692230446238356,0.029674466671587806,134,-0.014392466103913783,10.447001394700141,10.45565838060972,0.6371591646344121,18,1,303,0.006624825662482566,2.776386247896313
er,2026591360,0.03181080228255534,0.030024284347634114,136,-0.023720444390544285,10.47629009762901,10.493205423483525,0.6328054096618453,18,1,303,0.006276150627615063,2.7792275916333353
er,2026591361,0.03064482303592747,0.028652668416447945,131,-0.02745929054923224,10.564853556485357,10.60242939236824,0.6389111185412875,12,1,303,0.00697350069735007,2.7684086289423644
er,2026591362,0.029963440695899388,0.03173311635475997,143,-0.007004409780406077,10.427475592747559,10.433591059068483,0.6463174536048736,16,1,303,0.006624825662482566,2.776714095250585
er,2026591363,0.02935992215105111,0.030129445023062043,135,0.025928309107990877,10.373779637377964,10.34608506286617,0.6341545019617238,19,1,303,0.006624825662482566,2.778025484667672
er,2026591364,0.0310906530667129,0.03232710901173518,146,-0.01236048068749282,10.44839609483961,10.474304963355634,0.6296994685462944,14,1,303,0.00697350069735007,2.771381111621096
er,2026591365,0.03471460296553023,0.0334921107472462,150,-0.011095433707928787,10.369595536959553,10.363390479999927,0.6328140552150453,20,1,303,0.00697350069735007,2.7778724892356785
er,2026591366,0.025738845474154916,0.026394896986582594,120,-0.037691382754244655,10.51115760111576,10.577974481210696,0.6373789759928374,11,1,303,0.006624825662482566,2.7732170568050183
er,2026591367,0.02188858510931895,0.02315914489311164,104,-0.004390803770913305,10.394700139470014,10.389496343514981,0.6369809279462745,18,1,303,0.006276150627615063,2.7801018512447273
er,2026591368,0.03158942806584041,0.031583564848662087,144,-0.048728293056412186,10.538354253835426,10.61313247436573,0.6399441363550274,19,1,303,0.006276150627615063,2.780145564225297
er,2026591369,0.03795378641959275,0.03781050780391295,172,-0.010882112288844094,10.516736401673642,10.529451604662729,0.6317648156757067,16,1,303,0.006624825662482566,2.7747251546346687
er,2026591370,0.03620736278370463,0.03498413167023397,158,-0.00943535374579692,10.44839609483961,10.464311755544168,0.6407897915779625,15,1,303,0.00697350069735007,2.778331475531659
er,2026591371,0.035512605400414614,0.03525782282944028,160,0.022351810079358464,10.493723849372385,10.452307797036976,0.6349684591385232,14,1,303,0.00697350069735007,2.784516862282255
er,2026591372,0.03609492559389871,0.03749448610498456,170,0.01450884233112946,10.485355648535565,10.456766428820272,0.634566492363522,19,1,303,0.006624825662482566,2.780823115424125
er,2026591373,0.032742512561965094,0.034845496383957925,159,0.04074991590736432,10.54602510460251,10.516437849344081,0.6349615286350871,14,1,303,0.006276150627615063,2.775555701265491
er,2026591374,0.03058059468950558,0.02996005326231691,135,-0.03440382822225237,10.426778242677825,10.455014805509855,0.6340032486872906,14,1,303,0.006276150627615063,2.7722990842130573
er,2026591375,0.031785223538741,0.030862396030935355,141,0.0038034503320758394,10.557880055788006,10.544271016198797,0.6323974064073073,14,1,303,0.006624825662482566,2.7814350971520994
er,2026591376,0.0277794408400116,0.02861791022702063,129,0.01151158733167892,10.430264993026501,10.43323192317077,0.6348624175065642,20,1,303,0.005927475592747559,2.7809323978755494
er,2026591377,0.02853919253162119,0.027686811551056862,124,0.024992679278076222,10.369595536959553,10.351732575757037,0.629115940844246,17,1,303,0.006276150627615063,2.7761895394837497
er,2026591378,0.03206896609097511,0.03161618394870661,143,-0.01959532625218126,10.46234309623431,10.483433133314351,0.6344384621612345,17,1,303,0.006624825662482566,2.7809323978755494
er,2026591379,0.029805289383654343,0.029955947136563875,136,0.007234544004364489,10.497907949790795,10.49835452413963,0.6390023927516647,14,1,303,0.006624825662482566,2.7792057351430506
er,2026591380,0.0346897813937939,0.03333333333333333,149,-0.028681213263233057,10.351464435146443,10.372783539169985,0.6318459501627819,19,1,303,0.006624825662482566,2.7765173868380217
er,2026591381,0.02782025078181164,0.026298194784934253,118,0.011944821572724038,10.38702928870293,10.37525735120377,0.6327130103120202,18,1,303,0.006276150627615063,2.7828994820011803
er,2026591382,0.033620637322013654,0.031562683931724546,143,-0.06087004037899742,10.478382147838216,10.511910508547084,0.6369363996839245,24,1,303,0.00697350069735007,2.7771075120757107
er,2026591383,0.029885759530488706,0.029553366417302423,133,-0.03833178855332871,10.41492329149233,10.439086079476294,0.6399245661476296,16,1,303,0.006276150627615063,2.7759054051100476
er,2026591384,0.029448074197637387,0.029816682617978357,135,0.02465656826711158,10.4721059972106,10.438850215338276,0.6387834479418638,20,1,303,0.008716875871687587,2.777500928900837
er,2026591385,0.029964717760291436,0.031417015744619387,145,-0.011777969488525152,10.655509065550907,10.67595366921954,0.6381254164524404,14,1,303,0.008716875871687587,2.7723865101741962
er,2026591386,0.031027228085152007,0.03247130611651896,149,-0.015606476296821369,10.599721059972106,10.632102036099749,0.636423627747617,14,1,303,0.00801952580195258,2.7757742661683387
er,2026591387,0.030016290422292324,0.030048608042421564,136,-0.0034703231962870673,10.468619246861925,10.48427290155557,0.6391089933169141,17,1,303,0.006624825662482566,2.774397307280397
er,2026591388,0.033086005756361024,0.031536266706712716,140,-0.06811755452699092,10.287308228730824,10.335131410145971,0.6352728843774271,20,1,303,0.006276150627615063,2.7769763731340023
er,2026591389,0.032486550433244485,0.030778380789532378,138,-0.040561120836136555,10.38005578800558,10.426200220754676,0.6400419849677275,15,1,303,0.00697350069735007,2.771359255130811
er,2026591390,0.03379227547835585,0.030939391674762725,138,-0.032268733389076744,10.331241283124129,10.342241726866071,0.631599986921769,22,1,303,0.006276150627615063,2.7756868402071997
er,2026591391,0.03238759022025429,0.032584601743756464,147,-0.03567016703056016,10.437935843793584,10.48453392776097,0.6424787730665215,14,2,302,0.006624825662482566,2.7711601504917382
er,2026591392,0.03025896534923908,0.03069850215037817,138,0.03268903087129811,10.404463040446306,10.366223525229058,0.6352633248672852,16,1,303,0.006276150627615063,2.7933905973378796
er,2026591393,0.030671341354754897,0.029924634254470225,135,-0.03926926748363559,10.437935843793584,10.474411821561837,0.633961582971484,19,1,303,0.006624825662482566,2.7734137652175814
er,2026591394,0.030923406928066218,0.032618476304739054,145,0.022112555354741218,10.299860529986052,10.270253417821852,0.635590193634748,18,1,303,0.006276150627615063,2.7752715668917887
er,2026591395,0.03070944111161136,0.028308145963877627,128,-0.05162379821439722,10.45955369595537,10.52184032928293,0.6338564808861838,16,1,303,0.006624825662482566,2.7788341748082095
er,2026591396,0.030412196035376,0.029325297662795825,133,-0.046379122385018734,10.488145048814506,10.532343104219924,0.6334683613804173,17,1,303,0.006276150627615063,2.7681900640395165
er,2026591397,0.032310506450683625,0.033601756954612004,153,-0.02795228532800909,10.525801952580196,10.569243584560999,0.6401277870191674,17,1,303,0.007670850767085077,2.7730640613730246
er,2026591398,0.02987405344714605,0.03144280086226121,141,0.0009673670143832712,10.38145048814505,10.373928134302334,0.6332809791968208,20,1,303,0.006276150627615063,2.779446156536183
er,2026591399,0.034468246521859,0.03271756064989984,147,0.0020329196773759698,10.39958158995816,10.403394805651649,0.6385081182110884,17,1,303,0.00697350069735007,2.7769108036631476
er,2026591400,0.03205184664124676,0.029505287288323596,133,-0.02247666141035494,10.430264993026501,10.44386603522451,0.6387311212806263,19,1,303,0.005927475592747559,2.780713832972701
er,2026591401,0.03608619940119189,0.03434178250204415,154,-0.030741335723271035,10.38145048814505,10.404478308475106,0.6344044628552491,17,1,303,0.007322175732217573,2.775315279872358
er,2026591402,0.034076571307206135,0.03557312252964427,159,0.025855950568774436,10.35076708507671,10.350346872114491,0.6326258778646665,16,1,303,0.006276150627615063,2.7835770332000087
er,2026591403,0.03526137347061235,0.03619541080680977,163,-0.050092433437549655,10.421199442119946,10.478300921288973,0.637828608110065,16,2,302,0.006624825662482566,2.777430639589888
er,2026591404,0.030450665389972015,0.030734080188679246,139,0.0038114970962750882,10.461645746164574,10.44293350661289,0.6369750280350164,15,1,303,0.00697350069735007,2.7843420103599765
er,2026591405,0.02780963778342928,0.028361344537815126,126,-0.03547593796429015,10.294281729428173,10.328787860201663,0.633727853500713,16,1,303,0.006276150627615063,2.7785937534150764
er,2026591406,0.029216234969078055,0.02928416485900217,135,-0.03711592910910121,10.644351464435147,10.702318392512428,0.637785574775965,16,1,303,0.007670850767085077,2.7693484580246106
er,2026591407,0.032784205767223885,0.03422222222222222,154,-0.049668322377800035,10.414225941422595,10.441960876603996,0.6340781376672466,24,1,303,0.00697350069735007,2.7814132406618146
er,2026591408,0.030057548729957768,0.030614508614952303,138,-0.043688853999855226,10.430264993026501,10.479781803807796,0.6399377987249274,15,1,303,0.006624825662482566,2.7782877625510896
er,2026591409,0.034757416107230654,0.035540226437729625,158,0.029469033742650613,10.30055788005579,10.26927452576113,0.6283171540597283,21,1,303,0.00697350069735007,2.781741088016086
er,2026591410,0.02910821035380395,0.029433792690233673,131,0.0010144380662497642,10.311018131101815,10.323031690934322,0.6373252618302123,15,1,303,0.006624825662482566,2.775752409678054
er,2026591411,0.030753597337755754,0.030778380789532378,138,-0.009350219783112776,10.38005578800558,10.401957665061918,0.6381378581728029,16,1,303,0.006276150627615063,2.7723427971936268
er,2026591412,0.02839422651595045,0.02865329512893983,130,-0.000685106719828533,10.49163179916318,10.477841448254381,0.6317815324851749,16,2,302,0.006276150627615063,2.778046687641636
er,2026591413,0.03337964201618678,0.03361972357116175,150,0.03364016697139518,10.33403068340307,10.30215338009379,0.6361258195416611,21,1,303,0.006624825662482566,2.787511201451271
er,2026591414,0.032127579812495366,0.03394119836248605,152,0.007906862577074698,10.368898186889819,10.356337730573316,0.627934918033928,20,1,303,0.006276150627615063,2.776451817367167
er,2026591415,0.031089272242752913,0.030946196660482376,139,-0.0457963287397859,10.39679218967922,10.445660515909266,0.6349962299074122,16,1,303,0.006624825662482566,2.7698730137914453
er,2026591416,0.029515442386729516,0.02974726012077835,133,0.016439488735290445,10.353556485355648,10.336624675719026,0.6342596433743783,14,1,303,0.006276150627615063,2.778528183944222
er,2026591417,0.032398517695700665,0.03329112981306323,149,-0.012757976513983891,10.36331938633194,10.359885980205998,0.6309325804375309,23,1,303,0.007322175732217573,2.7783096190413743
er,2026591418,0.03189830161981712,0.031572023679017756,144,-0.01761070607533604,10.5418410041841,10.554035771564433,0.6399358434011899,18,1,303,0.00697350069735007,2.776867090682578
er,2026591419,0.03384979846831914,0.032464664310954065,147,-0.023647044070761965,10.472803347280337,10.498490859105303,0.637957797611263,18,1,303,0.006276150627615063,2.786134242563329
er,2026591420,0.03168072948212727,0.030580357142857142,137,0.0016904007355617264,10.372384937238495,10.36357738068571,0.625934873707151,16,1,303,0.006276150627615063,2.7769545166437175
er,2026591421,0.029339747076466572,0.027624309392265192,125,-0.02609802632582235,10.46652719665272,10.48301031752661,0.6344162255053344,18,1,303,0.006624825662482566,2.778134767119096
er,2026591422,0.03163865057391097,0.03145304193738925,142,0.0012235854604905482,10.444909344490934,10.439723857293133,0.62740921070129,15,1,303,0.006624825662482566,2.7788997442790637
er,2026591423,0.02843312387805537,0.028833158131851628,128,-0.002903064052146068,10.287308228730824,10.28304265432327,0.6338721051592339,21,1,303,0.006624825662482566,2.776080257032326
er,2026591424,0.03347739033987999,0.0331145584725537,148,-0.036052081203325106,10.350069735006974,10.381003126977209,0.6310449772083435,19,1,303,0.00697350069735007,2.7791401656721963
er,2026591425,0.03432324211452434,0.03474219960168179,157,0.03197802833349823,10.45397489539749,10.398171623615712,0.6345791964458243,14,1,303,0.00697350069735007,2.78759862741241
er,2026591426,0.03585313940278229,0.03264490339773484,147,-0.03362371946672701,10.42050209205021,10.438490385373719,0.6362452866165738,20,1,303,0.00697350069735007,2.7852599829519376
er,2026591427,0.03432555548164168,0.03083569194100998,138,-0.007867545082719689,10.362622036262204,10.35797281301067,0.6371140777081371,21,1,303,0.006276150627615063,2.7799488558127337
er,2026591428,0.028072536149926202,0.029431144300461235,134,0.0030012141181399847,10.52510460251046,10.524280122088166,0.6370775584884496,13,1,303,0.00801952580195258,2.7747470111249535
er,2026591429,0.03273938593804946,0.02904162633107454,130,0.0238858856003581,10.364714086471409,10.352197067241285,0.636797701263339,13,1,303,0.006624825662482566,2.7788123183179243
er,2026591430,0.034085789531334086,0.03420375137918352,155,0.025986358514460746,10.480474198047421,10.454492097561404,0.6322158818445947,13,1,303,0.006276150627615063,2.785019561558805
er,2026591431,0.031868631810390693,0.0328815818706954,148,0.004007332459725668,10.4163179916318,10.429707773890943,0.6341230015589363,14,1,303,0.006276150627615063,2.779183878652766
er,2026591432,0.026807767475394612,0.026992861392028555,121,-0.022485374747500446,10.377963737796374,10.388810434049223,0.6366544406002763,19,1,303,0.007670850767085077,2.772058662819924
er,2026591433,0.03160139489493013,0.0313212263804132,142,-0.04856365669265543,10.484658298465831,10.52835436964579,0.6388810689407661,16,1,303,0.00697350069735007,2.7723646536839115
er,2026591434,0.03391502783342896,0.03381785820231385,152,-0.010576002942559417,10.403068340306834,10.403073604602435,0.634872939190062,16,1,303,0.00697350069735007,2.783620746180578
er,2026591435,0.03463081434987759,0.03427808280160261,154,-0.04542845816203609,10.398884239888424,10.441051297006451,0.6311482430294312,24,1,303,0.00697350069735007,2.774069459926125
er,2026591436,0.02926436739773956,0.030418250950570342,136,0.010935900821142711,10.353556485355648,10.336160163635412,0.6346412571660096,20,1,303,0.006276150627615063,2.7762769654448887
er,2026591437,0.03638657067602903,0.035620939436935256,159,-0.002082542327111207,10.33821478382148,10.342539706728699,0.6275454692097092,14,1,303,0.006276150627615063,2.779905142832164
er,2026591438,0.03144853712398083,0.030948643193541153,138,-0.03508050424698274,10.32845188284519,10.355691974336413,0.6314013695056211,21,1,303,0.00697350069735007,2.773566760649575
er,2026591439,0.0342745317410431,0.03070240023560595,139,0.0009505314975519043,10.471408647140864,10.484491248629281,0.630484692242118,15,1,303,0.005927475592747559,2.7774572159202675
er,2026591440,0.028974669175601032,0.029490616621983913,132,-0.01796546936912343,10.364016736401673,10.386313162667268,0.6365007563027365,21,1,303,0.006276150627615063,2.7718182414267916
er,2026591441,0.0318401938233039,0.032942406812579365,147,0.025453006631664256,10.335425383542539,10.318499619839166,0.630055320496497,16,1,303,0.006276150627615063,2.7842327279085524
er,2026591442,0.027090740039426547,0.030502523590081192,139,0.03387324070776214,10.533472803347282,10.4944751828124,0.6388216977636253,13,1,303,0.00697350069735007,2.7846480012239634
er,2026591443,0.03112543518836625,0.03155804031190231,143,-0.0028936683430641798,10.479776847977686,10.47063558090349,0.6365292325397159,15,1,303,0.008716875871687587,2.7751841409306492
er,2026591444,0.035069972737415946,0.034067986552110574,152,0.021035824405096926,10.33403068340307,10.32784063339538,0.6362581679413363,20,1,303,0.005927475592747559,2.7769108036631476
er,2026591445,0.02740385221456858,0.027194340039796594,123,-0.004233228989700058,10.46234309623431,10.490936994205777,0.6388061150437389,16,1,303,0.006276150627615063,2.775730553187769
er,2026591446,0.03359960161066742,0.030747362908655644,137,-0.028854897944224148,10.321478382147838,10.342795561607444,0.6320214118481445,21,1,303,0.006276150627615063,2.777500928900837
er,2026591447,0.02929400082865429,0.030794776964299192,136,-0.027700500752396443,10.239191073919107,10.258054870343745,0.6299333596363299,17,1,303,0.005927475592747559,2.7709002688348305
er,2026591448,0.03754168230304698,0.030737704918032786,140,-0.033101688677580454,10.528591352859136,10.561590822380756,0.6408681322066817,12,1,303,0.007670850767085077,2.7733044827661573
er,2026591449,0.02828839771104431,0.03052584670231729,137,-0.0225412638536482,10.389121338912135,10.420506803385063,0.6445138620735592,14,1,303,0.006624825662482566,2.774069459926125
er,2026591450,0.027800245549226325,0.02809155766944114,126,-0.01723536821675159,10.383542538354254,10.393938678235417,0.6384720431750134,17,1,303,0.006276150627615063,2.7813039582103904
er,2026591451,0.031664182136241725,0.02935290193462308,132,-0.04776645191620737,10.40794979079498,10.463702173753365,0.634791566583937,13,1,303,0.006624825662482566,2.7700041527331543
er,2026591452,0.032515106714291336,0.03238275836919262,148,-0.05390707306123627,10.56136680613668,10.612521478661549,0.6412024333762831,18,1,303,0.006276150627615063,2.777916202216248
er,2026591453,0.03390058408986773,0.0343350808535775,155,-0.03839875787044142,10.444211994421199,10.49940319985457,0.6360035833900132,15,1,303,0.006276150627615063,2.7759928310711866
er,2026591454,0.031296932696252194,0.031658180208102724,143,-0.013353069885493913,10.44979079497908,10.451237087030469,0.6358872150951359,22,1,303,0.006624825662482566,2.7805826940309926
er,2026591455,0.030713322100533576,0.02912621359223301,131,-0.044638098688622306,10.40934449093445,10.456360048308214,0.6411503879325662,18,1,303,0.006624825662482566,2.7711844032085327
er,2026591456,0.030326805035599445,0.032188841201716736,145,-0.019756953403353174,10.423988842398884,10.46017774288741,0.64245865520618,16,1,303,0.005927475592747559,2.7827683430594714
er,2026591457,0.034300296063469286,0.03407582239268329,154,-0.008306721684433352,10.454672245467224,10.464624263277436,0.6342070301083114,13,1,303,0.00697350069735007,2.7791401656721963
er,2026591458,0.03060813946078943,0.030900529723366685,140,0.005982663002890116,10.478382147838216,10.491758304251025,0.6304784615500981,21,1,303,0.006276150627615063,2.7802548466767205
er,2026591459,0.02696155568388949,0.0282956788769467,129,-0.018480062398299964,10.537656903765692,10.570860388079568,0.6402218637075947,11,1,303,0.00801952580195258,2.7673376609184097
er,2026591460,0.029079725497130397,0.028924707440936188,131,-0.06181134663707107,10.47489539748954,10.530409649667153,0.6363418864510886,18,1,303,0.007322175732217573,2.77409131641641
er,2026591461,0.03022917859083061,0.03184480234260615,145,-0.03471370181490987,10.525801952580196,10.56278226250625,0.6294076183636463,12,1,303,0.00801952580195258,2.774790724105523
er,2026591462,0.03467640419560843,0.03386103781882146,154,-0.02239470235383769,10.514644351464435,10.532531683109113,0.6388850706337602,16,1,303,0.006624825662482566,2.7771730815465654
er,2026591463,0.03268899418548439,0.0312591722923393,142,0.0011776220325534525,10.503486750348674,10.508615384001232,0.6336959899933109,17,1,303,0.00697350069735007,2.776167682993465
er,2026591464,0.03302549658111685,0.0334305586717523,149,0.019463137128108873,10.324267782426778,10.317056641561592,0.6352940376455228,18,1,303,0.006276150627615063,2.781325814700675
er,2026591465,0.03133341614704457,0.031185031185031187,140,-0.0008385711714504014,10.391910739191076,10.392683452518922,0.6281887222335679,13,1,303,0.007322175732217573,2.777500928900837
er,2026591466,0.03727850892121499,0.03578181818181818,164,-0.009068826380914946,10.588563458856346,10.638153919781912,0.6419936453352295,11,1,303,0.006624825662482566,2.7810198238366883
er,2026591467,0.03206253290702912,0.03113334328803942,139,-0.008883640110087668,10.340306834030685,10.348757795947662,0.6361122494494655,17,1,303,0.006276150627615063,2.780538981050423
er,2026591468,0.026971418549446322,0.028232678769914782,127,-0.01317906276152313,10.410739191073919,10.427331016876737,0.6422447647695172,16,1,303,0.00697350069735007,2.77824404957052
er,2026591469,0.03893616036889187,0.037333333333333336,168,-0.02960416241850022,10.414225941422595,10.431818384380993,0.6371789422531997,21,1,303,0.006276150627615063,2.7806919764824163
er,2026591470,0.02628493780211893,0.024575379528032466,109,0.040455541219975515,10.278940027894004,10.24365789789494,0.6369260350404788,15,1,303,0.005927475592747559,2.7739164644941314
er,2026591471,0.028221416506522108,0.02907806747313848,129,0.01733604555982919,10.281032078103209,10.25391263292514,0.6322196917493946,18,1,303,0.006624825662482566,2.776167682993465
er,2026591472,0.037153674087739015,0.0373818075203401,170,-0.009162448078043017,10.5139470013947,10.52903918650861,0.6383009592168009,14,1,303,0.006624825662482566,2.7730640613730246
er,2026591473,0.025738837109649113,0.026589851539995567,120,0.010418372335673423,10.44142259414226,10.441222901180216,0.6380536825498969,17,1,303,0.006624825662482566,2.7781566236093806
er,2026591474,0.031199728462395902,0.03209636390842436,143,-0.03760191552434402,10.320781032078104,10.362871081064151,0.6338109909892089,17,1,303,0.006276150627615063,2.783555176709724
er,2026591475,0.031234815466032705,0.03180133432171979,143,0.017000228977512567,10.407252440725244,10.394044149082006,0.6287247222890787,16,1,303,0.006276150627615063,2.782374926234345
er,2026591476,0.03167919872085645,0.031392480753419535,140,0.014155348334453937,10.32984658298466,10.317529822137,0.6344448089497594,18,1,303,0.006624825662482566,2.7886914519266495
er,2026591477,0.02955504344478381,0.02997355274757567,136,-0.055117186609254985,10.492329149232916,10.550562040860298,0.6324131451606699,19,1,303,0.006624825662482566,2.76939217100518
er,2026591478,0.0340693706302326,0.03324037084495365,147,-0.02867535004335975,10.251743375174337,10.272025525112305,0.6234096028650484,21,1,303,0.005927475592747559,2.7785718969247917
er,2026591479,0.028929096229007332,0.028683664393714794,129,-0.035018594817686335,10.408647140864716,10.443399959290204,0.6374116532532375,24,1,303,0.006624825662482566,2.774921863047232
er,2026591480,0.025379714793625226,0.025838825644098264,115,-0.04052910600301811,10.311018131101815,10.35551505386706,0.6317620452521443,17,1,303,0.006624825662482566,2.7763206784254586
er,2026591481,0.028217436788077133,0.02977557217983853,134,0.03954645991723002,10.41492329149233,10.377973246765587,0.6312897269580438,10,1,303,0.006624825662482566,2.785019561558805
er,2026591482,0.030997725392017762,0.033025885153228206,148,-0.0019682587196415973,10.375174337517434,10.357414637983945,0.631405021831638,24,1,303,0.006276150627615063,2.782506065176054
er,2026591483,0.028412539594834293,0.03050397877984085,138,-0.05690245969875306,10.464435146443515,10.516803105380566,0.6391708996907016,19,1,303,0.007322175732217573,2.7743317378095425
er,2026591484,0.031827166261461086,0.031307823255125454,141,-0.034696198580685206,10.42189679218968,10.445724359006398,0.6357527648369232,19,1,303,0.006624825662482566,2.7714029681113805
er,2026591485,0.027135635999780926,0.026996876394466757,121,-0.04099981208445912,10.376569037656905,10.420233701660916,0.6340062316401862,17,1,303,0.007670850767085077,2.7748781500666624
er,2026591486,0.03233341788119092,0.03189149560117302,145,-0.008658149545273547,10.511854951185496,10.52343063035366,0.6307484365652682,14,1,303,0.007322175732217573,2.778768605337355
er,2026591487,0.02881668203450382,0.03152364273204904,144,0.026917240220662417,10.556485355648537,10.536815053246329,0.6339957772980487,15,1,303,0.007322175732217573,2.773370052237012
er,2026591488,0.030039777302444746,0.031245383365342,141,-0.002317922325579345,10.440725244072526,10.470011567521759,0.6392902660229393,14,1,303,0.006276150627615063,2.774703298144384
er,2026591489,0.03083500371380088,0.03088462386940216,140,0.014000773886119216,10.48326359832636,10.460544311711816,0.6350290889894851,13,1,303,0.006624825662482566,2.7808012589338404
er,2026591490,0.028101801238085457,0.029880478087649404,135,0.010032742735285788,10.451882845188285,10.43807236142705,0.6374374172495897,14,1,303,0.006276150627615063,2.7821563613314972
er,2026591491,0.03586290863518586,0.03416754083620561,152,-0.00106081157462215,10.306834030683405,10.305265595240844,0.631043278320506,21,1,303,0.005578800557880056,2.778462614473368
er,2026591492,0.028733555547459846,0.027695716395864108,125,-0.016412000503926903,10.442119944211996,10.45362033090323,0.6385268621329069,23,1,303,0.006624825662482566,2.778768605337355
er,2026591493,0.028658938938496303,0.029880478087649404,135,0.009196222081899071,10.451882845188285,10.441945249523876,0.6323365853068823,20,1,303,0.006276150627615063,2.7761895394837497
er,2026591494,0.03153582785897411,0.03143548032534623,143,-0.02031579635050734,10.516736401673642,10.54305168410784,0.6407741518801967,16,1,303,0.00697350069735007,2.776714095250585
er,2026591495,0.031132710454048158,0.0320017656146546,145,-0.006299993864108128,10.47907949790795,10.464697088506977,0.636828281244414,15,1,303,0.00697350069735007,2.786877363233012
er,2026591496,0.027699765973376613,0.02837808338790657,130,0.03546733604079992,10.583682008368202,10.541019966303892,0.6371510510779584,10,1,303,0.007322175732217573,2.7801018512447273
er,2026591497,0.030970331805632054,0.030710603003810805,137,-0.014434108918503835,10.332635983263598,10.350885548740973,0.6344230865124867,14,1,303,0.006624825662482566,2.774375450790112
er,2026591498,0.03412557293561493,0.02951479466348662,132,-0.0008897754137945653,10.356345885634589,10.357536007757094,0.6308908056287206,16,1,303,0.006624825662482566,2.774790724105523
er,2026591499,0.030529219129286567,0.03154620853080569,142,0.002429945241303964,10.417015341701534,10.409681564471898,0.6382608727905758,15,1,303,0.00697350069735007,2.7817192315258015
er,2026591500,0.026648703609743366,0.02724836212030971,122,-0.012705146858517249,10.366806136680614,10.368901752117965,0.6362638644816863,17,1,303,0.006624825662482566,2.7710095512862543
er,2026591501,0.026576949873397166,0.02866454336715799,129,0.009700005486715808,10.41492329149233,10.400875046026473,0.6311536203717333,18,1,303,0.006276150627615063,2.7796428649487464
er,2026591502,0.03565142605620183,0.03474219960168179,157,-0.048860730079873224,10.45397489539749,10.493224219534644,0.6386496460462681,16,1,303,0.005927475592747559,2.776867090682578
er,2026591503,0.03245572666226806,0.03252932064616065,147,-0.01970380072233407,10.45397489539749,10.458861755245826,0.6352265826130125,20,1,303,0.006624825662482566,2.7778724892356785
er,2026591504,0.02815115423244657,0.02874331550802139,129,0.023290843052289116,10.389121338912135,10.38713098681181,0.6313414245800906,15,1,303,0.00697350069735007,2.7797521474001705
er,2026591505,0.032039615125168265,0.030945936059697126,141,-0.01585829954129604,10.532078103207812,10.559651389077715,0.6316962689050634,13,1,303,0.00697350069735007,2.7733919087272967
er,2026591506,0.03243116813297361,0.03268361372563552,147,-0.022106119342555727,10.40934449093445,10.423339161108526,0.6348150331624414,18,1,303,0.006276150627615063,2.7796865779293163
er,2026591507,0.030862407706198892,0.031541798397176676,143,-0.042058022534214506,10.484658298465831,10.523601713900737,0.6404516458971905,20,1,303,0.006624825662482566,2.7744628767512514
er,2026591508,0.026695397059863846,0.02787532923617208,127,0.019818291606019264,10.531380753138075,10.51407107261719,0.6351463044386748,17,1,303,0.006624825662482566,2.779380587065329
er,2026591509,0.034377070431387935,0.03544528134692069,160,0.005889233680761991,10.443514644351465,10.432736240770451,0.6311291431340936,13,1,303,0.007322175732217573,2.7798177168710247
er,2026591510,0.0316080543458467,0.032957244655581946,148,0.003938763731932962,10.394700139470014,10.384718241440492,0.636486956711185,11,1,303,0.006624825662482566,2.779905142832164
er,2026591511,0.03076205487387782,0.03190553029191726,145,-0.004129028985675714,10.507670850767086,10.510806749173087,0.6327280072329577,14,1,303,0.007670850767085077,2.7756431272266298
er,2026591512,0.03167805899314344,0.031098515922141846,139,-0.007373946177823615,10.35076708507671,10.344783054851488,0.6363123446044238,22,1,303,0.005927475592747559,2.7746595851638145
er,2026591513,0.03390560375739544,0.03402520385470719,153,-0.05943720804051511,10.407252440725244,10.46176121670673,0.6375056397042419,16,1,303,0.006624825662482566,2.772626931567329
er,2026591514,0.0334151202518612,0.032701733850318236,149,-0.02781510624254373,10.532078103207812,10.563708245519773,0.6342601915330511,12,1,303,0.007322175732217573,2.77253950560619
er,2026591515,0.03013617519794144,0.029633539435982507,131,-0.005108623432346777,10.248256624825663,10.256012579432428,0.6295482111707278,19,2,302,0.00697350069735007,2.767903896503927
er,2026591516,0.03190370803940984,0.031449814126394054,141,-0.02262013144263787,10.379358437935844,10.401585325522426,0.6373792095326748,22,1,303,0.006276150627615063,2.7766266692894455
er,2026591517,0.026447749958769792,0.027189659014932026,122,0.004483608014248928,10.38702928870293,10.386570011915628,0.6388847397821128,20,1,303,0.00697350069735007,2.7798614298515942
er,2026591518,0.0334323337526599,0.03511484098939929,159,0.02914479577294674,10.472803347280337,10.4346937112371,0.6410850196741286,18,1,303,0.006276150627615063,2.7866369418398795
er,2026591519,0.031477375132924895,0.030687124749833223,138,-0.029071605439822935,10.40794979079498,10.427461448188389,0.6388943473101889,21,1,303,0.007322175732217573,2.780910541385264
er,2026591520,0.03286037721022241,0.0293879354791191,133,0.022096040632904924,10.467921896792191,10.45520556461457,0.6315637314108484,13,1,303,0.006624825662482566,2.7777413502939696
er,2026591521,0.0286769636545868,0.028697731719689833,132,-0.01655587237828774,10.622733612273361,10.631038827042413,0.6410216401407433,16,1,303,0.00697350069735007,2.7798177168710247
er,2026591522,0.029435307245441203,0.03073909440216982,136,-0.014514890162925244,10.255927475592747,10.268329742638128,0.6371133633509871,15,1,303,0.005927475592747559,2.774572159202675
er,2026591523,0.03535658647006469,0.035142348754448396,158,0.014069297127548121,10.405857740585775,10.384789507001598,0.6328315020146703,16,1,303,0.00697350069735007,2.782833912530326
er,2026591524,0.03105784132207208,0.028080778301886794,127,-0.012213545206049456,10.461645746164574,10.463412162854658,0.6287250572379163,15,1,303,0.007322175732217573,2.7700041527331543
er,2026591525,0.03097255265280891,0.02924451665312754,132,-0.02801456875601865,10.44281729428173,10.475402342539793,0.6357029796386232,16,1,303,0.006276150627615063,2.7788341748082095
er,2026591526,0.03555146403060452,0.035337744492110815,162,0.0008799021481870496,10.59065550906555,10.604235182290159,0.6384064688520135,13,1,303,0.007670850767085077,2.7802548466767205
er,2026591527,0.03676440203813529,0.035333087964666915,160,-3.6317472256236556e-05,10.47350069735007,10.482273800532392,0.6413983275078208,19,1,303,0.007322175732217573,2.7774790724105523
er,2026591528,0.028429659923544605,0.028225806451612902,126,-0.016268380884412847,10.338912133891215,10.341957456598584,0.6296191523914296,19,1,303,0.00697350069735007,2.7742443118484035
er,2026591529,0.03226125541823056,0.032736796158882586,150,-0.007815071305423327,10.585774058577407,10.571506450336571,0.6367522466532367,16,1,303,0.007322175732217573,2.779183878652766
er,2026591530,0.03504202292557134,0.03603537214443626,163,-0.026814076504467432,10.463040446304046,10.485226822787746,0.6362551103742135,15,1,303,0.00697350069735007,2.7757961226586234
er,2026591531,0.03459589440952283,0.03272484416740873,147,-0.022857535173297163,10.397489539748955,10.414129274379713,0.6341868815733114,19,1,303,0.006276150627615063,2.7809979673464036
er,2026591532,0.033543539545440045,0.03602401601067378,162,0.04688159095073827,10.40794979079498,10.370919448075519,0.6343798894541469,15,1,303,0.006624825662482566,2.7822656437829214
er,2026591533,0.03180894258354945,0.032548116222040575,146,-0.022214907349547276,10.38423988842399,10.393315402968868,0.633571777507421,21,1,303,0.006276150627615063,2.7753589928529276
er,2026591534,0.035959676015005076,0.03708089704685071,167,-0.007914687819910915,10.42189679218968,10.423262308993234,0.6314228926124674,18,1,303,0.006276150627615063,2.7834021812777303
er,2026591535,0.03341286024745547,0.03258941767661839,147,-0.005005346290451547,10.436541143654114,10.4582433830541,0.6326206451716062,15,1,303,0.007322175732217573,2.7700697222040085
er,2026591536,0.03486788715615004,0.034748185616890255,158,0.00013953613157555587,10.51255230125523,10.497855617888646,0.634112640147876,16,1,303,0.007670850767085077,2.774288024828973
er,2026591537,0.0269904359480732,0.028312320283123204,128,0.0006558840368937683,10.4581589958159,10.458924558875896,0.6359948128512485,17,1,303,0.006624825662482566,2.7700915786942932
er,2026591538,0.03047931818890958,0.03039940828402367,137,-0.03453153695933748,10.428172942817294,10.454816272532684,0.6359594855736382,17,1,303,0.00697350069735007,2.7713155421502416
er,2026591539,0.03283790634815985,0.03352704514975414,150,-0.0033732021442223693,10.359832635983265,10.360653634172317,0.6243558101231368,15,1,303,0.006624825662482566,2.7742224553581187
er,2026591540,0.03243846334303987,0.03400701021701842,152,0.007897252058775795,10.35076708507671,10.334088331263636,0.6307281762436101,19,1,303,0.00697350069735007,2.782615347627478
er,2026591541,0.032341340032232956,0.03195739014647137,144,0.05753384389746652,10.426778242677825,10.364382747798588,0.6321744903428071,15,1,303,0.006624825662482566,2.786680654820449
er,2026591542,0.03839930427000899,0.03526541475676475,159,-0.011681398191904791,10.432357043235704,10.463536879436704,0.6354379041114626,13,1,303,0.006276150627615063,2.7774353594299828
er,2026591543,0.030792043215026998,0.029602356406480117,134,0.0012663333358025751,10.470013947001394,10.467128036211085,0.6343230839627412,19,2,302,0.006624825662482566,2.769862049239841
er,2026591544,0.03348470270427172,0.033804086538461536,150,-0.06563510592187499,10.283124128312412,10.34753580211501,0.6339990684050091,22,1,303,0.006276150627615063,2.779096452691627
er,2026591545,0.028844594758980314,0.030632630410654827,138,-0.015258151357427014,10.42468619246862,10.433604390658846,0.6287449669875412,13,1,303,0.006276150627615063,2.781478810132669
er,2026591546,0.03546658479681193,0.03471552555448409,156,-0.05394060838469121,10.40097629009763,10.445839970228437,0.6321939449924306,16,1,303,0.007322175732217573,2.7692391755731864
er,2026591547,0.030236504042561115,0.03103140348266111,139,0.02823050602587928,10.370990237099026,10.368038983385517,0.6384965602787385,13,1,303,0.007322175732217573,2.7815662360938083
er,2026591548,0.03181464074009211,0.0335829194158203,151,-0.01100332945322371,10.406555090655509,10.425450635722914,0.6374795583953999,18,1,303,0.006276150627615063,2.7777632067842544
er,2026591549,0.03441419874304649,0.03433412604042806,154,-0.04015802581244813,10.383542538354254,10.438595769995013,0.6373823829269374,21,1,303,0.00697350069735007,2.780429698598999
er,2026591550,0.03294768787825834,0.03597543141269377,164,0.03427147226791087,10.536959553695956,10.517259954003203,0.6419007354670077,12,1,303,0.00697350069735007,2.778353332021944
er,2026591551,0.030758727445114348,0.03118966285459676,140,-0.01773566859258299,10.390516039051604,10.390820273609256,0.6342786869723387,19,1,303,0.006624825662482566,2.7821345048412125
er,2026591552,0.034284843588862225,0.033605341246290804,151,-0.009083392918561932,10.400278940027894,10.4121853601542,0.6329230313141204,14,1,303,0.006276150627615063,2.77664852577973
er,2026591553,0.03621624747670789,0.03257958940791431,146,-0.026311424323747785,10.375174337517434,10.409103855474514,0.6363062908854988,14,1,303,0.006624825662482566,2.7755994142460603
er,2026591554,0.035436019531596266,0.0378493361695885,172,0.04192772404489431,10.50697350069735,10.467647051338005,0.643145832844435,12,1,303,0.006624825662482566,2.785937534150766
er,2026591555,0.03218200402242336,0.031094987784111943,140,-0.03471992546120251,10.41910739191074,10.445942808297206,0.631462848665819,16,1,303,0.006276150627615063,2.7725832185867594
er,2026591556,0.029728164585473844,0.03065134099616858,136,-0.05377355437543139,10.282426778242678,10.319516368249623,0.6295669356312921,18,1,303,0.006276150627615063,2.7736104736301446
er,2026591557,0.0331357924574367,0.034522689440544256,159,-0.00281112971664875,10.635285913528593,10.639689390113555,0.6362715203862553,17,1,303,0.00697350069735007,2.7769108036631476
er,2026591558,0.03265051116413652,0.033631301289566234,153,-0.007146726505940882,10.517433751743376,10.525193755369935,0.6412292602886662,16,1,303,0.00697350069735007,2.7774790724105523
er,2026591559,0.02970274743256995,0.02967227635075288,134,0.005812549908075568,10.447698744769875,10.460565644235524,0.6352792834228478,12,1,303,0.007670850767085077,2.776298821935174
er,2026591560,0.035357425982904936,0.03275685182471054,149,-0.0762254614170561,10.516039051603906,10.604920286211476,0.6422782479713173,16,1,303,0.006624825662482566,2.774572159202675
er,2026591561,0.024167580969530512,0.026396241890985012,118,-0.007287253025817998,10.352161785216179,10.337900003994093,0.6281693947244327,15,1,303,0.006624825662482566,2.7763425349157433
er,2026591562,0.02960620813439377,0.030911552346570396,137,-0.0031502826432664153,10.271966527196653,10.275795672111922,0.6306018239186556,22,1,303,0.00697350069735007,2.780713832972701
er,2026591563,0.0300721668805536,0.030837004405286344,140,-0.027345402798094148,10.497907949790795,10.526979066146218,0.6367713282317242,15,1,303,0.007670850767085077,2.7752715668917887
er,2026591564,0.03812382100093224,0.03786753786753787,170,-0.014046702835972629,10.391910739191076,10.396914604733475,0.6388830897203058,18,1,303,0.006276150627615063,2.786877363233012
er,2026591565,0.026492420871386632,0.027474150664697192,124,-0.033159953981277995,10.442119944211996,10.47796121642296,0.6318678245221635,20,1,303,0.007670850767085077,2.773785325552423
er,2026591566,0.028884820234481516,0.029067600804948947,130,-0.003303620766122387,10.356345885634589,10.368841225986875,0.6333112294745958,15,1,303,0.006624825662482566,2.780560837540708
er,2026591567,0.03290089243787555,0.029630721603891796,134,-0.0183612877894028,10.460948396094839,10.48500713678349,0.6367896798298662,19,1,303,0.006276150627615063,2.775817979148908
er,2026591568,0.03474556507692639,0.03553186764379303,160,-0.04764486698034478,10.42050209205021,10.464428910244363,0.6313382299768439,19,1,303,0.006624825662482566,2.772473936135335
er,2026591569,0.03602977082883897,0.036687170474516695,167,0.04081604903128437,10.523012552301257,10.47849071914302,0.638715978632985,18,1,303,0.006276150627615063,2.783227329355452
er,2026591570,0.03544313310429241,0.035169988276670575,160,-0.03431894975669996,10.517433751743376,10.55519632872574,0.6348990851466099,21,1,303,0.007322175732217573,2.7786156099053616
er,2026591571,0.030152584855555154,0.031074282332050902,140,-0.006403280537657699,10.425383542538356,10.4208790742789,0.6325581917166075,16,1,303,0.005927475592747559,2.7782877625510896
er,2026591572,0.032789006171282484,0.03186780761286515,144,-0.02426288615117905,10.453277545327754,10.47368367976298,0.6325509579076848,12,1,303,0.00697350069735007,2.772736214018753
er,2026591573,0.03066768961000025,0.031210802036449495,141,0.0191333978541384,10.451185495118551,10.429117721449051,0.6357289707100423,18,1,303,0.006624825662482566,2.7736104736301446
er,2026591574,0.02984967295423109,0.03001567983274845,134,-0.027720257817644492,10.339609483960949,10.374685792641682,0.633864431745911,16,1,303,0.006624825662482566,2.77459401569296
er,2026591575,0.03542761354351337,0.03486048405003331,157,0.05091644242731233,10.42189679218968,10.363711090188959,0.6368179747839038,16,1,303,0.006276150627615063,2.7830961904137435
er,2026591576,0.03051602617706287,0.030543995243757432,137,-0.04380320616587191,10.383542538354254,10.418639939300975,0.6340656272586965,17,1,303,0.006276150627615063,2.7818503704675104
er,2026591577,0.0308676764375198,0.03199582338902148,143,0.005120074153654925,10.350069735006974,10.353189499211094,0.628034854767528,16,1,303,0.00697350069735007,2.7721679452713484
er,2026591578,0.034593820579168336,0.03468082012505453,159,0.01439818640950565,10.591352859135288,10.564633216686982,0.6378179696704971,17,1,303,0.007322175732217573,2.7869429327038664
er,2026591579,0.031559535505371265,0.02924451665312754,132,-0.03251247797118354,10.44281729428173,10.48877134077338,0.6338996518160759,17,1,303,0.005927475592747559,2.775555701265491
er,2026591580,0.03334255391086462,0.03521334711353905,159,-0.01184331361319846,10.446304044630406,10.457211183359913,0.6331647733293045,15,1,303,0.006624825662482566,2.778768605337355
er,2026591581,0.03374333407438885,0.032009484291641965,144,-0.019788452212751523,10.411436541143654,10.446156675058063,0.6372687955608748,18,1,303,0.00697350069735007,2.780976110856119
er,2026591582,0.030434819500049552,0.03000882612533098,136,-0.004819539174335778,10.481171548117155,10.47600830299578,0.6366564050824388,17,1,303,0.006276150627615063,2.7751622844403645
er,2026591583,0.03743187074579037,0.03624309392265193,164,-0.02047904318462016,10.46652719665272,10.494197928734911,0.6361857929490428,17,1,303,0.006276150627615063,2.776080257032326
er,2026591584,0.03328342422693034,0.03422563567220938,153,0.0173956667312951,10.352161785216179,10.333438251442036,0.6300657551749573,14,1,303,0.006276150627615063,2.784254584398837
er,2026591585,0.03405610832349636,0.034451700067552354,153,-0.048106606943379045,10.290794979079498,10.334716494279533,0.6330210964966352,17,1,303,0.006624825662482566,2.773370052237012
er,2026591586,0.025960364297580373,0.027516828167763886,124,-0.03308110198852534,10.427475592747559,10.445148885444459,0.6343204421174718,19,1,303,0.006276150627615063,2.773020348392455
er,2026591587,0.028150678306243397,0.030010952902519168,137,0.0024988296701241755,10.550209205020922,10.557982858328474,0.6334725273863305,15,1,303,0.006624825662482566,2.7776757808231154
er,2026591588,0.035928227599747696,0.03529411764705882,158,-0.0072094438329085965,10.365411436541144,10.373713639678988,0.6322455597208072,19,1,303,0.006276150627615063,2.7797302909098858
er,2026591589,0.0313522530424716,0.03032091479158982,137,0.03599982169033947,10.45258019525802,10.400276447299635,0.6311045007045528,13,1,303,0.007322175732217573,2.7826809170983324
er,2026591590,0.03027559619841139,0.02963509030593439,134,-0.005156809492860799,10.45955369595537,10.446133272007273,0.6365365854081637,12,1,303,0.006624825662482566,2.7778943457259633
er,2026591591,0.03314687786609437,0.03194793669575507,144,-0.06386187054172181,10.429567642956766,10.473240859153789,0.6373319383220374,18,1,303,0.007322175732217573,2.7786374663956463
er,2026591592,0.03055975110660455,0.031679220203810365,143,-0.012749598804573629,10.443514644351465,10.460664271399411,0.6356814344438106,17,1,303,0.006624825662482566,2.775053001988941
er,2026591593,0.03249231550583358,0.034523987445822746,154,0.03215029771213616,10.331938633193863,10.290373760212525,0.6310514288367337,19,1,303,0.00697350069735007,2.782221930802352
er,2026591594,0.029925271669593162,0.03186780761286515,144,-0.009797043212348523,10.453277545327754,10.456139667241882,0.6361895301251738,17,1,303,0.006276150627615063,2.784735427185103
er,2026591595,0.029649502334417887,0.03063943161634103,138,0.033947725084171466,10.422594142259415,10.398998155848767,0.6352236643078227,16,1,303,0.006276150627615063,2.7768452341922933
er,2026591596,0.03198204435828198,0.03321691313071264,149,-0.023646450882622277,10.38423988842399,10.392484723316116,0.6352044924919124,17,1,303,0.006276150627615063,2.7814132406618146
er,2026591597,0.03198174251119026,0.030990833697075514,142,0.01869779736184909,10.585774058577407,10.564018081250804,0.6382341342300573,17,1,303,0.00801952580195258,2.7754901317946366
er,2026591598,0.03851048516775151,0.036389031831213704,165,-0.035322010866152685,10.4860529986053,10.505139057847654,0.6339404520607199,18,1,303,0.007322175732217573,2.779708434419601
er,2026591599,0.03543953395668443,0.03445704057279236,154,-0.0039941384448714526,10.350069735006974,10.333159412333233,0.6281990163032679,18,1,303,0.006624825662482566,2.778943457259633
er,2026591600,0.029781714435179782,0.02738700987728225,122,0.03414069498187741,10.319386331938633,10.284801808935471,0.631038488464231,15,1,303,0.005578800557880056,2.7826809170983324
er,2026591601,0.03215932461480081,0.03195913900036483,146,-0.055246360910122756,10.55718270571827,10.603990099618951,0.6358917668323609,17,1,303,0.006624825662482566,2.7778943457259633
er,2026591602,0.029193901937058606,0.029557745018149492,133,-0.013398091837403297,10.41352859135286,10.419798642490838,0.6359563749415235,18,1,303,0.006276150627615063,2.7828776255108956
er,2026591603,0.0320566055063189,0.030098864884657635,137,-0.032703599714560744,10.522315202231521,10.552015188859976,0.6409015443668908,18,1,303,0.00697350069735007,2.777085655585426
er,2026591604,0.029331157097610215,0.031240768094534712,141,0.04765118754879253,10.442119944211996,10.381310662040132,0.6362519200099281,14,1,303,0.006276150627615063,2.7891941512032
er,2026591605,0.030864899563363836,0.030236150960052968,137,-0.043722454013621716,10.47907949790795,10.516902027003413,0.6425297822283844,22,1,303,0.007322175732217573,2.7772386510174196
er,2026591606,0.03192318908684663,0.03240223463687151,145,0.034823544385168874,10.361924686192468,10.322934998197084,0.6341863315290805,19,1,303,0.006276150627615063,2.785434834874216
er,2026591607,0.026210289096136503,0.027490128883260075,123,-0.01462205800384141,10.360529986052999,10.368462536029513,0.63996958303889,19,1,303,0.005927475592747559,2.778047341157957
er,2026591608,0.028285214123426425,0.027418293485413466,125,-0.004592021609513175,10.537656903765692,10.534055591042609,0.6371858169979894,19,1,303,0.006624825662482566,2.775468275304352
er,2026591609,0.03337928685076403,0.032731293770733506,148,-0.019313431630543217,10.45955369595537,10.443338091081246,0.6355794599606481,15,1,303,0.00697350069735007,2.7866369418398795
er,2026591610,0.03145265399196675,0.030358989511006056,137,-0.0038934173246769153,10.440725244072526,10.449852200259889,0.6380664022553947,13,1,303,0.006276150627615063,2.7761021135226107
er,2026591611,0.0332530910696622,0.03212646608873024,147,-0.06868926569827692,10.572524407252441,10.637929809790537,0.6413246021865707,17,1,303,0.007670850767085077,2.768780189277206
er,2026591612,0.025777195372266335,0.026442485741796903,119,0.010890982154320541,10.41492329149233,10.405317544521097,0.6321991095360344,12,1,303,0.00697350069735007,2.771381111621096
er,2026591613,0.03184100452821907,0.030657256285840317,139,0.025797891208990575,10.485355648535565,10.47680677789765,0.6342941796532822,11,1,303,0.00697350069735007,2.780495268069853
er,2026591614,0.02889713516878401,0.029953058639445643,134,0.010843192694476905,10.35913528591353,10.336561799998256,0.6302218284745948,19,1,303,0.00697350069735007,2.7806919764824163
er,2026591615,0.033896637347423604,0.031919609871434905,144,-0.02780730518658487,10.437935843793584,10.475536476562977,0.6354073621109149,23,1,303,0.007322175732217573,2.7835770332000087
er,2026591616,0.03134484540777647,0.03192652525694292,146,0.013007524753585752,10.566945606694562,10.553973916941388,0.6377492681105849,11,2,302,0.00697350069735007,2.7695760269301006
er,2026591617,0.0309522404138899,0.029799131778382754,135,-0.04486830673261749,10.47768479776848,10.539197157925793,0.6377603524735149,13,1,303,0.00801952580195258,2.7700041527331543
er,2026591618,0.032378836595420256,0.03239788421980605,147,-0.017049958535573586,10.492329149232916,10.509102445233012,0.6412192129577103,20,1,303,0.008368200836820083,2.7843420103599765
er,2026591619,0.03750743583300368,0.03326434062684802,150,0.012404914637189348,10.433751743375174,10.408900952581792,0.6359824681024447,19,1,303,0.007322175732217573,2.780211133696151
er,2026591620,0.03321578991415157,0.033071213346071875,150,-0.013264602234771368,10.488842398884241,10.497455107853046,0.6376426699446501,19,1,303,0.00801952580195258,2.7727799269993225
er,2026591621,0.030740168393051326,0.033507237857300316,152,-0.02165632080049327,10.49023709902371,10.511894368977945,0.6342851134930343,21,1,303,0.005927475592747559,2.778047341157957
er,2026591622,0.02869704876111399,0.029725098711167398,133,0.0006579806623546716,10.360529986052999,10.360065033922051,0.638519332702501,14,1,303,0.006276150627615063,2.7779817716871027
er,2026591623,0.029948490970622597,0.031361209964412814,141,0.023102330536935226,10.405857740585775,10.39360947757133,0.6311926293361937,17,1,303,0.005927475592747559,2.7769108036631476
er,2026591624,0.03331392061965584,0.033544539694371975,150,-0.026451266879310455,10.35495118549512,10.380859587251551,0.6336870467912984,15,1,303,0.006624825662482566,2.76989487028173
er,2026591625,0.03555933466196164,0.03380717389703174,153,-0.07324079467163076,10.467921896792191,10.569955781669526,0.6314823986708087,18,1,303,0.00697350069735007,2.769173606102332
er,2026591626,0.03312585136988165,0.032662192393736016,146,-0.05559830050558518,10.351464435146443,10.413029233326263,0.6370799442581621,22,1,303,0.006276150627615063,2.7763206784254586
er,2026591627,0.03479656792043758,0.03445753164093935,157,-0.016764038520359043,10.532078103207812,10.555601914864935,0.6414326918039789,15,1,303,0.007670850767085077,2.7780691976482417
er,2026591628,0.03371554350005136,0.029805710921401236,135,-0.04106979667356907,10.475592747559276,10.526449051121444,0.633233164406723,17,1,303,0.007670850767085077,2.771381111621096
er,2026591629,0.032397132193288276,0.03096021537541131,138,-0.0283743452274804,10.324965132496514,10.34216303363799,0.6401397877883026,14,1,303,0.006276150627615063,2.7773697899591285
er,2026591630,0.034415260269718785,0.0328515111695138,150,-0.07420156454046423,10.552301255230125,10.645351169448816,0.6358005561922276,17,1,303,0.007670850767085077,2.7688020457674907
er,2026591631,0.031459911604288265,0.03010181496237273,136,0.0058477765449320126,10.451882845188285,10.453917664714112,0.6401708348490527,13,1,303,0.007322175732217573,2.7787248923567853
er,2026591632,0.031892614493080416,0.03129925692411619,139,0.008386878920998774,10.290794979079498,10.274856391586152,0.6302421176183552,19,1,303,0.007322175732217573,2.7772386510174196
er,2026591633,0.03251679325384993,0.031943410275502605,143,-0.0224224039195054,10.365411436541144,10.370771255132748,0.6253928016158651,15,1,303,0.006624825662482566,2.777413502939698
er,2026591634,0.02983974326508735,0.03191021126760563,145,-0.024221379992363255,10.506276150627617,10.520847413929749,0.6391754526329826,22,1,303,0.006624825662482566,2.781588092584093
er,2026591635,0.035214941985471974,0.0346298066318653,157,-0.023551910775173972,10.484658298465831,10.491679161721386,0.6359742796623985,17,1,303,0.007322175732217573,2.7771293685659955
er,2026591636,0.030047247630867614,0.029859484777517563,136,-0.012879556937345235,10.528591352859136,10.563867159935684,0.6374694076281147,15,1,303,0.00801952580195258,2.776255108954604
er,2026591637,0.02989984249448431,0.03162583518930958,142,0.018089237773755474,10.393305439330545,10.379682308620863,0.6360253131001529,16,1,303,0.006276150627615063,2.7755775577557755
er,2026591638,0.03885757198067531,0.036194793799356535,165,-0.00789193380567266,10.536959553695956,10.554635798098232,0.6405675172128288,10,1,303,0.007322175732217573,2.7760146875614713
er,2026591639,0.029495890198462,0.029997794279832367,136,-0.0014595894544871424,10.484658298465831,10.478615288268752,0.6379991799546255,17,1,303,0.00697350069735007,2.7761239700128955
er,2026591640,0.03454225082064336,0.03565959308685189,163,-0.004356618328914423,10.56276150627615,10.571651456927182,0.6365526767608888,13,1,303,0.006624825662482566,2.780823115424125
er,2026591641,0.026965949296820155,0.02700089259149063,121,0.02255929960552472,10.375174337517434,10.355141585544597,0.635853156259388,17,1,303,0.006624825662482566,2.785653399777064
er,2026591642,0.03151541324762672,0.03311111111111111,149,-0.03682922067481802,10.414225941422595,10.45022002846697,0.6402888732096653,20,1,303,0.00697350069735007,2.7732826262758725
er,2026591643,0.03426674169248427,0.03397913561847988,152,-0.0007715093917849664,10.358437935843794,10.342864588656669,0.6401645201150151,22,1,303,0.005578800557880056,2.7788123183179243
er,2026591644,0.036784334712177034,0.03745619158878505,171,-0.0053281560187002485,10.550906555090656,10.565440133756965,0.6379732890871506,16,1,303,0.00697350069735007,2.7819377964286494
er,2026591645,0.02752170347961661,0.02905515303859234,131,-0.004294454325827547,10.432357043235704,10.428962974405607,0.6309218192881559,13,1,303,0.00697350069735007,2.773741612571853
er,2026591646,0.030845342696643928,0.03453332355744556,157,0.023970644946642108,10.51115760111576,10.483728586571672,0.6336188518119211,16,1,303,0.00697350069735007,2.777500928900837
er,2026591647,0.03515174196288747,0.035138121546961325,159,0.005743169411389647,10.46652719665272,10.453146765021822,0.6445017254733559,16,1,303,0.00697350069735007,2.7775446418814065
er,2026591648,0.03367311501220093,0.033424334095772154,151,-0.014060921902397933,10.451185495118551,10.489140538165,0.638558684569168,15,1,303,0.00697350069735007,2.772911065941031
er,2026591649,0.03334207200191321,0.03227232537577365,146,0.029349903774622436,10.464435146443515,10.437511314142448,0.6419785778405463,18,1,303,0.007322175732217573,2.7769763731340023
er,2026591650,0.03384277699024964,0.03449554896142433,155,0.009615924942489425,10.400278940027894,10.396269490394417,0.6394365438483086,17,1,303,0.00697350069735007,2.782287500273206
er,2026591651,0.031443987740159156,0.030459093584461448,138,-0.024543692153842687,10.478382147838216,10.494882190095307,0.6380930546189719,17,1,303,0.006624825662482566,2.7795554389876074
er,2026591652,0.03072092847021578,0.0334777182292049,152,0.06674108537715545,10.49860529986053,10.425587418232178,0.6337041789720881,14,1,303,0.006624825662482566,2.785019561558805
er,2026591653,0.03173346460061354,0.029861670204201128,136,-0.023187048456299597,10.5278940027894,10.555215269156736,0.6388026009021932,15,1,303,0.00697350069735007,2.7768233777020086
er,2026591654,0.032604511627746774,0.032986365635537314,150,0.008691510764285778,10.513249651324966,10.513725636986067,0.6411766476889242,12,1,303,0.006624825662482566,2.7818285139772256
er,2026591655,0.030965135491083443,0.032434801665570896,148,-0.030535198707526114,10.54602510460251,10.579903358549942,0.6396035691356478,16,1,303,0.006624825662482566,2.774200598867834
er,2026591656,0.03361041901488825,0.032300593276203035,147,-0.06409411643349562,10.520920502092052,10.604625362115476,0.6428829292108267,17,1,303,0.006624825662482566,2.773370052237012
er,2026591657,0.03233615809329263,0.03535911602209945,160,0.023114972078998576,10.46652719665272,10.44750908079388,0.6313486934774064,15,1,303,0.007322175732217573,2.778112910628811
er,2026591658,0.03694091817578315,0.0355119825708061,163,-0.02158610403187565,10.602510460251047,10.60937647129176,0.6411774368020727,13,1,303,0.007670850767085077,2.7819377964286494
er,2026591659,0.031057443795389418,0.030763473053892217,137,0.024610071671802746,10.316596931659694,10.304644360956242,0.6354644438802854,14,1,303,0.007322175732217573,2.778768605337355
er,2026591660,0.029783407723051533,0.030307435133367252,139,0.013767823816059706,10.59483960948396,10.577685854368333,0.6438027666696857,14,1,303,0.006624825662482566,2.7842108714182676
er,2026591661,0.029245740566674446,0.030356357237131544,138,-0.03446102041522473,10.510460251046027,10.549129493319942,0.6411865087607662,19,1,303,0.008368200836820083,2.772932922431316
er,2026591662,0.02941513597032709,0.029370002241984904,131,0.007863111541111344,10.331241283124129,10.338132654202605,0.6370151117675871,13,1,303,0.006624825662482566,2.777850632745394
er,2026591663,0.02942433275863678,0.028760404280618313,129,-0.01990613084120138,10.383542538354254,10.40181055220368,0.631442883299319,19,1,303,0.005927475592747559,2.7761021135226107
er,2026591664,0.034159018400364526,0.030909626140712392,140,-0.02062922814688383,10.475592747559276,10.504495371510957,0.6284657901795351,15,1,303,0.00801952580195258,2.7746595851638145
er,2026591665,0.0346600927287866,0.032490974729241874,147,-0.024184158960873357,10.46513249651325,10.486438074156478,0.6383556834998303,20,1,303,0.00697350069735007,2.7754464188140666
er,2026591666,0.02678449991541982,0.027490393142181494,124,-0.02689339643148451,10.436541143654114,10.467761906522137,0.6346336341240243,14,1,303,0.006624825662482566,2.774921863047232
er,2026591667,0.031027139559463377,0.0328815818706954,148,-0.03205518950642368,10.4163179916318,10.443397740980735,0.6374593503306375,18,1,303,0.005927475592747559,2.7788123183179243
er,2026591668,0.02864415346943011,0.02745944336954904,123,0.027843092700882345,10.370990237099026,10.346620673972158,0.6290372915227312,17,1,303,0.006276150627615063,2.7802985596572904
er,2026591669,0.029690641440787043,0.02908060547311908,130,0.02059072621723476,10.352161785216179,10.345201309077256,0.6349754251981975,17,1,303,0.006276150627615063,2.784888422617096
er,2026591670,0.028319536894775222,0.029689608636977057,132,0.033509379479104345,10.301255230125523,10.256146475410874,0.6295009903920794,21,1,303,0.006624825662482566,2.779511726007038
er,2026591671,0.035481552356916364,0.03491734005485952,157,-0.04454120332198299,10.406555090655509,10.452202745053647,0.6337184798527257,22,1,303,0.006276150627615063,2.772605075077044
er,2026591672,0.030886878705902093,0.03122893731745675,139,-0.006718617757211069,10.31171548117155,10.310591277703056,0.6301380366974426,17,1,303,0.006624825662482566,2.7728017834896073
er,2026591673,0.02530341700405766,0.025669642857142856,115,-0.054363270148275446,10.372384937238495,10.415306202565958,0.6287548809826037,18,1,303,0.006276150627615063,2.770332000087426
er,2026591674,0.030296272888155912,0.03127772848269743,141,-0.019092537051280566,10.430962343096235,10.450969598910469,0.630655870478235,17,1,303,0.006624825662482566,2.7756868402071997
er,2026591675,0.03479110516093626,0.035241635687732344,158,0.0034311326423105814,10.379358437935844,10.38487624942197,0.6308949713652684,16,1,303,0.007322175732217573,2.7768452341922933
er,2026591676,0.03233305069356321,0.03124302611024325,140,-0.06206082719856237,10.374476987447698,10.424561389558477,0.6336947522591087,17,1,303,0.005927475592747559,2.77664852577973
er,2026591677,0.030413002515506885,0.032573052539532174,149,0.012917771182569577,10.569735006973502,10.54585749406658,0.6363907773561238,17,1,303,0.006276150627615063,2.78139138417153
er,2026591678,0.03052378838174136,0.03111495246326707,144,0.025936003176488216,10.682008368200837,10.661011982530544,0.6411245344360018,9,1,303,0.007670850767085077,2.7789216007693485
er,2026591679,0.02979862142646068,0.031985294117647056,145,-0.0181004018405808,10.483960948396096,10.496729384207544,0.6359071987784859,20,1,303,0.005927475592747559,2.774790724105523
er,2026591680,0.03181554790618948,0.03231716253847281,147,-0.01825113723388499,10.516039051603906,10.538378171289384,0.6316147287536338,15,1,303,0.006624825662482566,2.7767359517408696
er,2026591681,0.027682153584890918,0.02852930335422042,129,0.01703379132295983,10.45955369595537,10.444006113334884,0.6343215836882116,17,1,303,0.006276150627615063,2.7787904618276396
er,2026591682,0.03183126912244406,0.03270609318996416,146,0.004783896124771154,10.338912133891215,10.311100088563842,0.6338757044202589,26,1,303,0.00697350069735007,2.783052477433174
er,2026591683,0.03082525716480288,0.031124048365427676,139,-0.008015875144135955,10.343096234309623,10.345401977980604,0.6315028645182984,17,1,303,0.005927475592747559,2.7751404279500798
er,2026591684,0.031392924360309334,0.030623649504507862,137,0.02300059621811481,10.35913528591353,10.32997518885696,0.6288099918050413,14,1,303,0.007670850767085077,2.7839485935348502
er,2026591685,0.034098151788891445,0.03350824587706147,149,0.035611780036383454,10.302649930264993,10.280951746596768,0.6407493779436121,19,1,303,0.005927475592747559,2.7793587305750442
er,2026591686,0.03252241513744135,0.03225806451612903,146,0.015997678120807653,10.468619246861925,10.461285665573667,0.6350614831468064,10,1,303,0.006276150627615063,2.780014425283588
er,2026591687,0.032828930723054504,0.0328875246656435,150,0.0388664818134973,10.5418410041841,10.488690702188082,0.6381670493056631,13,1,303,0.007670850767085077,2.782833912530326
er,2026591688,0.03440286704931281,0.03285724857544587,148,-0.010953541114080256,10.423291492329149,10.4271482797584,0.6369655870456686,15,1,303,0.006624825662482566,2.7777413502939696
er,2026591689,0.03243063478940007,0.03287609959743552,147,-0.0008529895008167632,10.354253835425384,10.352097544111231,0.6253247119583754,17,1,303,0.007322175732217573,2.7744410202609666
er,2026591690,0.033153294859759624,0.033066353148651625,150,0.023859515387432254,10.49023709902371,10.453570305586904,0.6363572354326578,10,1,303,0.006276150627615063,2.7860031036216206
er,2026591691,0.03443107718159062,0.03363576012392122,152,-0.03218240365539055,10.45397489539749,10.478193321379111,0.6309688262512957,20,1,303,0.00697350069735007,2.7725832185867594
er,2026591692,0.031784682454455315,0.0331233790292701,149,0.028393664088718896,10.410739191073919,10.376830910035627,0.630266356736945,18,1,303,0.006276150627615063,2.7792494481236205
er,2026591693,0.026959020225274095,0.027339408757501668,123,-0.007216971427879278,10.412133891213388,10.418843334097525,0.6366602680522307,11,1,303,0.00697350069735007,2.780648263501847
er,2026591694,0.030609147199436262,0.031541798397176676,143,-0.05531739527793057,10.484658298465831,10.537416560155885,0.6399465372092046,19,1,303,0.006624825662482566,2.7784189014927985
er,2026591695,0.03341192070079665,0.033482142857142856,150,-0.03707567970122793,10.372384937238495,10.403841427560124,0.6346051729715095,21,1,303,0.006276150627615063,2.7750967149695103
er,2026591696,0.03757388757848556,0.03591626882115314,163,-0.002439178509722702,10.49442119944212,10.483488394627008,0.6307692261900183,17,1,303,0.00697350069735007,2.789565711538041
er,2026591697,0.032141526222389416,0.033179928741092636,149,0.014989097180893411,10.394700139470014,10.387378395141706,0.6367755438008788,13,1,303,0.00697350069735007,2.7866369418398795
er,2026591698,0.03105794745698708,0.03221800116890707,147,0.015332201472209053,10.545327754532776,10.506607357615183,0.6374025524724418,11,1,303,0.00801952580195258,2.7798614298515942
er,2026591699,0.03298553953536634,0.032462274567537724,147,0.02183048421685245,10.47350069735007,10.457771502337069,0.6332193456902251,18,1,303,0.006624825662482566,2.7856971127576333
er,2026591700,0.03596886667879526,0.03551852663889498,162,-0.04323068679559869,10.5418410041841,10.598620946139569,0.6416564105774939,18,1,303,0.006624825662482566,2.7753808493432124
er,2026591701,0.0294368411823888,0.030451292536877464,139,-0.0005228197588209345,10.549511854951186,10.52725855095234,0.636537557548041,14,1,303,0.00697350069735007,2.7780691976482417
er,2026591702,0.029077227940759804,0.028108268887566925,126,-0.007442924399596566,10.377963737796374,10.397098513364645,0.6330200644867444,13,1,303,0.00697350069735007,2.7746595851638145
er,2026591703,0.03311664153861376,0.03187015861305791,144,-0.003892495072391455,10.45258019525802,10.45467774306094,0.6342217784049466,17,1,303,0.006624825662482566,2.7792494481236205
er,2026591704,0.03319068295312049,0.033638695492854524,153,-0.022996977468763526,10.51534170153417,10.534566376380432,0.6372309941616873,15,1,303,0.006624825662482566,2.776036544051756
er,2026591705,0.022965394470927377,0.025185948891670962,114,0.047676845679606034,10.46931659693166,10.404917224107672,0.6335854510359461,15,1,303,0.006276150627615063,2.7874674884707016
er,2026591706,0.03260381952868849,0.03297682709447415,148,-0.0067652870361471,10.389121338912135,10.40223612293356,0.6342521170345864,15,1,303,0.006276150627615063,2.7792057351430506
er,2026591707,0.03364983826544689,0.030992196209587514,139,0.0033101896575443643,10.38284518828452,10.389996242675334,0.6335213172793254,16,1,303,0.005927475592747559,2.781456953642384
er,2026591708,0.03282037862548545,0.03217455621301775,145,-0.046557732950269305,10.428172942817294,10.483990464064721,0.6425340610984175,14,1,303,0.00697350069735007,2.7761895394837497
er,2026591709,0.03291119620473144,0.03495714930085701,155,-0.009676285431245657,10.276150627615063,10.279926863349985,0.6337421654253338,23,1,303,0.005927475592747559,2.778134767119096
er,2026591710,0.03305274258359505,0.03278808772830632,149,0.022235701035604426,10.50697350069735,10.484811712155917,0.6332104816816524,14,1,303,0.007322175732217573,2.785303695932507
er,2026591711,0.027153591843381255,0.026725082146768893,122,0.007279874519143007,10.550209205020922,10.542694152990187,0.6376916513564738,13,1,303,0.006624825662482566,2.7797302909098858
er,2026591712,0.03601360459252131,0.032752561130636355,146,-0.03359813229799343,10.325662482566248,10.34871778301567,0.6249460980896625,20,1,303,0.00697350069735007,2.7757742661683387
er,2026591713,0.032138270926855665,0.031086924109139706,139,-0.040210377005471844,10.354253835425384,10.402078907524452,0.6336731841682336,17,1,303,0.005927475592747559,2.7748562935763776
er,2026591714,0.032707790194072876,0.032716822636504314,148,0.010543986380896066,10.463737796373781,10.444872785478884,0.6370493101453366,15,2,302,0.006624825662482566,2.774284394182746
er,2026591715,0.028085911285647667,0.029199791960769744,131,0.034311166099457835,10.385634588563459,10.349026329134688,0.6386944522937534,18,1,303,0.006624825662482566,2.784473149301685
er,2026591716,0.03560646357676061,0.03516059639492619,158,-0.01809025709453536,10.40097629009763,10.43497882133449,0.6316688240772775,16,2,302,0.006276150627615063,2.7694660183494313
er,2026591717,0.035196810386160654,0.03424557295477828,156,0.019379669339394837,10.529986052998606,10.525166932645352,0.6388218658476605,9,1,303,0.00801952580195258,2.780429698598999
er,2026591718,0.039389066573108505,0.03737132627181859,167,-0.007768032282415234,10.348675034867505,10.349014471044175,0.6317406557505567,18,1,303,0.005927475592747559,2.7793368740847595
er,2026591719,0.02928690951404988,0.028999409681227863,131,0.025601590439835682,10.450488145048814,10.428306975009072,0.6340536356479862,20,1,303,0.006276150627615063,2.7870740716455753
er,2026591720,0.03455232469118378,0.03558982724104694,160,-0.011743514479289814,10.40516039051604,10.431417155837428,0.629601680810184,14,1,303,0.006624825662482566,2.7742443118484035
er,2026591721,0.02803866903888361,0.029195453532427012,131,-0.003649444615305257,10.38702928870293,10.3853994949246,0.638470417554576,14,1,303,0.006624825662482566,2.7773697899591285
er,2026591722,0.03174011863586704,0.03260869565217391,147,-0.07098563751874272,10.430962343096235,10.498501366512432,0.6330144873461705,17,1,303,0.007322175732217573,2.7743317378095425
er,2026591723,0.03276691607853672,0.03185801277290955,143,0.007477083406038728,10.390516039051604,10.391100671450808,0.6290015351459731,17,1,303,0.006624825662482566,2.7745284462221056
er,2026591724,0.030172598169103698,0.02978439653256279,134,0.01863189248137618,10.412133891213388,10.37927698770739,0.6349689332216997,13,1,303,0.006276150627615063,2.783424037768015
er,2026591725,0.0356792876012445,0.03520968827091276,157,0.004395706477609074,10.32845188284519,10.331347058698544,0.6284739783502159,14,1,303,0.006276150627615063,2.7748781500666624
er,2026591726,0.03499531019455612,0.03549899531145345,159,-0.01096256916294678,10.37029288702929,10.391160892773636,0.6350557995359976,19,1,303,0.006624825662482566,2.7767359517408696
er,2026591727,0.033433976343120196,0.03362030577408342,151,0.002911011323119773,10.396094839609484,10.385083177300709,0.6326812901070327,15,1,303,0.005927475592747559,2.783205472865167
er,2026591728,0.031186122020042874,0.03225331369661267,146,-0.008102069181324823,10.470013947001394,10.468984574874208,0.6321195274019968,16,1,303,0.00697350069735007,2.7775227853911217
er,2026591729,0.025694512997949226,0.02570075899902307,114,-0.016962875508298596,10.27963737796374,10.285896733392365,0.6345873337064368,19,1,303,0.006276150627615063,2.7720368063296394
er,2026591730,0.0337628548744939,0.032403639860915885,146,-0.015603859595164095,10.42608089260809,10.426035650747512,0.6360147291932382,17,1,303,0.006624825662482566,2.780823115424125
er,2026591731,0.0380202709993042,0.037172501306262595,166,-0.012218195507228954,10.342398884239888,10.354366978122075,0.6306605889526681,21,1,303,0.005927475592747559,2.7763425349157433
er,2026591732,0.02835927997930266,0.030693360812601208,139,0.002531248435151891,10.474198047419806,10.471386350096921,0.6332009506533616,15,1,303,0.00697350069735007,2.7761021135226107
er,2026591733,0.030068840217355067,0.029065434490982263,130,-0.00199344751501085,10.357043235704325,10.359410914426931,0.632071604596357,18,1,303,0.006276150627615063,2.7771293685659955
er,2026591734,0.029805471474692577,0.02939443052895241,133,-0.050779226129952115,10.465829846582984,10.501350317104539,0.6356138447285797,17,1,303,0.00697350069735007,2.7768452341922933
er,2026591735,0.032958071490701846,0.03431987600560927,155,-0.013739625960421687,10.44839609483961,10.459125873958584,0.6306537764312954,11,1,303,0.006624825662482566,2.7746595851638145
er,2026591736,0.02860105049051498,0.030133928571428572,135,0.050585166856149194,10.372384937238495,10.340405712511282,0.6347060392852472,15,1,303,0.006624825662482566,2.77979586038074
er,2026591737,0.028919247774809802,0.028558476881233003,126,0.003937695094072555,10.230125523012553,10.224226372486418,0.634417356570822,19,1,303,0.005927475592747559,2.7765610998185912
er,2026591738,0.03355297014295267,0.03215077605321508,145,-0.04566415696239958,10.435146443514645,10.477840998116188,0.6358379015557233,16,1,303,0.005927475592747559,2.780429698598999
er,2026591739,0.03036589103857595,0.031340297843965324,141,-0.01641579472043328,10.412133891213388,10.442402389075365,0.6331690037135582,23,1,303,0.006276150627615063,2.78139138417153
er,2026591740,0.02997148043204506,0.03056443816464639,137,0.02049773111769865,10.377266387726639,10.343823685405546,0.6396190076883147,18,1,303,0.006624825662482566,2.784735427185103
er,2026591741,0.029878491512154878,0.031175239234449762,139,0.009660931716745058,10.327754532775455,10.329849903488517,0.6324964364568325,15,1,303,0.005578800557880056,2.777500928900837
er,2026591742,0.0269981550542811,0.028226992061158484,128,-0.009275850693937873,10.486750348675034,10.491347808487173,0.6387151549134659,17,1,303,0.006624825662482566,2.7793150175944747
er,2026591743,0.029273911043674706,0.027390142517814728,123,-0.025010179067639582,10.394700139470014,10.42026672464477,0.636563375148116,19,1,303,0.006624825662482566,2.770856555854261
er,2026591744,0.031006562733411888,0.030113763105063574,135,-0.0654402543974393,10.378661087866108,10.439948333876698,0.6362426031980488,17,1,303,0.005927475592747559,2.775468275304352
er,2026591745,0.03393485590861675,0.03304308997544095,148,-0.02538586958859785,10.37029288702929,10.393474103659019,0.6306586120796953,16,1,303,0.006624825662482566,2.783424037768015
er,2026591746,0.033908479190948616,0.029939673791613913,134,-0.03278585175413231,10.36331938633194,10.399412265079125,0.6323662357078198,19,1,303,0.005927475592747559,2.7763425349157433
er,2026591747,0.02657731028435746,0.027636524430687596,125,-0.005761013048466339,10.46234309623431,10.471704728380617,0.6389609985562228,18,1,303,0.006276150627615063,2.7713155421502416
er,2026591748,0.034333696102233635,0.033968090581574885,154,0.0042822696784037195,10.484658298465831,10.4822140102368,0.6361134265055579,15,1,303,0.00697350069735007,2.784385723340546
er,2026591749,0.029393493648007335,0.030189246019825772,134,-0.016892397724317026,10.285913528591353,10.288567894981698,0.6343628528980887,15,1,303,0.006276150627615063,2.7785063274539374
er,2026591750,0.03152418273728392,0.03038653459447382,136,0.004419656821180274,10.36331938633194,10.342113352684116,0.6335198821002549,17,1,303,0.00697350069735007,2.778659322885931
er,2026591751,0.02538606478618127,0.028946011637327834,131,0.00303402882103166,10.467921896792191,10.47623398032542,0.632756271479335,18,1,303,0.007322175732217573,2.7702008611457174
er,2026591752,0.027757632163266224,0.028070433949753188,127,-0.007827689499285374,10.46513249651325,10.456539121914776,0.6360438195834235,19,1,303,0.00697350069735007,2.781959652918934
er,2026591753,0.032839155494950485,0.03289183222958057,149,-0.042317674941952155,10.476987447698745,10.515358976643194,0.6361588003769133,16,1,303,0.006276150627615063,2.7766922387602997
er,2026591754,0.030388413760574502,0.031063766388557807,139,-0.00761109917641752,10.361227336122734,10.375144081419561,0.635060337535585,15,1,303,0.005927475592747559,2.776801521211724
er,2026591755,0.0328915655602349,0.03276027447797535,148,0.016000674502185657,10.451185495118551,10.432628445470229,0.6312300180675253,16,1,303,0.007322175732217573,2.7786156099053616
er,2026591756,0.027039181509187334,0.028272251308900525,126,-0.041512773444212225,10.323570432357045,10.360848429973357,0.6320478888548196,21,1,303,0.006276150627615063,2.7740257469455556
er,2026591757,0.033574947243984424,0.03440670489633877,156,-0.005660561991433361,10.485355648535565,10.48449095289438,0.6350825601135965,13,1,303,0.00697350069735007,2.780976110856119
er,2026591758,0.026178960817865884,0.027708943455733274,123,-0.021977135982840144,10.286610878661088,10.303944128252514,0.634978424582385,21,1,303,0.005927475592747559,2.777282363997989
er,2026591759,0.03370491042685507,0.03395221540054738,153,-0.07313000144775139,10.427475592747559,10.497922631346135,0.6357267745736005,16,1,303,0.00697350069735007,2.772626931567329
er,2026591760,0.028867265575263003,0.02937410559614371,130,-0.03996906366650295,10.258716875871688,10.293157716439604,0.6329366361544579,27,1,303,0.00697350069735007,2.773960177474701
er,2026591761,0.032142030219306984,0.03214130592152888,148,0.017583204885527216,10.633193863319386,10.612871460997017,0.6374354252921521,10,1,303,0.00697350069735007,2.7794243000458985
er,2026591762,0.032262708885796895,0.033234200743494424,149,-0.020287599564983303,10.379358437935844,10.388568707487108,0.6375845702432773,16,1,303,0.006624825662482566,2.7811946757589667
er,2026591763,0.02983238476831954,0.030575539568345324,136,-0.013361675179035502,10.305439330543933,10.320618100379312,0.6306378728262828,15,1,303,0.006276150627615063,2.77253950560619
er,2026591764,0.036235797254863554,0.03725461035098156,167,-0.024443537344397647,10.377963737796374,10.389185492790311,0.6356438679312879,12,1,303,0.00697350069735007,2.7754464188140666
er,2026591765,0.03214659817516698,0.029592820588889714,133,-0.01875213536088124,10.402370990237099,10.409524171522609,0.6364071755160864,20,1,303,0.006624825662482566,2.773173343824449
er,2026591766,0.031086532542260625,0.030065359477124184,138,-0.006433310239130879,10.602510460251047,10.609550756538045,0.6380544583223675,10,1,303,0.00801952580195258,2.7818503704675104
er,2026591767,0.03026498081827144,0.03265940902021773,147,0.08421465498741279,10.4163179916318,10.34261884791151,0.6296363454488091,14,1,303,0.006276150627615063,2.783555176709724
er,2026591768,0.0315352227507762,0.030072437257627864,137,0.021042592804360057,10.53068340306834,10.50778071971057,0.639040817660963,12,1,303,0.007322175732217573,2.7782221930802353
er,2026591769,0.032719103514248046,0.030871003307607496,140,-0.013093570815768361,10.48744769874477,10.496518838580805,0.6434576241506934,16,1,303,0.006624825662482566,2.7812165322492515
er,2026591770,0.032843616073239344,0.035335175221753674,162,0.014278094427649518,10.591352859135288,10.588101555012553,0.6373012675648086,9,1,303,0.00697350069735007,2.7805171245601383
er,2026591771,0.027090012502478233,0.02733584032398033,126,-0.05075514094861984,10.642956764295677,10.699670378090893,0.6389269782397331,19,1,303,0.008368200836820083,2.7756868402071997
er,2026591772,0.033690413320582216,0.030119592499630886,136,-0.0017064178118690032,10.446304044630406,10.45366963166905,0.6351171192318542,13,1,303,0.006276150627615063,2.7753589928529276
er,2026591773,0.031025394071404554,0.032613585245164195,145,-0.02012247422335096,10.301255230125523,10.321912407250204,0.6368914272379619,21,1,303,0.006276150627615063,2.780910541385264
er,2026591774,0.030083063478214135,0.029199791960769744,131,0.03037086459573341,10.385634588563459,10.363753153757521,0.6337952156021462,16,1,303,0.00697350069735007,2.7886695954363647
er,2026591775,0.029898916416097546,0.028956228956228958,129,-0.022479596851122288,10.320083682008368,10.3311829860534,0.627990179970378,16,1,303,0.006276150627615063,2.7809323978755494
er,2026591776,0.03211168418920618,0.030914176358015605,140,-0.0141137330759027,10.474198047419806,10.492887686984261,0.6344379676062845,14,1,303,0.006624825662482566,2.775664983716915
er,2026591777,0.029176714266988,0.028242677824267783,126,-0.008602572365285487,10.333333333333334,10.344201097280596,0.6391388465500288,16,1,303,0.006276150627615063,2.771687102485083
er,2026591778,0.02641559835793965,0.027835510688836104,125,0.0022304151796149153,10.394700139470014,10.395938247401554,0.6330956684334669,17,1,303,0.006276150627615063,2.7783751885122285
er,2026591779,0.027783706511138078,0.02874331550802139,129,-0.01443669768818384,10.389121338912135,10.393131781126831,0.6332284281541707,18,1,303,0.006276150627615063,2.7765173868380217
er,2026591780,0.035023923949681846,0.03204985533051413,144,-0.010582183674040612,10.39958158995816,10.419647728503444,0.6342730211396489,18,1,303,0.006624825662482566,2.7802548466767205
er,2026591781,0.03289766059131231,0.031780131861619376,143,-0.030897606343472085,10.41352859135286,10.45112535951936,0.6281386014059281,18,1,303,0.006276150627615063,2.7769545166437175
er,2026591782,0.029038471073998155,0.027993779160186624,126,-0.007477569795863924,10.4163179916318,10.434014163374968,0.6349513778678019,17,1,303,0.006276150627615063,2.7782877625510896
er,2026591783,0.029652760805628415,0.0285061873895109,129,0.03323125983516959,10.467224546722456,10.439922731343662,0.6361709673445258,14,1,303,0.00697350069735007,2.778331475531659
er,2026591784,0.035223630013348925,0.03623241770380735,164,0.021892398772125173,10.46931659693166,10.456740515581288,0.6342854713379343,13,1,303,0.00697350069735007,2.780538981050423
er,2026591785,0.029265430086936387,0.029089840593550284,132,-0.002317070151736841,10.49302649930265,10.493238703201,0.6346914178597347,20,1,303,0.006624825662482566,2.7763425349157433
er,2026591786,0.02598965350781554,0.02735562310030395,123,0.02223498108824347,10.406555090655509,10.390266850401572,0.6341244701393216,18,1,303,0.006624825662482566,2.77874674884707
er,2026591787,0.030540751769639368,0.02923757403103681,130,-0.02191438836805533,10.301952580195259,10.32122331280747,0.6293367615149794,16,1,303,0.006276150627615063,2.774397307280397
er,2026591788,0.03478985320707418,0.03365810451727192,152,-0.01651319699909714,10.447698744769875,10.47060254000258,0.6332496219546767,21,1,303,0.006624825662482566,2.7792057351430506
er,2026591789,0.03050628405132896,0.03162286801844667,144,-0.046139041318440155,10.526499302649931,10.571042752048484,0.6406922541532326,17,1,303,0.00697350069735007,2.7757742661683387
er,2026591790,0.03140310529652405,0.03190546528803545,144,0.001916689028218678,10.442119944211996,10.428502777556359,0.6341286784356092,20,1,303,0.006276150627615063,2.784888422617096
er,2026591791,0.03136032249387857,0.03100141253438406,139,-0.05775294346030196,10.38005578800558,10.444416659399186,0.636491858892849,13,1,303,0.00697350069735007,2.7696325923983127
er,2026591792,0.03237039228594266,0.03215409983510718,143,-0.0301038768385281,10.304044630404464,10.331704478894345,0.6377401339035003,15,1,303,0.005927475592747559,2.7714466810919505
er,2026591793,0.029236627067145412,0.032942573082059654,148,-0.010699505056329625,10.398884239888424,10.401430673125489,0.6330370041421293,19,1,303,0.006276150627615063,2.7790527397110574
er,2026591794,0.03835802994218836,0.03668238067177372,166,-0.015118003488238024,10.467224546722456,10.487717961895306,0.638356559476245,18,1,303,0.007670850767085077,2.7728673529604615
er,2026591795,0.027166186237240403,0.02868279767595793,130,-0.016309469859774793,10.48186889818689,10.507284426460314,0.6400347786340798,15,1,303,0.007670850767085077,2.7779380587065328
er,2026591796,0.03227640348153483,0.03381464564608811,153,0.016328638655492996,10.465829846582984,10.463955216896393,0.6377865711587319,17,1,303,0.00697350069735007,2.775621270736345
er,2026591797,0.03472212489623518,0.0342095520177712,154,-0.00233284574605494,10.41771269177127,10.406222143565811,0.6397339379686956,19,1,303,0.007670850767085077,2.7812165322492515
er,2026591798,0.02549756999991497,0.027069351230425056,121,0.053810829834756026,10.351464435146443,10.299528091906936,0.6292712009296167,15,1,303,0.006624825662482566,2.781172819268682
er,2026591799,0.029117458463318743,0.030119592499630886,136,0.00675040311191405,10.446304044630406,10.443912321450792,0.6310811085417958,15,1,303,0.007670850767085077,2.7788997442790637
er,2026591800,0.03173307580704202,0.031110116383169205,139,-0.017563894039616806,10.347280334728033,10.358777387919789,0.6356897438289401,22,1,303,0.006276150627615063,2.7770419426048565
er,2026591801,0.032879335660349056,0.033768169959001115,151,0.014886170512684498,10.35495118549512,10.338063126502265,0.6395694926635521,20,1,303,0.006276150627615063,2.783642602670863
er,2026591802,0.029704417328179702,0.03027422303473492,138,-0.005201913904471689,10.53626220362622,10.548447720499263,0.6334230427998628,15,1,303,0.007322175732217573,2.7738946080038467
er,2026591803,0.03365539527449836,0.03339436103991212,152,0.034575685676894966,10.522315202231521,10.469979578490062,0.6412935707490163,18,1,303,0.006276150627615063,2.7839048805542808
er,2026591804,0.02889771847255831,0.03258443683975599,146,0.029050777280428833,10.373779637377964,10.346485698990067,0.6307973956197602,16,1,303,0.006276150627615063,2.7801892772058663
er,2026591805,0.036795577855566204,0.03369272237196765,150,0.010522797787321379,10.313807531380753,10.300997694307245,0.6306073830826306,17,1,303,0.007322175732217573,2.7797740038904553
er,2026591806,0.03366043887301896,0.03116824874803797,139,-0.010087837389569998,10.32984658298466,10.340630107505472,0.6291855833935042,16,1,303,0.006276150627615063,2.774266168338688
er,2026591807,0.03363564409605546,0.03535651149086624,160,0.04943277299239316,10.467224546722456,10.416259869899939,0.6388930376554139,19,1,303,0.00697350069735007,2.782812056040041
er,2026591808,0.032922446153142285,0.03152986455480719,142,0.007340034276897356,10.42189679218968,10.426591403271583,0.6343843038149969,13,1,303,0.006624825662482566,2.781238388739536
er,2026591809,0.035374612575513775,0.03512566186889403,157,-0.054488541551319776,10.35076708507671,10.41332740623885,0.6342860411876138,18,1,303,0.006624825662482566,2.769807444320591
er,2026591810,0.03268811270834383,0.03297442799461642,147,0.03578755456042621,10.326359832635983,10.299949807790519,0.6366723453211514,13,1,303,0.00697350069735007,2.7784189014927985
er,2026591811,0.032058846910332055,0.033869158878504675,151,0.016060804965454163,10.327057182705719,10.318557593746878,0.6315762116504691,16,1,303,0.006276150627615063,2.783751885122287
er,2026591812,0.031886167415548526,0.03310283948800941,150,-0.007030084686616544,10.479776847977686,10.480349455975547,0.6395850299315646,18,1,303,0.00697350069735007,2.7792057351430506
er,2026591813,0.03288065555101082,0.034942495055307304,159,0.05495959424563684,10.51952580195258,10.45227208726044,0.6371835640254394,15,1,303,0.007322175732217573,2.7891067252420605
er,2026591814,0.030604596227776195,0.03169726489321843,141,-0.015923765483197194,10.306136680613669,10.32448471145326,0.6284061922675784,18,1,303,0.005927475592747559,2.781741088016086
er,2026591815,0.029363022490570538,0.028420110398329108,127,0.03414143696527242,10.348675034867505,10.318727306634994,0.6370925411330187,16,1,303,0.006276150627615063,2.7796210084584616
er,2026591816,0.029610336797750585,0.028010586678429643,127,-0.012706442287492755,10.485355648535565,10.496330462254427,0.6360286532316235,23,1,303,0.006624825662482566,2.7795335824973226
er,2026591817,0.029817540237336085,0.029820627802690583,133,-0.0668247919530879,10.330543933054393,10.39716550867541,0.6359089081715756,15,1,303,0.00697350069735007,2.7707909863834064
er,2026591818,0.02802862139603089,0.030332534451767524,135,0.026587445645159098,10.311018131101815,10.292786816544977,0.6319000411676592,12,1,303,0.006624825662482566,2.775337136362643
er,2026591819,0.029681272230240748,0.02967032967032967,135,-0.03239771850524185,10.518828451882845,10.52503148153303,0.6289639769837789,19,1,303,0.00697350069735007,2.7825279216663388
er,2026591820,0.03350741108994488,0.032731293770733506,148,-0.01788523299846239,10.45955369595537,10.471511371671534,0.6383927586897884,19,1,303,0.00697350069735007,2.7816099490743778
er,2026591821,0.027865568589404397,0.029154302670623144,131,0.030114537053343996,10.400278940027894,10.368819968780086,0.6296853018096465,19,1,303,0.00801952580195258,2.780538981050423
er,2026591822,0.03582711373916965,0.03550427986602159,159,-0.014120895579066182,10.368898186889819,10.377029000842338,0.6314469464076337,15,1,303,0.007322175732217573,2.7819815094092193
er,2026591823,0.0333046385417412,0.030537729586191636,138,-0.05635751173163961,10.45397489539749,10.497831774694724,0.6391873161675141,24,1,303,0.006624825662482566,2.7756868402071997
er,2026591824,0.029619715450264452,0.031025377732140237,141,-0.0019300350467148532,10.507670850767086,10.516589484039978,0.6366738093223242,13,1,303,0.007322175732217573,2.7731952003147335
er,2026591825,0.0348050984971256,0.03154666277201694,144,-0.015297766307465573,10.549511854951186,10.558398266835948,0.6453414219357726,17,1,303,0.007322175732217573,2.780123707735012
er,2026591826,0.03066240139930481,0.030491876251947474,137,0.015831521747352792,10.39958158995816,10.35671423385038,0.6306355086058056,17,1,303,0.006624825662482566,2.783861167573711
er,2026591827,0.030189080923991876,0.031860756692971455,144,-0.03715946989701131,10.45536959553696,10.495369548607295,0.6377060109587774,19,1,303,0.006624825662482566,2.7749655760278014
er,2026591828,0.03242284527957213,0.03282661379158405,149,-0.021718204143043887,10.49581589958159,10.523452167722697,0.636132805534378,16,1,303,0.006276150627615063,2.7740257469455556
er,2026591829,0.03239811075540469,0.033710373567495164,151,-0.022831110990321982,10.370990237099026,10.390634049668703,0.6404163951193653,18,1,303,0.00697350069735007,2.7711188337376784
er,2026591830,0.03455665971682279,0.03258671061502734,145,-0.030204843492338023,10.308926080892608,10.326565537937116,0.6241655530021867,17,1,303,0.005927475592747559,2.7747470111249535
er,2026591831,0.037964149134948874,0.03704530238785985,166,0.0006312109512356883,10.374476987447698,10.386161599735996,0.6323368535948618,12,1,303,0.006624825662482566,2.7781566236093806
er,2026591832,0.031738257263959985,0.0315955766192733,140,0.04959159437854842,10.269874476987448,10.23487844205666,0.6303578251598054,19,1,303,0.00697350069735007,2.7805826940309926
er,2026591833,0.030183184769672834,0.03063943161634103,138,0.004924308230543952,10.422594142259415,10.412917912670387,0.6297095368877547,17,1,303,0.006276150627615063,2.777282363997989
er,2026591834,0.0317777645544865,0.03264680105170903,149,-0.029019112476107917,10.548117154811717,10.597363838621924,0.6399039402970679,17,1,303,0.006624825662482566,2.7770637990951412
er,2026591835,0.035815625274749206,0.03520093869169844,160,-4.094886752829269e-05,10.509065550906556,10.501746080435963,0.6429405063432436,13,1,303,0.006624825662482566,2.7836644591611477
er,2026591836,0.032601824097854504,0.032942737121379614,149,-0.03299239524366013,10.46234309623431,10.495595094415712,0.6374962828845059,18,1,303,0.006624825662482566,2.7748562935763776
er,2026591837,0.03177478761269338,0.03075323131778339,138,-0.03613948012558132,10.387726638772666,10.43535811543084,0.6332311005287127,14,1,303,0.006624825662482566,2.7809323978755494
er,2026591838,0.034469139170576805,0.03441340782122905,154,0.01742113503990554,10.361924686192468,10.347807603030912,0.6289073000706664,17,1,303,0.006624825662482566,2.7852818394422223
er,2026591839,0.031090758374423273,0.031791273843455384,145,0.044052175147698436,10.5418410041841,10.50037629949502,0.634777128057559,17,1,303,0.006624825662482566,2.782090791860643
er,2026591840,0.030874028273102542,0.03446005267778753,157,-0.006864729980551378,10.531380753138075,10.53696259601181,0.633099093684417,17,1,303,0.00697350069735007,2.777216794527135
er,2026591841,0.03391693885363995,0.033510987807549096,153,0.0024013069506471163,10.551603905160391,10.55669499750018,0.6341953983698305,11,1,303,0.00697350069735007,2.7807794024435557
er,2026591842,0.034627571785405216,0.033052351375332745,149,0.00362570783875162,10.430962343096235,10.420002255827823,0.6403759057224403,13,1,303,0.006276150627615063,2.784320153869692
er,2026591843,0.028004448796528005,0.027927595123753233,126,-0.008326409536875867,10.43863319386332,10.444511310374734,0.6369500915292995,20,1,303,0.007670850767085077,2.7746814416540992
er,2026591844,0.03279338279261646,0.03299398082782195,148,-0.011991619990445951,10.38423988842399,10.39277460141766,0.6309923025269559,19,1,303,0.006624825662482566,2.7783096190413743
er,2026591845,0.029979208866803508,0.030502523590081192,139,-0.019509249503189253,10.533472803347282,10.552032953241456,0.6404801194405154,15,1,303,0.007322175732217573,2.775970974580902
er,2026591846,0.03729804525945285,0.038,171,-0.016897109544303082,10.414225941422595,10.43194608543289,0.6372449378637497,12,1,303,0.00697350069735007,2.7803859856184294
er,2026591847,0.03130165597673184,0.03125458547322084,142,-0.04435097339323574,10.504881450488146,10.55280146924807,0.6365110425608387,15,1,303,0.006624825662482566,2.77304220488274
er,2026591848,0.03550862089010021,0.03443906075288856,154,-0.05129437042851355,10.35495118549512,10.404530702276125,0.6366659241074901,20,2,302,0.005927475592747559,2.7712701590724076
er,2026591849,0.03273960281976099,0.03465418920894868,158,0.009171245896807642,10.538354253835426,10.526792764656772,0.6386796027157122,12,1,303,0.007670850767085077,2.785303695932507
er,2026591850,0.04022122525479053,0.038273675001822556,175,0.002490054999685112,10.565550906555092,10.561519950646105,0.6348272898287459,16,1,303,0.006624825662482566,2.7815225231132383
er,2026591851,0.029197300790195373,0.0262905957728846,119,-0.04935427215867183,10.46931659693166,10.523624205503937,0.6367833055660662,17,1,303,0.007322175732217573,2.7703757130679953
er,2026591852,0.030503055720693586,0.03184094476418267,142,-0.015852625161542334,10.32984658298466,10.331246645471655,0.6326239330461811,23,1,303,0.007322175732217573,2.771075120757109
er,2026591853,0.03139053024026816,0.031164205683757513,140,-0.022275946938223892,10.39818688981869,10.417258410822766,0.6328446764090329,20,1,303,0.006276150627615063,2.771271829169672
er,2026591854,0.03010033657966098,0.03161618394870661,143,-0.006185907202077643,10.46234309623431,10.448772467744512,0.6302160252655302,21,1,303,0.007322175732217573,2.7767578082311544
er,2026591855,0.03027797608461557,0.030070754716981132,136,-0.0043450865163460525,10.461645746164574,10.480902548345764,0.6336998570035844,15,1,303,0.006276150627615063,2.775664983716915
er,2026591856,0.027856594446117176,0.027406417112299464,123,0.01681661037550758,10.389121338912135,10.37574777947521,0.6358061048509506,15,1,303,0.00697350069735007,2.777347933468844
er,2026591857,0.028263417270406203,0.030255490811295385,135,0.03264590972512703,10.334728033472803,10.28954080389724,0.633094811312633,17,1,303,0.006276150627615063,2.7822656437829214
er,2026591858,0.034482171921248646,0.031195079086115993,142,0.00414111103540191,10.523012552301257,10.530108060094957,0.6364469500171306,17,1,303,0.00697350069735007,2.7785718969247917
er,2026591859,0.029218211799519465,0.030470302495032017,138,0.0066899824904799775,10.47489539748954,10.468371080904799,0.6318456204594818,13,1,303,0.006624825662482566,2.7781784800996654
er,2026591860,0.03258836282929714,0.03259656173252958,146,0.0005882933135339345,10.37029288702929,10.386159996926558,0.6298900017668217,14,1,303,0.006624825662482566,2.777216794527135
er,2026591861,0.030893321813838016,0.03147482014388489,140,-0.030488464331354468,10.305439330543933,10.320913527791728,0.6296889940017488,22,1,303,0.006624825662482566,2.7786374663956463
er,2026591862,0.029024240242552474,0.029162132752992384,134,-0.03914698385942991,10.612970711297072,10.672751729223775,0.6381899100812903,17,1,303,0.007322175732217573,2.7725832185867594
er,2026591863,0.03049895980650356,0.030730403800475058,138,0.0011650625399503103,10.394700139470014,10.401366223941938,0.6301321308601449,14,1,303,0.00697350069735007,2.7717308154656526
er,2026591864,0.03456104529810197,0.03425058548009368,156,-0.012234925195284622,10.528591352859136,10.568948314543062,0.6411311487752955,13,1,303,0.006624825662482566,2.771053264266824
er,2026591865,0.030180537247637144,0.031404349428676745,142,-0.02460604483095786,10.45955369595537,10.469861507266865,0.6381150981398507,16,1,303,0.00697350069735007,2.7839485935348502
er,2026591866,0.02696060069155738,0.027692307692307693,126,-0.022650593946418347,10.518828451882845,10.53981111858223,0.6395986668263897,17,1,303,0.00697350069735007,2.779183878652766
er,2026591867,0.03398609290158197,0.0344853159299911,155,-0.03329912090088676,10.403068340306834,10.430458934171805,0.6388097967305888,24,1,303,0.00697350069735007,2.7779817716871027
er,2026591868,0.03332532864304927,0.03441385435168739,155,0.005342914367205757,10.422594142259415,10.427851292710441,0.6324946505639575,20,1,303,0.006624825662482566,2.777610211352261
er,2026591869,0.030887786580855888,0.03209636390842436,143,0.000515198638751128,10.320781032078104,10.304493640486653,0.6337265530043631,13,1,303,0.007322175732217573,2.7757086966974844
er,2026591870,0.031052015798207135,0.031303570097637325,140,0.003318359348361874,10.356345885634589,10.357074056629967,0.6326656515576143,12,1,303,0.00697350069735007,2.7795335824973226
er,2026591871,0.029865831308065312,0.02762307863666741,124,-0.038167427792748274,10.391213389121338,10.423668102104328,0.6358253617863403,17,1,303,0.007670850767085077,2.7664415448167334
er,2026591872,0.03366301820873748,0.0346973135202401,158,-0.041453785759023934,10.526499302649931,10.563137940867993,0.6391256950517288,16,1,303,0.00906555090655509,2.776233252464319
er,2026591873,0.03297895669765209,0.030203545633617858,138,-0.0015215215726830608,10.558577405857742,10.584887984058048,0.6408873350705034,14,1,303,0.007322175732217573,2.778134767119096
er,2026591874,0.02814030115857048,0.029151749835610433,133,0.004588265967722359,10.54463040446304,10.544141322990985,0.6415444749603165,15,1,303,0.007322175732217573,2.7752934233820734
er,2026591875,0.029465653984398425,0.030598570577724835,137,-0.019349782253666025,10.366806136680614,10.370673510622703,0.6316805261112192,20,1,303,0.006624825662482566,2.7777413502939696
er,2026591876,0.02989398975053268,0.030798988245796757,138,0.025264126049613148,10.373779637377964,10.360865185056706,0.6312119503805583,15,1,303,0.006624825662482566,2.7747251546346687
er,2026591877,0.030351761176639333,0.03064373897707231,139,0.011605853669659875,10.489539748953977,10.470410466011728,0.6342915833815659,16,1,303,0.00697350069735007,2.77354490415929
er,2026591878,0.03004102177078298,0.030031143407978644,135,0.037522282362892,10.404463040446306,10.365383597991343,0.6290177547166481,16,1,303,0.006276150627615063,2.7821563613314972
er,2026591879,0.03513844387307895,0.03498737186153618,157,0.002092421735739194,10.387726638772666,10.384817727086219,0.6362783178231635,16,1,303,0.00697350069735007,2.7792057351430506
er,2026591880,0.030754786883898245,0.029975754904121667,136,0.0020942260133772128,10.49163179916318,10.462962580506568,0.6405358759319155,19,1,303,0.006624825662482566,2.7813039582103904
er,2026591881,0.030851484739079383,0.03128258602711158,140,-0.038241863714142774,10.362622036262204,10.393720793917359,0.6289309086047584,20,1,303,0.006276150627615063,2.7721460887810636
er,2026591882,0.035277116377873514,0.03519976236447349,158,-0.016171148456771155,10.390516039051604,10.403010122440815,0.6314511625155189,17,1,303,0.006276150627615063,2.779708434419601
er,2026591883,0.030999994526494233,0.0323323918537238,145,0.01711764750501351,10.382147838214784,10.352118388955896,0.6344805451241095,17,1,303,0.006276150627615063,2.7779380587065328
er,2026591884,0.03258775188012229,0.03245646535753983,146,-0.048863388794169904,10.410739191073919,10.456846674486453,0.6269019942287268,17,1,303,0.006276150627615063,2.7692391755731864
er,2026591885,0.027284277124114048,0.026996876394466757,121,-0.03738749182755391,10.376569037656905,10.416153690891605,0.6356828448412607,20,1,303,0.007322175732217573,2.7749437195375166
er,2026591886,0.030890663403767657,0.030797636632200885,139,-0.020997633994912286,10.442119944211996,10.458154826202293,0.6405765773194427,23,1,303,0.006276150627615063,2.772189801761633
er,2026591887,0.02845504480930407,0.03022613627882678,135,0.00012699345259294405,10.343793584379359,10.348802176342561,0.6295710752393922,16,1,303,0.006624825662482566,2.7769763731340023
er,2026591888,0.034603553546477255,0.033178500331785,150,-0.002192466626592196,10.4581589958159,10.45305226520282,0.632088774757674,15,1,303,0.006276150627615063,2.777413502939698
er,2026591889,0.027123124400352125,0.028339779827432313,127,-0.008926059429544629,10.375174337517434,10.37460994267925,0.6371906284034996,22,1,303,0.007322175732217573,2.77824404957052
er,2026591890,0.036099708333255216,0.03318094676301431,150,-0.04809310076709516,10.457461645746166,10.506245215396351,0.6286205360462787,16,1,303,0.007322175732217573,2.7750748584792255
er,2026591891,0.03441745917070075,0.03355161503936428,152,-0.020934652450063703,10.47768479776848,10.473292309470006,0.6370870008246245,19,1,303,0.006624825662482566,2.787380062509562
er,2026591892,0.030876113898827936,0.030512249443207125,137,-0.04629942363682558,10.393305439330545,10.443296728670928,0.6369090259596958,20,1,303,0.006276150627615063,2.7745284462221056
er,2026591893,0.03408368057005521,0.03413908516177017,153,0.020217501596286835,10.37587168758717,10.368259453909532,0.6306289969656306,18,1,303,0.006624825662482566,2.783620746180578
er,2026591894,0.033310242335316674,0.03103140348266111,139,-0.05602292707258987,10.370990237099026,10.42570203120007,0.6364023536053239,18,1,303,0.006624825662482566,2.7718182414267916
er,2026591895,0.030367659364139578,0.031166518254674976,140,-0.02677084105682026,10.397489539748955,10.417963488567551,0.6339067299317737,18,1,303,0.00801952580195258,2.7745503027123903
er,2026591896,0.026299920446688066,0.023727572317832298,108,-0.035985861696098916,10.522315202231521,10.548273355669979,0.6324480107459141,12,1,303,0.007322175732217573,2.7761239700128955
er,2026591897,0.037176265512102194,0.03280122457905095,150,-0.007652905854467042,10.566945606694562,10.583089654311262,0.6413748547339112,16,1,303,0.00697350069735007,2.777632067842546
er,2026591898,0.03388724647792337,0.03160898514670374,144,-0.016493801369858015,10.53068340306834,10.545893275125719,0.6393181030557268,16,1,303,0.00801952580195258,2.7702882871068564
er,2026591899,0.03420235257742538,0.033893265943213916,152,0.05768216420771533,10.382147838214784,10.323514220631285,0.633318841472598,12,1,303,0.006276150627615063,2.788975586300352
er,2026591900,0.028264431899137476,0.02766915074153324,125,-0.014102696278106558,10.451185495118551,10.469216680936173,0.6383612550546156,18,1,303,0.006624825662482566,2.7728454964701768
er,2026591901,0.027922920497177924,0.0291583830351226,132,0.012351512233389268,10.47071129707113,10.46561781582166,0.638118947372005,19,1,303,0.006276150627615063,2.7788123183179243
er,2026591902,0.030140336865653358,0.030352263496049036,137,-1.4555192512065839e-05,10.44281729428173,10.43793731139124,0.6390220911770126,18,1,303,0.006624825662482566,2.781675518545232
er,2026591903,0.03923130428126903,0.03839964891749561,175,0.018212560182592662,10.534170153417016,10.52175701778436,0.6371545135013393,14,1,303,0.006624825662482566,2.7796865779293163
er,2026591904,0.027734610831658926,0.02841618327336809,129,-0.01691864700588808,10.49721059972106,10.522208680044793,0.6420617136419637,17,1,303,0.00697350069735007,2.775752409678054
er,2026591905,0.03055659201706469,0.02989010989010989,136,-0.015032500102671906,10.518828451882845,10.542671315096445,0.6398618473676715,14,1,303,0.006624825662482566,2.7709002688348305
er,2026591906,0.03163032803240632,0.030957052539786353,142,-0.013099050554692447,10.596234309623432,10.599755819150111,0.64092804831011,14,1,303,0.00697350069735007,2.775949118090617
er,2026591907,0.03247469438423673,0.02927478376580173,132,-0.04464831526020817,10.43305439330544,10.48482969455328,0.6327167099754691,15,1,303,0.00697350069735007,2.7699385832622996
er,2026591908,0.03155193778373743,0.03164650339333137,143,0.017439961848233956,10.453277545327754,10.443288782121048,0.636270766701751,13,1,303,0.007322175732217573,2.7748125805958077
er,2026591909,0.033931933378642753,0.031120799819589567,138,-0.04923342936261292,10.276847977684797,10.315322303346473,0.6328119121435952,16,1,303,0.005927475592747559,2.779446156536183
er,2026591910,0.02912803088675939,0.027706862892326174,123,-0.0542200216861835,10.287308228730824,10.333744335972058,0.629408842898942,21,1,303,0.00697350069735007,2.7697418748497364
er,2026591911,0.037814766008065215,0.03588621444201313,164,-0.04155117443089115,10.560669456066947,10.60063003122118,0.6398447582853523,16,1,303,0.00697350069735007,2.7758616921294776
er,2026591912,0.0332754544407366,0.03305906553041434,150,-0.01381185871127938,10.492329149232916,10.4991374192421,0.6375540244716132,14,1,303,0.007670850767085077,2.7743098813192577
er,2026591913,0.030229142625304843,0.03050397877984085,138,-0.04053869527797418,10.464435146443515,10.495690697995053,0.6399237084880649,23,1,303,0.006624825662482566,2.7706817039319827
er,2026591914,0.029449849775233707,0.02786583118319204,126,-0.05781565502845115,10.45955369595537,10.505711371979801,0.6387513476622387,19,1,303,0.006624825662482566,2.775009289008371
er,2026591915,0.028875775963720048,0.02786583118319204,126,-0.020535703672762733,10.45955369595537,10.48022298809282,0.6365731426083785,19,1,303,0.005927475592747559,2.776386247896313
er,2026591916,0.03136424170433918,0.029411764705882353,133,-0.03655722360731981,10.460251046025105,10.487571255296862,0.6331303166408,20,1,303,0.006624825662482566,2.7736978995912835
er,2026591917,0.030090551610644795,0.03012138468454968,134,0.0010298869627495453,10.306834030683405,10.30516348957671,0.6365556898827137,22,1,303,0.006276150627615063,2.7787904618276396
er,2026591918,0.030688993524263117,0.03156256945987997,142,-0.03640794157507796,10.412133891213388,10.449808472378592,0.6337043107738471,18,2,302,0.00697350069735007,2.7686299531363447
er,2026591919,0.031177924946125295,0.0300702370500439,137,-0.02384646479556052,10.531380753138075,10.567593765140359,0.6395956262292896,11,1,303,0.007670850767085077,2.7743317378095425
er,2026591920,0.0352311766406117,0.03534178734899077,157,-0.008545182474560589,10.293584379358437,10.291708685520566,0.6307390720757058,21,1,303,0.006276150627615063,2.782921338491465
er,2026591921,0.028248764641033895,0.02823423961756797,126,-0.016734253882560782,10.336122733612273,10.350871829760575,0.6318926594771092,14,1,303,0.006624825662482566,2.7734793346884357
er,2026591922,0.029216130143390053,0.03077263670577817,139,-0.03303802149532857,10.44979079497908,10.479833962399178,0.6303486026258304,18,1,303,0.006624825662482566,2.776036544051756
er,2026591923,0.02816046418259581,0.029185063234303674,130,0.006031247246795421,10.318688981868899,10.313370902108526,0.6271711969731772,15,1,303,0.006276150627615063,2.7729766354118857
er,2026591924,0.029889439686208837,0.030383677090263916,137,0.023646790792677185,10.43305439330544,10.41651144437752,0.6334685998964269,17,1,303,0.006624825662482566,2.7868555067427274
er,2026591925,0.02808295904041237,0.029348551100570667,132,0.010473820823736324,10.40934449093445,10.39694927990655,0.6351732028738262,15,2,302,0.006624825662482566,2.775252469692636
er,2026591926,0.031747052641053805,0.03181478715459298,142,-0.033546312866754545,10.337517433751744,10.361571173008272,0.6298572989167048,21,1,303,0.006276150627615063,2.778877887788779
er,2026591927,0.03128315632683717,0.030041970399823283,136,-0.044755742571160634,10.47071129707113,10.528805884251428,0.6351647091018088,25,1,303,0.006276150627615063,2.776888947172863
er,2026591928,0.02535521543966506,0.027647714604236342,124,-0.014321420545311369,10.38284518828452,10.393567099922663,0.6316634790499088,15,1,303,0.006276150627615063,2.7749437195375166
er,2026591929,0.03831786001267655,0.03612334801762115,164,0.01586907263669076,10.497907949790795,10.494195377305454,0.6421104677802406,16,1,303,0.006276150627615063,2.781260245229821
er,2026591930,0.03198590436505404,0.031137992831541218,139,0.012780659515641118,10.338912133891215,10.330001209289213,0.6325039000344767,14,1,303,0.006276150627615063,2.776670382270015
er,2026591931,0.029140093468174883,0.027228453364817003,123,0.034911457281313944,10.450488145048814,10.416080521540627,0.6379825444837093,17,1,303,0.00697350069735007,2.776255108954604
er,2026591932,0.027741752134818377,0.02634908820245627,118,-0.021326901962540074,10.368898186889819,10.399870520342272,0.6339485120134508,18,1,303,0.00697350069735007,2.77459401569296
er,2026591933,0.03208403697399191,0.03346543372963452,152,-0.0017417870462253324,10.502092050209205,10.505100016573516,0.6393106645290687,21,1,303,0.00697350069735007,2.7809323978755494
er,2026591934,0.028235160835626764,0.03039041703637977,137,0.006556198513489587,10.430962343096235,10.426982022701301,0.633565027748196,15,1,303,0.005927475592747559,2.773654186610714
er,2026591935,0.03431405635602061,0.03537996609419916,160,0.03398215402125477,10.460948396094839,10.423888744185774,0.6374781684697235,18,1,303,0.00697350069735007,2.783467750748585
er,2026591936,0.02841748712913229,0.029149620105201637,133,-0.04842223610457339,10.545327754532776,10.602182101694332,0.6431949782998123,20,1,303,0.00697350069735007,2.7769545166437175
er,2026591937,0.03239107382426513,0.032986365635537314,150,-0.0008555901688576903,10.513249651324966,10.520909421528234,0.6389516469962014,13,1,303,0.00697350069735007,2.782593491137193
er,2026591938,0.025359481649522418,0.025954653937947495,116,-0.007886528133111251,10.350069735006974,10.357623339364748,0.6347748327946348,18,1,303,0.006276150627615063,2.778768605337355
er,2026591939,0.024221722997893182,0.025457793657882984,114,-0.04550715387586378,10.368200836820083,10.394588009377038,0.6302924156884553,20,1,303,0.006624825662482566,2.7734793346884357
er,2026591940,0.034629748796900804,0.034151389710230635,154,0.0019371361639624455,10.433751743375174,10.43880863441871,0.6338257066926257,20,1,303,0.006276150627615063,2.7786156099053616
er,2026591941,0.030888032950994664,0.03133504965060684,142,-0.0009955187078483072,10.480474198047421,10.481311824607198,0.6319705704679496,17,1,303,0.006624825662482566,2.773785325552423
er,2026591942,0.026311135122403243,0.027657992565055762,124,-0.007796475965287003,10.379358437935844,10.398496521620546,0.6335775061022586,17,1,303,0.006624825662482566,2.773785325552423
er,2026591943,0.025577964497591754,0.026690391459074734,120,-0.040370043562252815,10.405857740585775,10.438064934752472,0.6379495000782129,16,1,303,0.005927475592747559,2.775839835639193
er,2026591944,0.042380043326461496,0.03850977499077831,174,-0.002261107145504466,10.45258019525802,10.450202254388334,0.6341326591180988,16,1,303,0.007670850767085077,2.7843420103599765
er,2026591945,0.029793663939818492,0.031153336279275298,141,-0.025343651336352423,10.468619246861925,10.482767784200822,0.6291941373624542,23,1,303,0.006624825662482566,2.7752715668917887
er,2026591946,0.032908029005874084,0.03316604843988654,152,-0.03135999497900354,10.587866108786612,10.626733512879406,0.6397709920205552,13,1,303,0.007322175732217573,2.7780036281773874
er,2026591947,0.03147322282211778,0.031187790311877902,141,0.013208184918648717,10.4581589958159,10.437675874679293,0.6342402509481717,19,1,303,0.006624825662482566,2.779074596201342
er,2026591948,0.03080607349681316,0.03261827799000882,148,0.025068502957087,10.492329149232916,10.45963390672185,0.6342786277119417,17,1,303,0.006276150627615063,2.7821345048412125
er,2026591949,0.03211239976558924,0.031914893617021274,144,-0.008578567006356215,10.439330543933055,10.434927440821289,0.6427805646865052,18,1,303,0.006624825662482566,2.7781784800996654
er,2026591950,0.028583763835733304,0.029317418873554643,131,0.023006728869580228,10.347977684797769,10.325168622227446,0.6369633208742119,17,1,303,0.007322175732217573,2.783118046904028
er,2026591951,0.029712775967119062,0.02968990543215307,135,-0.04571386204068942,10.51255230125523,10.54952466793994,0.6359278830813484,17,1,303,0.00801952580195258,2.7711188337376784
er,2026591952,0.035106262103319394,0.03367550402481353,152,-0.029543440944056528,10.44281729428173,10.471329022226778,0.6353828835264479,18,1,303,0.006624825662482566,2.770179004655432
er,2026591953,0.03466092685431802,0.03504203556283015,157,-0.008246405608505451,10.373082287308229,10.376827668491908,0.6360643220646133,17,1,303,0.00697350069735007,2.780407842108714
er,2026591954,0.03900817383023188,0.03770827243496054,172,0.015820671132301154,10.542538354253836,10.522032952665864,0.6378708292074629,14,1,303,0.00697350069735007,2.7851288440102286
er,2026591955,0.030303030841761183,0.02907664989641906,131,-0.000816538638724178,10.425383542538356,10.430449552442855,0.6398274423973317,19,1,303,0.006276150627615063,2.7782877625510896
er,2026591956,0.026719109469776178,0.027988338192419825,128,0.011986025101341422,10.567642956764296,10.55205977180351,0.632567711899395,17,1,303,0.007322175732217573,2.7772386510174196
er,2026591957,0.036991157325737226,0.038756828584083865,175,0.0055772256393888265,10.446304044630406,10.436071517354277,0.6328181215557453,19,1,303,0.00697350069735007,2.778462614473368
er,2026591958,0.030778034170579303,0.028638003607937463,127,-0.016085909193587898,10.277545327754533,10.279997399923142,0.6346285145644494,25,1,303,0.006276150627615063,2.774506589731821
er,2026591959,0.03406715879970945,0.03209271227991977,144,0.015305429991381507,10.38702928870293,10.36860053113693,0.6276743196297652,20,1,303,0.00697350069735007,2.7796428649487464
er,2026591960,0.029738924940929664,0.02849988953531188,129,-0.018246822706870235,10.46931659693166,10.465962960268742,0.6356729629006856,15,1,303,0.006624825662482566,2.776867090682578
er,2026591961,0.0351324333376873,0.03571428571428571,160,-0.01707009350869629,10.372384937238495,10.387150059742249,0.6401560499187173,16,1,303,0.00697350069735007,2.781762944506371
er,2026591962,0.034010483998989045,0.031190089957233446,141,-0.0646986193047723,10.457461645746166,10.525075847141185,0.6462427378268962,19,1,303,0.006624825662482566,2.772736214018753
er,2026591963,0.029176215175356884,0.03055350553505535,138,0.0007749694265451866,10.449093444909344,10.444595764521507,0.6401160486119717,18,1,303,0.006624825662482566,2.778331475531659
er,2026591964,0.03536775895464551,0.034063079777365494,153,-0.04231178903894421,10.39679218967922,10.433676085701881,0.6322405500623323,24,1,303,0.006624825662482566,2.7819815094092193
er,2026591965,0.03614275421902476,0.035814296241709655,162,-0.03666566369814142,10.463040446304046,10.487365696733336,0.634394414716197,18,1,303,0.00801952580195258,2.7741350293969793
er,2026591966,0.03188206991352011,0.02983081032947462,134,-0.03877219990118751,10.397489539748955,10.438692234877442,0.6350735526041291,14,1,303,0.006276150627615063,2.771271829169672
er,2026591967,0.029238097263723353,0.03006506618801885,134,-0.018846637244165337,10.324267782426778,10.336022587121887,0.6325534764745597,17,1,303,0.006276150627615063,2.7774572159202675
er,2026591968,0.03172947492982438,0.03256989886972041,146,-0.001705704050703347,10.377963737796374,10.397296165729479,0.6352940239078854,21,1,303,0.006276150627615063,2.7747470111249535
er,2026591969,0.03355518358966846,0.03497122620628597,158,0.0010357728243642898,10.451882845188285,10.43202026331742,0.6396338530858398,16,2,302,0.006624825662482566,2.778024685925502
er,2026591970,0.03247196534371227,0.03065304309195913,138,-0.005543789632718724,10.418410041841005,10.4173678199197,0.6340214483633237,17,1,303,0.006624825662482566,2.773676043100999
er,2026591971,0.028246870548314314,0.029514017308972556,133,-0.02177654056808474,10.427475592747559,10.452876077322404,0.6411900878193831,13,1,303,0.00697350069735007,2.7736104736301446
er,2026591972,0.03107837448256784,0.03117114442630251,140,-0.0028177058244115423,10.396094839609484,10.400943249356178,0.6393181167933643,17,1,303,0.006276150627615063,2.778550040434507
er,2026591973,0.02990341805135049,0.029046563192904655,131,-0.006660488497362406,10.435146443514645,10.447759253408641,0.635011411343677,17,1,303,0.006276150627615063,2.7790527397110574
er,2026591974,0.02700463096809233,0.029490022172949003,133,0.010018448374611905,10.435146443514645,10.4237476653119,0.6295056469124611,14,1,303,0.00697350069735007,2.7751622844403645
er,2026591975,0.031199983849188394,0.030211032950758977,136,-0.014692150663876346,10.41771269177127,10.423761207758695,0.6309617055758582,15,1,303,0.006624825662482566,2.781872226957795
er,2026591976,0.029400140509633813,0.030278293135435994,136,0.048473742103384926,10.39679218967922,10.362902304559265,0.6369191831917517,15,1,303,0.007322175732217573,2.7777413502939696
er,2026591977,0.0322821470899514,0.033434201786109674,151,0.01640526717260684,10.44839609483961,10.43832844580515,0.6320066982996512,14,1,303,0.006276150627615063,2.773348195746727
er,2026591978,0.032798591923289225,0.032171581769437,144,-0.031875078901113296,10.364016736401673,10.388160135786427,0.6326294213670451,18,1,303,0.00697350069735007,2.7757742661683387
er,2026591979,0.036058939817024606,0.03553560918187169,161,-0.00262097020053962,10.478382147838216,10.493964983656307,0.6393063110448084,13,1,303,0.007670850767085077,2.780429698598999
er,2026591980,0.0278591460740558,0.03073214823742091,136,0.01936666576870288,10.258019525801954,10.238153605815226,0.6320467440516946,21,1,303,0.006276150627615063,2.780320416147575
er,2026591981,0.03286204239902551,0.03118966285459676,140,-0.04686357975900609,10.390516039051604,10.446761544286296,0.6426796251053677,18,1,303,0.006276150627615063,2.778550040434507
er,2026591982,0.02591916193286392,0.026071455099160663,117,-0.02421588415336045,10.3884239888424,10.412386070993495,0.635514059647723,18,1,303,0.00697350069735007,2.7663104058750245
er,2026591983,0.028900002152768608,0.030303030303030304,136,-0.03427662245404351,10.389121338912135,10.437555133449134,0.6292189168281189,18,1,303,0.007670850767085077,2.7723865101741962
er,2026591984,0.03513649037819102,0.033345766505035436,149,-0.03883385452799124,10.347977684797769,10.379870355867736,0.6378076754023172,16,1,303,0.006276150627615063,2.775730553187769
er,2026591985,0.03418100675557071,0.034263123215462335,156,0.0015568293794232515,10.52510460251046,10.507860166410499,0.6344991539662477,12,1,303,0.00697350069735007,2.7767578082311544
er,2026591986,0.029584631367116115,0.029879165140974003,136,0.037027309858951626,10.522315202231521,10.485410188122998,0.6399274340814819,16,1,303,0.006624825662482566,2.7783751885122285
er,2026591987,0.028826471852097947,0.029317418873554643,131,-0.0038356665398592833,10.347977684797769,10.351070904871138,0.6318674476799113,18,1,303,0.006276150627615063,2.779183878652766
er,2026591988,0.030128514217960315,0.030755515934923112,138,0.01815898206973066,10.38702928870293,10.380339397912506,0.6350936480741373,14,1,303,0.00697350069735007,2.779489869516753
er,2026591989,0.029366161675422008,0.029516200621393696,133,0.008996613796646903,10.426778242677825,10.4228826742295,0.6303274283472303,14,1,303,0.006276150627615063,2.774288024828973
er,2026591990,0.02494298880437494,0.025514771709937333,114,-0.009110993107135685,10.347280334728033,10.369055905806052,0.6345175909532345,18,1,303,0.006276150627615063,2.7806701199921315
er,2026591991,0.03318107789186476,0.03239884606849619,146,-0.032702424268831076,10.427475592747559,10.480633385892713,0.6327464349906339,16,1,303,0.007322175732217573,2.767599938801827
er,2026591992,0.027273431393990504,0.02875399361022364,129,0.021765893536980094,10.385634588563459,10.350963834801924,0.6335941806311638,15,1,303,0.005927475592747559,2.7770637990951412
er,2026591993,0.03651761911808504,0.035205550225108864,159,0.04977587816878137,10.44839609483961,10.38877936355368,0.6380313594276902,16,1,303,0.006276150627615063,2.792822328590475
er,2026591994,0.03725959646169314,0.03662548431902917,167,-0.008279992517752348,10.539051603905161,10.547595111805945,0.6415310212339915,13,1,303,0.006276150627615063,2.785850108189627
er,2026591995,0.03397536383196673,0.03345806735637244,152,-0.046658070240389725,10.50418410041841,10.554275320776032,0.6399515024223819,16,1,303,0.00801952580195258,2.7798832863418794
er,2026591996,0.027577836770737482,0.027164310954063603,123,-0.012700553710808873,10.472803347280337,10.473330156221829,0.6338926044080383,13,1,303,0.007670850767085077,2.7743098813192577
er,2026591997,0.03216743466950376,0.031944744226203324,148,0.023107217196822936,10.692468619246862,10.666639579575623,0.6406672486899627,14,1,303,0.007322175732217573,2.778550040434507
er,2026591998,0.0357008252680018,0.036747343565525385,166,-0.00638154099488362,10.450488145048814,10.456185000864368,0.633784286368736,14,1,303,0.00697350069735007,2.7765173868380217
er,2026591999,0.03414855635758066,0.032119914346895075,145,0.0021990539774240964,10.444211994421199,10.441546208695536,0.632994800772902,12,1,303,0.006624825662482566,2.7721460887810636
er,2026592000,0.03074309154681898,0.029930757203484475,134,-0.01860320023422331,10.36610878661088,10.37966457171466,0.6336483532537697,18,1,303,0.006276150627615063,2.7774790724105523
er,2026592001,0.028802142765450862,0.027475800446760984,123,-0.01158865937436946,10.365411436541144,10.380432241942144,0.6396303943042441,19,1,303,0.006276150627615063,2.7756431272266298
er,2026592002,0.0333484797520907,0.03379360465116279,155,0.018961853206786873,10.595536959553696,10.567753424502115,0.6413002485876685,16,1,303,0.007670850767085077,2.780320416147575
er,2026592003,0.030154760789588977,0.031135667886209212,139,0.013942115542524336,10.339609483960949,10.320249718626247,0.6304285217360348,21,1,303,0.006276150627615063,2.784254584398837
er,2026592004,0.03175965877357533,0.03308415365257938,149,-0.022991257576081933,10.42189679218968,10.41364136514299,0.6329992719698603,18,1,303,0.006624825662482566,2.7812165322492515
er,2026592005,0.030811018479228028,0.030082448191339227,135,0.008334031843391734,10.3884239888424,10.379409289762032,0.6331582144084059,13,1,303,0.006624825662482566,2.768867615238345
er,2026592006,0.025111069068553052,0.026936776491540516,121,0.03022044573643511,10.397489539748955,10.36548475683595,0.6337586368526963,12,1,303,0.006276150627615063,2.777916202216248
er,2026592007,0.032348478783509285,0.0329526442132829,151,-0.0033424986064195658,10.586471408647142,10.569658644382,0.6372600061665292,17,1,303,0.007670850767085077,2.781478810132669
er,2026592008,0.03508689104204538,0.03200775945683802,143,0.02208857876307227,10.3465829846583,10.321459871154106,0.6262173882223387,12,1,303,0.007322175732217573,2.7820252223897888
er,2026592009,0.02703194085271147,0.027979274611398965,126,-0.006343196933576339,10.421199442119946,10.42417039382524,0.6347462566230766,16,1,303,0.007670850767085077,2.775009289008371
er,2026592010,0.033905467628607744,0.03258954785672343,148,-0.011640263124789683,10.500697350069736,10.492027452824667,0.6380216423387652,15,1,303,0.006624825662482566,2.783970450025135
er,2026592011,0.03135047718700357,0.03150603307016237,141,0.0036026405418215913,10.362622036262204,10.352152843531398,0.6249324672751825,19,2,302,0.00697350069735007,2.77151217794988
er,2026592012,0.030178287450763924,0.03039647577092511,138,0.01967365975604222,10.497907949790795,10.471231151639529,0.6390978671773663,12,1,303,0.00697350069735007,2.77824404957052
er,2026592013,0.035463130255914486,0.033920704845814977,154,-0.011838938949280637,10.497907949790795,10.501475887730983,0.6394096671033188,17,1,303,0.00697350069735007,2.7759272616003323
er,2026592014,0.0309940367583748,0.03196038712581589,142,-0.002183267991229261,10.294979079497908,10.293172876610175,0.6331816652361206,16,1,303,0.00697350069735007,2.7753589928529276
er,2026592015,0.032166485949626414,0.03276374442793462,147,-0.0032304873746504784,10.386331938633194,10.411719832024142,0.6389643917526853,14,1,303,0.008368200836820083,2.771905667387931
er,2026592016,0.031476470745544716,0.03127541589648798,141,-0.040646007030837344,10.43165969316597,10.469746692671853,0.631148781490948,18,1,303,0.006276150627615063,2.7753808493432124
er,2026592017,0.03398710804068986,0.033194712609535125,149,-0.02465563029531998,10.390516039051604,10.401422413034236,0.6345811092098221,18,1,303,0.006276150627615063,2.7741131729066946
er,2026592018,0.03488205694088047,0.031919609871434905,144,0.011473923613131022,10.437935843793584,10.410409294269225,0.64010146435889,19,1,303,0.006276150627615063,2.7834021812777303
er,2026592019,0.031777533438937966,0.03129131776112825,142,0.009329065785028793,10.493723849372385,10.491733487003312,0.6377913333979607,13,1,303,0.007670850767085077,2.7807794024435557
er,2026592020,0.03280694080589859,0.032219570405727926,144,-0.03982330542157227,10.350069735006974,10.38414145540253,0.6394874057002771,24,1,303,0.006624825662482566,2.7792494481236205
er,2026592021,0.034035189034729234,0.03257256813649457,147,0.037678802937334215,10.44142259414226,10.377259790146788,0.6346954260174994,16,1,303,0.006624825662482566,2.7913360872511093
er,2026592022,0.032410837421872576,0.03255813953488372,147,-0.012178265498570073,10.44560669456067,10.443324368825932,0.6372097649325372,14,1,303,0.00697350069735007,2.7743317378095425
er,2026592023,0.03310845736588311,0.03195975438336909,144,-0.005944991851873085,10.42608089260809,10.444870709059701,0.6384742851035804,21,1,303,0.005927475592747559,2.7786374663956463
er,2026592024,0.030016894169485896,0.029150160699603855,130,-0.018609475834699175,10.32984658298466,10.358349134579477,0.6350417276159851,20,1,303,0.005927475592747559,2.774353594299827
er,2026592025,0.03329850421166364,0.03341997772001486,150,0.015060912314870225,10.389818688981869,10.37094455256603,0.6345524112850845,17,1,303,0.006624825662482566,2.7765173868380217
er,2026592026,0.030444898077396622,0.030343007915567283,138,0.00022330901225803268,10.514644351464435,10.493653854450303,0.638224624552522,17,1,303,0.006276150627615063,2.782593491137193
er,2026592027,0.030072833829385956,0.030115146147032774,136,0.016901523173414115,10.447698744769875,10.420790996897578,0.6431351352653041,18,1,303,0.006276150627615063,2.782003365899504
er,2026592028,0.031166948899836743,0.030889166727954696,140,0.006007535630197713,10.48186889818689,10.46907343538593,0.6320547447440285,15,1,303,0.007322175732217573,2.7783751885122285
er,2026592029,0.033264840052995646,0.03422467664583636,157,-0.06528600774963987,10.596931659693167,10.675627351942374,0.6367666620141867,18,1,303,0.006624825662482566,2.7757086966974844
er,2026592030,0.03302142054326096,0.03216374269005848,143,-0.04009537607709516,10.301255230125523,10.348939648866848,0.6356895240267401,16,1,303,0.006276150627615063,2.7766922387602997
er,2026592031,0.03213265080122819,0.03404067197170645,154,0.016551254582936038,10.464435146443515,10.43867396428741,0.6331826373759979,14,1,303,0.006624825662482566,2.783336611806876
er,2026592032,0.03310109237599045,0.034029447115384616,151,0.00018669526535085735,10.283124128312412,10.28506600660066,0.6354879718741104,17,1,303,0.006276150627615063,2.7765610998185912
er,2026592033,0.029245296806526613,0.02771823490280139,125,-0.005940038015134348,10.43444909344491,10.437735433703384,0.6363904430736114,15,1,303,0.00697350069735007,2.772320940703342
er,2026592034,0.03617498253414631,0.035150166852057844,158,-0.006142988013159119,10.40376569037657,10.419928443260526,0.6348382209477142,16,1,303,0.006624825662482566,2.778112910628811
er,2026592035,0.03097703271047231,0.029893711248892826,135,-0.026723752841172732,10.447698744769875,10.46209114959115,0.631464890994594,19,1,303,0.00697350069735007,2.7785718969247917
er,2026592036,0.032282658714164095,0.03203947852986669,145,-0.06484047589942617,10.467921896792191,10.526863142431914,0.6380829822370301,17,1,303,0.00697350069735007,2.7709002688348305
er,2026592037,0.028065106122764832,0.028554563565262304,129,0.030340010763692683,10.451185495118551,10.408974720462782,0.6267195244626811,13,1,303,0.006276150627615063,2.7834021812777303
er,2026592038,0.033313601776036254,0.03257958940791431,146,-0.020957321477728483,10.375174337517434,10.39872989534463,0.6356104122047629,19,1,303,0.006276150627615063,2.776582956308876
er,2026592039,0.027423770342876495,0.027051397655545536,120,0.012117710230188832,10.280334728033473,10.285953846238002,0.6277057009730277,11,1,303,0.006624825662482566,2.778550040434507
er,2026592040,0.03007609315122419,0.030309783819924226,136,-0.011283780464640358,10.38702928870293,10.40063687633577,0.6331557436609854,17,1,303,0.006276150627615063,2.7745503027123903
er,2026592041,0.030544211499365835,0.03264945951908228,148,0.01967173275453372,10.48326359832636,10.467194240432447,0.6360551682188258,19,1,303,0.006276150627615063,2.7788341748082095
er,2026592042,0.032088877300844316,0.03306523681858802,148,0.024055630025399545,10.364016736401673,10.334771960933717,0.6362922340499509,21,1,303,0.006624825662482566,2.783970450025135
er,2026592043,0.036478606921239415,0.03377027327260609,152,-0.01104091876071436,10.4163179916318,10.43485105486416,0.6378346593547526,16,1,303,0.006276150627615063,2.78550040434507
er,2026592044,0.027127620251336648,0.027358976244759872,124,-0.015423601573504975,10.48186889818689,10.484672077307643,0.6327410900430702,13,1,303,0.007322175732217573,2.7741131729066946
er,2026592045,0.026035636315193685,0.027106442371262765,123,0.0036471874105222556,10.49302649930265,10.47778128922567,0.6375159246155169,15,1,303,0.005927475592747559,2.779905142832164
er,2026592046,0.030859970856292468,0.032831435916268824,149,-0.020410059319804358,10.49442119944212,10.522970917242214,0.6443877904273944,16,1,303,0.006624825662482566,2.7806919764824163
er,2026592047,0.028041948237055983,0.027955867004622038,125,0.023689028415212254,10.354253835425384,10.350781218231713,0.6307699405471683,17,1,303,0.006276150627615063,2.7774353594299828
er,2026592048,0.030510162998744674,0.02935766315944375,133,0.007700095469768396,10.47768479776848,10.466178588069969,0.6319079755960945,17,1,303,0.00697350069735007,2.781544379603523
er,2026592049,0.029559123962612295,0.03034330011074197,137,-0.032064347376110615,10.44560669456067,10.464951944876384,0.6316099283921066,16,1,303,0.006624825662482566,2.7806919764824163
er,2026592050,0.03153366941951683,0.031862745098039214,143,-0.016084158513957187,10.389121338912135,10.41648883402669,0.6347783862635348,17,1,303,0.007322175732217573,2.775752409678054
er,2026592051,0.027424753356611247,0.029716144293317565,134,0.009536087329194864,10.433751743375174,10.43804284651693,0.6311959605786047,9,1,303,0.006276150627615063,2.769261032063471
er,2026592052,0.03031550192295679,0.030943900267141587,139,-0.01159729956440667,10.397489539748955,10.415201606618323,0.6319243667525555,16,1,303,0.007322175732217573,2.7776539243328306
er,2026592053,0.02838258933345222,0.029924634254470225,135,-0.007860360349967873,10.437935843793584,10.460838147217006,0.6320157853428092,15,1,303,0.00697350069735007,2.7802329901864358
er,2026592054,0.030440902679047546,0.03231479446032095,147,-0.04889047016533459,10.516736401673642,10.589444399352669,0.6369258564511913,13,1,303,0.00697350069735007,2.7713373986405263
er,2026592055,0.028135731586517842,0.030985287561301828,139,-0.01284718751363252,10.384937238493723,10.403785201834124,0.6302459576920847,17,1,303,0.006276150627615063,2.7757086966974844
er,2026592056,0.025581231645204913,0.026752155648905592,121,-0.024441945520226112,10.46234309623431,10.496631367142204,0.630732149653233,13,1,303,0.006624825662482566,2.768233777020086
er,2026592057,0.028143221023244323,0.027567807914628723,124,-0.024598948821495988,10.410041841004185,10.425535941064478,0.6369297644050119,19,1,303,0.006276150627615063,2.7800362817738726
er,2026592058,0.030288403929699947,0.031233732431025507,140,0.01728581869783517,10.377266387726639,10.361658727834815,0.6406188558416281,16,1,303,0.006624825662482566,2.7773697899591285
er,2026592059,0.030325668285083422,0.03081883623275345,137,-0.007862275938914838,10.299860529986052,10.317911637102087,0.6304060946387678,15,1,303,0.00697350069735007,2.776058400542041
er,2026592060,0.03108879399150067,0.028609447771124417,129,-0.05293008729604056,10.43305439330544,10.492691691798152,0.6375643570605714,22,1,303,0.006624825662482566,2.772911065941031
er,2026592061,0.03604130012338944,0.03310375472117307,149,-0.003505724897660412,10.4163179916318,10.414405519201598,0.6361316259831111,17,1,303,0.006624825662482566,2.7825279216663388
er,2026592062,0.031120098111944352,0.029915792583838086,135,-0.008312687012222392,10.440725244072526,10.4501586605547,0.6338869875998588,19,1,303,0.006276150627615063,2.780976110856119
er,2026592063,0.03266023766667484,0.03336318853560233,149,0.030055287613222775,10.343096234309623,10.322455771756879,0.6271419724390022,15,1,303,0.00697350069735007,2.7810198238366883
er,2026592064,0.03376185297682401,0.034865645125471904,157,-0.015115853645653614,10.42050209205021,10.431648432835095,0.6331108797692956,15,1,303,0.006624825662482566,2.784888422617096
er,2026592065,0.026832449997854772,0.02920754716981132,129,0.03969449753451385,10.239888423988843,10.213679682986614,0.6306677096281057,16,1,303,0.006276150627615063,2.775205997420934
er,2026592066,0.031547071994762275,0.03162783839575346,143,0.02016414523356184,10.458856345885636,10.443617739108651,0.6403491881724264,14,1,303,0.006624825662482566,2.774987432518086
er,2026592067,0.031200653661800706,0.031769377849683776,144,0.007832790664384578,10.482566248256624,10.480844313011803,0.6332009905194469,11,1,303,0.007322175732217573,2.7745284462221056
er,2026592068,0.03186756104023063,0.03133626799970156,140,-0.026769133284493467,10.3465829846583,10.368566124011668,0.6322812253214117,17,1,303,0.00697350069735007,2.7732170568050183
er,2026592069,0.030253570498183193,0.030478627332931968,135,-0.007132354637307984,10.266387726638772,10.266029894844687,0.6325350987479701,19,1,303,0.006276150627615063,2.7788123183179243
er,2026592070,0.029336355850624923,0.029562124916648145,133,-0.016652813138929124,10.412133891213388,10.41736559968214,0.6355103623376774,16,1,303,0.006276150627615063,2.78134767119096
er,2026592071,0.03531837539439538,0.03376946129668884,154,-0.033303079496494185,10.54044630404463,10.579047947789709,0.6332270772864832,19,1,303,0.006624825662482566,2.780976110856119
er,2026592072,0.03291293202398864,0.032714412024756855,148,0.019457210225884203,10.464435146443515,10.438871946554027,0.6342050349184887,13,1,303,0.006624825662482566,2.7818503704675104
er,2026592073,0.02955856941005456,0.03315405584616518,150,-0.0012118348123734586,10.46513249651325,10.45866653946153,0.6377604472901502,14,1,303,0.006276150627615063,2.7874674884707016
er,2026592074,0.027082786386805023,0.027416598558585335,123,0.02317697263526707,10.385634588563459,10.371515209590342,0.633044256806633,18,1,303,0.005927475592747559,2.781172819268682
er,2026592075,0.02851594575531675,0.029634581105169342,133,-0.008050572468496657,10.389121338912135,10.390537335353875,0.6294582754978795,19,1,303,0.006276150627615063,2.7799707123030184
er,2026592076,0.028189705757679272,0.030015563625583636,135,-0.007006317529124529,10.40934449093445,10.419290746692809,0.6412809164993207,16,1,303,0.006624825662482566,2.7692173190829017
er,2026592077,0.029003122133735508,0.029444321452291342,133,-0.025768326261517194,10.44979079497908,10.474431272582116,0.6374477767750919,17,1,303,0.006624825662482566,2.7754464188140666
er,2026592078,0.029201767946671845,0.030930096519450133,141,-0.04455300188003223,10.536959553695956,10.566995453316071,0.6424821080470469,18,1,303,0.006276150627615063,2.7740476034358403
er,2026592079,0.03274490602985836,0.03257497414684592,147,-0.03573623974568246,10.440725244072526,10.479888137857207,0.6310250942676685,19,1,303,0.006624825662482566,2.77664852577973
er,2026592080,0.03516735211551752,0.03454384410983171,156,-0.008395290867693122,10.447698744769875,10.453100859536503,0.6429392220088201,15,1,303,0.006276150627615063,2.7787248923567853
er,2026592081,0.029345341995159605,0.02731512325116589,123,3.2155948658308124e-05,10.42050209205021,10.433050530327758,0.6343160002813468,15,1,303,0.00697350069735007,2.7722335147422026
er,2026592082,0.03098043198892293,0.030406155211955315,137,-0.019597973677287214,10.42608089260809,10.455280041763121,0.6342970469208092,20,1,303,0.00697350069735007,2.776867090682578
er,2026592083,0.028694463051358494,0.028917774207682198,132,0.004557533566986601,10.549511854951186,10.548804957044542,0.6373528313831167,17,1,303,0.006624825662482566,2.7788341748082095
er,2026592084,0.028979953671888808,0.027630415561450045,125,-0.039453938403090354,10.464435146443515,10.502292175613528,0.6372773751195416,16,1,303,0.006624825662482566,2.773151487334164
er,2026592085,0.034052012721203166,0.03198341600651514,144,-0.016325149500877652,10.41910739191074,10.405197314603255,0.6281266862950031,16,1,303,0.006276150627615063,2.7873363495289927
er,2026592086,0.03881581543200646,0.03870400234569711,176,0.0034065564912062417,10.513249651324966,10.513102452240485,0.6341901007596988,17,1,303,0.006276150627615063,2.7797521474001705
er,2026592087,0.028952066097638243,0.029766279582537115,135,-0.017089318727053538,10.488145048814506,10.495875425057674,0.6432418379200557,13,1,303,0.006624825662482566,2.778353332021944
er,2026592088,0.02858321223201829,0.02987166248709249,135,-0.009508871969426862,10.454672245467224,10.462163186529814,0.6331122365630228,18,1,303,0.006276150627615063,2.7773260769785586
er,2026592089,0.0324827921048379,0.03187077057411045,146,0.005869100732465434,10.583682008368202,10.552534564332605,0.6432363121573954,17,1,303,0.006624825662482566,2.784385723340546
er,2026592090,0.03293118204300499,0.03151353750554816,142,-0.0026902745455570144,10.426778242677825,10.423608702445335,0.6308458180982933,16,1,303,0.006276150627615063,2.777413502939698
er,2026592091,0.029142138802501123,0.030336828016952932,136,-0.025292587449792587,10.378661087866108,10.413385347723468,0.6294355580246669,15,1,303,0.007322175732217573,2.7720368063296394
er,2026592092,0.0296936437879944,0.030614508614952303,138,0.0134986537184567,10.430264993026501,10.406276317138285,0.6340708648003348,22,1,303,0.006276150627615063,2.7769763731340023
er,2026592093,0.030118136786744826,0.030920955064511344,139,-0.03705745420010893,10.404463040446306,10.433403885529685,0.6349111834260349,25,1,303,0.005927475592747559,2.776473673857452
er,2026592094,0.028918543681900822,0.03054448871181939,138,-0.006137088998889522,10.451882845188285,10.457099939926858,0.6401604597003548,18,1,303,0.006624825662482566,2.777610211352261
er,2026592095,0.025324298213057678,0.025513659968390157,113,0.03860414032559415,10.265690376569038,10.222768636753786,0.6277914146726028,16,1,303,0.006276150627615063,2.7821345048412125
er,2026592096,0.03253013013474758,0.033942558746736295,156,0.008554824042527328,10.615062761506277,10.595273144989786,0.6384970208936429,12,1,303,0.00801952580195258,2.7842327279085524
er,2026592097,0.033173943932457865,0.03263055948744692,146,-0.04390379872330151,10.360529986052999,10.39009899553956,0.638992717953114,19,1,303,0.006624825662482566,2.7756868402071997
er,2026592098,0.029018472844914312,0.02953927547946212,134,-0.002573113965079292,10.49023709902371,10.503246335428845,0.6397059069463628,15,2,302,0.006276150627615063,2.77151217794988
er,2026592099,0.030529043531373177,0.028771095085867223,129,-0.00855641086747641,10.38005578800558,10.393209388004088,0.6335575480086254,18,1,303,0.005927475592747559,2.7773260769785586
er,2026592100,0.03286012488568967,0.03280252440008806,149,0.008693472702685069,10.50278940027894,10.497571772367928,0.6350531128850873,15,1,303,0.00697350069735007,2.787533057941556
er,2026592101,0.03097628387454584,0.02965512191550121,135,-0.04406618078815998,10.52370990237099,10.577156963164535,0.6386500156156534,14,1,303,0.00697350069735007,2.7758616921294776
er,2026592102,0.03166551679947137,0.033974072418417524,152,0.0012711242422432907,10.359832635983265,10.358147295552653,0.6312722287096195,26,1,303,0.006276150627615063,2.7781784800996654
er,2026592103,0.03393093301210274,0.029057822130906956,132,-0.0035239437192504507,10.503486750348674,10.522112167059367,0.6407331898886937,16,1,303,0.006624825662482566,2.7715122505628047
er,2026592104,0.03283448767539746,0.03232710901173518,146,-0.020604471438598865,10.44839609483961,10.462913702460188,0.6381520184446801,19,1,303,0.00697350069735007,2.772932922431316
er,2026592105,0.03096577574623205,0.0311318656882366,140,-0.03210340216088445,10.40794979079498,10.437457491170361,0.6351806334479602,22,1,303,0.008368200836820083,2.7790090267304874
er,2026592106,0.027734400131175414,0.02908556738890929,132,-0.02677373394576705,10.49442119944212,10.499906528249644,0.642244065496832,16,1,303,0.006624825662482566,2.7776976373134
er,2026592107,0.0317129166675499,0.03203797092850786,144,0.0023270896408896036,10.403068340306834,10.394531999696301,0.6233237197346108,21,1,303,0.006624825662482566,2.7796647214390315
er,2026592108,0.03031935469939332,0.029151943462897525,132,-0.025546468690860274,10.472803347280337,10.504834733705852,0.6338842400723589,17,1,303,0.006624825662482566,2.777916202216248
er,2026592109,0.028787654064366012,0.027510723265789086,124,-0.04169915160151742,10.429567642956766,10.474604214716836,0.6295570399530795,15,1,303,0.00801952580195258,2.7629007933905974
er,2026592110,0.03276681309587542,0.03327417923691216,150,-0.004243805581967811,10.430962343096235,10.428999560427924,0.6376662528890251,19,1,303,0.006276150627615063,2.7802767031670053
er,2026592111,0.035202875916482884,0.036855575868372945,168,-0.046782458385238555,10.53626220362622,10.58396615252936,0.6408700341251762,22,1,303,0.006624825662482566,2.7776539243328306
er,2026592112,0.03233066295322985,0.03381033587899459,152,0.03995900793791483,10.40516039051604,10.368865218650264,0.6291644091149041,11,1,303,0.006624825662482566,2.7843420103599765
er,2026592113,0.029632529192655483,0.02976190476190476,135,-0.009797720279378395,10.489539748953977,10.495583548066076,0.6319644065785591,15,1,303,0.007670850767085077,2.770856555854261
er,2026592114,0.04158318816152246,0.03342680047225502,151,-0.012253387851793276,10.450488145048814,10.47345664861681,0.6337687156994087,16,1,303,0.005927475592747559,2.778768605337355
er,2026592115,0.031563358878443325,0.03181312569521691,143,-0.003909505495499481,10.40376569037657,10.430770278062067,0.636031680091086,19,1,303,0.005927475592747559,2.781872226957795
er,2026592116,0.031885137985895116,0.031324052132701424,141,0.012545127916637356,10.417015341701534,10.40315815302711,0.636547523799999,17,1,303,0.005927475592747559,2.7820470788800735
er,2026592117,0.03511278023661924,0.03506977423832834,160,-0.022410082408896106,10.54463040446304,10.574442757558964,0.6383534278336258,17,1,303,0.00697350069735007,2.7776757808231154
er,2026592118,0.027834597887901172,0.029942756494936152,136,0.01628969351288377,10.502092050209205,10.476980624483854,0.6389466464961514,15,1,303,0.00801952580195258,2.7781566236093806
er,2026592119,0.033773873140271075,0.034331574645166084,154,-0.043222050810377464,10.38423988842399,10.410331310762372,0.6321907419679696,24,1,303,0.006624825662482566,2.7768233777020086
er,2026592120,0.02886712717813475,0.029901062660315135,136,-0.033824051581397584,10.51534170153417,10.52850535673046,0.6378228985902253,22,1,303,0.006276150627615063,2.7789871702402027
er,2026592121,0.027665566599754134,0.02893322535522344,131,-0.001249081353532844,10.4721059972106,10.46291454748793,0.6352689187794022,16,1,303,0.007322175732217573,2.7764081043865976
er,2026592122,0.03340202205956429,0.03209384683488269,145,-0.004770328629824068,10.451882845188285,10.460056958418372,0.630757901039358,14,2,302,0.006276150627615063,2.7666057952520298
er,2026592123,0.03465621718388171,0.03260151259270137,148,-0.010824600537594292,10.49721059972106,10.500776538276538,0.6380530570833425,15,1,303,0.006276150627615063,2.7823530697440604
er,2026592124,0.037449822818274525,0.03365562034098457,152,-0.01505274601799034,10.44839609483961,10.464157807013308,0.6334543286459879,16,1,303,0.006624825662482566,2.77824404957052
er,2026592125,0.03327454693438815,0.03426283002076535,154,-0.012127527969162107,10.403068340306834,10.422249028450175,0.6351019534187852,16,1,303,0.006624825662482566,2.778112910628811
er,2026592126,0.030204856296877265,0.029988893002591634,135,0.030328937790567667,10.41771269177127,10.412798831865517,0.6359059820547881,14,1,303,0.006276150627615063,2.774419163770682
er,2026592127,0.028481570840489395,0.028492372120849537,127,-0.036353602407614045,10.324965132496514,10.364790150906924,0.6322948457849448,17,1,303,0.006624825662482566,2.770637990951413
er,2026592128,0.0365867706424982,0.036441745055921786,164,-0.02381652287573517,10.41492329149233,10.441151308255039,0.6293380921802587,18,1,303,0.007322175732217573,2.7783096190413743
er,2026592129,0.031411797123871425,0.029833024118738404,134,-0.00824868579582736,10.39679218967922,10.407802197748325,0.6337090878878882,20,1,303,0.006624825662482566,2.7774790724105523
er,2026592130,0.02394034978407967,0.02385552913198573,107,-0.048986752880314545,10.383542538354254,10.425006666411887,0.636238986967001,16,1,303,0.006624825662482566,2.768867615238345
er,2026592131,0.031522745686832374,0.031347265451311696,141,-0.007954096755635284,10.410041841004185,10.410816043769405,0.6405875340281281,14,1,303,0.006624825662482566,2.7721460887810636
er,2026592132,0.0318528183577382,0.031096081746673526,141,0.005962001893094832,10.4860529986053,10.47309246077025,0.6371743457304258,18,1,303,0.007322175732217573,2.774768867615238
er,2026592133,0.02973959778744746,0.03129331096360055,143,0.023919569377910153,10.559972105997211,10.548662371553046,0.6395618876690513,14,1,303,0.00697350069735007,2.7709876947959695
er,2026592134,0.030892199240450474,0.031795098255685585,144,0.033623709268568724,10.47489539748954,10.457988733869247,0.6368097243189202,14,1,303,0.007322175732217573,2.7794680130264684
er,2026592135,0.03679077067484019,0.03316269752949032,149,-0.03991719001029718,10.39958158995816,10.431860666943662,0.6344542553264161,15,1,303,0.006624825662482566,2.7693266015343254
er,2026592136,0.031439209679255044,0.0327844642988998,148,0.002976272813460678,10.444211994421199,10.425192469419319,0.6349496339959356,19,1,303,0.00697350069735007,2.7769108036631476
er,2026592137,0.028311501156579783,0.028588579575298267,127,-0.019557984617240027,10.293584379358437,10.293398946929814,0.6323209930883198,22,1,303,0.006276150627615063,2.771228116189102
er,2026592138,0.03882467049481119,0.03737486095661847,168,-0.018535368999172193,10.40376569037657,10.436342158496007,0.6343199796170093,18,1,303,0.007322175732217573,2.776255108954604
er,2026592139,0.032368697013272926,0.0329839478120648,150,0.03496336730178176,10.5139470013947,10.487222682125434,0.6382389749964007,18,1,303,0.00697350069735007,2.7800581382641574
er,2026592140,0.03857730364719299,0.03781791374861777,171,0.013415757060988983,10.45955369595537,10.463554650552322,0.6337370151580984,12,1,303,0.006276150627615063,2.783773741612572
er,2026592141,0.032466639251729525,0.03256475520287468,145,0.027527163207146918,10.315202231520223,10.30429090959085,0.6321581883463072,19,1,303,0.006276150627615063,2.777632067842546
er,2026592142,0.037648620439902664,0.0350426094622392,159,-0.03621648140662738,10.492329149232916,10.532248779984656,0.6361600171006111,16,1,303,0.007322175732217573,2.776167682993465
er,2026592143,0.02869528226255075,0.028078385492834163,128,-0.02952530735651025,10.536959553695956,10.554989912910704,0.6376545117881752,18,1,303,0.006276150627615063,2.7792713046139053
er,2026592144,0.03039154622546708,0.03011600237953599,135,-0.02288253404242961,10.377963737796374,10.405990944329693,0.6345702564761971,13,1,303,0.006624825662482566,2.774484733241536
er,2026592145,0.03032552016244503,0.029939673791613913,134,-0.022531826446607773,10.36331938633194,10.393672141939469,0.6314052833854814,21,1,303,0.006276150627615063,2.777632067842546
er,2026592146,0.0338879529432207,0.033609138170901366,153,0.02415859387409142,10.52370990237099,10.491096360517378,0.6366941662739286,14,2,302,0.008716875871687587,2.7675518690457857
er,2026592147,0.03119558100016672,0.032044198895027624,145,-0.029295729185961482,10.46652719665272,10.513055985681127,0.6372265294294998,12,1,303,0.006624825662482566,2.773872751513562
er,2026592148,0.029178420994777552,0.03081967213114754,141,-0.01664121238483964,10.571129707112972,10.58324810474674,0.6367251123948853,15,1,303,0.00697350069735007,2.7779817716871027
er,2026592149,0.036422310763266526,0.03595738384137319,162,-0.009725954258411617,10.425383542538356,10.433062811421255,0.6335556417093983,19,1,303,0.00697350069735007,2.784822853146242
er,2026592150,0.03188541920341571,0.03318195136243774,151,0.0005682184049665086,10.520223152022314,10.517539190355148,0.6444865772399261,16,1,303,0.006276150627615063,2.7790527397110574
er,2026592151,0.030488160492298674,0.02981229297018771,135,-0.02930232334108106,10.47350069735007,10.488683047502747,0.6425318905516926,21,1,303,0.007322175732217573,2.778528183944222
er,2026592152,0.030409495575942563,0.031489615126926225,141,0.014008366571603738,10.36750348675035,10.36349120790236,0.630004456489605,14,1,303,0.00697350069735007,2.7751841409306492
er,2026592153,0.03345120467566088,0.03166630268617602,145,-0.0041008653573458165,10.57949790794979,10.603751035668582,0.6402144056653212,17,2,302,0.00801952580195258,2.775758509163715
er,2026592154,0.03705817641154673,0.03699625633120458,168,-0.029698630136987546,10.500000000000002,10.545814203425016,0.6349020204218224,18,1,303,0.00697350069735007,2.777282363997989
er,2026592155,0.0314652068751937,0.03166051660516605,143,0.003038107336040897,10.449093444909344,10.445173071370464,0.632909648827866,17,1,303,0.006624825662482566,2.778440757983083
er,2026592156,0.03653565959914242,0.03649904143931573,165,0.015333630217026854,10.457461645746166,10.436011442396126,0.6390229827766228,14,1,303,0.006276150627615063,2.78239678272463
er,2026592157,0.03273849155972198,0.0324060372891388,146,-0.011690741694426644,10.425383542538356,10.442345495890157,0.6371147338823518,14,1,303,0.006624825662482566,2.7689331847091996
er,2026592158,0.028069596983400127,0.028150428854189575,128,-0.026381100286132726,10.51255230125523,10.548475364127665,0.6391930781636663,12,1,303,0.006276150627615063,2.7742224553581187
er,2026592159,0.02931398612819696,0.03011650912288415,137,0.013345263423371485,10.516736401673642,10.496633587082044,0.6316605391954839,15,1,303,0.006276150627615063,2.780626407011562
er,2026592160,0.031120099728137004,0.031997057741816846,145,0.018754903179375778,10.480474198047421,10.461245465744591,0.6346857821959744,13,1,303,0.006276150627615063,2.7776757808231154
er,2026592161,0.03876396612146529,0.03865345944738214,173,-0.0026284041805794754,10.36331938633194,10.363331149496352,0.6287569782619287,19,1,303,0.00801952580195258,2.7814132406618146
er,2026592162,0.0321406359554292,0.033202109485255885,149,0.008481178923410814,10.3884239888424,10.380118556188737,0.6314455392425689,16,1,303,0.00697350069735007,2.7800581382641574
er,2026592163,0.031078988097042844,0.030675755779490218,138,-0.002079987571303306,10.411436541143654,10.40980103208554,0.6413809337731877,17,1,303,0.007322175732217573,2.780014425283588
er,2026592164,0.0356636261557636,0.03449810816826174,155,-0.0307052328224945,10.39958158995816,10.425171612991939,0.6387574943122409,18,1,303,0.006276150627615063,2.7825279216663388
er,2026592165,0.03764169284277796,0.03440970192869667,157,-0.02019300671582145,10.545327754532776,10.584562743023413,0.6376048737910002,17,1,303,0.00697350069735007,2.7764081043865976
er,2026592166,0.03261934036540909,0.03278566649319753,147,-0.025826487000097424,10.38005578800558,10.406872624614325,0.6328297939684078,20,1,303,0.007322175732217573,2.7753589928529276
er,2026592167,0.02973053554008708,0.031000366434591427,141,-0.033802298036240574,10.51534170153417,10.533831172925524,0.6429355893464804,20,1,303,0.006276150627615063,2.7778724892356785
er,2026592168,0.030060187121922707,0.033163829316825114,150,-0.004734995290441471,10.46234309623431,10.439729474725107,0.6303547891419179,21,1,303,0.006276150627615063,2.782637204117763
er,2026592169,0.029035837530611158,0.029470864032150032,132,0.0019342712996888174,10.37029288702929,10.359121357196335,0.6328699243011997,18,1,303,0.006624825662482566,2.777500928900837
er,2026592170,0.030202655070846227,0.029707327807525857,135,-0.002599285050104861,10.50697350069735,10.509384478066083,0.6282125629606701,14,1,303,0.006624825662482566,2.776036544051756
er,2026592171,0.03272287783445555,0.03231242672919109,147,0.015037794503399156,10.517433751743376,10.510162742535607,0.6341723895708048,16,1,303,0.006624825662482566,2.782090791860643
er,2026592172,0.03089078521365558,0.03312856516015796,151,0.010075158702685647,10.535564853556485,10.525721931337602,0.6394990880794609,19,1,303,0.006624825662482566,2.7792057351430506
er,2026592173,0.03717239765120095,0.035666814355338944,161,-0.06356314759121719,10.443514644351465,10.514427739681395,0.6323744842163596,16,1,303,0.006624825662482566,2.76628854938474
er,2026592174,0.030732490570641566,0.031254617999113346,141,0.011760713145430998,10.437935843793584,10.437072041430547,0.6360654119171882,18,1,303,0.007670850767085077,2.7742443118484035
er,2026592175,0.029569608431147837,0.02854192787078693,129,0.01475489088176331,10.45536959553696,10.44552023676721,0.6345709245024912,14,1,303,0.006624825662482566,2.780735689462986
er,2026592176,0.03892630105501392,0.03489405837901911,157,-0.009264457311685558,10.412831241283124,10.417743714483585,0.6336957311830705,12,2,302,0.006276150627615063,2.773910365008471
er,2026592177,0.03500095484661588,0.035004516711833786,155,-0.0011636667868463115,10.263598326359833,10.25918567562423,0.6288597998994039,18,1,303,0.005927475592747559,2.7772605075077044
er,2026592178,0.030971514518398618,0.0337028494903653,151,0.03298118746236619,10.373082287308229,10.337902876960827,0.6357203238100151,14,1,303,0.006276150627615063,2.782637204117763
er,2026592179,0.03767781486185679,0.03675176056338028,167,-0.004085948685046788,10.506276150627617,10.50653441906354,0.6317882332297009,18,1,303,0.007322175732217573,2.7788997442790637
er,2026592180,0.03117651542765726,0.03209032833160006,144,0.006494957571851501,10.387726638772666,10.399247738014482,0.6308386217311669,17,1,303,0.00697350069735007,2.77304220488274
er,2026592181,0.027807637390600333,0.029089281718505257,130,-0.001346050310180007,10.34937238493724,10.346129094064215,0.6377000932694002,20,1,303,0.007322175732217573,2.772692501038183
er,2026592182,0.031732586100669966,0.03221446271682812,143,0.051198131620368646,10.286610878661088,10.23906570009511,0.629018103275529,15,1,303,0.006276150627615063,2.7868117937621575
er,2026592183,0.0324952733368575,0.031436794332521584,142,0.015716994912498613,10.44979079497908,10.446766878799494,0.63279143067291,18,1,303,0.006276150627615063,2.7793150175944747
er,2026592184,0.02927387730210892,0.027913159060700046,126,0.026491053019275977,10.443514644351465,10.42555563517998,0.6393116889258416,14,1,303,0.00697350069735007,2.776582956308876
er,2026592185,0.036481762268017366,0.03243605995078667,145,-0.020106133504406303,10.352161785216179,10.375781721945089,0.6383913482923383,21,1,303,0.005927475592747559,2.7797302909098858
er,2026592186,0.028452455441849427,0.029571869942621745,134,-0.004135337361843622,10.479776847977686,10.470156006927992,0.6344625625566219,16,1,303,0.00697350069735007,2.7820252223897888
er,2026592187,0.026777378233406188,0.02840446778607885,128,0.007154449779440402,10.427475592747559,10.4126060179278,0.6400672584496114,15,1,303,0.006276150627615063,2.7788123183179243
er,2026592188,0.03245108214991426,0.03162550681901954,143,-0.041186591585490505,10.45955369595537,10.487691745903744,0.6327042319616577,17,1,303,0.007322175732217573,2.7748781500666624
er,2026592189,0.028297655943028837,0.027886388786425673,126,0.02277327568363769,10.45258019525802,10.423407040547554,0.6332883059368208,14,1,303,0.007670850767085077,2.780320416147575
er,2026592190,0.03709352662775094,0.037675559188526414,169,-0.030018938441479404,10.38423988842399,10.411952906228034,0.6361040925251759,19,1,303,0.006624825662482566,2.780211133696151
er,2026592191,0.02913215801898633,0.029150160699603855,130,-0.023763580612271323,10.32984658298466,10.362304197339295,0.6337131391441234,16,1,303,0.006624825662482566,2.7780691976482417
er,2026592192,0.02857228424619529,0.029922992299229925,136,-0.009344364451753856,10.50836820083682,10.524728894387188,0.6352623128613227,16,1,303,0.007322175732217573,2.7758616921294776
er,2026592193,0.03037480612734268,0.030339083878643664,136,0.022837418645885756,10.377963737796374,10.363866140892318,0.6341006261798341,19,1,303,0.006624825662482566,2.7719493803685005
er,2026592194,0.0318174055353346,0.031997629805199615,144,-0.006708737527176664,10.41492329149233,10.417662753542732,0.635997957891254,23,1,303,0.00697350069735007,2.777304220488274
er,2026592195,0.031616946127414204,0.03165873959571938,142,0.002977490110261064,10.383542538354254,10.39137813883737,0.6359558130452131,15,1,303,0.00697350069735007,2.7802548466767205
er,2026592196,0.03435907801079612,0.03171058508262617,142,-0.007974786999404569,10.368200836820083,10.388374352949192,0.6385315271453885,15,1,303,0.006276150627615063,2.7857845387187727
er,2026592197,0.0304532557214714,0.031146454605699137,141,0.023959083901303083,10.47071129707113,10.43591119696973,0.633073234063333,17,1,303,0.00697350069735007,2.7814350971520994
er,2026592198,0.028889770037120063,0.02962962962962963,132,0.004367434918966063,10.320083682008368,10.31416468085076,0.6245262667292371,17,1,303,0.006276150627615063,2.7756868402071997
er,2026592199,0.031410268801066704,0.03125230882896195,141,0.011679247559817167,10.43863319386332,10.43008590586488,0.6352106620379772,16,1,303,0.006276150627615063,2.778112910628811
