# UN DESA International Migrant Stock 2024, Table 1 (POP/DB/MIG/Stock/Rev.2024).
# One row per origin -> destination pair: people living in the destination who were born in the origin.
# Aggregates (World, regions, income groups) are dropped; same-country rows are dropped.
origin	destination	origin_name	destination_name	stock_1990	stock_1995	stock_2000	stock_2005	stock_2010	stock_2015	stock_2020	stock_2024	female_2024
ABW	ATG	Aruba*	Antigua and Barbuda	7	6	4	5	5	5	4	4	1
ABW	AUS	Aruba*	Australia*	60	60	57	50	60	68	72	70	48
ABW	BGR	Aruba*	Bulgaria	1	2	3	4	5	5	3	4	1
ABW	BOL	Aruba*	Bolivia (Plurinational State of)	0	2	4	3	2	3	2	2	1
ABW	COL	Aruba*	Colombia	72	85	143	238	278	314	352	381	163
ABW	CRI	Aruba*	Costa Rica	29	22	25	17	33	32	38	46	16
ABW	CUW	Aruba*	Curaçao*	1758	1758	1758	1758	1573	1708	1992	2786	1710
ABW	DMA	Aruba*	Dominica	17	22	26	32	40	47	46	47	30
ABW	DNK	Aruba*	Denmark*	5	0	0	0	0	0	0	0	0
ABW	DOM	Aruba*	Dominican Republic	330	367	403	278	153	160	167	180	69
ABW	FIN	Aruba*	Finland*	0	0	0	0	0	3	0	0	0
ABW	GRC	Aruba*	Greece	41	66	92	47	1	0	0	0	0
ABW	HUN	Aruba*	Hungary	0	0	0	0	0	1	2	2	0
ABW	ISL	Aruba*	Iceland	0	0	0	1	1	1	0	0	0
ABW	LCA	Aruba*	Saint Lucia	8	10	14	23	31	29	27	26	15
ABW	LTU	Aruba*	Lithuania	0	0	0	0	0	2	1	1	0
ABW	LUX	Aruba*	Luxembourg	0	0	0	0	0	0	1	1	1
ABW	LVA	Aruba*	Latvia	1	1	1	0	0	1	0	0	0
ABW	NLD	Aruba*	Netherlands*	261	422	838	1421	2720	4333	11589	23381	12320
ABW	NOR	Aruba*	Norway*	3	5	6	7	17	19	16	18	4
ABW	SVK	Aruba*	Slovakia	0	0	0	0	0	1	1	1	1
ABW	SVN	Aruba*	Slovenia	0	0	0	0	0	6	0	0	0
ABW	SXM	Aruba*	Sint Maarten (Dutch part)*	1124	1124	1124	617	1234	1286	1358	1419	797
ABW	VEN	Aruba*	Venezuela (Bolivarian Republic of)	430	424	415	436	463	486	457	436	260
ABW	VIR	Aruba*	United States Virgin Islands*	417	468	520	510	501	501	500	500	261
AFG	ARE	Afghanistan	United Arab Emirates	1625	2055	2588	3147	5119	6447	6751	7665	2841
AFG	AUS	Afghanistan	Australia*	3929	6337	12511	18919	30763	49616	62531	81506	34049
AFG	AUT	Afghanistan	Austria	678	1209	2129	4449	8388	27598	42160	54204	18155
AFG	AZE	Afghanistan	Azerbaijan	11	4	573	720	631	1008	1236	1419	711
AFG	BEL	Afghanistan	Belgium	431	985	1750	2710	5538	16526	28289	50906	13927
AFG	BGR	Afghanistan	Bulgaria	222	223	223	2320	2450	3438	426	586	176
AFG	BHR	Afghanistan	Bahrain	220	245	258	376	591	663	722	772	238
AFG	BLR	Afghanistan	Belarus	140	216	292	281	270	282	277	274	86
AFG	BOL	Afghanistan	Bolivia (Plurinational State of)	2	1	0	1	1	2	1	1	0
AFG	BRA	Afghanistan	Brazil	76	71	70	77	74	156	381	7050	2852
AFG	CAN	Afghanistan	Canada	4569	9703	19294	34519	41106	51688	60868	70392	35899
AFG	CHE	Afghanistan	Switzerland	520	837	1350	2250	3637	6874	16224	24005	7701
AFG	CHN	Afghanistan	China	377	390	465	559	670	830	1023	1569	803
AFG	COL	Afghanistan	Colombia	70	13	13	86	185	343	535	670	291
AFG	CRI	Afghanistan	Costa Rica	25	11	3	3	5	4	4	5	4
AFG	CYP	Afghanistan	Cyprus	2	3	4	6	8	7	6	6	0
AFG	DEU	Afghanistan	Germany	607	8522	21132	46763	77856	101950	265648	358767	135021
AFG	DNK	Afghanistan	Denmark*	346	1164	3410	9357	10110	12512	13602	14440	6654
AFG	ECU	Afghanistan	Ecuador	12	20	76	65	204	165	190	173	87
AFG	EGY	Afghanistan	Egypt	976	597	414	231	109	29	100	486	224
AFG	EST	Afghanistan	Estonia	0	0	0	0	13	26	65	66	19
AFG	FIN	Afghanistan	Finland*	4	144	284	1604	2342	4623	7019	8262	3181
AFG	FRA	Afghanistan	France*	1431	2025	2770	3520	4821	12311	31434	89849	17903
AFG	GBR	Afghanistan	United Kingdom*	0	0	11071	26438	57255	73923	88375	99398	41385
AFG	GEO	Afghanistan	Georgia	0	0	42	39	39	40	40	41	17
AFG	GIN	Afghanistan	Guinea	0	0	0	0	0	3	1	1	0
AFG	GRC	Afghanistan	Greece	621	472	331	3401	6704	5810	45293	48116	23857
AFG	HUN	Afghanistan	Hungary	274	403	532	2385	1821	9411	1816	2142	652
AFG	IDN	Afghanistan	Indonesia	0	0	78	36	1548	6263	7646	5979	2064
AFG	IND	Afghanistan	India	22737	32520	23370	17839	16234	18480	21164	17646	8192
AFG	IRN	Afghanistan	Iran (Islamic Republic of)	3980307	2660518	2232283	2376348	2572558	2621236	2710601	3752317	1957005
AFG	IRQ	Afghanistan	Iraq	241	284	269	313	320	312	314	318	146
AFG	ISL	Afghanistan	Iceland	1	1	1	4	6	13	108	163	63
AFG	ISR	Afghanistan	Israel	2459	2982	2832	2600	2398	2564	2764	2927	1448
AFG	ITA	Afghanistan	Italy	91	155	249	1457	3274	7027	11328	19207	3121
AFG	JPN	Afghanistan	Japan	192	313	506	811	1312	2448	3482	6050	2142
AFG	KAZ	Afghanistan	Kazakhstan	2509	6144	6589	5618	6241	7295	8381	8919	4726
AFG	KWT	Afghanistan	Kuwait	1311	1083	1207	1337	1791	2431	2822	3094	1233
AFG	LBY	Afghanistan	Libya	677	452	236	260	285	319	340	359	97
AFG	LIE	Afghanistan	Liechtenstein	0	0	0	0	3	4	6	6	3
AFG	LKA	Afghanistan	Sri Lanka	0	15	31	63	129	131	132	133	62
AFG	LTU	Afghanistan	Lithuania	40	45	35	31	24	20	41	43	20
AFG	LUX	Afghanistan	Luxembourg	0	0	0	0	0	0	433	500	159
AFG	LVA	Afghanistan	Latvia	20	22	24	24	25	27	46	42	18
AFG	MEX	Afghanistan	Mexico	12	12	21	5	11	22	28	2262	900
AFG	MLI	Afghanistan	Mali	0	0	0	0	385	473	553	621	136
AFG	MYS	Afghanistan	Malaysia	0	18	58	68	525	452	2574	2906	998
AFG	NAM	Afghanistan	Namibia	64	61	58	45	43	42	44	47	27
AFG	NIC	Afghanistan	Nicaragua	27	22	37	54	57	61	62	64	28
AFG	NLD	Afghanistan	Netherlands*	779	3853	22120	32269	31418	33051	36035	42853	20310
AFG	NOR	Afghanistan	Norway*	253	351	638	5023	8836	13124	17242	19172	7014
AFG	NZL	Afghanistan	New Zealand*	210	210	667	1954	2333	3071	4833	6706	3283
AFG	PAK	Afghanistan	Pakistan	3374973	1291867	2069977	1166210	1990641	1710378	1598223	1923453	924949
AFG	QAT	Afghanistan	Qatar	267	355	474	617	1312	1946	1567	1679	421
AFG	RUS	Afghanistan	Russian Federation	19103	15576	11486	8328	4986	4150	3443	2880	673
AFG	SAU	Afghanistan	Saudi Arabia	7724	11809	12608	17868	47285	127748	132764	153258	43625
AFG	SVK	Afghanistan	Slovakia	26	125	315	488	139	155	194	211	30
AFG	SVN	Afghanistan	Slovenia	1	2	0	0	5	25	36	41	0
AFG	SWE	Afghanistan	Sweden	911	1465	3945	7965	13500	29853	59971	79353	26619
AFG	SYR	Afghanistan	Syrian Arab Republic	0	92	172	629	2605	1487	1143	1179	576
AFG	TJK	Afghanistan	Tajikistan	8485	12248	17118	12636	12606	12393	12433	12467	6886
AFG	TKM	Afghanistan	Turkmenistan	321	3210	1784	808	345	231	198	197	99
AFG	TUR	Afghanistan	Türkiye	7147	9904	9620	17982	29314	101893	271641	332053	144948
AFG	UKR	Afghanistan	Ukraine*	2552	2468	2416	2207	2605	4812	4891	4956	1107
AFG	USA	Afghanistan	United States of America*	26484	13880	41681	56433	58708	80014	135452	199252	94949
AFG	ZAF	Afghanistan	South Africa	12	12	26	143	308	766	1935	2910	710
AGO	AUS	Angola	Australia*	359	391	417	451	528	560	570	559	265
AGO	BEL	Angola	Belgium	630	1068	1801	3226	5448	6370	7514	8571	4244
AGO	BGR	Angola	Bulgaria	4	4	4	5	6	8	15	21	14
AGO	BOL	Angola	Bolivia (Plurinational State of)	6	5	4	5	5	7	6	7	1
AGO	BRA	Angola	Brazil	5773	7158	7744	8319	7987	8211	12789	15174	5053
AGO	BWA	Angola	Botswana	551	889	1320	1990	672	730	779	822	428
AGO	CMR	Angola	Cameroon	0	0	0	2571	2046	2555	2976	3303	1846
AGO	COD	Angola	Democratic Republic of the Congo	468462	276402	325733	262144	259584	181954	177028	201592	100294
AGO	COG	Angola	Congo	10334	18270	31100	15550	31028	41238	40969	40756	19660
AGO	CPV	Angola	Cabo Verde	1588	1899	2209	1283	356	370	390	408	214
AGO	CRI	Angola	Costa Rica	4	2	2	2	4	3	3	4	1
AGO	CUB	Angola	Cuba	218	165	106	84	63	44	30	21	13
AGO	DNK	Angola	Denmark*	52	85	113	127	148	168	169	207	110
AGO	ERI	Angola	Eritrea	247	433	620	424	286	346	301	270	110
AGO	EST	Angola	Estonia	0	0	0	0	3	5	3	3	1
AGO	FIN	Angola	Finland*	4	49	94	227	328	412	441	519	211
AGO	GAB	Angola	Gabon	342	457	572	624	723	1011	1111	1199	407
AGO	GIN	Angola	Guinea	0	0	0	0	0	115	109	105	37
AGO	GRC	Angola	Greece	20	19	19	14	9	8	11	12	4
AGO	HUN	Angola	Hungary	32	43	53	67	80	78	116	137	57
AGO	ISL	Angola	Iceland	10	15	19	30	39	34	50	76	21
AGO	ITA	Angola	Italy	711	882	1054	1286	1533	1675	1841	1835	994
AGO	LIE	Angola	Liechtenstein	0	0	0	0	7	7	7	7	2
AGO	LTU	Angola	Lithuania	1	0	0	0	0	1	2	2	0
AGO	LUX	Angola	Luxembourg	0	0	0	0	0	0	1061	1226	603
AGO	LVA	Angola	Latvia	1	1	2	2	2	2	0	0	0
AGO	MEX	Angola	Mexico	25	31	46	44	55	51	247	2457	997
AGO	MLI	Angola	Mali	70	72	67	273	1253	1542	1807	2028	1072
AGO	MOZ	Angola	Mozambique	14337	19720	22937	31493	35889	37206	39092	40741	20849
AGO	NAM	Angola	Namibia	24028	22978	49790	39319	38119	37350	40105	42539	17458
AGO	NOR	Angola	Norway*	30	41	103	239	377	490	496	552	297
AGO	PRT	Angola	Portugal	141573	154254	173193	169591	137826	156251	179524	201961	109196
AGO	STP	Angola	Sao Tome and Principe	468	556	654	514	404	358	319	292	174
AGO	SVK	Angola	Slovakia	11	11	16	18	20	25	25	27	5
AGO	SVN	Angola	Slovenia	0	0	0	2	3	2	2	2	2
AGO	SWZ	Angola	Eswatini	4	143	166	219	201	131	133	135	67
AGO	TZA	Angola	United Republic of Tanzania	717	958	1018	1153	1186	1249	1115	1210	484
AGO	VEN	Angola	Venezuela (Bolivarian Republic of)	167	164	161	169	180	188	176	168	80
AGO	ZAF	Angola	South Africa	4498	7940	14089	23228	16264	10076	6501	6354	2264
AGO	ZMB	Angola	Zambia	123807	141001	238248	98687	37306	27864	31424	41665	20340
AIA	ATG	Anguilla*	Antigua and Barbuda	17	25	32	35	37	39	39	40	20
AIA	BGR	Anguilla*	Bulgaria	10	16	21	29	35	29	30	41	11
AIA	CUW	Anguilla*	Curaçao*	43	43	43	43	40	42	47	66	48
AIA	DMA	Anguilla*	Dominica	7	9	11	13	16	19	18	18	4
AIA	DOM	Anguilla*	Dominican Republic	139	155	170	101	33	33	34	37	14
AIA	ECU	Anguilla*	Ecuador	573	479	389	299	202	40	8	9	5
AIA	GRC	Anguilla*	Greece	6	11	17	14	11	10	8	8	3
AIA	LCA	Anguilla*	Saint Lucia	16	21	29	18	6	5	3	3	0
AIA	LVA	Anguilla*	Latvia	4	6	9	4	0	0	0	0	0
AIA	SXM	Anguilla*	Sint Maarten (Dutch part)*	334	334	334	183	367	383	403	421	191
AIA	VIR	Anguilla*	United States Virgin Islands*	1113	1106	1103	1037	972	972	971	971	468
ALB	AUS	Albania	Australia*	822	1119	1529	2281	2872	3447	3973	4105	2094
ALB	AUT	Albania	Austria	931	1285	1758	2368	2694	3508	4820	6148	3200
ALB	BEL	Albania	Belgium	691	865	1080	2946	6820	9614	12749	16175	8214
ALB	BGR	Albania	Bulgaria	103	316	528	785	1028	990	1351	1858	789
ALB	BOL	Albania	Bolivia (Plurinational State of)	6	3	0	1	1	2	1	1	1
ALB	CAN	Albania	Canada	195	1178	4254	9657	13414	15850	17525	20718	10576
ALB	CHL	Albania	Chile	22	28	36	53	79	133	309	341	281
ALB	COL	Albania	Colombia	30	12	12	38	72	124	190	236	101
ALB	CRI	Albania	Costa Rica	2	2	3	3	5	4	4	5	0
ALB	CUB	Albania	Cuba	242	184	226	40	6	1	0	0	0
ALB	CYP	Albania	Cyprus	69	98	126	190	291	266	274	291	122
ALB	DNK	Albania	Denmark*	5	31	86	183	257	367	625	1237	495
ALB	EST	Albania	Estonia	0	0	0	0	7	20	41	42	16
ALB	FIN	Albania	Finland*	0	17	34	114	174	336	706	831	260
ALB	FRA	Albania	France*	1134	1840	3185	5816	7342	17618	34341	54967	25393
ALB	GEO	Albania	Georgia	0	0	11	10	10	10	9	9	5
ALB	GIN	Albania	Guinea	0	0	0	0	0	11	9	9	2
ALB	GRC	Albania	Greece	63963	230218	400253	423598	463157	436566	446614	474441	217274
ALB	HRV	Albania	Croatia	122	83	157	165	172	173	160	152	85
ALB	HUN	Albania	Hungary	96	113	129	159	189	228	503	593	171
ALB	ISL	Albania	Iceland	10	15	20	30	39	45	220	332	113
ALB	ITA	Albania	Italy	60088	94077	141643	260914	386978	418672	493666	542638	271389
ALB	LBY	Albania	Libya	315	266	223	245	268	300	320	338	101
ALB	LIE	Albania	Liechtenstein	0	0	0	0	0	0	2	2	2
ALB	LTU	Albania	Lithuania	11	9	6	6	4	4	28	29	15
ALB	LUX	Albania	Luxembourg	290	275	264	229	197	300	1058	1222	625
ALB	LVA	Albania	Latvia	4	6	8	7	7	9	12	11	5
ALB	MKD	Albania	North Macedonia	45001	58009	69367	69782	70230	67799	68113	68356	40216
ALB	MLI	Albania	Mali	0	0	0	0	1028	1264	1482	1663	915
ALB	MLT	Albania	Malta	16	19	48	76	63	106	229	398	186
ALB	MNE	Albania	Montenegro	2511	2511	2511	2511	2015	2754	2763	2741	1596
ALB	NOR	Albania	Norway*	21	81	149	274	435	969	2174	2417	1040
ALB	PRT	Albania	Portugal	11	24	40	45	44	50	55	62	30
ALB	ROU	Albania	Romania	633	659	685	711	738	764	789	810	390
ALB	SMR	Albania	San Marino	27	28	31	30	30	37	39	41	34
ALB	SRB	Albania	Serbia*	1078	323	263	292	394	534	722	853	766
ALB	SVK	Albania	Slovakia	6	29	60	68	76	99	133	145	21
ALB	SVN	Albania	Slovenia	15	51	76	49	96	148	146	166	113
ALB	SWE	Albania	Sweden	150	243	351	647	1209	2320	7495	11986	5205
ALB	VEN	Albania	Venezuela (Bolivarian Republic of)	17	16	16	16	18	19	17	16	8
ALB	ZAF	Albania	South Africa	110	51	24	30	55	100	182	243	85
AND	BGR	Andorra	Bulgaria	0	0	0	1	1	0	0	0	0
AND	BOL	Andorra	Bolivia (Plurinational State of)	2	1	0	0	0	0	0	0	0
AND	CAN	Andorra	Canada	10	10	10	27	34	39	56	70	48
AND	DNK	Andorra	Denmark*	0	0	1	3	0	2	6	15	4
AND	EST	Andorra	Estonia	0	0	0	0	0	0	1	1	1
AND	FIN	Andorra	Finland*	1	1	1	2	2	1	2	2	0
AND	GIN	Andorra	Guinea	0	0	0	0	0	6	4	4	0
AND	GRC	Andorra	Greece	6	5	4	4	4	3	1	1	0
AND	HUN	Andorra	Hungary	0	0	0	0	0	1	0	0	0
AND	ISL	Andorra	Iceland	0	0	0	0	0	2	2	3	3
AND	LIE	Andorra	Liechtenstein	0	0	0	0	0	1	0	0	0
AND	LUX	Andorra	Luxembourg	0	0	0	0	0	0	38	44	21
AND	LVA	Andorra	Latvia	0	0	0	0	1	0	0	0	0
AND	MLI	Andorra	Mali	0	0	0	0	835	1027	1204	1351	639
AND	NOR	Andorra	Norway*	2	2	3	5	7	12	12	13	7
AND	PRT	Andorra	Portugal	122	264	417	406	329	372	425	478	254
AND	SVK	Andorra	Slovakia	0	0	0	0	0	1	0	0	0
ARE	AUS	United Arab Emirates	Australia*	545	882	1393	2818	5215	8122	13588	17673	8464
ARE	BGR	United Arab Emirates	Bulgaria	1	14	26	41	55	133	347	477	213
ARE	BHR	United Arab Emirates	Bahrain	788	1411	1948	3290	5464	6131	6679	7139	3219
ARE	BLR	United Arab Emirates	Belarus	15	19	23	22	20	23	21	21	10
ARE	BOL	United Arab Emirates	Bolivia (Plurinational State of)	0	1	2	1	0	0	0	0	0
ARE	CAN	United Arab Emirates	Canada	996	2423	5366	9386	14328	21677	28236	36578	17379
ARE	CYP	United Arab Emirates	Cyprus	38	54	69	103	159	145	149	158	63
ARE	DNK	United Arab Emirates	Denmark*	55	108	194	258	315	423	711	915	410
ARE	EGY	United Arab Emirates	Egypt	711	691	671	633	634	0	555	432	216
ARE	EST	United Arab Emirates	Estonia	0	0	0	0	7	7	32	33	8
ARE	FIN	United Arab Emirates	Finland*	14	22	30	56	68	137	257	303	122
ARE	GRC	United Arab Emirates	Greece	17	47	77	83	91	85	87	92	38
ARE	HUN	United Arab Emirates	Hungary		62	123	152	181	263	618	729	293
ARE	IND	United Arab Emirates	India	8631	11062	13769	18031	23661	22376	20869	19941	10251
ARE	IRQ	United Arab Emirates	Iraq	222	262	248	289	295	288	289	293	67
ARE	ISL	United Arab Emirates	Iceland	0	1	1	2	2	6	11	17	3
ARE	ITA	United Arab Emirates	Italy	45	71	109	154	254	369	804	1118	494
ARE	KAZ	United Arab Emirates	Kazakhstan	1151	802	616	632	655	679	704	724	384
ARE	KWT	United Arab Emirates	Kuwait	4697	5936	9112	13847	21476	22465	26077	28593	16718
ARE	LBY	United Arab Emirates	Libya	1322	1669	2044	2252	2471	2766	2961	3130	924
ARE	LIE	United Arab Emirates	Liechtenstein	0	0	0	0	1	3	2	2	0
ARE	LKA	United Arab Emirates	Sri Lanka	19	215	413	816	1645	1665	1688	1707	849
ARE	LTU	United Arab Emirates	Lithuania	17	19	14	21	27	35	61	64	25
ARE	LUX	United Arab Emirates	Luxembourg	0	0	0	0	0	0	77	89	40
ARE	LVA	United Arab Emirates	Latvia	1	1	2	5	9	12	33	30	8
ARE	MLI	United Arab Emirates	Mali	0	0	0	0	2463	3030	3555	3990	1906
ARE	MLT	United Arab Emirates	Malta	6	8	9	13	21	35	75	130	35
ARE	MRT	United Arab Emirates	Mauritania	62	66	68	69	48	68	73	78	34
ARE	NOR	United Arab Emirates	Norway*	27	34	82	131	245	433	616	685	315
ARE	NZL	United Arab Emirates	New Zealand*	411	411	411	701	853	1258	2122	2976	1433
ARE	PSE	United Arab Emirates	State of Palestine	10629	10387	10145	13525	13718	14045	14087	14071	7219
ARE	QAT	United Arab Emirates	Qatar	27258	35554	46625	17956	12125	11990	9368	10034	3398
ARE	SVK	United Arab Emirates	Slovakia	4	20	43	49	55	75	127	138	55
ARE	SVN	United Arab Emirates	Slovenia	0	0	2	5	15	12	21	24	17
ARE	TUR	United Arab Emirates	Türkiye	3443	1795	146	792	1588	2384	7489	12928	6119
ARE	ZAF	United Arab Emirates	South Africa	12	13	46	128	217	359	592	762	399
ARG	AND	Argentina	Andorra	86	118	151	494	819	682	734	780	377
ARG	AUS	Argentina	Australia*	11476	12098	12032	13097	13703	15530	20027	24708	12800
ARG	BEL	Argentina	Belgium	1264	1414	1581	1769	2001	2319	2785	3485	1856
ARG	BGR	Argentina	Bulgaria	7	30	53	81	107	99	127	175	85
ARG	BHS	Argentina	Bahamas	8	8	9	56	102	111	117	124	41
ARG	BLR	Argentina	Belarus	76	92	107	103	99	102	99	98	64
ARG	BOL	Argentina	Bolivia (Plurinational State of)	21923	25141	28095	32418	36671	42697	47601	53146	26060
ARG	BRA	Argentina	Brazil	25079	25706	26818	28285	28392	29835	30742	31403	12360
ARG	CAN	Argentina	Canada	10957	11471	11920	17475	19420	20580	19705	20267	10565
ARG	CHE	Argentina	Switzerland	4656	5211	5865	6900	7783	8793	10108	11810	6147
ARG	CHL	Argentina	Chile	28579	36352	44702	52768	58190	65360	76640	76995	37503
ARG	CHN	Argentina	China	855	1030	1226	1460	1781	3487	6569	7565	4019
ARG	COL	Argentina	Colombia	1695	2032	2278	2564	3367	4460	5653	6491	2446
ARG	CPV	Argentina	Cabo Verde	5	8	10	7	4	4	3	3	2
ARG	CRI	Argentina	Costa Rica	1041	864	1120	735	1448	1468	1761	2125	1049
ARG	CUB	Argentina	Cuba	373	283	190	134	90	58	35	25	16
ARG	CUW	Argentina	Curaçao*	22	22	22	22	21	21	24	34	21
ARG	CYM	Argentina	Cayman Islands*	3	7	13	12	12	12	12	13	9
ARG	CYP	Argentina	Cyprus	21	30	38	57	88	80	81	86	37
ARG	DNK	Argentina	Denmark*	912	932	936	1025	1073	1352	3697	6313	2855
ARG	DOM	Argentina	Dominican Republic	2642	2935	3227	2126	1020	1071	1116	1204	530
ARG	ECU	Argentina	Ecuador	1891	2035	2190	2391	2645	2861	3121	3254	1378
ARG	ESP	Argentina	Spain*	51118	70320	95414	245634	279496	249205	296102	390798	195403
ARG	EST	Argentina	Estonia	0	0	0	0	14	27	54	55	16
ARG	FIN	Argentina	Finland*	107	120	132	217	267	369	460	541	211
ARG	FLK	Argentina	Falkland Islands (Malvinas)*	27	36	39	55	24	26	31	37	17
ARG	GEO	Argentina	Georgia	0	0	16	15	15	15	14	14	6
ARG	GIN	Argentina	Guinea	0	0	0	0	0	112	105	102	42
ARG	GRC	Argentina	Greece	641	628	626	641	679	639	652	693	431
ARG	GTM	Argentina	Guatemala	285	318	350	416	482	529	595	654	246
ARG	HND	Argentina	Honduras	145	144	142	139	136	191	194	197	84
ARG	HRV	Argentina	Croatia	143	166	171	185	199	200	186	177	109
ARG	HTI	Argentina	Haiti	466	442	419	398	417	437	456	473	200
ARG	HUN	Argentina	Hungary	22	123	223	274	327	368	432	510	222
ARG	ISL	Argentina	Iceland	5	9	13	20	26	46	83	125	48
ARG	ISR	Argentina	Israel	22506	27834	31692	35204	38908	41979	45255	48082	25273
ARG	ITA	Argentina	Italy	36435	43178	49381	57429	67180	67014	71901	88572	46555
ARG	JPN	Argentina	Japan	2332	2885	3047	3716	3279	2994	3352	3266	1399
ARG	LIE	Argentina	Liechtenstein	0	0	0	9	19	26	24	26	15
ARG	LTU	Argentina	Lithuania	83	93	72	74	67	53	65	68	29
ARG	LUX	Argentina	Luxembourg	38	36	35	30	26	39	407	470	260
ARG	LVA	Argentina	Latvia	9	14	20	21	22	12	22	20	7
ARG	MEX	Argentina	Mexico	5737	6109	6633	9560	13632	16099	18904	21195	9666
ARG	MLT	Argentina	Malta	7	9	10	14	8	14	28	49	2
ARG	MRT	Argentina	Mauritania	60	64	66	67	46	66	71	76	27
ARG	NAM	Argentina	Namibia	74	70	67	52	50	48	50	53	33
ARG	NIC	Argentina	Nicaragua	185	147	188	235	251	270	281	292	139
ARG	NOR	Argentina	Norway*	445	491	533	622	803	1086	1246	1385	666
ARG	NZL	Argentina	New Zealand*	384	384	384	838	1411	2544	4341	5878	3002
ARG	PAN	Argentina	Panama	580	667	796	1350	2179	2550	3062	4671	2033
ARG	PER	Argentina	Peru	176	1689	5113	8603	11785	15237	19297	30704	15040
ARG	POL	Argentina	Poland	85	115	156	213	291	308	313	323	116
ARG	PRI	Argentina	Puerto Rico*	1234	1245	1259	1402	1369	1180	828	748	399
ARG	PRT	Argentina	Portugal	303	654	1032	1197	1165	1320	1512	1701	902
ARG	PRY	Argentina	Paraguay	50447	57525	64404	61353	58456	57056	61833	65943	32710
ARG	SLV	Argentina	El Salvador	255	211	166	187	207	216	218	221	86
ARG	SMR	Argentina	San Marino	68	74	81	74	69	85	90	95	48
ARG	SRB	Argentina	Serbia*	144	96	61	54	54	55	55	53	30
ARG	SVK	Argentina	Slovakia	20	32	54	61	68	83	90	98	48
ARG	SVN	Argentina	Slovenia	92	129	163	328	414	417	435	493	235
ARG	URY	Argentina	Uruguay	14559	17970	21691	25992	26782	27662	33022	42578	23423
ARG	USA	Argentina	United States of America*	93251	73279	135087	193374	177406	193602	207388	212091	108087
ARG	VEN	Argentina	Venezuela (Bolivarian Republic of)	9483	9138	8724	9078	9542	9944	9374	8943	4372
ARG	ZAF	Argentina	South Africa	944	847	942	966	934	875	815	807	361
ARM	ARG	Armenia	Argentina	1074	1041	1008	974	941	907	876	884	504
ARM	AUS	Armenia	Australia*	797	885	978	1111	1199	1463	1443	1462	853
ARM	AUT	Armenia	Austria	107	190	331	1900	2564	3229	3370	3746	2069
ARM	AZE	Armenia	Azerbaijan	167779	362053	343340	148545	142094	135614	129242	116637	59974
ARM	BEL	Armenia	Belgium	81	131	211	342	1382	1423	2144	3107	1528
ARM	BGR	Armenia	Bulgaria	1207	1179	1150	1246	1334	1371	1802	2478	1365
ARM	BLR	Armenia	Belarus	6645	6295	5944	5862	5779	5728	5643	5577	2233
ARM	BOL	Armenia	Bolivia (Plurinational State of)	0	1	1	3	4	6	5	6	2
ARM	CAN	Armenia	Canada	2016	1883	1722	2131	3351	4219	4937	5457	3010
ARM	CHL	Armenia	Chile	9	26	42	66	99	164	208	239	197
ARM	CRI	Armenia	Costa Rica	6	4	5	4	8	7	8	10	4
ARM	CYP	Armenia	Cyprus	292	413	534	803	1232	1130	1166	1238	586
ARM	CZE	Armenia	Czechia	0	54	827	1393	2289	2431	2423	2416	1132
ARM	DNK	Armenia	Denmark*	0	76	460	529	602	692	747	828	463
ARM	EGY	Armenia	Egypt	44	48	52	56	66	0	85	274	132
ARM	EST	Armenia	Estonia	715	655	595	645	690	687	746	760	335
ARM	FIN	Armenia	Finland*	0	10	19	47	69	89	115	135	74
ARM	FRA	Armenia	France*	2455	3986	6873	12912	21115	30530	36445	42785	23831
ARM	GEO	Armenia	Georgia	4039	3297	12268	11654	11770	12358	12789	13147	5925
ARM	GIN	Armenia	Guinea	0	0	0	0	0	9	7	7	0
ARM	GRC	Armenia	Greece	12148	10438	8899	11750	15130	14257	14571	15479	8434
ARM	HUN	Armenia	Hungary	186	165	144	177	212	173	225	265	134
ARM	IRN	Armenia	Iran (Islamic Republic of)	571	575	1287	1867	1517	1185	989	1008	512
ARM	ISL	Armenia	Iceland	2	2	2	4	5	8	10	15	9
ARM	ITA	Armenia	Italy	74	124	202	460	872	1366	1896	2373	1457
ARM	KAZ	Armenia	Kazakhstan	10219	8587	7523	7388	7254	7123	6994	6889	3424
ARM	KGZ	Armenia	Kyrgyzstan	7381	5997	4449	3603	2702	2380	2315	2266	1109
ARM	LBY	Armenia	Libya	511	346	188	208	228	255	270	285	101
ARM	LIE	Armenia	Liechtenstein	0	0	0	0	7	9	9	10	6
ARM	LTU	Armenia	Lithuania	815	870	681	729	678	579	427	450	163
ARM	LUX	Armenia	Luxembourg	0	0	0	0	0	0	120	139	86
ARM	LVA	Armenia	Latvia	1552	1312	1073	1010	922	693	708	652	271
ARM	MDA	Armenia	Republic of Moldova*	1264	1081	926	802	635	462	293	274	92
ARM	MLT	Armenia	Malta	11	13	15	20	22	38	81	141	70
ARM	NAM	Armenia	Namibia	94	89	84	66	63	61	64	68	0
ARM	NOR	Armenia	Norway*	4	15	33	156	196	301	333	370	212
ARM	POL	Armenia	Poland	245	396	641	1252	2686	2833	2685	3117	1378
ARM	PRT	Armenia	Portugal	16	34	54	77	89	100	112	126	45
ARM	RUS	Armenia	Russian Federation	535266	516425	478856	503316	508554	447149	387853	340512	148824
ARM	SVK	Armenia	Slovakia	37	57	94	306	118	148	169	184	86
ARM	SVN	Armenia	Slovenia	0	0	0	0	7	13	17	19	11
ARM	TJK	Armenia	Tajikistan	257	221	207	199	198	194	193	194	118
ARM	TKM	Armenia	Turkmenistan	11254	9193	7452	7391	7172	7113	7058	7016	3572
ARM	UKR	Armenia	Ukraine*	35141	44340	54082	49416	47150	47307	48097	48740	20492
ARM	UZB	Armenia	Uzbekistan	9213	8402	7498	7039	6291	5870	5824	5789	2758
ARM	VEN	Armenia	Venezuela (Bolivarian Republic of)	30	29	29	30	32	34	31	30	13
ASM	AUS	American Samoa*	Australia*	56	82	135	203	262	412	485	517	236
ASM	FSM	American Samoa*	Micronesia (Fed. States of)	19	17	15	19	21	23	22	22	10
ASM	GRC	American Samoa*	Greece	3	8	14	7	0	0	0	0	0
ASM	MLI	American Samoa*	Mali	0	0	0	0	322	395	462	519	274
ASM	WSM	American Samoa*	Samoa	995	1506	2007	1889	1650	1379	1307	1250	607
ASM	ZAF	American Samoa*	South Africa	12	12	12	30	86	243	676	1054	452
ATG	AUS	Antigua and Barbuda	Australia*	12	15	30	35	40	58	60	61	31
ATG	BGR	Antigua and Barbuda	Bulgaria	1	2	3	4	5	5	4	6	1
ATG	BHS	Antigua and Barbuda	Bahamas	13	10	8	11	13	14	13	14	8
ATG	BOL	Antigua and Barbuda	Bolivia (Plurinational State of)	10	5	0	0	0	0	0	0	0
ATG	BRB	Antigua and Barbuda	Barbados	226	246	267	225	185	194	194	196	113
ATG	CHL	Antigua and Barbuda	Chile	13	17	22	32	48	81	188	207	171
ATG	CUW	Antigua and Barbuda	Curaçao*	56	56	56	56	51	54	62	87	63
ATG	DMA	Antigua and Barbuda	Dominica	184	243	290	357	379	442	451	459	237
ATG	DNK	Antigua and Barbuda	Denmark*	0	0	0	1	3	3	5	6	5
ATG	DOM	Antigua and Barbuda	Dominican Republic	266	296	325	248	171	179	186	201	94
ATG	EST	Antigua and Barbuda	Estonia	0	0	0	0	1	2	7	7	2
ATG	FIN	Antigua and Barbuda	Finland*	0	0	0	0	1	1	1	1	1
ATG	GIN	Antigua and Barbuda	Guinea	0	0	0	0	0	4452	4276	4134	1762
ATG	GRC	Antigua and Barbuda	Greece	12	13	14	22	31	29	29	31	12
ATG	GRD	Antigua and Barbuda	Grenada	22	28	35	36	38	38	39	40	22
ATG	GUY	Antigua and Barbuda	Guyana	5	8	10	13	9	9	9	16	9
ATG	HUN	Antigua and Barbuda	Hungary	0	0	0	0	0	1	0	0	0
ATG	ISL	Antigua and Barbuda	Iceland	0	0	0	0	0	1	0	0	0
ATG	JAM	Antigua and Barbuda	Jamaica	120	143	165	161	156	153	154	156	78
ATG	KNA	Antigua and Barbuda	Saint Kitts and Nevis	175	231	319	363	393	404	417	430	220
ATG	LCA	Antigua and Barbuda	Saint Lucia	49	65	90	95	94	90	85	82	40
ATG	LUX	Antigua and Barbuda	Luxembourg	0	0	0	0	0	0	2	2	0
ATG	LVA	Antigua and Barbuda	Latvia	0	0	0	0	0	1	0	0	0
ATG	MSR	Antigua and Barbuda	Montserrat*	172	138	104	107	110	115	116	118	61
ATG	NAM	Antigua and Barbuda	Namibia	693	662	616	487	469	459	490	520	309
ATG	NIC	Antigua and Barbuda	Nicaragua	35	28	65	104	111	119	123	128	64
ATG	NOR	Antigua and Barbuda	Norway*	0	0	0	1	3	4	4	4	2
ATG	SXM	Antigua and Barbuda	Sint Maarten (Dutch part)*	467	467	467	256	513	534	563	588	321
ATG	VCT	Antigua and Barbuda	Saint Vincent and the Grenadines	51	53	55	56	58	58	56	57	23
ATG	VGB	Antigua and Barbuda	British Virgin Islands*	388	456	524	600	676	773	877	970	553
ATG	VIR	Antigua and Barbuda	United States Virgin Islands*	4398	4610	4832	4708	4585	4587	4588	4590	2503
AUS	AND	Australia*	Andorra	36	39	41	59	70	65	69	73	0
AUS	ARG	Australia*	Argentina	2234	1968	1710	1451	1192	892	666	659	375
AUS	ATG	Australia*	Antigua and Barbuda	7	7	6	7	7	7	6	6	2
AUS	AZE	Australia*	Azerbaijan	210	186	164	146	129	114	101	91	48
AUS	BGR	Australia*	Bulgaria	13	40	66	99	129	200	295	406	180
AUS	BHS	Australia*	Bahamas	27	46	65	71	77	83	88	93	44
AUS	BLR	Australia*	Belarus	21	25	28	27	26	28	26	26	14
AUS	BMU	Australia*	Bermuda*	37	44	43	70	102	133	176	180	88
AUS	BOL	Australia*	Bolivia (Plurinational State of)	74	115	154	175	196	229	253	282	126
AUS	BRA	Australia*	Brazil	458	445	441	511	573	660	731	790	79
AUS	BRB	Australia*	Barbados	24	26	29	25	23	24	23	23	11
AUS	BRN	Australia*	Brunei Darussalam	262	372	482	493	504	515	559	599	269
AUS	BTN	Australia*	Bhutan	12	15	17	21	25	27	27	28	4
AUS	BWA	Australia*	Botswana	120	111	114	225	338	367	391	413	212
AUS	CAF	Australia*	Central African Republic	9	13	16	13	13	10	10	11	4
AUS	CAN	Australia*	Canada	13712	14771	15831	17893	24105	30029	26000	26777	12368
AUS	CHL	Australia*	Chile	582	737	879	1002	1058	1236	1333	1421	1165
AUS	CHN	Australia*	China	6495	7703	9168	10913	12987	13046	12610	13927	7398
AUS	COK	Australia*	Cook Islands*	115	120	124	230	336	388	426	459	217
AUS	COL	Australia*	Colombia	192	219	197	184	276	438	629	761	263
AUS	CRI	Australia*	Costa Rica	73	50	51	34	67	67	79	95	46
AUS	CYM	Australia*	Cayman Islands*	23	45	77	119	173	187	208	227	97
AUS	CYP	Australia*	Cyprus	741	1048	1355	2037	3126	2870	2961	3143	1606
AUS	DMA	Australia*	Dominica	3	4	5	5	6	7	6	6	4
AUS	DNK	Australia*	Denmark*	1036	1330	1603	1843	2546	3006	3430	3795	1761
AUS	DOM	Australia*	Dominican Republic	67	75	82	60	39	40	41	44	14
AUS	ECU	Australia*	Ecuador	8	63	133	195	262	206	149	105	49
AUS	EGY	Australia*	Egypt	269	372	519	702	874	0	1166	1077	359
AUS	EST	Australia*	Estonia	0	0	0	0	63	98	221	225	72
AUS	FIN	Australia*	Finland*	452	502	552	774	916	1035	1245	1466	539
AUS	FJI	Australia*	Fiji	1306	1405	1489	1706	1832	1887	1941	1979	915
AUS	FLK	Australia*	Falkland Islands (Malvinas)*	7	9	10	14	38	42	51	61	23
AUS	GBR	Australia*	United Kingdom*	71717	86757	104720	115290	124989	125672	124920	124319	57744
AUS	GHA	Australia*	Ghana	17	17	19	27	27	33	37	41	22
AUS	GIN	Australia*	Guinea	0	0	0	0	0	10	8	8	1
AUS	GRC	Australia*	Greece	19643	19792	20267	20467	21417	20182	20630	21915	11660
AUS	GTM	Australia*	Guatemala	47	46	44	53	61	67	74	81	30
AUS	HKG	Australia*	China, Hong Kong SAR	6092	6799	7506	8195	8903	9098	9486	9809	4903
AUS	HRV	Australia*	Croatia	694	764	753	1169	1585	1595	1499	1428	752
AUS	HUN	Australia*	Hungary	832	737	642	789	942	906	1246	1470	668
AUS	IDN	Australia*	Indonesia	6047	6776	7625	4660	4168	2563	1466	1940	905
AUS	IMN	Australia*	Isle of Man*	123	140	157	258	356	188	190	193	99
AUS	IND	Australia*	India	2632	1626	881	1246	2082	1986	1852	1769	856
AUS	IRL	Australia*	Ireland	4510	4329	7675	7978	6205	6602	8883	11165	5558
AUS	ISL	Australia*	Iceland	60	61	61	75	86	121	172	260	121
AUS	ISR	Australia*	Israel	1852	2291	2616	2913	3226	3480	3752	3987	1908
AUS	ITA	Australia*	Italy	16050	17113	17612	17973	18635	18983	19237	18314	10266
AUS	JPN	Australia*	Japan	3687	5790	8830	10964	9902	34359	30721	11962	3616
AUS	KHM	Australia*	Cambodia	54	142	229	179	129	116	123	130	42
AUS	KIR	Australia*	Kiribati	64	75	86	83	81	82	86	91	39
AUS	LAO	Australia*	Lao People's Democratic Republic	18	18	17	16	110	205	218	230	67
AUS	LBY	Australia*	Libya	1499	1016	551	608	667	746	797	842	246
AUS	LCA	Australia*	Saint Lucia	7	9	13	13	13	12	10	10	6
AUS	LIE	Australia*	Liechtenstein	0	0	0	0	8	12	9	10	4
AUS	LKA	Australia*	Sri Lanka	51	100	150	253	465	469	474	479	244
AUS	LTU	Australia*	Lithuania	22	25	19	33	44	41	57	60	9
AUS	LUX	Australia*	Luxembourg	74	70	67	58	50	76	287	332	173
AUS	LVA	Australia*	Latvia	45	69	93	131	166	83	111	102	31
AUS	MDV	Australia*	Maldives	37	43	48	56	67	78	84	90	9
AUS	MEX	Australia*	Mexico	189	231	285	352	431	479	528	566	233
AUS	MLT	Australia*	Malta	3435	4022	4128	4016	3461	6006	13091	22753	10280
AUS	MNE	Australia*	Montenegro	130	130	130	130	122	137	136	135	89
AUS	MNG	Australia*	Mongolia	3	3	4	91	189	233	248	262	114
AUS	MYS	Australia*	Malaysia	2426	2429	2432	2432	2433	2432	2432	2432	1087
AUS	NAM	Australia*	Namibia	793	758	705	557	536	524	560	594	361
AUS	NCL	Australia*	New Caledonia*	226	262	298	317	337	258	272	285	178
AUS	NIU	Australia*	Niue*	11	13	16	19	16	15	14	14	7
AUS	NOR	Australia*	Norway*	797	878	977	1203	1770	2206	2457	2732	1066
AUS	NRU	Australia*	Nauru	202	186	171	161	24	38	43	50	17
AUS	NZL	Australia*	New Zealand*	48723	53903	55949	61754	62683	68984	80634	89129	46966
AUS	PAN	Australia*	Panama	115	79	48	130	238	279	335	511	150
AUS	PER	Australia*	Peru	737	678	619	561	500	442	404	837	369
AUS	PHL	Australia*	Philippines	1058	1646	2234	2822	3357	2407	1489	1489	174
AUS	PNG	Australia*	Papua New Guinea	13916	14258	10675	10675	9056	9183	9219	9250	2962
AUS	POL	Australia*	Poland	304	408	549	670	785	1153	1764	2079	1066
AUS	PRK	Australia*	Dem. People's Republic of Korea	96	112	127	155	183	202	204	208	95
AUS	PRT	Australia*	Portugal	348	751	1185	1224	1061	1202	1377	1549	849
AUS	PYF	Australia*	French Polynesia*	63	69	74	77	74	70	70	70	36
AUS	SGP	Australia*	Singapore	4549	6072	7767	8236	11305	14060	15131	17222	8073
AUS	SLB	Australia*	Solomon Islands	360	356	340	309	298	279	271	266	116
AUS	SLV	Australia*	El Salvador	33	27	21	24	26	27	27	27	17
AUS	SRB	Australia*	Serbia*	1519	782	381	369	502	683	928	1084	522
AUS	SVK	Australia*	Slovakia	18	85	176	198	222	288	419	455	212
AUS	SVN	Australia*	Slovenia	226	220	303	335	393	363	372	422	188
AUS	SWZ	Australia*	Eswatini	8	6	16	30	44	55	54	55	22
AUS	SYC	Australia*	Seychelles	67	59	51	48	46	51	50	51	23
AUS	TKL	Australia*	Tokelau*	7	6	21	20	33	39	40	41	7
AUS	TLS	Australia*	Timor-Leste	425	451	482	522	543	562	553	547	207
AUS	TWN	Australia*	China, Taiwan Province of China	278	471	667	903	732	786	919	931	277
AUS	UGA	Australia*	Uganda	137	137	137	146	163	180	197	210	112
AUS	VEN	Australia*	Venezuela (Bolivarian Republic of)	131	129	127	133	141	148	137	131	64
AUS	VGB	Australia*	British Virgin Islands*	12	14	16	19	21	24	27	30	23
AUS	VUT	Australia*	Vanuatu	442	445	450	549	612	651	665	677	340
AUS	WSM	Australia*	Samoa	236	330	422	396	346	287	270	258	114
AUS	ZAF	Australia*	South Africa	4309	3788	3331	3004	2739	2667	2666	2653	1361
AUS	ZMB	Australia*	Zambia	81	81	83	148	264	232	323	428	203
AUT	ARG	Austria	Argentina	5298	3978	2997	2258	1694	1169	809	794	452
AUT	AUS	Austria	Australia*	24364	22990	21615	21030	20146	17969	15703	13561	6637
AUT	BEL	Austria	Belgium	2711	2920	3146	3236	3266	3325	3304	3408	1964
AUT	BGR	Austria	Bulgaria	26	62	98	142	184	804	1938	2665	1202
AUT	BHS	Austria	Bahamas	15	18	22	30	37	40	41	43	21
AUT	BIH	Austria	Bosnia and Herzegovina	310	292	273	188	211	209	194	184	97
AUT	BLR	Austria	Belarus	44	53	61	59	56	59	57	56	38
AUT	BMU	Austria	Bermuda*	26	27	23	30	38	42	47	48	15
AUT	BOL	Austria	Bolivia (Plurinational State of)	170	169	166	152	137	160	176	196	106
AUT	BRA	Austria	Brazil	4921	3904	3155	2747	2284	1904	1535	2536	1415
AUT	CAF	Austria	Central African Republic	20	27	32	25	25	21	22	23	6
AUT	CAN	Austria	Canada	27130	24711	22489	20949	18121	16802	14276	12372	6464
AUT	CHE	Austria	Switzerland	54982	54938	55280	58607	59101	60047	58683	57640	33088
AUT	CHL	Austria	Chile	593	562	535	513	468	474	456	669	542
AUT	CHN	Austria	China	517	612	729	868	1030	997	928	1022	543
AUT	COL	Austria	Colombia	154	175	171	169	178	189	201	210	73
AUT	CRI	Austria	Costa Rica	80	71	98	65	128	128	152	183	48
AUT	CYM	Austria	Cayman Islands*	15	30	52	47	47	50	55	60	11
AUT	CYP	Austria	Cyprus	88	125	161	243	372	340	349	370	214
AUT	CZE	Austria	Czechia	10617	9089	7559	5820	4448	3475	2726	2076	942
AUT	DEU	Austria	Germany	210734	213592	214600	208833	209053	211754	214565	213019	112631
AUT	DNK	Austria	Denmark*	1426	1402	1472	1487	1729	1865	1973	2195	1168
AUT	DOM	Austria	Dominican Republic	965	1072	1179	689	198	207	214	231	82
AUT	ECU	Austria	Ecuador	183	202	221	240	255	190	134	92	41
AUT	EST	Austria	Estonia	0	0	0	0	70	118	196	200	101
AUT	FIN	Austria	Finland*	253	258	262	397	496	567	660	777	350
AUT	GEO	Austria	Georgia	0	0	26	24	24	25	24	25	10
AUT	GIN	Austria	Guinea	0	0	0	0	0	1	0	0	0
AUT	GRC	Austria	Greece	3523	2854	2232	2267	2386	2247	2295	2438	1607
AUT	HRV	Austria	Croatia	1265	1440	1461	3288	5115	5148	4843	4614	2281
AUT	HTI	Austria	Haiti	170	161	152	144	151	158	164	170	24
AUT	HUN	Austria	Hungary	5206	5365	5523	6780	8097	8694	11188	13198	6021
AUT	ISL	Austria	Iceland	52	62	72	109	143	126	163	246	142
AUT	ISR	Austria	Israel	13560	7516	6265	5402	4662	4976	5363	5672	3245
AUT	ITA	Austria	Italy	17294	17329	16837	16277	15919	15066	15171	14432	9844
AUT	LBY	Austria	Libya	2044	1288	554	611	670	750	801	847	385
AUT	LCA	Austria	Saint Lucia	6	8	11	11	11	10	8	8	2
AUT	LIE	Austria	Liechtenstein	2021	2334	2608	3109	3615	3829	3983	4260	2427
AUT	LTU	Austria	Lithuania	48	53	41	54	60	60	80	84	34
AUT	LUX	Austria	Luxembourg	512	487	469	548	634	967	1026	1185	661
AUT	LVA	Austria	Latvia	50	77	104	124	142	90	101	93	36
AUT	MDV	Austria	Maldives	50	36	21	17	20	23	23	25	2
AUT	MEX	Austria	Mexico	333	406	497	501	501	514	527	537	244
AUT	MLT	Austria	Malta	18	22	55	89	90	153	331	575	241
AUT	MNE	Austria	Montenegro	252	252	252	252	245	257	256	254	174
AUT	MNG	Austria	Mongolia	3	3	4	8	13	16	15	16	5
AUT	NAM	Austria	Namibia	901	861	801	633	609	596	636	675	309
AUT	NIC	Austria	Nicaragua	54	43	38	34	36	38	38	39	15
AUT	NOR	Austria	Norway*	997	936	1058	1063	1300	1578	1688	1877	908
AUT	PAN	Austria	Panama	41	45	53	66	93	108	129	197	85
AUT	PER	Austria	Peru	301	265	230	195	157	122	96	227	113
AUT	POL	Austria	Poland	3125	3606	4162	4019	3585	4889	7205	7579	3819
AUT	PRT	Austria	Portugal	113	245	388	454	445	504	576	648	335
AUT	ROU	Austria	Romania	818	694	584	782	1332	2267	3859	5029	2520
AUT	RUS	Austria	Russian Federation	3776	3905	3894	3430	2899	2206	1667	1235	646
AUT	SLV	Austria	El Salvador	18	14	10	11	11	11	11	11	6
AUT	SRB	Austria	Serbia*	16097	8397	4153	3808	4719	5848	7247	8034	4018
AUT	SVK	Austria	Slovakia	281	1033	2070	2322	2604	3361	4722	5133	2147
AUT	SVN	Austria	Slovenia	4461	3564	5745	5190	5475	2820	2814	3190	1568
AUT	TJK	Austria	Tajikistan	98	79	69	66	65	63	61	61	32
AUT	TUR	Austria	Türkiye	6757	10434	14111	15284	16294	17910	25174	30987	15888
AUT	VEN	Austria	Venezuela (Bolivarian Republic of)	1020	908	802	802	811	828	779	743	380
AUT	ZAF	Austria	South Africa	3044	2615	2393	2341	2318	1980	1614	1586	710
AZE	ARM	Azerbaijan	Armenia	164457	391797	409268	324771	79815	58387	84050	187421	105403
AZE	AUS	Azerbaijan	Australia*	44	71	188	298	422	647	745	828	479
AZE	BGR	Azerbaijan	Bulgaria	8	466	923	1454	1953	1652	1930	2654	1469
AZE	BLR	Azerbaijan	Belarus	15651	14826	14000	13806	13611	13493	13294	13138	5561
AZE	BOL	Azerbaijan	Bolivia (Plurinational State of)	0	1	2	2	1	2	1	1	1
AZE	CAN	Azerbaijan	Canada	2123	1449	919	2070	2911	3872	5001	5913	3252
AZE	CHN	Azerbaijan	China	269	313	373	445	519	334	208	222	118
AZE	CRI	Azerbaijan	Costa Rica	2	2	2	2	4	3	3	4	1
AZE	CYP	Azerbaijan	Cyprus	9	13	16	25	38	34	34	36	21
AZE	CZE	Azerbaijan	Czechia	0	0	132	379	936	1293	1637	1897	713
AZE	DNK	Azerbaijan	Denmark*	0	39	99	206	274	324	403	481	278
AZE	EST	Azerbaijan	Estonia	2211	1824	1437	1525	1600	1484	1625	1656	684
AZE	FIN	Azerbaijan	Finland*	0	4	8	48	79	119	178	210	109
AZE	GEO	Azerbaijan	Georgia	7911	6433	5780	5490	5544	5821	6023	6191	4054
AZE	GIN	Azerbaijan	Guinea	0	0	0	0	0	5	3	3	0
AZE	GRC	Azerbaijan	Greece	171	277	387	453	536	504	515	547	324
AZE	HUN	Azerbaijan	Hungary	134	119	103	127	151	201	617	728	239
AZE	IRN	Azerbaijan	Iran (Islamic Republic of)	896	903	3046	7767	7349	5744	4788	4882	2489
AZE	ISL	Azerbaijan	Iceland	2	3	3	5	7	13	19	29	15
AZE	ISR	Azerbaijan	Israel	13273	16091	15199	13879	12728	13609	14733	15580	8140
AZE	ITA	Azerbaijan	Italy	32	53	86	253	505	650	1185	1626	919
AZE	KAZ	Azerbaijan	Kazakhstan	35298	22372	16162	16609	17079	17562	18058	18451	6855
AZE	KGZ	Azerbaijan	Kyrgyzstan	14455	11702	8631	7024	5311	4678	4554	4458	2213
AZE	LIE	Azerbaijan	Liechtenstein	0	0	0	0	0	1	0	0	0
AZE	LTU	Azerbaijan	Lithuania	2193	1711	1340	1271	1031	878	690	727	276
AZE	LUX	Azerbaijan	Luxembourg	0	0	0	0	0	0	192	222	104
AZE	LVA	Azerbaijan	Latvia	1399	2254	3109	2806	2433	1922	1953	1798	727
AZE	MDA	Azerbaijan	Republic of Moldova*	3363	2371	1685	1207	913	661	399	405	163
AZE	NOR	Azerbaijan	Norway*	0	3	63	187	367	521	557	619	350
AZE	POL	Azerbaijan	Poland	153	189	233	276	322	412	536	586	281
AZE	PRT	Azerbaijan	Portugal	2	5	10	37	58	65	73	82	34
AZE	RUS	Azerbaijan	Russian Federation	936852	905728	841759	805658	745638	565841	423015	308165	136916
AZE	SVK	Azerbaijan	Slovakia	4	11	23	26	29	37	56	61	32
AZE	SVN	Azerbaijan	Slovenia	0	0	0	1	4	10	40	45	22
AZE	TJK	Azerbaijan	Tajikistan	257	209	180	173	172	169	168	168	103
AZE	TKM	Azerbaijan	Turkmenistan	11793	9633	7809	7745	7515	7654	7596	7551	3811
AZE	TUR	Azerbaijan	Türkiye	16787	16787	16787	26485	36815	49490	91368	117860	70938
AZE	UKR	Azerbaijan	Ukraine*	81482	87250	94083	85967	82025	82299	83674	84792	37518
AZE	UZB	Azerbaijan	Uzbekistan	23261	22987	22744	22504	21360	20357	20201	20079	9453
BDI	AUS	Burundi	Australia*	18	29	27	379	1850	2385	3037	3255	1660
BDI	BEL	Burundi	Belgium	2301	2848	3522	4586	6126	6974	9249	13915	7193
BDI	BGR	Burundi	Bulgaria	4	7	9	12	15	15	18	25	11
BDI	BOL	Burundi	Bolivia (Plurinational State of)	0	1	1	1	0	0	0	0	0
BDI	CAN	Burundi	Canada	413	921	1901	3903	6380	8713	12307	16563	8901
BDI	CHL	Burundi	Chile	18	23	30	44	66	110	255	281	232
BDI	CHN	Burundi	China	122	152	195	216	249	337	429	516	275
BDI	COD	Burundi	Democratic Republic of the Congo	20203	128458	36692	35973	37626	38377	59145	67352	37863
BDI	CYP	Burundi	Cyprus	1	2	2	3	3	2	1	1	0
BDI	DNK	Burundi	Denmark*	23	49	254	414	519	517	535	557	320
BDI	DOM	Burundi	Dominican Republic	3	4	4	4	4	3	3	3	3
BDI	EGY	Burundi	Egypt	19	52	68	89	74	42	147	240	100
BDI	ERI	Burundi	Eritrea	618	1141	1663	1189	864	1044	913	820	374
BDI	ETH	Burundi	Ethiopia	0	10	16	74	97	106	131	130	59
BDI	FIN	Burundi	Finland*	3	4	5	24	39	51	76	89	41
BDI	GAB	Burundi	Gabon	52	69	87	95	109	153	166	179	57
BDI	GIN	Burundi	Guinea	0	0	0	0	0	39	36	35	11
BDI	GRC	Burundi	Greece	44	90	137	137	141	132	133	141	64
BDI	HUN	Burundi	Hungary	0	0	0	0	0	5	12	14	6
BDI	ITA	Burundi	Italy	350	447	549	652	803	979	1273	1410	785
BDI	KEN	Burundi	Kenya	99	147	198	2045	4256	8312	15098	14270	7059
BDI	LUX	Burundi	Luxembourg	0	0	0	0	0	0	98	113	66
BDI	LVA	Burundi	Latvia	1	1	1	0	0	1	0	0	0
BDI	MOZ	Burundi	Mozambique	615	846	985	1354	1817	5954	8388	8742	4470
BDI	MWI	Burundi	Malawi	705	5896	5677	5410	5314	6659	10079	9834	4108
BDI	NAM	Burundi	Namibia	575	549	511	404	389	380	406	431	167
BDI	NOR	Burundi	Norway*	0	3	58	440	895	1014	1123	1249	657
BDI	RWA	Burundi	Rwanda	26393	37445	56107	68762	64931	134501	131063	130912	64941
BDI	SVK	Burundi	Slovakia	0	0	0	0	0	5	4	4	1
BDI	SVN	Burundi	Slovenia	0	0	0	0	3	3	3	3	1
BDI	SWZ	Burundi	Eswatini	7	132	255	337	360	402	469	475	241
BDI	TZA	Burundi	United Republic of Tanzania	232210	310644	628609	461225	111256	175325	222115	241069	118096
BDI	UGA	Burundi	Uganda	57759	59232	60828	51836	36948	36471	53927	42181	23341
BDI	ZAF	Burundi	South Africa	12	14	1926	7597	6411	10146	14477	12416	3590
BDI	ZMB	Burundi	Zambia	0	271	1796	3825	3243	4856	7018	9305	4354
BEL	AND	Belgium	Andorra	241	241	241	255	231	215	230	244	107
BEL	ARG	Belgium	Argentina	2156	1923	1696	1469	1240	983	781	776	442
BEL	AUS	Belgium	Australia*	4565	4991	5320	5796	6517	7288	7823	7695	3818
BEL	BDI	Belgium	Burundi	642	621	475	466	497	605	718	806	421
BEL	BGR	Belgium	Bulgaria	14	98	181	280	372	1297	2606	3584	1690
BEL	BHS	Belgium	Bahamas	8	14	20	24	28	30	30	32	12
BEL	BLR	Belgium	Belarus	28	33	38	37	35	36	34	34	13
BEL	BMU	Belgium	Bermuda*	18	19	17	20	22	10	6	6	3
BEL	BOL	Belgium	Bolivia (Plurinational State of)	268	320	368	346	324	378	419	468	213
BEL	BRA	Belgium	Brazil	1756	1555	1398	1543	1651	1840	1985	2100	287
BEL	CAN	Belgium	Canada	22668	21325	19959	20161	21135	21355	19056	17760	8952
BEL	CHE	Belgium	Switzerland	8618	9619	10804	12692	14275	16232	17676	19211	9635
BEL	CHL	Belgium	Chile	852	930	870	896	935	1083	1160	1232	1025
BEL	CHN	Belgium	China	783	924	1100	1308	1541	1318	1085	1179	626
BEL	COL	Belgium	Colombia	268	308	327	349	403	469	538	590	230
BEL	CPV	Belgium	Cabo Verde	14	19	24	17	10	10	9	9	3
BEL	CRI	Belgium	Costa Rica	200	169	223	147	289	292	350	422	164
BEL	CUW	Belgium	Curaçao*	93	93	93	93	85	91	104	145	76
BEL	CYM	Belgium	Cayman Islands*	3	7	13	12	12	12	12	13	5
BEL	CYP	Belgium	Cyprus	65	92	119	179	273	250	256	272	145
BEL	CZE	Belgium	Czechia	575	660	744	824	912	1017	1138	1231	452
BEL	DNK	Belgium	Denmark*	794	967	1213	1405	1717	2019	2470	3003	1479
BEL	DOM	Belgium	Dominican Republic	490	544	598	422	245	256	266	287	110
BEL	ECU	Belgium	Ecuador	87	197	317	427	545	451	351	272	112
BEL	EGY	Belgium	Egypt	208	296	423	586	746	0	1043	982	448
BEL	ESP	Belgium	Spain*	18775	5250	1182	37230	41831	42108	47464	55364	27210
BEL	EST	Belgium	Estonia	0	0	0	0	117	150	273	278	110
BEL	FIN	Belgium	Finland*	114	144	173	321	419	567	690	812	285
BEL	FRA	Belgium	France*	125924	126002	128613	138817	147518	153412	165124	169102	93377
BEL	GAB	Belgium	Gabon	154	206	258	282	327	457	501	541	202
BEL	GEO	Belgium	Georgia	0	0	23	21	21	22	21	22	13
BEL	GIN	Belgium	Guinea	207	238	166	116	81	40	37	36	12
BEL	GLP	Belgium	Guadeloupe*	186	248	310	378	446	428	424	421	211
BEL	GRC	Belgium	Greece	5284	4916	4629	4933	5426	5112	5225	5551	3152
BEL	GUF	Belgium	French Guiana*	75	110	145	137	129	189	212	233	113
BEL	HND	Belgium	Honduras	19	19	19	19	18	25	25	25	8
BEL	HRV	Belgium	Croatia	192	205	197	285	373	375	351	334	178
BEL	HUN	Belgium	Hungary	98	601	1104	1356	1620	1853	2574	3036	1395
BEL	ISL	Belgium	Iceland	34	56	77	92	104	120	206	311	148
BEL	ISR	Belgium	Israel	3214	3983	4644	5282	5961	6437	6938	7375	3999
BEL	ITA	Belgium	Italy	39790	41876	42555	43134	44212	44105	44501	42866	24621
BEL	JPN	Belgium	Japan	392	424	513	621	684	1248	1408	1063	295
BEL	LBY	Belgium	Libya	1918	1197	496	548	602	673	720	761	296
BEL	LCA	Belgium	Saint Lucia	5	5	10	10	10	9	7	7	1
BEL	LIE	Belgium	Liechtenstein	1	11	22	31	41	40	43	46	27
BEL	LTU	Belgium	Lithuania	30	34	26	123	205	181	272	287	97
BEL	LUX	Belgium	Luxembourg	11205	11879	12679	12758	12979	19800	21583	24933	11412
BEL	LVA	Belgium	Latvia	14	21	28	72	116	111	123	113	52
BEL	MAR	Belgium	Morocco	959	880	927	984	1069	1377	1512	1641	794
BEL	MEX	Belgium	Mexico	490	600	736	791	850	935	1030	1104	496
BEL	MLT	Belgium	Malta	19	23	58	93	136	230	500	869	308
BEL	MRT	Belgium	Mauritania	56	59	60	61	42	60	64	69	27
BEL	MTQ	Belgium	Martinique*	58	87	116	121	127	147	145	144	85
BEL	MUS	Belgium	Mauritius	76	35	15	57	103	118	118	119	24
BEL	NAM	Belgium	Namibia	272	260	242	191	184	180	192	204	100
BEL	NIC	Belgium	Nicaragua	52	42	40	39	41	44	45	47	9
BEL	NLD	Belgium	Netherlands*	43186	43228	45692	47072	49559	54615	62691	67931	36119
BEL	NOR	Belgium	Norway*	782	818	886	986	1305	1660	1890	2102	995
BEL	PAN	Belgium	Panama	26	23	22	115	232	271	324	494	150
BEL	PER	Belgium	Peru	704	661	618	576	532	489	466	932	390
BEL	POL	Belgium	Poland	1163	1696	2472	3014	3397	5848	10879	13815	6869
BEL	PRT	Belgium	Portugal	1464	2120	2862	3205	3017	3421	3924	4414	2272
BEL	ROU	Belgium	Romania	304	277	251	406	883	1923	4186	5923	2770
BEL	SLV	Belgium	El Salvador	95	72	49	50	50	52	52	53	26
BEL	SRB	Belgium	Serbia*	311	198	122	130	186	268	385	467	204
BEL	SVK	Belgium	Slovakia	62	259	529	594	666	828	1029	1119	398
BEL	SVN	Belgium	Slovenia	250	239	317	314	367	310	331	375	172
BEL	SYC	Belgium	Seychelles	32	26	20	27	34	38	37	38	24
BEL	TGO	Belgium	Togo	24	28	32	37	56	65	64	64	20
BEL	TUR	Belgium	Türkiye	4581	6604	8627	15068	21797	27187	30565	40904	21349
BEL	TWN	Belgium	China, Taiwan Province of China	51	67	83	102	80	96	232	203	50
BEL	VEN	Belgium	Venezuela (Bolivarian Republic of)	514	450	392	388	389	395	370	353	168
BEL	ZAF	Belgium	South Africa	4133	3391	3570	3556	3350	3004	2662	2630	1202
BEN	AUS	Benin	Australia*	3	5	28	30	80	105	98	97	33
BEN	BFA	Benin	Burkina Faso	2054	2554	3071	3540	3996	4178	4342	4437	2182
BEN	BGR	Benin	Bulgaria	2	9	15	22	30	24	27	37	15
BEN	BOL	Benin	Bolivia (Plurinational State of)	0	0	0	1	1	2	1	1	1
BEN	BRA	Benin	Brazil	35	33	30	29	26	107	301	136	32
BEN	CIV	Benin	Côte d'Ivoire	47874	51912	55950	59988	64025	68063	72101	75331	31634
BEN	CMR	Benin	Cameroon	0	0	0	2414	1921	2400	2795	3103	1484
BEN	COG	Benin	Congo	4357	5250	7549	7171	11432	15194	15094	15015	7142
BEN	CRI	Benin	Costa Rica	1	1	1	2	2	1	1	1	1
BEN	CYP	Benin	Cyprus	2	3	4	6	8	7	6	6	0
BEN	DNK	Benin	Denmark*	15	25	32	35	51	56	56	59	25
BEN	EST	Benin	Estonia	0	0	0	0	0	0	1	1	0
BEN	FIN	Benin	Finland*	1	1	1	4	4	18	19	22	7
BEN	FRA	Benin	France*	9930	11158	13208	17912	19798	23132	28360	31581	15177
BEN	GAB	Benin	Gabon	16141	21584	26999	29417	34101	47682	52460	56627	23321
BEN	GHA	Benin	Ghana	8959	8928	9987	14044	13963	17183	19736	22051	9847
BEN	GIN	Benin	Guinea	2351	2710	1897	1327	928	408	391	378	117
BEN	GRC	Benin	Greece	5	7	9	9	8	7	5	5	0
BEN	HUN	Benin	Hungary	11	15	18	22	26	9	33	39	11
BEN	ISL	Benin	Iceland	0	0	0	0	0	1	1	2	2
BEN	ITA	Benin	Italy	241	407	658	1239	1999	2428	3159	3320	1234
BEN	LBR	Benin	Liberia	63	61	61	32	25	28	20	16	2
BEN	LTU	Benin	Lithuania	0	0	0	0	0	1	0	0	0
BEN	LUX	Benin	Luxembourg	0	0	0	0	0	0	131	151	40
BEN	LVA	Benin	Latvia	0	0	0	0	0	2	1	1	0
BEN	MLI	Benin	Mali	542	566	520	2127	1295	1594	1869	2098	883
BEN	MRT	Benin	Mauritania	491	524	541	546	382	551	602	647	256
BEN	NAM	Benin	Namibia	230	219	206	162	156	152	161	171	95
BEN	NER	Benin	Niger	8948	12961	17081	17395	17672	17908	22875	29525	18959
BEN	NGA	Benin	Nigeria	96599	117556	143212	284647	290747	351985	377169	404468	183878
BEN	NOR	Benin	Norway*	11	3	7	8	18	28	27	30	17
BEN	PRT	Benin	Portugal	7	15	25	29	29	33	36	40	1
BEN	SEN	Benin	Senegal	2984	3120	2820	3034	3393	3621	3740	3834	1836
BEN	SLE	Benin	Sierra Leone	262	257	248	5	18	65	101	94	29
BEN	SVK	Benin	Slovakia	0	0	1	1	1	9	10	11	1
BEN	SVN	Benin	Slovenia	0	0	0	0	0	2	0	0	0
BEN	TGO	Benin	Togo	24038	26058	36908	51174	67695	71638	72330	72863	37756
BEN	ZAF	Benin	South Africa	13	26	157	200	151	249	316	332	71
BES	ABW	Bonaire, Sint Eustatius and Saba*	Aruba*	53	133	212	249	283	297	331	454	218
BES	ATG	Bonaire, Sint Eustatius and Saba*	Antigua and Barbuda	4	7	9	10	10	11	10	10	5
BES	BOL	Bonaire, Sint Eustatius and Saba*	Bolivia (Plurinational State of)	13	17	33	17	18	21	21	23	11
BES	CUW	Bonaire, Sint Eustatius and Saba*	Curaçao*	2402	2402	2402	2402	2149	2334	2722	3807	2200
BES	NOR	Bonaire, Sint Eustatius and Saba*	Norway*	0	0	0	0	0	1	0	0	0
BES	SXM	Bonaire, Sint Eustatius and Saba*	Sint Maarten (Dutch part)*	144	144	144	79	158	165	173	181	96
BES	VCT	Bonaire, Sint Eustatius and Saba*	Saint Vincent and the Grenadines	175	182	189	193	198	201	202	206	95
BES	VEN	Bonaire, Sint Eustatius and Saba*	Venezuela (Bolivarian Republic of)	45	44	43	46	48	51	47	45	24
BES	VIR	Bonaire, Sint Eustatius and Saba*	United States Virgin Islands*	16	18	20	20	19	19	18	18	8
BFA	AUS	Burkina Faso	Australia*	6	10	11	20	40	58	58	68	39
BFA	BEN	Burkina Faso	Benin	3507	4830	6154	8487	10751	12004	12920	13704	5956
BFA	BGR	Burkina Faso	Bulgaria	3	5	6	9	11	11	13	18	6
BFA	BRA	Burkina Faso	Brazil	34	32	29	28	25	88	337	396	156
BFA	CIV	Burkina Faso	Côte d'Ivoire	927902	1059222	1190543	1321864	1453184	1584505	1715826	1820882	722948
BFA	DNK	Burkina Faso	Denmark*	2	9	21	44	60	113	130	140	55
BFA	FIN	Burkina Faso	Finland*	0	1	1	4	5	15	29	34	7
BFA	GAB	Burkina Faso	Gabon	2161	2891	3616	3940	4567	6386	7024	7582	2513
BFA	GHA	Burkina Faso	Ghana	41668	41526	46451	50321	48452	58704	67431	75339	35105
BFA	GIN	Burkina Faso	Guinea	479	552	598	650	698	588	564	545	63
BFA	GRC	Burkina Faso	Greece	5	6	7	44	84	24	35	37	18
BFA	HUN	Burkina Faso	Hungary	0	0	0	0	0	5	12	14	6
BFA	ISL	Burkina Faso	Iceland	0	0	0	1	1	1	0	0	0
BFA	ITA	Burkina Faso	Italy	823	1390	2250	5125	8812	11052	13898	15279	4563
BFA	LBR	Burkina Faso	Liberia	388	379	373	223	221	253	195	161	41
BFA	LIE	Burkina Faso	Liechtenstein	0	0	0	0	1	2	1	1	1
BFA	LUX	Burkina Faso	Luxembourg	0	0	0	0	0	0	69	80	37
BFA	MLI	Burkina Faso	Mali	23024	20221	20155	22283	43132	53080	62291	69919	32122
BFA	NAM	Burkina Faso	Namibia	105	100	94	74	71	69	73	77	40
BFA	NER	Burkina Faso	Niger	9596	13956	18432	18771	19068	19323	24683	31858	14475
BFA	NOR	Burkina Faso	Norway*	19	10	11	15	23	31	32	36	9
BFA	SLE	Burkina Faso	Sierra Leone	35	34	33	12	11	11	8	7	3
BFA	SVK	Burkina Faso	Slovakia	0	0	0	0	0	3	1	1	0
BFA	SVN	Burkina Faso	Slovenia	0	0	1	0	4	4	5	6	0
BFA	TGO	Burkina Faso	Togo	6133	6908	8781	11391	12075	13641	13765	13866	6255
BGD	ARE	Bangladesh	United Arab Emirates	154362	216463	288689	401200	684306	861853	902689	1024949	210615
BGD	AUS	Bangladesh	Australia*	3071	4950	8488	16138	29393	43074	55031	64969	30394
BGD	BEL	Bangladesh	Belgium	370	580	910	1428	2211	2673	2719	3070	1253
BGD	BGR	Bangladesh	Bulgaria	22	150	278	429	571	478	539	741	345
BGD	BHR	Bangladesh	Bahrain	20886	25567	28836	47871	79044	88697	96618	103283	14090
BGD	BOL	Bangladesh	Bolivia (Plurinational State of)	5	11	16	20	24	29	30	33	1
BGD	BRA	Bangladesh	Brazil	60	56	52	49	70	1414	5559	811	158
BGD	BRN	Bangladesh	Brunei Darussalam	659	908	1156	1182	1208	1234	1343	1439	139
BGD	BTN	Bangladesh	Bhutan	24	28	33	41	49	52	53	55	17
BGD	CAN	Bangladesh	Canada	3418	8425	18853	31786	44700	59011	68533	79033	39040
BGD	CHN	Bangladesh	China	327	394	470	558	684	1480	3081	3569	1896
BGD	CRI	Bangladesh	Costa Rica	13	6	2	2	4	3	3	4	0
BGD	CYP	Bangladesh	Cyprus	162	229	296	1569	683	626	1526	1620	25
BGD	DNK	Bangladesh	Denmark*	263	304	393	430	762	1409	1992	4525	1785
BGD	EGY	Bangladesh	Egypt	176	220	273	343	1557	15	1173	762	119
BGD	ESP	Bangladesh	Spain*	909	1148	1417	5480	10843	10546	18360	21104	6308
BGD	EST	Bangladesh	Estonia	0	0	0	0	12	35	263	268	52
BGD	FIN	Bangladesh	Finland*	115	231	347	875	1197	1885	2983	3511	1209
BGD	FJI	Bangladesh	Fiji	1368	1334	1287	1235	1326	1366	1398	1425	656
BGD	GBR	Bangladesh	United Kingdom*	101236	123254	149563	177175	209056	239351	272827	298666	149225
BGD	GIN	Bangladesh	Guinea	0	0	0	0	0	1	0	0	0
BGD	GRC	Bangladesh	Greece	7665	6129	4694	7361	10390	9791	2851	3029	1498
BGD	HKG	Bangladesh	China, Hong Kong SAR	297	332	366	400	435	444	462	478	193
BGD	HUN	Bangladesh	Hungary	60	53	46	57	68	67	244	288	57
BGD	IND	Bangladesh	India	4061412	3962322	3750017	3270309	2801919	2604674	2429312	2293959	1219937
BGD	ISL	Bangladesh	Iceland	0	0	0	0	0	4	12	18	8
BGD	ITA	Bangladesh	Italy	4433	7499	12140	34600	62611	96050	138205	179289	46880
BGD	JOR	Bangladesh	Jordan	0	1390	4703	8316	13627	18937	23051	26252	21968
BGD	JPN	Bangladesh	Japan	1893	4575	6904	10537	10624	10542	17890	28989	8694
BGD	KWT	Bangladesh	Kuwait	124630	111619	134755	177722	257660	319026	370340	406077	69111
BGD	LBN	Bangladesh	Lebanon	22644	22644	25064	28519	31974	35429	38884	30406	7906
BGD	LBY	Bangladesh	Libya	318	613	919	1014	1113	1246	1334	1410	62
BGD	LIE	Bangladesh	Liechtenstein	0	0	0	0	2	2	6	6	2
BGD	LKA	Bangladesh	Sri Lanka	7	85	164	326	658	665	673	680	175
BGD	LTU	Bangladesh	Lithuania	18	13	10	9	7	5	44	46	3
BGD	LUX	Bangladesh	Luxembourg	29	27	26	22	20	30	142	164	58
BGD	LVA	Bangladesh	Latvia	3	4	5	6	8	5	15	14	4
BGD	MDV	Bangladesh	Maldives	1623	3574	5286	20163	28598	37034	40390	43282	556
BGD	MEX	Bangladesh	Mexico	12	12	12	31	54	94	140	400	126
BGD	MLT	Bangladesh	Malta	6	8	9	13	13	11	22	38	16
BGD	MMR	Bangladesh	Myanmar	1370	1557	1359	1154	1065	1024	1066	1102	244
BGD	MNP	Bangladesh	Northern Mariana Islands*	434	590	783	698	413	370	371	374	17
BGD	MUS	Bangladesh	Mauritius	71	150	313	3672	7235	8327	8415	8488	5343
BGD	MYS	Bangladesh	Malaysia	95482	126817	158149	55364	319475	282437	282437	282437	6496
BGD	NAM	Bangladesh	Namibia	48	45	44	34	32	31	32	34	12
BGD	NOR	Bangladesh	Norway*	558	492	485	553	704	997	1331	1480	685
BGD	NPL	Bangladesh	Nepal	500	577	522	453	244	233	222	214	105
BGD	NZL	Bangladesh	New Zealand*	561	1135	1189	1403	1460	1998	2905	3499	1431
BGD	OMN	Bangladesh	Oman	170050	173876	177789	196401	259339	590082	570123	737087	121129
BGD	PAN	Bangladesh	Panama	7	9	13	22	36	42	51	78	15
BGD	PRK	Bangladesh	Dem. People's Republic of Korea	74	86	97	118	138	152	153	156	94
BGD	PRT	Bangladesh	Portugal	76	165	261	849	1297	1470	1684	1894	495
BGD	QAT	Bangladesh	Qatar	25434	36748	52997	75334	163856	198373	256478	274697	37540
BGD	SAU	Bangladesh	Saudi Arabia	244707	335423	351570	481958	993917	2080864	2120004	2362680	185831
BGD	SLV	Bangladesh	El Salvador	11	9	6	6	6	6	6	6	0
BGD	SVK	Bangladesh	Slovakia	0	1	2	3	3	18	21	23	3
BGD	SVN	Bangladesh	Slovenia	0	0	3	0	3	3	20	23	1
BGD	SWE	Bangladesh	Sweden	1679	2301	2891	3785	5937	7250	11938	15502	6420
BGD	SYC	Bangladesh	Seychelles	11	14	17	107	197	220	223	227	44
BGD	TLS	Bangladesh	Timor-Leste	103	112	122	130	133	69	67	66	14
BGD	USA	Bangladesh	United States of America*	22856	80882	92334	121194	165239	232689	279242	357581	181709
BGD	ZAF	Bangladesh	South Africa	12	112	433	8537	13432	27930	47821	30637	4411
BGR	ARG	Bulgaria	Argentina	307	298	290	307	336	347	358	366	209
BGR	AUS	Bulgaria	Australia*	2196	2495	3025	3424	3605	3939	4108	3874	2241
BGR	AUT	Bulgaria	Austria	2427	3938	6277	10101	14002	22800	31709	38651	21005
BGR	BEL	Bulgaria	Belgium	1030	1404	1904	4994	16572	30100	41142	51857	25605
BGR	BHS	Bulgaria	Bahamas	0	0	0	10	19	21	21	22	4
BGR	BLR	Bulgaria	Belarus	30	47	63	61	58	61	59	58	27
BGR	BOL	Bulgaria	Bolivia (Plurinational State of)	16	16	16	19	21	25	26	29	15
BGR	BRA	Bulgaria	Brazil	445	349	279	260	233	223	205	270	142
BGR	CAN	Bulgaria	Canada	2588	4725	8261	15184	17512	18842	19146	20575	10933
BGR	CHE	Bulgaria	Switzerland	1225	1697	2369	3502	4902	6983	9659	12532	7296
BGR	CRI	Bulgaria	Costa Rica	39	37	54	36	71	71	85	103	54
BGR	CUB	Bulgaria	Cuba	296	225	164	95	52	27	13	9	7
BGR	CYP	Bulgaria	Cyprus	1531	2165	2799	4209	6459	5930	6121	6498	4557
BGR	CZE	Bulgaria	Czechia	44	2155	4401	6250	8776	10293	11751	12878	5267
BGR	DEU	Bulgaria	Germany	34540	57398	51558	55861	76221	174357	295226	338439	167625
BGR	DNK	Bulgaria	Denmark*	222	419	675	979	3131	7704	10194	12544	5331
BGR	DOM	Bulgaria	Dominican Republic	357	397	436	254	71	73	76	82	33
BGR	ESP	Bulgaria	Spain*	0	7279	21096	94273	143717	124625	113958	103587	53519
BGR	EST	Bulgaria	Estonia	0	0	0	0	78	268	336	342	68
BGR	FIN	Bulgaria	Finland*	274	348	421	788	999	1863	2566	3021	1355
BGR	FRA	Bulgaria	France*	3976	5731	8541	13480	18763	27173	32257	35728	19833
BGR	FRO	Bulgaria	Faroe Islands*	0	1	3	10	12	13	61	73	5
BGR	GEO	Bulgaria	Georgia	0	0	225	213	215	225	231	237	128
BGR	GIN	Bulgaria	Guinea	0	0	0	0	0	3	1	1	0
BGR	GRC	Bulgaria	Greece	7509	22834	38534	56513	77194	72744	74359	78992	48748
BGR	GRL	Bulgaria	Greenland*	0	2	6	8	16	18	17	17	5
BGR	HRV	Bulgaria	Croatia	213	138	262	283	303	305	285	271	184
BGR	HUN	Bulgaria	Hungary	1962	1696	1429	1755	2096	1294	1421	1676	852
BGR	ISL	Bulgaria	Iceland	18	46	74	106	135	241	515	778	335
BGR	ISR	Bulgaria	Israel	21932	21489	19527	17366	15484	16541	17835	18875	10583
BGR	ITA	Bulgaria	Italy	3220	5392	8724	24042	43734	55144	55233	50769	33912
BGR	LIE	Bulgaria	Liechtenstein	18	21	24	16	10	14	20	21	16
BGR	LTU	Bulgaria	Lithuania	33	37	28	59	83	74	140	147	41
BGR	LUX	Bulgaria	Luxembourg	42	68	96	334	576	878	1710	1975	1210
BGR	LVA	Bulgaria	Latvia	390	220	50	297	538	157	112	103	28
BGR	MDA	Bulgaria	Republic of Moldova*	218	196	174	151	129	108	86	446	257
BGR	MEX	Bulgaria	Mexico	144	177	217	232	246	261	277	289	166
BGR	MKD	Bulgaria	North Macedonia	1075	1006	938	964	990	1072	1075	1079	629
BGR	MLT	Bulgaria	Malta	77	91	230	361	739	1253	2729	4743	2108
BGR	MNE	Bulgaria	Montenegro	74	74	74	74	70	78	77	76	12
BGR	MNG	Bulgaria	Mongolia	2	1	2	7	13	16	15	16	3
BGR	NAM	Bulgaria	Namibia	45	43	41	32	30	29	30	32	26
BGR	NIC	Bulgaria	Nicaragua	88	70	61	54	57	61	62	64	40
BGR	NLD	Bulgaria	Netherlands*	663	1072	1762	3230	14187	21026	36749	58481	27778
BGR	NOR	Bulgaria	Norway*	369	566	787	1082	2043	5696	7293	8109	3677
BGR	PAN	Bulgaria	Panama	25	44	66	58	63	73	87	133	49
BGR	POL	Bulgaria	Poland	1055	1290	1577	2013	2649	2677	2598	2585	1209
BGR	PRT	Bulgaria	Portugal	183	395	624	2831	4568	5179	5940	6682	3273
BGR	ROU	Bulgaria	Romania	27358	23977	20889	16266	11950	8703	6319	4443	3015
BGR	RUS	Bulgaria	Russian Federation	10760	9934	8749	7315	5731	4445	3428	2615	836
BGR	SRB	Bulgaria	Serbia*	1168	1105	1034	1016	996	978	959	896	663
BGR	SVK	Bulgaria	Slovakia	362	790	1437	1612	1808	2193	2596	2822	885
BGR	SVN	Bulgaria	Slovenia	65	75	183	130	475	1179	1398	1585	609
BGR	SWE	Bulgaria	Sweden	2355	3079	3464	3928	6457	8552	9870	11009	5288
BGR	TUR	Bulgaria	Türkiye	462221	471243	480265	448154	413362	380354	363507	348052	191637
BGR	UKR	Bulgaria	Ukraine*	2094	2026	1983	1811	1727	1732	1760	1784	576
BGR	VEN	Bulgaria	Venezuela (Bolivarian Republic of)	126	124	122	127	135	142	133	127	48
BGR	ZAF	Bulgaria	South Africa	300	620	1556	1836	1637	1200	788	766	371
BHR	ARE	Bahrain	United Arab Emirates	230	490	771	815	1250	1573	1647	1870	1136
BHR	AUS	Bahrain	Australia*	483	623	772	1077	1353	1734	2135	2395	1119
BHR	BGD	Bahrain	Bangladesh	89	10375	20661	24592	28471	30160	29574	40631	28079
BHR	BGR	Bahrain	Bulgaria	1	3	4	6	8	14	28	39	19
BHR	BOL	Bahrain	Bolivia (Plurinational State of)	0	1	1	1	0	0	0	0	0
BHR	CRI	Bahrain	Costa Rica	1	1	1	2	2	1	1	1	0
BHR	CYP	Bahrain	Cyprus	27	38	49	74	112	103	104	110	50
BHR	DNK	Bahrain	Denmark*	61	86	95	75	79	98	111	128	60
BHR	DOM	Bahrain	Dominican Republic	21	24	26	23	21	21	21	23	3
BHR	EGY	Bahrain	Egypt	569	445	349	265	185	0	78	45	16
BHR	EST	Bahrain	Estonia	0	0	0	0	1	2	0	0	0
BHR	FIN	Bahrain	Finland*	2	3	3	10	14	20	20	24	8
BHR	GIN	Bahrain	Guinea	0	0	0	0	0	3	1	1	0
BHR	GRC	Bahrain	Greece	5	15	26	25	24	22	21	22	6
BHR	HUN	Bahrain	Hungary	13	12	10	12	14	14	37	44	22
BHR	ISL	Bahrain	Iceland	0	1	1	1	1	1	0	0	0
BHR	KWT	Bahrain	Kuwait	186	234	360	546	848	1181	1371	1503	1091
BHR	LBY	Bahrain	Libya	1091	894	712	785	862	965	1032	1091	255
BHR	LKA	Bahrain	Sri Lanka	4	50	97	194	393	398	402	406	194
BHR	LTU	Bahrain	Lithuania	1	1	1	1	0	2	5	5	4
BHR	LUX	Bahrain	Luxembourg	0	0	0	0	0	0	9	10	7
BHR	LVA	Bahrain	Latvia	0	0	0	0	0	1	0	0	0
BHR	NAM	Bahrain	Namibia	72	68	65	51	49	47	49	52	37
BHR	NOR	Bahrain	Norway*	6	12	18	21	25	32	34	38	20
BHR	PSE	Bahrain	State of Palestine	8351	8161	7971	7951	7931	7911	7900	7891	4055
BHR	QAT	Bahrain	Qatar	38	77	142	274	638	946	762	816	329
BHR	SVK	Bahrain	Slovakia	0	0	2	2	2	14	14	15	7
BHS	ATG	Bahamas	Antigua and Barbuda	5	4	2	2	2	2	1	1	0
BHS	AUS	Bahamas	Australia*	218	229	264	268	282	308	307	305	166
BHS	BGR	Bahamas	Bulgaria	1	2	2	3	4	4	3	4	4
BHS	BOL	Bahamas	Bolivia (Plurinational State of)	9	5	0	0	0	0	0	0	0
BHS	BRB	Bahamas	Barbados	55	59	64	55	47	49	48	48	27
BHS	CRI	Bahamas	Costa Rica	10	8	9	7	13	12	14	17	4
BHS	CUW	Bahamas	Curaçao*	84	84	84	84	76	81	94	131	63
BHS	CYM	Bahamas	Cayman Islands*	58	110	190	172	171	185	205	224	106
BHS	DMA	Bahamas	Dominica	5	6	7	8	10	12	11	11	6
BHS	DNK	Bahamas	Denmark*	6	8	9	11	14	18	21	22	13
BHS	DOM	Bahamas	Dominican Republic	91	101	111	74	38	39	40	43	10
BHS	FIN	Bahamas	Finland*	1	2	3	6	9	8	6	7	2
BHS	GIN	Bahamas	Guinea	0	0	0	0	0	13	11	11	5
BHS	GRC	Bahamas	Greece	21	21	21	22	23	21	20	21	10
BHS	GRD	Bahamas	Grenada	17	22	27	28	30	30	30	31	17
BHS	GUY	Bahamas	Guyana	4	6	8	11	8	8	8	14	7
BHS	HUN	Bahamas	Hungary	1	3	5	6	7	6	7	8	2
BHS	ISL	Bahamas	Iceland	1	1	1	3	4	6	5	8	5
BHS	JAM	Bahamas	Jamaica	518	616	713	695	677	662	674	685	347
BHS	KNA	Bahamas	Saint Kitts and Nevis	5	8	11	19	21	24	23	24	8
BHS	LCA	Bahamas	Saint Lucia	6	7	10	11	12	11	9	9	0
BHS	LIE	Bahamas	Liechtenstein	0	0	0	0	3	3	2	2	1
BHS	LTU	Bahamas	Lithuania	0	0	0	0	0	1	0	0	0
BHS	LUX	Bahamas	Luxembourg	0	0	0	0	0	0	8	9	3
BHS	NAM	Bahamas	Namibia	74	70	67	52	50	48	50	53	40
BHS	NIC	Bahamas	Nicaragua	23	19	45	73	78	84	86	89	43
BHS	NOR	Bahamas	Norway*	7	8	9	8	13	21	23	26	14
BHS	SVN	Bahamas	Slovenia	0	0	0	0	1	0	0	0	0
BHS	TCA	Bahamas	Turks and Caicos Islands*	840	649	459	346	251	273	307	339	162
BHS	VGB	Bahamas	British Virgin Islands*	14	16	18	21	23	26	29	32	23
BIH	AUS	Bosnia and Herzegovina	Australia*	13992	17878	28659	38496	39714	36757	32994	29317	15138
BIH	AUT	Bosnia and Herzegovina	Austria	97482	116832	138319	130147	149818	160538	171472	180515	92008
BIH	BGR	Bosnia and Herzegovina	Bulgaria	18	36	54	77	98	102	164	226	73
BIH	BOL	Bosnia and Herzegovina	Bolivia (Plurinational State of)	0	0	0	5	9	11	10	11	2
BIH	CAN	Bosnia and Herzegovina	Canada	25814	25809	25683	28357	35227	36610	36028	36008	18344
BIH	CHE	Bosnia and Herzegovina	Switzerland	36361	38987	42038	47352	51174	55970	57741	58221	30939
BIH	CYP	Bosnia and Herzegovina	Cyprus	17	24	31	47	70	64	65	69	37
BIH	CZE	Bosnia and Herzegovina	Czechia	0	607	1348	1951	2798	2884	2834	2793	1090
BIH	DEU	Bosnia and Herzegovina	Germany	32000	314000	155037	157972	162323	187192	252498	320423	157145
BIH	DNK	Bosnia and Herzegovina	Denmark*	0	7338	18180	17795	17938	17263	16685	16175	8217
BIH	DOM	Bosnia and Herzegovina	Dominican Republic	6	7	7	6	6	5	5	5	0
BIH	EST	Bosnia and Herzegovina	Estonia	0	0	0	0	2	5	2	2	0
BIH	FIN	Bosnia and Herzegovina	Finland*	113	100	200	404	557	652	811	955	437
BIH	GIN	Bosnia and Herzegovina	Guinea	0	0	0	0	0	2	0	0	0
BIH	GRC	Bosnia and Herzegovina	Greece	487	422	363	407	467	439	446	474	315
BIH	HRV	Bosnia and Herzegovina	Croatia	312821	506365	430399	416359	402318	404874	381100	363041	191519
BIH	HUN	Bosnia and Herzegovina	Hungary	381	323	264	324	387	234	438	517	171
BIH	ISL	Bosnia and Herzegovina	Iceland	9	14	18	83	144	150	273	412	156
BIH	ITA	Bosnia and Herzegovina	Italy	16295	19082	21512	25303	28751	28262	31380	29671	14870
BIH	LBY	Bosnia and Herzegovina	Libya	66	153	243	268	294	328	351	371	110
BIH	LIE	Bosnia and Herzegovina	Liechtenstein	297	361	419	357	297	306	299	320	190
BIH	LTU	Bosnia and Herzegovina	Lithuania	1	1	1	1	0	3	2	2	0
BIH	LUX	Bosnia and Herzegovina	Luxembourg	2334	2220	2130	1848	1587	2421	2732	3156	1565
BIH	LVA	Bosnia and Herzegovina	Latvia	2	2	3	4	6	7	9	8	0
BIH	MKD	Bosnia and Herzegovina	North Macedonia	4365	5989	7614	7828	8043	8713	8750	8781	5129
BIH	MLT	Bosnia and Herzegovina	Malta	25	30	77	122	134	227	494	859	242
BIH	MNE	Bosnia and Herzegovina	Montenegro	32824	32824	32824	32824	34304	32042	32126	31869	19067
BIH	NLD	Bosnia and Herzegovina	Netherlands*	167	269	515	668	6692	832	12584	28178	14881
BIH	NOR	Bosnia and Herzegovina	Norway*	3	9401	11573	12486	12952	13201	13946	15507	7897
BIH	POL	Bosnia and Herzegovina	Poland	4824	4056	3411	3420	3705	2645	1757	1381	802
BIH	PRT	Bosnia and Herzegovina	Portugal	13	27	44	44	37	42	46	52	43
BIH	SRB	Bosnia and Herzegovina	Serbia*	416017	488060	574192	434881	360622	324368	300294	277641	156995
BIH	SVK	Bosnia and Herzegovina	Slovakia	47	133	257	289	324	394	463	503	135
BIH	SVN	Bosnia and Herzegovina	Slovenia	68549	68327	77361	79262	102915	100880	122235	138576	51219
BIH	SWE	Bosnia and Herzegovina	Sweden	42924	45326	51146	54587	56157	57499	60110	60819	30699
BIH	VEN	Bosnia and Herzegovina	Venezuela (Bolivarian Republic of)	21	20	20	20	22	24	22	21	9
BIH	ZAF	Bosnia and Herzegovina	South Africa	724	538	595	818	1170	1315	1386	1445	615
BLR	AUS	Belarus	Australia*	1075	1238	1357	1608	1840	2177	2479	2586	1605
BLR	AZE	Belarus	Azerbaijan	751	668	587	504	419	333	263	227	136
BLR	BGR	Belarus	Bulgaria	89	198	307	443	571	704	1110	1526	1113
BLR	BOL	Belarus	Bolivia (Plurinational State of)	0	2	4	4	4	6	5	6	2
BLR	CAN	Belarus	Canada	4851	4610	4298	6885	10137	11384	12061	13112	7125
BLR	CHN	Belarus	China	367	438	522	621	752	1131	1626	1913	1016
BLR	CRI	Belarus	Costa Rica	5	4	4	4	6	5	6	7	3
BLR	CYP	Belarus	Cyprus	84	119	154	232	356	326	336	357	278
BLR	CZE	Belarus	Czechia	0	0	1114	2191	4083	5388	6757	7789	3954
BLR	DNK	Belarus	Denmark*	0	53	167	446	631	724	835	1095	759
BLR	EGY	Belarus	Egypt	269	291	316	343	338	5	282	221	107
BLR	EST	Belarus	Estonia	23870	19313	14756	13834	12796	11119	10521	10721	6562
BLR	FIN	Belarus	Finland*	0	16	32	131	216	314	443	521	324
BLR	GEO	Belarus	Georgia	16521	2118	1059	1006	1016	1066	1101	1132	913
BLR	GRC	Belarus	Greece	592	573	564	1027	1543	1453	1485	1578	1144
BLR	HRV	Belarus	Croatia	67	95	83	47	93	94	87	83	69
BLR	HUN	Belarus	Hungary	91	125	159	195	233	199	266	314	205
BLR	ISL	Belarus	Iceland	0	1	1	21	40	41	68	103	68
BLR	ISR	Belarus	Israel	30126	36259	31019	25486	20776	22129	24755	26340	15109
BLR	ITA	Belarus	Italy	621	1036	1676	4660	8289	10864	13503	14832	11634
BLR	KAZ	Belarus	Kazakhstan	109575	51307	29075	27727	26425	25183	24001	23013	18826
BLR	KGZ	Belarus	Kyrgyzstan	30187	24823	18775	15151	11293	9947	9684	9480	5973
BLR	LBY	Belarus	Libya	702	625	560	618	678	759	811	857	331
BLR	LIE	Belarus	Liechtenstein	0	0	0	0	4	4	3	3	3
BLR	LTU	Belarus	Lithuania	80249	71602	56088	52280	41370	33613	33813	35625	19432
BLR	LUX	Belarus	Luxembourg	42	39	38	32	28	42	324	374	291
BLR	LVA	Belarus	Latvia	60530	69060	77583	67044	54799	48588	42251	38908	25603
BLR	MDA	Belarus	Republic of Moldova*	13943	9132	6024	4005	2764	1767	725	1036	727
BLR	MLT	Belarus	Malta	3	4	10	19	23	9	18	31	12
BLR	NOR	Belarus	Norway*	0	36	108	396	676	1020	1211	1347	941
BLR	POL	Belarus	Poland	139220	123303	109205	97118	86532	76339	67289	56258	33483
BLR	PRT	Belarus	Portugal	38	82	131	526	834	946	1084	1219	626
BLR	RUS	Belarus	Russian Federation	809353	886234	930977	849214	745803	536776	381017	255159	145223
BLR	SRB	Belarus	Serbia*	113	109	103	99	93	87	81	74	42
BLR	SVK	Belarus	Slovakia	60	87	140	158	177	223	262	285	192
BLR	SVN	Belarus	Slovenia	16	34	31	72	104	143	213	241	155
BLR	TJK	Belarus	Tajikistan	893	771	720	694	692	680	680	682	404
BLR	TKM	Belarus	Turkmenistan	3259	2662	2158	2140	2076	2059	2042	2030	715
BLR	UKR	Belarus	Ukraine*	403448	339992	280687	256474	244715	245534	249641	252977	148926
BLR	UZB	Belarus	Uzbekistan	37057	33291	28456	28636	27674	26532	26330	26170	13426
BLZ	ATG	Belize	Antigua and Barbuda	8	10	11	12	13	14	13	13	5
BLZ	AUS	Belize	Australia*	33	39	48	60	62	80	80	80	48
BLZ	BGR	Belize	Bulgaria	0	1	1	2	2	2	0	0	0
BLZ	BHS	Belize	Bahamas	31	22	13	27	41	44	45	48	31
BLZ	BOL	Belize	Bolivia (Plurinational State of)	991	962	922	850	777	906	1007	1124	559
BLZ	BRB	Belize	Barbados	0	0	0	15	21	22	21	21	10
BLZ	CHL	Belize	Chile	16	20	27	39	59	99	228	252	208
BLZ	CRI	Belize	Costa Rica	202	123	106	70	138	139	167	202	76
BLZ	CYM	Belize	Cayman Islands*	110	208	359	326	323	352	392	428	190
BLZ	DNK	Belize	Denmark*	5	5	6	7	10	6	6	8	5
BLZ	EST	Belize	Estonia	0	0	0	0	1	0	0	0	0
BLZ	FIN	Belize	Finland*	0	1	2	2	2	1	0	0	0
BLZ	GIN	Belize	Guinea	0	0	0	0	0	2	0	0	0
BLZ	GRC	Belize	Greece	5	3	2	4	5	4	2	2	2
BLZ	GTM	Belize	Guatemala	543	561	579	688	796	874	984	1082	524
BLZ	HND	Belize	Honduras	213	242	271	266	260	365	372	379	176
BLZ	HUN	Belize	Hungary	0	1	1	1	1	3	2	2	1
BLZ	ISL	Belize	Iceland	0	1	1	2	2	0	0	0	0
BLZ	JAM	Belize	Jamaica	6	7	7	7	7	7	7	7	4
BLZ	LCA	Belize	Saint Lucia	1	0	1	1	1	0	0	0	0
BLZ	LTU	Belize	Lithuania	0	0	0	0	0	1	0	0	0
BLZ	MEX	Belize	Mexico	976	1050	1133	1614	2276	2564	2863	3170	1677
BLZ	NIC	Belize	Nicaragua	60	48	34	22	23	24	24	25	10
BLZ	NOR	Belize	Norway*	2	3	4	4	8	12	13	14	4
BLZ	PAN	Belize	Panama	64	72	86	72	74	86	103	157	52
BLZ	SLV	Belize	El Salvador	244	231	218	272	325	339	344	349	183
BLZ	SVK	Belize	Slovakia	0	0	0	0	0	2	2	2	0
BLZ	SVN	Belize	Slovenia	0	0	0	0	1	2	1	1	1
BLZ	VEN	Belize	Venezuela (Bolivarian Republic of)	18	17	17	17	19	20	18	17	8
BMU	ATG	Bermuda*	Antigua and Barbuda	9	10	11	12	13	14	13	13	4
BMU	AUS	Bermuda*	Australia*	329	366	409	463	515	578	598	606	316
BMU	BGR	Bermuda*	Bulgaria	0	0	0	1	1	1	1	1	1
BMU	BHS	Bermuda*	Bahamas	34	23	13	25	36	39	40	42	25
BMU	BOL	Bermuda*	Bolivia (Plurinational State of)	0	1	1	1	0	0	0	0	0
BMU	BRB	Bermuda*	Barbados	0	0	0	20	27	28	27	27	13
BMU	CHL	Bermuda*	Chile	20	25	33	48	72	122	282	311	257
BMU	CRI	Bermuda*	Costa Rica	5	5	8	6	12	11	13	16	6
BMU	CYM	Bermuda*	Cayman Islands*	10	20	34	31	32	34	37	40	9
BMU	DNK	Bermuda*	Denmark*	10	0	0	0	0	0	0	0	0
BMU	DOM	Bermuda*	Dominican Republic	9	10	11	13	16	15	15	16	2
BMU	FIN	Bermuda*	Finland*	0	0	0	0	0	4	0	0	0
BMU	GRC	Bermuda*	Greece	2	4	6	7	8	7	5	5	1
BMU	HUN	Bermuda*	Hungary	0	1	1	1	1	1	1	1	1
BMU	ISL	Bermuda*	Iceland	1	2	2	2	1	3	2	3	1
BMU	LCA	Bermuda*	Saint Lucia	3	3	5	4	3	2	0	0	0
BMU	LUX	Bermuda*	Luxembourg	0	0	0	0	0	0	8	9	2
BMU	NOR	Bermuda*	Norway*	1	3	3	4	11	11	9	10	7
BMU	SVN	Bermuda*	Slovenia	0	0	0	0	0	1	0	0	0
BOL	ARG	Bolivia (Plurinational State of)	Argentina	161850	190118	223303	273555	340770	342431	339423	337017	179821
BOL	AUS	Bolivia (Plurinational State of)	Australia*	534	608	694	770	863	1058	1125	1196	657
BOL	BGR	Bolivia (Plurinational State of)	Bulgaria	1	6	10	16	20	16	22	30	14
BOL	BRA	Bolivia (Plurinational State of)	Brazil	15043	17195	20064	27993	37619	47979	56480	46373	22454
BOL	CAN	Bolivia (Plurinational State of)	Canada	1544	1854	2199	3579	4974	5552	4080	4219	2265
BOL	CHL	Bolivia (Plurinational State of)	Chile	6803	8138	10099	13226	23413	52293	119938	150155	81988
BOL	COL	Bolivia (Plurinational State of)	Colombia	301	422	524	651	794	959	1134	1267	671
BOL	CRI	Bolivia (Plurinational State of)	Costa Rica	269	220	282	186	365	369	442	533	189
BOL	CUB	Bolivia (Plurinational State of)	Cuba	128	97	55	57	56	52	46	33	19
BOL	CYP	Bolivia (Plurinational State of)	Cyprus	3	4	5	7	10	9	8	8	1
BOL	DNK	Bolivia (Plurinational State of)	Denmark*	60	93	164	306	423	457	472	515	277
BOL	DOM	Bolivia (Plurinational State of)	Dominican Republic	363	403	443	304	163	170	176	190	77
BOL	ECU	Bolivia (Plurinational State of)	Ecuador	392	495	601	703	831	913	1021	1091	654
BOL	ESP	Bolivia (Plurinational State of)	Spain*	3511	6345	11247	115401	208719	156578	175328	188863	111496
BOL	EST	Bolivia (Plurinational State of)	Estonia	0	0	0	0	1	2	5	5	1
BOL	FIN	Bolivia (Plurinational State of)	Finland*	24	34	44	89	124	138	166	195	109
BOL	GIN	Bolivia (Plurinational State of)	Guinea	0	0	0	0	0	5	3	3	1
BOL	GRC	Bolivia (Plurinational State of)	Greece	9	13	18	21	24	22	21	22	11
BOL	GTM	Bolivia (Plurinational State of)	Guatemala	67	77	86	102	118	130	145	159	85
BOL	HND	Bolivia (Plurinational State of)	Honduras	112	111	110	108	105	147	149	152	40
BOL	HRV	Bolivia (Plurinational State of)	Croatia	0	0	0	16	32	32	29	28	11
BOL	HUN	Bolivia (Plurinational State of)	Hungary	14	27	40	49	57	46	55	65	20
BOL	ISL	Bolivia (Plurinational State of)	Iceland	6	9	11	12	12	14	15	23	14
BOL	ITA	Bolivia (Plurinational State of)	Italy	830	1389	2248	6225	11593	14404	14838	14942	9495
BOL	JPN	Bolivia (Plurinational State of)	Japan	3436	3822	4199	4568	5022	5417	6154	6454	3044
BOL	LIE	Bolivia (Plurinational State of)	Liechtenstein	0	0	0	0	1	1	0	0	0
BOL	LTU	Bolivia (Plurinational State of)	Lithuania	1	1	0	0	0	3	1	1	0
BOL	LUX	Bolivia (Plurinational State of)	Luxembourg	0	0	0	0	0	0	70	81	52
BOL	LVA	Bolivia (Plurinational State of)	Latvia	0	0	0	0	0	0	1	1	0
BOL	MEX	Bolivia (Plurinational State of)	Mexico	923	1143	1401	1668	1983	2242	2531	2805	1281
BOL	NIC	Bolivia (Plurinational State of)	Nicaragua	47	38	46	57	60	64	66	68	26
BOL	NOR	Bolivia (Plurinational State of)	Norway*	117	171	263	335	424	535	583	648	316
BOL	PAN	Bolivia (Plurinational State of)	Panama	213	194	189	261	388	454	543	828	405
BOL	PER	Bolivia (Plurinational State of)	Peru	12	12	15	2775	6689	10775	15651	22190	12357
BOL	PRI	Bolivia (Plurinational State of)	Puerto Rico*	109	115	122	96	58	56	24	22	11
BOL	PRT	Bolivia (Plurinational State of)	Portugal	15	32	51	130	188	213	242	272	227
BOL	PRY	Bolivia (Plurinational State of)	Paraguay	809	976	1140	1086	1034	1009	1092	1165	560
BOL	SLV	Bolivia (Plurinational State of)	El Salvador	73	59	44	48	51	53	53	54	24
BOL	SVK	Bolivia (Plurinational State of)	Slovakia	0	1	2	2	2	15	16	17	3
BOL	SVN	Bolivia (Plurinational State of)	Slovenia	0	0	0	0	16	11	13	15	10
BOL	VEN	Bolivia (Plurinational State of)	Venezuela (Bolivarian Republic of)	2224	2031	1838	1864	1910	1967	1853	1768	865
BRA	ARG	Brazil	Argentina	38851	36975	35180	37254	41070	44633	48454	51527	30435
BRA	AUS	Brazil	Australia*	2122	3446	4754	7512	16476	27395	52702	70220	36882
BRA	AUT	Brazil	Austria	1406	1914	2562	3755	4472	5036	6642	8207	5151
BRA	BEL	Brazil	Belgium	2040	2937	4228	6087	9848	12913	18018	24464	14260
BRA	BGD	Brazil	Bangladesh	552	5387	10221	12165	14083	14919	14628	20097	13890
BRA	BGR	Brazil	Bulgaria	8	25	42	63	83	120	210	289	167
BRA	BHS	Brazil	Bahamas	36	41	47	80	112	121	128	135	68
BRA	BLR	Brazil	Belarus	69	83	97	93	89	94	91	90	65
BRA	BOL	Brazil	Bolivia (Plurinational State of)	10558	12746	14801	18453	22066	25692	28612	31945	15317
BRA	CAN	Brazil	Canada	6933	8876	11228	14678	24724	37848	46952	58045	31033
BRA	CHE	Brazil	Switzerland	15668	18293	21527	26906	31762	37167	44709	51063	34715
BRA	CHL	Brazil	Chile	3563	4936	6309	7918	9350	12851	18925	19238	10478
BRA	CHN	Brazil	China	1440	1716	2043	2431	2916	3625	4331	4866	2585
BRA	COL	Brazil	Colombia	2250	2201	2033	1899	2558	3527	4600	5335	2692
BRA	CPV	Brazil	Cabo Verde	77	104	130	203	275	286	301	315	165
BRA	CRI	Brazil	Costa Rica	346	304	415	273	537	544	652	787	380
BRA	CYM	Brazil	Cayman Islands*	21	42	73	66	66	71	78	85	44
BRA	CYP	Brazil	Cyprus	15	21	27	40	60	55	55	58	37
BRA	CZE	Brazil	Czechia	0	0	91	214	458	747	1175	1483	649
BRA	DNK	Brazil	Denmark*	813	1142	1513	1982	2954	3482	4829	6445	3959
BRA	DOM	Brazil	Dominican Republic	950	1055	1160	888	614	644	671	724	365
BRA	ECU	Brazil	Ecuador	857	956	1066	1207	1387	1357	1330	1256	712
BRA	EGY	Brazil	Egypt	50	71	99	134	166	0	223	206	108
BRA	ESP	Brazil	Spain*	12757	19613	29663	73718	129237	103028	151847	179946	110329
BRA	EST	Brazil	Estonia	0	0	0	0	62	93	244	249	102
BRA	FIN	Brazil	Finland*	162	203	243	631	904	1221	1889	2224	1266
BRA	FRA	Brazil	France*	13799	20377	29975	43576	56678	69604	68818	72483	46241
BRA	FRO	Brazil	Faroe Islands*	6	6	6	18	18	11	31	37	24
BRA	GHA	Brazil	Ghana	7	7	8	11	11	13	13	15	6
BRA	GIN	Brazil	Guinea	248	285	199	139	97	14	12	12	2
BRA	GLP	Brazil	Guadeloupe*	35	39	42	52	61	59	58	58	33
BRA	GRC	Brazil	Greece	1460	1763	2094	2180	2347	2211	2258	2399	1594
BRA	GTM	Brazil	Guatemala	77	114	151	180	209	229	257	283	115
BRA	GUF	Brazil	French Guiana*	6204	7022	7840	11989	16137	22921	25759	28281	12600
BRA	GUY	Brazil	Guyana	485	780	1074	1448	1135	1201	1260	2190	815
BRA	HND	Brazil	Honduras	179	178	176	173	169	237	240	244	144
BRA	HRV	Brazil	Croatia	122	119	103	148	192	193	180	171	111
BRA	HUN	Brazil	Hungary	68	207	346	425	507	1621	1321	1558	742
BRA	IRL	Brazil	Ireland	264	395	1098	3883	8431	14425	30415	48605	25497
BRA	ISL	Brazil	Iceland	11	20	28	67	104	139	217	328	221
BRA	ISR	Brazil	Israel	5176	6398	7248	8010	8812	9506	10254	10891	6053
BRA	ITA	Brazil	Italy	18831	27527	38936	59125	85066	97077	135965	137935	87590
BRA	JPN	Brazil	Japan	44136	160061	245685	293140	243605	176123	211713	207220	95613
BRA	LBY	Brazil	Libya	390	286	188	208	228	255	270	285	110
BRA	LCA	Brazil	Saint Lucia	5	6	9	9	9	8	6	6	0
BRA	LIE	Brazil	Liechtenstein	36	50	65	103	143	169	201	215	151
BRA	LTU	Brazil	Lithuania	75	84	65	72	70	61	77	81	43
BRA	LUX	Brazil	Luxembourg	288	273	262	227	195	297	3722	4300	2638
BRA	LVA	Brazil	Latvia	8	12	17	27	37	21	46	42	12
BRA	MEX	Brazil	Mexico	1555	1911	2377	3289	4551	6362	9503	18794	8795
BRA	MLT	Brazil	Malta	27	32	40	48	79	133	287	499	228
BRA	MRT	Brazil	Mauritania	143	152	157	159	111	159	173	186	66
BRA	MTQ	Brazil	Martinique*	16	41	67	70	74	85	84	83	52
BRA	NAM	Brazil	Namibia	790	755	702	555	534	522	558	592	342
BRA	NIC	Brazil	Nicaragua	138	110	107	107	114	122	126	131	71
BRA	NLD	Brazil	Netherlands*	4718	6148	8063	10470	13723	16894	25713	34662	20639
BRA	NOR	Brazil	Norway*	576	895	1260	1967	3577	5152	6256	6956	4824
BRA	NZL	Brazil	New Zealand*	321	321	612	1614	2918	5582	9080	11421	5788
BRA	PAN	Brazil	Panama	633	695	802	1139	1710	2002	2406	3670	1871
BRA	PER	Brazil	Peru	885	1834	2870	3902	4871	5903	7153	11785	6504
BRA	POL	Brazil	Poland	97	134	186	253	342	482	684	833	371
BRA	PRI	Brazil	Puerto Rico*	185	195	207	162	97	95	40	36	19
BRA	PRK	Brazil	Dem. People's Republic of Korea	479	1140	1801	2163	2525	2780	2841	2892	1437
BRA	PRT	Brazil	Portugal	23722	35931	49599	91614	118415	134245	154017	173266	100009
BRA	PRY	Brazil	Paraguay	111355	97450	83208	79266	75523	73715	79897	85207	40531
BRA	SEN	Brazil	Senegal	536	560	506	544	609	650	670	687	347
BRA	SLV	Brazil	El Salvador	329	264	198	215	232	242	245	248	130
BRA	SMR	Brazil	San Marino	18	20	23	23	24	29	30	32	31
BRA	SUR	Brazil	Suriname	2100	2594	3204	3921	4626	5023	5566	6044	2720
BRA	SVK	Brazil	Slovakia	4	30	66	75	84	114	171	186	104
BRA	SVN	Brazil	Slovenia	7	14	20	33	79	114	199	226	146
BRA	SWE	Brazil	Sweden	2194	2813	3432	4344	5885	7112	10441	14151	8472
BRA	TLS	Brazil	Timor-Leste	152	165	181	192	197	66	64	63	26
BRA	URY	Brazil	Uruguay	10581	11084	11507	12923	11978	12369	14762	19034	11121
BRA	USA	Brazil	United States of America*	86512	106237	240109	345947	365297	380949	571580	738994	405530
BRA	VEN	Brazil	Venezuela (Bolivarian Republic of)	4323	4590	4828	5214	5689	6026	5680	5419	2822
BRA	ZAF	Brazil	South Africa	871	892	1042	1273	1543	1476	1297	1290	768
BRB	ATG	Barbados	Antigua and Barbuda	204	226	248	266	284	302	315	327	134
BRB	AUS	Barbados	Australia*	341	359	370	382	428	450	430	408	193
BRB	BGR	Barbados	Bulgaria	1	2	2	3	4	4	3	4	4
BRB	BHS	Barbados	Bahamas	234	171	108	164	220	238	253	268	96
BRB	BOL	Barbados	Bolivia (Plurinational State of)	7	4	0	0	0	0	0	0	0
BRB	CAN	Barbados	Canada	14838	14753	14663	15255	15779	15217	13877	13022	6923
BRB	CHL	Barbados	Chile	22	28	36	53	79	133	309	341	281
BRB	CRI	Barbados	Costa Rica	8	6	8	6	12	11	13	16	5
BRB	CUW	Barbados	Curaçao*	197	197	197	197	177	191	222	311	249
BRB	CYM	Barbados	Cayman Islands*	64	121	209	180	169	183	203	222	78
BRB	DMA	Barbados	Dominica	61	80	95	117	143	167	169	172	77
BRB	DNK	Barbados	Denmark*	18	24	23	26	34	44	47	46	15
BRB	EST	Barbados	Estonia	0	0	0	0	1	1	1	1	0
BRB	FIN	Barbados	Finland*	4	6	7	10	11	10	12	14	4
BRB	GIN	Barbados	Guinea	0	0	0	0	0	11	9	9	0
BRB	GRC	Barbados	Greece	6	7	8	10	11	10	8	8	0
BRB	GRD	Barbados	Grenada	101	131	161	168	176	178	180	183	99
BRB	GUY	Barbados	Guyana	156	186	216	223	142	150	157	273	122
BRB	HUN	Barbados	Hungary	0	2	3	4	5	2	3	4	4
BRB	ISL	Barbados	Iceland	0	1	1	2	2	1	0	0	0
BRB	JAM	Barbados	Jamaica	418	497	575	560	545	533	541	550	278
BRB	KNA	Barbados	Saint Kitts and Nevis	41	56	79	87	94	96	98	101	53
BRB	LCA	Barbados	Saint Lucia	324	437	600	540	440	421	403	390	197
BRB	LUX	Barbados	Luxembourg	0	0	0	0	0	0	6	7	4
BRB	LVA	Barbados	Latvia	2	2	3	1	0	2	2	2	2
BRB	NOR	Barbados	Norway*	9	14	20	21	20	23	24	27	10
BRB	PAN	Barbados	Panama	137	88	46	34	29	32	38	58	27
BRB	SLV	Barbados	El Salvador	64	50	35	37	38	40	40	41	20
BRB	SVK	Barbados	Slovakia	0	0	0	0	0	1	1	1	0
BRB	SVN	Barbados	Slovenia	0	0	0	0	1	1	1	1	1
BRB	SXM	Barbados	Sint Maarten (Dutch part)*	64	64	64	35	70	73	76	79	40
BRB	TTO	Barbados	Trinidad and Tobago	2411	2188	1573	1688	1029	1066	1184	1704	754
BRB	VCT	Barbados	Saint Vincent and the Grenadines	303	315	328	339	346	351	355	361	151
BRB	VEN	Barbados	Venezuela (Bolivarian Republic of)	241	142	83	43	23	7	5	5	0
BRB	VGB	Barbados	British Virgin Islands*	94	111	127	146	164	187	212	235	87
BRB	VIR	Barbados	United States Virgin Islands*	289	324	361	364	368	368	367	367	175
BRN	AUS	Brunei Darussalam	Australia*	1545	1791	2105	2561	3030	2893	3159	3357	1786
BRN	BGR	Brunei Darussalam	Bulgaria	0	0	0	1	1	1	1	1	0
BRN	CAN	Brunei Darussalam	Canada	4430	4388	4342	4418	4102	4527	4543	4347	2096
BRN	CYP	Brunei Darussalam	Cyprus	1	2	2	3	3	2	1	1	1
BRN	DNK	Brunei Darussalam	Denmark*	4	6	4	5	4	8	13	16	7
BRN	FIN	Brunei Darussalam	Finland*	0	0	0	0	0	2	4	5	4
BRN	HUN	Brunei Darussalam	Hungary	0	0	0	0	0	2	1	1	0
BRN	IND	Brunei Darussalam	India	20347	31409	30195	28201	26311	24634	23062	21878	12919
BRN	MYS	Brunei Darussalam	Malaysia	5023	6778	8533	10288	12051	13798	15510	16887	10329
BRN	NOR	Brunei Darussalam	Norway*	20	20	21	22	29	34	34	38	16
BRN	TJK	Brunei Darussalam	Tajikistan	38	31	27	25	24	23	21	21	9
BTN	AUS	Bhutan	Australia*	29	48	70	129	1700	5834	12424	25363	13140
BTN	BGR	Bhutan	Bulgaria	1	7	13	20	27	21	23	32	12
BTN	CAN	Bhutan	Canada	0	7	30	74	1926	4284	4097	6227	3088
BTN	CHN	Bhutan	China	276	322	383	456	525	244	109	113	60
BTN	CRI	Bhutan	Costa Rica	3	2	3	3	5	4	4	5	1
BTN	DNK	Bhutan	Denmark*	0	1	9	18	283	646	625	617	302
BTN	DOM	Bhutan	Dominican Republic	9	10	11	10	9	8	8	9	0
BTN	EST	Bhutan	Estonia	0	0	0	0	0	0	3	3	3
BTN	FIN	Bhutan	Finland*	0	0	0	2	3	3	2	2	2
BTN	GIN	Bhutan	Guinea	0	0	0	0	0	3	1	1	0
BTN	GRC	Bhutan	Greece	6	4	3	3	2	1	0	0	0
BTN	HUN	Bhutan	Hungary	0	0	0	0	0	1	12	14	8
BTN	IND	Bhutan	India	10033	9109	7999	7903	7936	7422	6922	6555	3614
BTN	LKA	Bhutan	Sri Lanka	2	28	56	113	229	231	233	236	102
BTN	LUX	Bhutan	Luxembourg	0	0	0	0	0	0	1	1	0
BTN	NOR	Bhutan	Norway*	5	8	15	22	233	365	373	415	232
BTN	NPL	Bhutan	Nepal	16805	107664	111196	108387	75457	28740	27502	26552	13018
BWA	AUS	Botswana	Australia*	115	185	670	973	1120	1327	1599	1736	922
BWA	BGR	Botswana	Bulgaria	7	11	15	20	26	23	26	36	14
BWA	BHS	Botswana	Bahamas	0	0	0	7	13	14	13	14	4
BWA	CYP	Botswana	Cyprus	2	3	4	6	8	7	6	6	1
BWA	DNK	Botswana	Denmark*	39	55	59	61	67	64	68	79	48
BWA	FIN	Botswana	Finland*	1	2	3	8	11	15	19	22	9
BWA	GIN	Botswana	Guinea	0	0	0	0	0	50	46	44	17
BWA	GRC	Botswana	Greece	3	3	3	6	8	7	5	5	2
BWA	HUN	Botswana	Hungary	1	3	4	5	6	3	12	14	5
BWA	LSO	Botswana	Lesotho	103	104	102	104	106	151	198	247	137
BWA	LUX	Botswana	Luxembourg	0	0	0	0	0	0	1	1	1
BWA	LVA	Botswana	Latvia	0	0	0	0	0	1	0	0	0
BWA	NAM	Botswana	Namibia	975	932	865	683	658	644	689	731	369
BWA	NOR	Botswana	Norway*	35	36	82	96	110	118	118	131	70
BWA	SVK	Botswana	Slovakia	0	0	0	0	0	4	2	2	2
BWA	SVN	Botswana	Slovenia	0	0	0	0	1	2	1	1	0
BWA	SWZ	Botswana	Eswatini	161	64	83	69	54	41	39	39	26
BWA	TZA	Botswana	United Republic of Tanzania	80	108	116	132	136	141	125	136	39
BWA	ZAF	Botswana	South Africa	19046	12829	16026	15535	12922	11016	9435	8004	4005
BWA	ZMB	Botswana	Zambia	469	228	111	319	918	808	1130	1498	786
BWA	ZWE	Botswana	Zimbabwe	2945	2924	4012	4134	3705	3725	3865	3985	1724
CAF	AUS	Central African Republic	Australia*	8	10	7	10	20	33	141	191	100
CAF	BOL	Central African Republic	Bolivia (Plurinational State of)	0	0	0	28	56	66	71	79	17
CAF	CMR	Central African Republic	Cameroon	0	0	0	14607	105626	271319	303005	336349	166680
CAF	COD	Central African Republic	Democratic Republic of the Congo	0	0	0	0	0	253402	323269	368125	180094
CAF	COG	Central African Republic	Congo	10616	11844	16245	14620	24601	32696	32481	32312	16291
CAF	CRI	Central African Republic	Costa Rica	5	4	4	4	6	5	6	7	1
CAF	CYP	Central African Republic	Cyprus	4	6	7	10	15	13	13	14	6
CAF	DNK	Central African Republic	Denmark*	1	1	1	4	9	24	24	22	8
CAF	DOM	Central African Republic	Dominican Republic	6	7	7	68	129	135	140	151	54
CAF	EST	Central African Republic	Estonia	0	0	0	0	1	0	0	0	0
CAF	FIN	Central African Republic	Finland*	0	1	2	2	2	3	7	8	2
CAF	GIN	Central African Republic	Guinea	0	0	0	0	0	18	16	15	2
CAF	GRC	Central African Republic	Greece	42	66	91	247	417	392	399	424	204
CAF	HUN	Central African Republic	Hungary	4	5	6	7	7	6	14	17	6
CAF	LUX	Central African Republic	Luxembourg	0	0	0	0	0	0	35	40	25
CAF	LVA	Central African Republic	Latvia	1	1	2	1	1	0	0	0	0
CAF	MLI	Central African Republic	Mali	283	295	271	1110	760	1200	1299	1458	695
CAF	NOR	Central African Republic	Norway*	4	5	6	8	7	19	26	29	17
CAF	SDN	Central African Republic	Sudan	17911	18271	18639	20771	16064	13489	25962	45125	22335
CAF	SEN	Central African Republic	Senegal	0	3	3	13	19	668	723	741	360
CAF	SSD	Central African Republic	South Sudan	0	0	0	0	5166	4574	4690	4859	2044
CAF	SVK	Central African Republic	Slovakia	0	0	0	0	0	2	1	1	1
CAF	SVN	Central African Republic	Slovenia	12	25	0	0	3	34	1	1	1
CAF	TCD	Central African Republic	Chad	8067	8765	9463	63523	75231	87583	101662	115460	61900
CAF	TGO	Central African Republic	Togo	179	201	226	254	333	375	377	380	161
CAN	AIA	Canada	Anguilla*	28	36	44	50	54	57	58	60	43
CAN	ALB	Canada	Albania	1151	1244	1337	1128	920	906	849	807	154
CAN	ARG	Canada	Argentina	3272	2969	2673	2376	2079	1754	1484	1481	844
CAN	ATG	Canada	Antigua and Barbuda	218	287	356	382	408	434	453	470	242
CAN	AUS	Canada	Australia*	23243	27132	30253	36359	44589	52593	56241	57190	31634
CAN	BEL	Canada	Belgium	3312	3675	4078	4525	4841	4920	5047	5070	2671
CAN	BGR	Canada	Bulgaria	17	64	111	167	220	484	753	1035	483
CAN	BHS	Canada	Bahamas	730	1040	1351	1399	1446	1567	1679	1777	806
CAN	BLR	Canada	Belarus	85	123	160	154	148	155	152	150	93
CAN	BLZ	Canada	Belize	542	515	487	596	685	807	914	1012	520
CAN	BMU	Canada	Bermuda*	2295	2437	2183	2211	2233	2154	2032	2076	1167
CAN	BOL	Canada	Bolivia (Plurinational State of)	1765	1728	1672	1430	1185	1381	1536	1715	907
CAN	BRA	Canada	Brazil	1188	1197	1229	1407	1545	1750	1925	2064	418
CAN	BRB	Canada	Barbados	668	729	791	721	656	689	695	701	390
CAN	BTN	Canada	Bhutan	17	20	23	29	35	37	37	38	18
CAN	BWA	Canada	Botswana	112	104	106	210	161	174	185	195	133
CAN	CAF	Canada	Central African Republic	19	157	281	220	216	186	195	208	105
CAN	CHE	Canada	Switzerland	8504	8931	9436	10450	11068	11678	12359	13033	7129
CAN	CHL	Canada	Chile	853	1236	1659	1873	1822	1962	1972	2004	1620
CAN	CHN	Canada	China	9726	11550	13747	16363	19511	20594	20917	23177	12311
CAN	CMR	Canada	Cameroon	0	0	0	179	143	178	207	230	121
CAN	COL	Canada	Colombia	634	707	746	792	1027	1348	1697	1942	757
CAN	CRI	Canada	Costa Rica	810	754	1074	705	1389	1408	1689	2038	847
CAN	CUB	Canada	Cuba	135	102	64	54	44	34	25	18	8
CAN	CUW	Canada	Curaçao*	92	92	92	92	84	90	103	144	48
CAN	CYM	Canada	Cayman Islands*	422	806	1393	1304	1332	1451	1619	1768	926
CAN	CYP	Canada	Cyprus	374	529	684	1029	1578	1449	1494	1586	836
CAN	CZE	Canada	Czechia	0	191	456	671	974	1118	1241	1336	565
CAN	DMA	Canada	Dominica	67	88	105	129	158	184	186	190	92
CAN	DNK	Canada	Denmark*	2389	2571	2763	2931	3402	3676	3806	4217	2130
CAN	DOM	Canada	Dominican Republic	3562	3957	4351	2757	1158	1215	1267	1367	600
CAN	ECU	Canada	Ecuador	785	865	947	1026	1112	1106	1100	1088	487
CAN	EGY	Canada	Egypt	475	570	686	797	853	0	843	690	332
CAN	EST	Canada	Estonia	29	45	60	87	114	122	209	213	76
CAN	FIN	Canada	Finland*	960	977	993	1249	1445	1481	1655	1948	885
CAN	FRO	Canada	Faroe Islands*	3	6	5	8	14	13	15	18	11
CAN	GAB	Canada	Gabon	90	121	151	164	190	266	291	314	119
CAN	GBR	Canada	United Kingdom*	64645	68179	71889	75737	79837	80855	81405	81845	38776
CAN	GHA	Canada	Ghana	147	147	164	231	230	283	323	361	189
CAN	GIN	Canada	Guinea	297	342	239	167	116	46	42	41	14
CAN	GLP	Canada	Guadeloupe*	197	263	329	404	478	458	452	449	257
CAN	GNB	Canada	Guinea-Bissau	37	48	58	56	54	57	41	34	19
CAN	GRC	Canada	Greece	14677	13411	12366	12627	13354	12584	12862	13663	7506
CAN	GRD	Canada	Grenada	85	145	205	215	225	227	225	229	83
CAN	GRL	Canada	Greenland*	12	10	11	23	10	15	14	14	4
CAN	GTM	Canada	Guatemala	272	262	251	298	345	379	426	469	161
CAN	GUY	Canada	Guyana	92	147	202	272	212	224	235	408	183
CAN	HKG	Canada	China, Hong Kong SAR	8414	11844	15273	14797	14357	14672	15298	15819	7598
CAN	HND	Canada	Honduras	264	262	259	254	249	349	355	361	160
CAN	HRV	Canada	Croatia	473	468	413	706	998	1004	943	898	471
CAN	HTI	Canada	Haiti	628	596	566	537	563	591	617	640	325
CAN	HUN	Canada	Hungary	226	824	1422	1746	2084	2228	2914	3437	1576
CAN	IMN	Canada	Isle of Man*	104	119	133	167	198	157	158	160	82
CAN	IND	Canada	India	5624	3650	2122	2426	3095	2924	2727	2590	1416
CAN	IRL	Canada	Ireland	2760	2631	4633	5290	4885	5222	6537	7811	4464
CAN	ISL	Canada	Iceland	145	170	195	216	231	277	366	553	296
CAN	ISR	Canada	Israel	4190	5198	6144	7086	8095	8745	9426	10021	5083
CAN	ITA	Canada	Italy	21457	22689	23149	23554	24108	24171	24275	23315	13034
CAN	JAM	Canada	Jamaica	1140	1277	1414	1378	1342	1313	1338	1359	643
CAN	JPN	Canada	Japan	4579	6958	9769	11752	10227	15871	16750	11477	3323
CAN	KHM	Canada	Cambodia	20	53	85	66	47	42	43	45	21
CAN	LBR	Canada	Liberia	247	241	238	107	49	56	42	35	19
CAN	LBY	Canada	Libya	946	1509	2098	2312	2537	2841	3041	3215	1015
CAN	LCA	Canada	Saint Lucia	107	143	197	247	269	257	245	237	127
CAN	LIE	Canada	Liechtenstein	0	0	0	0	13	15	16	17	10
CAN	LKA	Canada	Sri Lanka	2	31	61	122	247	250	251	254	121
CAN	LTU	Canada	Lithuania	66	74	57	49	36	29	38	40	17
CAN	LUX	Canada	Luxembourg	229	217	208	180	155	236	785	907	444
CAN	LVA	Canada	Latvia	42	64	87	119	148	120	177	163	69
CAN	MDA	Canada	Republic of Moldova*	12	12	12	11	44	142	200	112	67
CAN	MDV	Canada	Maldives	12	46	78	66	80	94	101	108	12
CAN	MEX	Canada	Mexico	4202	4947	5836	6815	7983	10031	12587	14431	6898
CAN	MLT	Canada	Malta	1385	1622	1603	1519	1493	2440	5317	9242	4020
CAN	MNE	Canada	Montenegro	67	67	67	67	66	69	68	67	56
CAN	MNG	Canada	Mongolia	26	28	32	74	125	154	164	174	44
CAN	MRT	Canada	Mauritania	46	49	50	51	35	50	53	57	15
CAN	MSR	Canada	Montserrat*	56	44	33	34	35	36	35	36	18
CAN	MUS	Canada	Mauritius	36	27	34	32	32	36	35	35	15
CAN	NAM	Canada	Namibia	279	266	248	196	188	184	196	208	114
CAN	NIC	Canada	Nicaragua	185	147	180	219	234	252	262	272	130
CAN	NOR	Canada	Norway*	2126	2121	2242	2330	2771	3028	3354	3729	1959
CAN	NZL	Canada	New Zealand*	6855	7368	7728	8829	9363	10712	12377	13149	7511
CAN	PAN	Canada	Panama	140	280	438	900	1545	1808	2171	3312	1333
CAN	PER	Canada	Peru	1415	1325	1236	1147	1055	967	917	1842	796
CAN	PNG	Canada	Papua New Guinea	358	366	274	274	232	235	235	236	63
CAN	POL	Canada	Poland	1169	1318	1485	1674	1883	2903	4725	6421	3358
CAN	PRI	Canada	Puerto Rico*	231	244	259	202	121	119	51	46	24
CAN	PRK	Canada	Dem. People's Republic of Korea	149	179	209	255	301	331	337	343	148
CAN	PRT	Canada	Portugal	4262	5657	7283	7470	6417	7275	8344	9387	5002
CAN	PRY	Canada	Paraguay	1418	1999	2575	2453	2337	2281	2471	2635	934
CAN	PYF	Canada	French Polynesia*	114	125	134	140	135	128	128	128	38
CAN	SGP	Canada	Singapore	393	597	884	1219	2150	2665	2831	3197	1495
CAN	SLE	Canada	Sierra Leone	38	37	36	21	19	19	16	15	4
CAN	SLV	Canada	El Salvador	508	379	249	242	235	245	248	251	117
CAN	SPM	Canada	Saint Pierre and Miquelon*	205	215	208	212	187	181	175	176	109
CAN	SRB	Canada	Serbia*	1067	509	228	237	373	588	926	1168	535
CAN	SVK	Canada	Slovakia	40	144	288	324	363	480	613	666	298
CAN	SVN	Canada	Slovenia	274	246	345	379	392	389	390	442	204
CAN	SWZ	Canada	Eswatini	4	4	12	15	19	19	17	17	11
CAN	SXM	Canada	Sint Maarten (Dutch part)*	33	33	33	18	37	38	39	41	20
CAN	TCA	Canada	Turks and Caicos Islands*	162	284	406	427	448	462	521	576	267
CAN	TGO	Canada	Togo	18	20	23	26	42	48	47	47	16
CAN	TJK	Canada	Tajikistan	77	62	54	51	50	49	47	47	20
CAN	TTO	Canada	Trinidad and Tobago	963	874	947	1016	1716	1777	1972	2838	1169
CAN	TWN	Canada	China, Taiwan Province of China	571	1114	1674	3260	2374	2150	2332	2517	751
CAN	TZA	Canada	United Republic of Tanzania	184	234	247	275	282	294	261	283	112
CAN	UGA	Canada	Uganda	146	196	247	265	259	253	246	241	117
CAN	URY	Canada	Uruguay	427	389	355	328	304	313	372	480	315
CAN	USA	Canada	United States of America*	880627	1017197	965513	950086	928127	955022	931908	950387	492724
CAN	VCT	Canada	Saint Vincent and the Grenadines	143	148	154	158	166	172	173	176	77
CAN	VEN	Canada	Venezuela (Bolivarian Republic of)	981	977	964	1016	1083	1136	1070	1021	495
CAN	VGB	Canada	British Virgin Islands*	120	142	163	187	210	240	272	301	165
CAN	WSM	Canada	Samoa	16	15	14	12	11	9	7	7	3
CAN	ZAF	Canada	South Africa	2030	1809	2025	2124	2104	2038	1967	1954	1021
CAN	ZMB	Canada	Zambia	227	188	157	177	200	176	246	326	167
CHE	AND	Switzerland	Andorra	64	69	74	86	87	80	85	90	0
CHE	ARG	Switzerland	Argentina	2650	2470	2304	2149	1990	1593	1266	1260	718
CHE	AUS	Switzerland	Australia*	9845	10748	12063	13100	14059	14177	13924	13265	6544
CHE	AUT	Switzerland	Austria	8004	9534	11175	12694	13664	14501	15763	16633	8896
CHE	BEL	Switzerland	Belgium	4016	4149	4287	4550	4891	5085	5399	5711	3065
CHE	BGR	Switzerland	Bulgaria	15	46	76	114	148	347	600	825	369
CHE	BHS	Switzerland	Bahamas	85	120	156	220	283	307	327	346	240
CHE	BLR	Switzerland	Belarus	22	26	29	28	27	29	27	27	14
CHE	BMU	Switzerland	Bermuda*	117	118	102	81	57	63	54	55	25
CHE	BOL	Switzerland	Bolivia (Plurinational State of)	325	442	555	561	566	660	733	818	387
CHE	BRA	Switzerland	Brazil	3493	3152	2892	2964	2915	3005	3030	3047	896
CHE	BTN	Switzerland	Bhutan	11	13	15	19	23	24	24	25	4
CHE	CAF	Switzerland	Central African Republic	151	193	220	172	169	145	153	163	86
CHE	CAN	Switzerland	Canada	16059	17756	19693	19960	20651	21785	18722	17551	8694
CHE	CHL	Switzerland	Chile	635	730	820	922	984	1162	1256	1342	1033
CHE	CHN	Switzerland	China	676	795	945	1125	1318	976	695	749	398
CHE	COL	Switzerland	Colombia	560	574	560	548	617	700	787	852	282
CHE	CPV	Switzerland	Cabo Verde	18	24	29	21	13	13	12	13	7
CHE	CRI	Switzerland	Costa Rica	388	360	512	337	663	672	805	971	409
CHE	CYM	Switzerland	Cayman Islands*	24	47	82	75	75	81	89	97	21
CHE	CYP	Switzerland	Cyprus	94	133	172	258	395	362	373	396	258
CHE	CZE	Switzerland	Czechia	48	207	364	498	674	828	1003	1135	508
CHE	DNK	Switzerland	Denmark*	1540	1658	1868	2064	2424	2664	2935	3323	1636
CHE	DOM	Switzerland	Dominican Republic	2140	2377	2614	1806	995	1044	1088	1174	398
CHE	ECU	Switzerland	Ecuador	941	885	830	774	716	578	457	358	155
CHE	EGY	Switzerland	Egypt	538	538	539	521	464	0	317	224	150
CHE	ESP	Switzerland	Spain*	39789	45330	51631	59666	63545	59328	57859	59271	30047
CHE	EST	Switzerland	Estonia	0	0	0	0	42	58	136	139	47
CHE	FIN	Switzerland	Finland*	434	476	517	731	878	977	1148	1351	533
CHE	FRA	Switzerland	France*	68922	73241	77962	85038	91311	96510	95249	96066	53460
CHE	GEO	Switzerland	Georgia	0	0	15	14	14	14	13	13	6
CHE	GHA	Switzerland	Ghana	104	104	116	163	121	148	169	189	82
CHE	GIN	Switzerland	Guinea	0	0	0	0	0	17	15	15	4
CHE	GLP	Switzerland	Guadeloupe*	89	119	148	182	215	206	203	202	117
CHE	GRC	Switzerland	Greece	2747	3115	3535	3657	3916	3689	3769	4004	2275
CHE	GTM	Switzerland	Guatemala	151	124	96	115	134	147	165	181	58
CHE	HKG	Switzerland	China, Hong Kong SAR	487	544	600	655	711	726	757	783	261
CHE	HND	Switzerland	Honduras	47	47	46	45	44	61	61	62	17
CHE	HRV	Switzerland	Croatia	465	622	712	1851	2990	3009	2830	2696	1330
CHE	HTI	Switzerland	Haiti	377	358	340	322	338	354	369	383	137
CHE	HUN	Switzerland	Hungary	145	829	1512	1857	2218	2477	3692	4355	1966
CHE	ISL	Switzerland	Iceland	53	63	73	111	145	158	226	341	182
CHE	ISR	Switzerland	Israel	2354	2906	3232	3505	3791	4087	4406	4679	2722
CHE	ITA	Switzerland	Italy	188489	194711	193999	193436	193334	189643	188643	181622	98704
CHE	JPN	Switzerland	Japan	961	946	909	955	1084	2308	2057	1323	395
CHE	LBR	Switzerland	Liberia	148	144	142	64	30	34	25	21	10
CHE	LBY	Switzerland	Libya	5069	2854	686	756	830	929	993	1050	431
CHE	LCA	Switzerland	Saint Lucia	5	5	10	10	10	9	7	7	1
CHE	LIE	Switzerland	Liechtenstein	4128	4531	4823	8532	12215	12882	14437	15441	7509
CHE	LKA	Switzerland	Sri Lanka	6	39	73	142	284	288	290	293	139
CHE	LTU	Switzerland	Lithuania	23	26	20	37	50	61	100	105	39
CHE	LUX	Switzerland	Luxembourg	646	554	468	406	349	532	1375	1588	760
CHE	LVA	Switzerland	Latvia	11	17	24	58	91	56	97	89	28
CHE	MDV	Switzerland	Maldives	102	100	92	84	101	118	128	137	16
CHE	MEX	Switzerland	Mexico	985	1200	1467	1469	1460	1449	1442	1520	699
CHE	MLT	Switzerland	Malta	17	20	50	80	85	143	309	537	216
CHE	MNE	Switzerland	Montenegro	207	207	207	207	202	212	211	209	175
CHE	MNG	Switzerland	Mongolia	4	4	5	10	17	21	21	22	15
CHE	MUS	Switzerland	Mauritius	66	30	13	51	92	105	104	105	27
CHE	NAM	Switzerland	Namibia	634	606	564	445	428	418	446	473	273
CHE	NIC	Switzerland	Nicaragua	95	76	73	73	78	84	86	89	23
CHE	NOR	Switzerland	Norway*	1151	1237	1501	1541	1868	2226	2427	2699	1372
CHE	NZL	Switzerland	New Zealand*	2225	2601	2748	2978	3044	3173	3291	3291	1695
CHE	PAN	Switzerland	Panama	84	121	166	217	314	367	439	670	211
CHE	PER	Switzerland	Peru	563	603	643	685	681	638	595	561	232
CHE	POL	Switzerland	Poland	355	412	478	554	641	1234	2594	4171	2066
CHE	PRT	Switzerland	Portugal	3766	8128	12821	14775	14276	16183	18566	20886	10435
CHE	PYF	Switzerland	French Polynesia*	107	117	126	131	127	120	120	120	14
CHE	SLV	Switzerland	El Salvador	87	69	51	54	57	59	59	60	35
CHE	SRB	Switzerland	Serbia*	4887	2521	1231	1212	1689	2353	3279	3881	1861
CHE	SVK	Switzerland	Slovakia	18	186	407	457	512	677	1045	1136	509
CHE	SVN	Switzerland	Slovenia	798	744	1330	1405	1386	980	978	1109	515
CHE	TJK	Switzerland	Tajikistan	81	66	57	54	53	52	50	50	21
CHE	TUR	Switzerland	Türkiye	8040	9170	10300	11395	12489	13462	15139	17204	9123
CHE	VEN	Switzerland	Venezuela (Bolivarian Republic of)	854	749	652	647	649	661	622	593	236
CHE	ZAF	Switzerland	South Africa	3416	2829	992	1499	4077	5605	6077	6305	2932
CHL	AND	Chile	Andorra	68	63	58	148	230	214	229	243	110
CHL	ARG	Chile	Argentina	214148	213391	212646	203538	191797	172916	155359	141348	80969
CHL	AUS	Chile	Australia*	26408	26944	26068	26877	28291	30250	33595	35849	18581
CHL	BEL	Chile	Belgium	2513	2857	3247	3690	4042	4220	4360	4639	2397
CHL	BGR	Chile	Bulgaria	3	7	10	15	19	20	27	37	15
CHL	BHS	Chile	Bahamas	9	8	8	20	32	35	36	38	21
CHL	BOL	Chile	Bolivia (Plurinational State of)	4807	4622	4388	4230	4063	4731	5268	5882	2810
CHL	BRA	Chile	Brazil	19767	18055	16771	16295	15105	14615	14096	17324	6943
CHL	CAN	Chile	Canada	22717	23521	24338	26324	26745	28300	27873	27191	14140
CHL	CHN	Chile	China	193	230	274	327	394	574	799	930	494
CHL	COL	Chile	Colombia	1518	1554	1598	1633	2334	3397	4599	5406	2166
CHL	CRI	Chile	Costa Rica	1490	1127	1327	870	1715	1739	2086	2517	1174
CHL	CUB	Chile	Cuba	393	298	186	155	123	92	67	47	21
CHL	CYP	Chile	Cyprus	12	17	22	33	50	45	46	49	30
CHL	DNK	Chile	Denmark*	1183	1200	1290	1338	1434	1548	2187	2270	1177
CHL	DOM	Chile	Dominican Republic	1891	2101	2310	1458	603	633	661	713	315
CHL	ECU	Chile	Ecuador	5506	5042	4781	4629	4560	4407	4290	4102	1901
CHL	ESP	Chile	Spain*	6763	10520	16080	45427	63884	53591	61195	73732	39161
CHL	EST	Chile	Estonia	0	0	0	0	8	13	28	29	3
CHL	FIN	Chile	Finland*	166	175	183	282	342	408	542	638	301
CHL	FLK	Chile	Falkland Islands (Malvinas)*	43	42	65	131	181	198	245	292	127
CHL	GIN	Chile	Guinea	0	0	0	0	0	11	9	9	1
CHL	GRC	Chile	Greece	783	582	391	383	389	366	372	395	245
CHL	GTM	Chile	Guatemala	271	231	191	227	262	287	322	354	140
CHL	HND	Chile	Honduras	273	252	230	226	221	309	314	320	157
CHL	HRV	Chile	Croatia	122	110	87	106	125	126	117	111	67
CHL	HTI	Chile	Haiti	333	316	300	284	298	312	326	338	119
CHL	HUN	Chile	Hungary	112	110	108	133	158	132	214	252	120
CHL	ISL	Chile	Iceland	15	34	52	68	81	77	87	131	60
CHL	ISR	Chile	Israel	2324	2857	3050	3172	3306	3554	3831	4070	2199
CHL	ITA	Chile	Italy	6637	7712	8652	9707	11111	11742	12446	12743	7308
CHL	JPN	Chile	Japan	241	311	394	495	629	807	1089	1177	492
CHL	LIE	Chile	Liechtenstein	0	0	0	0	4	8	6	6	6
CHL	LTU	Chile	Lithuania	3	2	1	1	0	6	4	4	2
CHL	LUX	Chile	Luxembourg	56	53	51	44	38	57	217	251	134
CHL	LVA	Chile	Latvia	1	1	2	3	5	5	7	6	0
CHL	MEX	Chile	Mexico	3458	3917	3908	4532	5267	5890	7286	15510	6596
CHL	MLI	Chile	Mali	0	0	0	0	1242	1528	1792	2011	916
CHL	NAM	Chile	Namibia	48	45	44	34	32	31	32	34	8
CHL	NIC	Chile	Nicaragua	144	115	111	110	117	126	130	135	54
CHL	NOR	Chile	Norway*	5496	5249	5444	5837	6308	6585	6698	7448	3623
CHL	NZL	Chile	New Zealand*	654	654	742	1293	2031	3147	4738	6116	3025
CHL	PAN	Chile	Panama	998	997	1060	1184	1549	1813	2178	3323	1495
CHL	PER	Chile	Peru	4264	4889	5478	6150	8006	11830	16170	19221	8962
CHL	PRI	Chile	Puerto Rico*	924	879	837	1007	1052	789	452	408	218
CHL	PRT	Chile	Portugal	55	119	188	196	172	194	221	249	132
CHL	PRY	Chile	Paraguay	2460	2425	2382	2269	2161	2109	2283	2435	1001
CHL	SLV	Chile	El Salvador	380	294	207	214	220	229	232	235	117
CHL	SVK	Chile	Slovakia	2	8	17	20	22	28	32	35	14
CHL	SVN	Chile	Slovenia	7	14	16	17	28	28	38	43	16
CHL	SWE	Chile	Sweden	27540	27036	26779	27740	28359	28139	27976	27831	13753
CHL	URY	Chile	Uruguay	1161	1299	1455	1347	1248	1288	1536	1980	1010
CHL	VEN	Chile	Venezuela (Bolivarian Republic of)	22198	18675	15733	15347	15123	15263	14390	13728	6732
CHL	ZAF	Chile	South Africa	421	396	319	289	281	273	267	266	113
CHN	ABW	China	Aruba*	247	435	622	855	1072	1127	1260	1728	857
CHN	ARG	China	Argentina	2582	4721	7026	9151	11607	14216	17325	19955	9788
CHN	ASM	China	American Samoa*	100	200	299	450	600	598	599	601	182
CHN	ATG	China	Antigua and Barbuda	57	84	110	118	126	134	139	144	72
CHN	AUS	China	Australia*	73079	109378	144919	227597	369549	509635	632690	656264	370878
CHN	AUT	China	Austria	4884	6539	8666	12622	13612	15907	18120	19448	11427
CHN	BEL	China	Belgium	3477	4750	6489	11250	16331	19235	21781	23856	14080
CHN	BGD	China	Bangladesh	140163	131427	122691	145405	160252	162772	159619	219299	151563
CHN	BGR	China	Bulgaria	362	443	524	657	780	1083	1550	2132	1112
CHN	BHS	China	Bahamas	67	80	93	126	159	172	183	194	81
CHN	BLZ	China	Belize	551	823	1094	1378	1737	2048	2323	2572	1158
CHN	BMU	China	Bermuda*	85	128	145	96	40	65	54	55	31
CHN	BOL	China	Bolivia (Plurinational State of)	805	675	538	754	968	1128	1254	1400	527
CHN	BRA	China	Brazil	10422	10248	10265	14071	18747	24025	32715	24462	11045
CHN	BRB	China	Barbados	0	0	0	30	41	43	42	42	17
CHN	BRN	China	Brunei Darussalam	1509	1718	1926	1969	2012	2055	2238	2397	1072
CHN	BTN	China	Bhutan	422	496	570	714	858	906	949	986	252
CHN	BWA	China	Botswana	874	1055	1348	2720	4111	4466	4777	5043	1019
CHN	CAN	China	Canada	144590	221331	367389	454037	620322	737086	721158	771973	431022
CHN	CHE	China	Switzerland	2385	3616	5517	8856	13548	21580	26848	30309	17769
CHN	CHL	China	Chile	983	1407	2083	3141	4633	8379	14364	13126	5141
CHN	COG	China	Congo	283	327	459	292	695	924	917	912	71
CHN	COL	China	Colombia	578	925	1225	1611	1619	1606	1592	1582	600
CHN	CPV	China	Cabo Verde	30	41	51	37	22	23	23	24	12
CHN	CRI	China	Costa Rica	252	190	222	147	288	291	348	420	148
CHN	CUB	China	Cuba	658	499	351	223	134	76	42	30	11
CHN	CUW	China	Curaçao*	503	503	503	503	451	489	569	796	409
CHN	CYP	China	Cyprus	398	563	728	1094	1679	1541	1591	1689	857
CHN	CZE	China	Czechia	0	0	1004	2200	4488	4874	4832	4799	2318
CHN	DEU	China	Germany	11932	28893	43411	70885	80683	117274	152761	168314	94645
CHN	DMA	China	Dominica	14	19	23	27	33	38	37	38	12
CHN	DNK	China	Denmark*	1250	2023	3584	8162	10507	12426	14577	16145	10048
CHN	DOM	China	Dominican Republic	3613	4013	4413	2916	1413	3776	3942	4252	1497
CHN	ECU	China	Ecuador	956	1061	1177	1890	3657	3290	2853	2452	1015
CHN	EGY	China	Egypt	4823	155	698	265	4906	14	7407	34659	6249
CHN	ERI	China	Eritrea	8	53	98	102	112	135	117	105	10
CHN	ESP	China	Spain*	9110	15263	25152	90542	158368	162210	190373	198909	107232
CHN	EST	China	Estonia	59	92	124	163	201	348	495	504	254
CHN	ETH	China	Ethiopia	350	104	1762	4400	34059	54628	38672	26824	12442
CHN	FIN	China	Finland*	428	1106	1783	4541	6591	9069	11614	13671	7911
CHN	FJI	China	Fiji	848	835	833	836	898	925	946	964	443
CHN	FRA	China	France*	18863	27845	42871	73324	96880	110174	114237	120595	76002
CHN	FRO	China	Faroe Islands*	1	0	1	7	18	30	35	42	28
CHN	GAB	China	Gabon	107	143	179	195	226	316	344	371	89
CHN	GBR	China	United Kingdom*	15269	48320	128015	198650	282763	254071	213560	179337	92217
CHN	GEO	China	Georgia	421	337	74	70	70	73	74	76	38
CHN	GHA	China	Ghana	121	121	135	190	189	232	266	297	47
CHN	GIN	China	Guinea	134	154	166	116	81	169	161	156	31
CHN	GRC	China	Greece	329	441	560	2015	3596	3388	3462	3678	1687
CHN	GRL	China	Greenland*	0	0	1	5	7	11	10	10	8
CHN	GTM	China	Guatemala	307	361	415	493	571	627	705	775	352
CHN	GUF	China	French Guiana*	961	1201	1440	1236	1032	1466	1647	1808	967
CHN	GUM	China	Guam*	1719	2215	2710	2422	2133	2152	2275	2379	1150
CHN	GUY	China	Guyana	263	422	580	780	610	645	676	1175	452
CHN	HKG	China	China, Hong Kong SAR	1659157	1772597	1886037	2070537	2260045	2309769	2408447	2490414	1470643
CHN	HND	China	Honduras	394	419	443	434	425	596	608	619	224
CHN	HRV	China	Croatia	323	458	398	222	443	446	417	397	202
CHN	HTI	China	Haiti	348	330	313	297	311	326	341	354	147
CHN	HUN	China	Hungary	941	4242	7543	9259	11058	13867	17648	20818	10306
CHN	IDN	China	Indonesia	8969	388	14	10	24	15036	47633	82568	38518
CHN	IND	China	India	17187	120082	112563	103503	118018	126420	106434	88321	40272
CHN	IRL	China	Ireland	1668	2188	5321	10307	11474	11276	14712	18391	10277
CHN	ISL	China	Iceland	58	118	177	335	483	582	747	1128	722
CHN	ISR	China	Israel	912	1119	1183	1212	1243	1274	1561	1513	705
CHN	ITA	China	Italy	13193	22172	35885	82605	141087	192597	241671	240895	122814
CHN	JPN	China	Japan	139964	214379	321374	489363	672253	758791	917070	809893	429840
CHN	KAZ	China	Kazakhstan	66383	85500	103283	118599	136201	156368	179583	196398	104407
CHN	KGZ	China	Kyrgyzstan	770	612	438	375	308	271	262	256	127
CHN	KHM	China	Cambodia	707	1853	2998	2340	1682	1518	1627	1721	652
CHN	KOR	China	Republic of Korea	9546	13384	53430	97854	296477	662499	751745	756684	378129
CHN	LAO	China	Lao People's Democratic Republic	4125	3743	3005	2820	8110	13400	14338	15137	4341
CHN	LBY	China	Libya	1366	1800	2264	2494	2737	3064	3280	3467	949
CHN	LCA	China	Saint Lucia	21	27	38	48	55	52	49	47	23
CHN	LIE	China	Liechtenstein	28	40	52	58	66	81	113	121	71
CHN	LKA	China	Sri Lanka	37	312	588	1153	2312	2447	2481	2509	303
CHN	LSO	China	Lesotho	162	140	114	116	118	168	221	276	118
CHN	LTU	China	Lithuania	157	175	137	105	60	53	191	201	150
CHN	LUX	China	Luxembourg	1017	966	927	804	691	1054	4295	4961	2730
CHN	LVA	China	Latvia	24	175	326	281	230	268	369	340	148
CHN	MAC	China	China, Macao SAR	172346	189060	204282	236962	251200	280130	300567	317977	168444
CHN	MDG	China	Madagascar	1481	1312	1458	1609	1784	1979	2193	2382	1042
CHN	MEX	China	Mexico	330	841	2102	3927	7201	8828	10667	12070	5039
CHN	MHL	China	Marshall Islands	40	89	153	231	296	318	318	319	106
CHN	MLI	China	Mali	301	190	76	309	2795	3439	4035	4529	2011
CHN	MLT	China	Malta	148	173	220	259	292	495	1076	1870	923
CHN	MMR	China	Myanmar	72413	55637	44999	38118	35082	33656	35104	36301	16965
CHN	MNG	China	Mongolia	1649	1821	2013	4994	8546	10595	11419	12085	2014
CHN	MNP	China	Northern Mariana Islands*	2598	7844	13566	9611	2894	2592	2614	2633	2399
CHN	MRT	China	Mauritania	142	151	156	158	110	158	172	185	118
CHN	MTQ	China	Martinique*	68	103	139	145	151	175	173	172	82
CHN	MUS	China	Mauritius	346	3273	8024	5151	2564	2951	2981	3007	1798
CHN	MYS	China	Malaysia	30007	30357	30708	30708	30775	30708	30606	30524	16784
CHN	NAM	China	Namibia	4593	4392	4078	3224	3106	3039	3252	3450	968
CHN	NCL	China	New Caledonia*	77	89	101	107	114	87	91	95	48
CHN	NIC	China	Nicaragua	55	44	81	121	129	139	144	149	51
CHN	NLD	China	Netherlands*	11645	15660	22271	44711	53844	63431	73837	82477	46599
CHN	NOR	China	Norway*	1862	2878	3617	5938	9823	12197	13579	15099	9753
CHN	NPL	China	Nepal	21906	25260	22820	20155	20977	20302	19428	18757	13370
CHN	NRU	China	Nauru	504	466	428	402	125	198	229	265	98
CHN	NZL	China	New Zealand*	11250	18535	36325	82113	89033	115315	144287	145906	80144
CHN	PAK	China	Pakistan	490	410	363	347	338	334	311	3568	1292
CHN	PAN	China	Panama	10235	10439	11300	12365	15942	18665	22427	34214	15579
CHN	PER	China	Peru	3736	3723	3709	3696	3822	4085	4355	4560	1963
CHN	PHL	China	Philippines	58951	51803	44656	37508	30555	29091	27676	27676	9900
CHN	PLW	China	Palau	320	543	1079	550	526	473	486	498	157
CHN	PNG	China	Papua New Guinea	135	138	103	103	87	88	87	87	56
CHN	POL	China	Poland	414	479	553	979	2123	1627	1069	703	376
CHN	PRI	China	Puerto Rico*	339	826	1315	1422	1351	1088	1212	1095	585
CHN	PRK	China	Dem. People's Republic of Korea	19668	19590	19511	22740	25969	28594	29248	29771	14429
CHN	PRT	China	Portugal	673	1452	2291	6280	9227	10461	12000	13500	6523
CHN	PRY	China	Paraguay	1953	1419	882	840	800	780	844	900	395
CHN	PYF	China	French Polynesia*	546	599	641	671	648	615	615	615	309
CHN	ROU	China	Romania	0	62	877	2186	2232	2278	2323	2359	964
CHN	RUS	China	Russian Federation	67405	64969	60177	58247	55319	36698	24009	13724	6005
CHN	SDN	China	Sudan	1678	1711	1746	1890	1215	1111	1536	2670	1311
CHN	SGP	China	Singapore	261603	306636	347062	358888	480475	532271	509007	533745	336105
CHN	SLB	China	Solomon Islands	241	239	228	213	211	197	192	188	81
CHN	SLE	China	Sierra Leone	280	273	266	221	207	195	187	174	135
CHN	SLV	China	El Salvador	260	224	187	218	248	259	262	266	101
CHN	SRB	China	Serbia*	177	15	169	451	721	1134	1780	2274	737
CHN	SUR	China	Suriname	2055	2538	3135	3836	4526	4915	5446	5913	2663
CHN	SVK	China	Slovakia	49	320	681	764	856	1074	1256	1365	634
CHN	SVN	China	Slovenia	61	132	201	323	732	863	1113	1262	588
CHN	SWE	China	Sweden	3736	5651	7864	12642	22704	28556	35677	40898	23899
CHN	SXM	China	Sint Maarten (Dutch part)*	152	152	152	83	167	174	183	191	90
CHN	SYC	China	Seychelles	58	80	103	279	456	510	519	527	61
CHN	TGO	China	Togo	247	278	313	352	459	517	521	525	95
CHN	THA	China	Thailand	251067	230209	141649	141649	141649	121694	100327	85764	41553
CHN	TJK	China	Tajikistan	74	60	52	50	49	48	46	46	15
CHN	TLS	China	Timor-Leste	928	1012	1104	1172	1196	953	938	927	270
CHN	TON	China	Tonga	91	103	115	134	143	122	114	109	38
CHN	TTO	China	Trinidad and Tobago	469	425	461	494	836	866	961	1383	525
CHN	TUR	China	Türkiye	1743	1743	1743	4579	7599	11377	21804	29249	13037
CHN	TWN	China	China, Taiwan Province of China	29544	47494	72428	110462	169546	218059	243350	249651	222931
CHN	UKR	China	Ukraine*	7924	7666	7502	6854	6539	6560	6668	6757	2427
CHN	USA	China	United States of America*	526810	651000	1022890	1208274	1608501	2101592	2255170	2488775	1418440
CHN	VEN	China	Venezuela (Bolivarian Republic of)	6458	8067	9988	11278	12864	13865	13071	12470	5336
CHN	VNM	China	Viet Nam	5401	9260	13404	17541	21690	26302	31657	83887	44175
CHN	WSM	China	Samoa	93	84	75	70	62	50	46	44	9
CHN	ZAF	China	South Africa	1321	1229	3809	11441	12716	12008	6371	6189	2901
CHN	ZMB	China	Zambia	100	128	166	408	1007	887	1241	1645	487
CIV	AGO	Côte d'Ivoire	Angola	5	6	7	21	1424	6448	12644	13031	5270
CIV	AUS	Côte d'Ivoire	Australia*	21	33	62	171	467	595	657	682	345
CIV	BEL	Côte d'Ivoire	Belgium	859	1037	1250	2304	4225	5746	7088	8359	4173
CIV	BEN	Côte d'Ivoire	Benin	2836	3906	4977	14618	24530	31920	34358	36443	19613
CIV	BFA	Côte d'Ivoire	Burkina Faso	243776	303170	383695	458125	517165	540779	562117	574409	294201
CIV	BGR	Côte d'Ivoire	Bulgaria	1	2	3	4	5	12	15	21	8
CIV	BOL	Côte d'Ivoire	Bolivia (Plurinational State of)	4	3	1	2	3	4	3	3	2
CIV	BRA	Côte d'Ivoire	Brazil	5	404	330	370	343	430	609	502	207
CIV	CAN	Côte d'Ivoire	Canada	428	724	1183	2158	5457	11442	17685	27793	14353
CIV	CHN	Côte d'Ivoire	China	46	54	65	83	95	235	499	588	313
CIV	CPV	Côte d'Ivoire	Cabo Verde	9	12	15	11	7	7	6	6	2
CIV	CRI	Côte d'Ivoire	Costa Rica	2	2	2	2	4	3	3	4	1
CIV	DNK	Côte d'Ivoire	Denmark*	72	178	312	391	409	453	483	506	265
CIV	EGY	Côte d'Ivoire	Egypt	64	83	109	379	430	303	296	176	62
CIV	EST	Côte d'Ivoire	Estonia	0	0	0	0	1	5	6	6	0
CIV	FIN	Côte d'Ivoire	Finland*	14	28	41	76	104	122	146	172	49
CIV	FRA	Côte d'Ivoire	France*	32909	39843	51245	76803	90122	111792	144739	169206	87145
CIV	GAB	Côte d'Ivoire	Gabon	1049	1403	1755	1913	2216	3099	3408	3679	1107
CIV	GHA	Côte d'Ivoire	Ghana	4902	4885	5465	25762	52511	64621	74228	82933	38646
CIV	GIN	Côte d'Ivoire	Guinea	2472	2850	3087	7307	12219	7968	7654	7401	3020
CIV	GRC	Côte d'Ivoire	Greece	117	116	116	117	122	80	125	133	66
CIV	HUN	Côte d'Ivoire	Hungary	0	8	16	20	24	35	59	70	15
CIV	ISL	Côte d'Ivoire	Iceland	0	1	1	2	3	1	7	11	5
CIV	ISR	Côte d'Ivoire	Israel	0	0	0	261	751	5	15	40	8
CIV	ITA	Côte d'Ivoire	Italy	2395	3985	6381	11883	18431	23479	33948	35037	12286
CIV	LBR	Côte d'Ivoire	Liberia	2182	2132	2093	7592	26335	36541	19715	16235	7445
CIV	LBY	Côte d'Ivoire	Libya	594	511	438	484	531	594	636	672	160
CIV	LIE	Côte d'Ivoire	Liechtenstein	0	0	0	0	1	0	0	0	0
CIV	LTU	Côte d'Ivoire	Lithuania	0	0	0	0	0	0	1	1	0
CIV	LUX	Côte d'Ivoire	Luxembourg	0	0	0	0	0	0	445	514	240
CIV	LVA	Côte d'Ivoire	Latvia	1	1	2	2	2	3	1	1	0
CIV	MLI	Côte d'Ivoire	Mali	48556	59377	54884	78730	135188	166367	195271	219185	112480
CIV	MRT	Côte d'Ivoire	Mauritania	175	186	192	291	371	462	504	542	230
CIV	NAM	Côte d'Ivoire	Namibia	45	43	41	32	30	29	30	32	8
CIV	NER	Côte d'Ivoire	Niger	4425	2774	1147	1168	1187	1419	1811	2337	1259
CIV	NOR	Côte d'Ivoire	Norway*	71	92	122	184	282	336	369	410	192
CIV	PRT	Côte d'Ivoire	Portugal	27	57	91	111	114	130	147	165	42
CIV	SEN	Côte d'Ivoire	Senegal	2322	2428	2195	2362	2642	2850	2928	3002	1386
CIV	SLE	Côte d'Ivoire	Sierra Leone	74	72	70	376	271	154	118	110	39
CIV	SVK	Côte d'Ivoire	Slovakia	0	0	1	1	1	9	9	10	2
CIV	SVN	Côte d'Ivoire	Slovenia	0	0	1	0	1	2	2	2	1
CIV	TGO	Côte d'Ivoire	Togo	1590	1791	2017	2377	3007	5746	5798	5841	2922
CIV	TUN	Côte d'Ivoire	Tunisia	550	546	632	607	504	646	685	720	342
CIV	ZAF	Côte d'Ivoire	South Africa	1119	993	1121	1003	634	664	581	432	134
CMR	AUS	Cameroon	Australia*	12	19	67	130	268	450	581	695	298
CMR	BEL	Cameroon	Belgium	842	1327	2083	4532	10906	16560	22683	30634	15983
CMR	BGR	Cameroon	Bulgaria	1	3	4	6	8	13	24	33	8
CMR	BOL	Cameroon	Bolivia (Plurinational State of)	1	2	2	6	10	13	13	15	1
CMR	BRA	Cameroon	Brazil	185	173	164	165	143	268	816	723	191
CMR	CAN	Cameroon	Canada	238	634	1498	2892	7697	18062	27172	43662	22917
CMR	CHL	Cameroon	Chile	18	23	30	44	66	110	255	281	232
CMR	CHN	Cameroon	China	269	323	385	457	556	988	1907	2133	1134
CMR	COG	Cameroon	Congo	3464	4003	5614	3570	8502	11300	11225	11167	4543
CMR	CRI	Cameroon	Costa Rica	8	6	7	6	10	9	11	13	6
CMR	CYP	Cameroon	Cyprus	14	20	26	39	59	54	1885	2001	893
CMR	DNK	Cameroon	Denmark*	32	58	153	338	565	737	848	1048	467
CMR	DOM	Cameroon	Dominican Republic	3	4	4	13	23	23	23	25	12
CMR	EGY	Cameroon	Egypt	51	75	109	162	206	42	337	327	67
CMR	EST	Cameroon	Estonia	0	0	0	0	2	16	80	82	23
CMR	FIN	Cameroon	Finland*	6	15	24	284	474	759	1094	1288	492
CMR	FRA	Cameroon	France*	26305	31718	41280	64858	80804	97288	114528	127995	74914
CMR	GAB	Cameroon	Gabon	15661	20944	26199	28544	33089	46269	50906	54949	23025
CMR	GHA	Cameroon	Ghana	61	61	68	96	95	116	132	147	48
CMR	GIN	Cameroon	Guinea	0	0	0	0	0	196	187	181	49
CMR	GNQ	Cameroon	Equatorial Guinea	202	268	333	486	638	798	957	1033	339
CMR	GRC	Cameroon	Greece	188	308	434	453	490	460	1545	1641	809
CMR	HUN	Cameroon	Hungary	6	71	136	168	201	249	322	380	100
CMR	IND	Cameroon	India	0	0	0	0	0	25	177	236	106
CMR	ISL	Cameroon	Iceland	1	2	2	3	4	7	5	8	3
CMR	ITA	Cameroon	Italy	747	1258	2035	4460	7727	10856	15250	16244	7463
CMR	JPN	Cameroon	Japan	46	74	119	192	310	525	1130	1290	482
CMR	LIE	Cameroon	Liechtenstein	0	0	0	0	5	5	3	3	1
CMR	LTU	Cameroon	Lithuania	13	10	8	7	5	7	30	32	8
CMR	LUX	Cameroon	Luxembourg	58	55	53	45	39	59	1234	1425	734
CMR	LVA	Cameroon	Latvia	1	1	1	1	2	1	4	4	0
CMR	MEX	Cameroon	Mexico	12	12	12	17	47	98	581	680	255
CMR	MLI	Cameroon	Mali	592	618	567	2323	1445	1778	2084	2339	1144
CMR	MRT	Cameroon	Mauritania	350	373	385	389	273	392	428	460	159
CMR	NAM	Cameroon	Namibia	175	167	156	123	118	115	122	129	22
CMR	NER	Cameroon	Niger	265	329	397	405	412	417	531	685	391
CMR	NGA	Cameroon	Nigeria	10242	10384	10943	21748	22214	26893	52489	56288	25585
CMR	NOR	Cameroon	Norway*	121	149	197	365	543	677	814	905	406
CMR	PRT	Cameroon	Portugal	16	35	57	66	65	73	82	92	30
CMR	SEN	Cameroon	Senegal	837	875	792	852	953	1014	1050	1076	648
CMR	SVK	Cameroon	Slovakia	0	0	1	1	2	10	15	16	3
CMR	SVN	Cameroon	Slovenia	0	0	3	1	7	17	21	24	3
CMR	TCD	Cameroon	Chad	30992	33673	36353	25161	29798	30702	35635	40472	22383
CMR	TGO	Cameroon	Togo	334	376	423	476	619	697	702	707	252
CMR	TUN	Cameroon	Tunisia	0	0	0	0	555	715	758	797	380
CMR	ZAF	Cameroon	South Africa	12	14	843	3315	4207	5747	6112	4916	1514
CMR	ZMB	Cameroon	Zambia	10	13	18	66	243	214	299	396	179
COD	AGO	Democratic Republic of the Congo	Angola	12178	14957	17735	24738	31210	75667	90444	93210	37707
COD	AUS	Democratic Republic of the Congo	Australia*	183	296	306	390	2423	4318	6895	8028	3987
COD	BDI	Democratic Republic of the Congo	Burundi	36654	41447	37951	99099	147611	175768	199585	224091	109840
COD	BEL	Democratic Republic of the Congo	Belgium	44621	46158	47719	65093	78953	83837	86245	88896	48580
COD	BGR	Democratic Republic of the Congo	Bulgaria	3	6	8	11	14	13	13	18	3
COD	BOL	Democratic Republic of the Congo	Bolivia (Plurinational State of)	5	3	1	2	3	4	3	3	2
COD	BRA	Democratic Republic of the Congo	Brazil	128	263	287	335	529	1718	4472	1524	557
COD	BWA	Democratic Republic of the Congo	Botswana	526	849	1261	1901	973	1056	1129	1192	478
COD	CAF	Democratic Republic of the Congo	Central African Republic	13224	20510	26065	20344	19981	17213	18212	19448	10384
COD	CAN	Democratic Republic of the Congo	Canada	1285	3209	7244	13397	18854	26300	32119	39790	21244
COD	CHL	Democratic Republic of the Congo	Chile	13	17	22	32	48	81	188	207	171
COD	CHN	Democratic Republic of the Congo	China	62	75	99	112	132	373	935	1091	580
COD	CMR	Democratic Republic of the Congo	Cameroon	0	0	0	4102	3265	4078	4750	5273	2737
COD	COG	Democratic Republic of the Congo	Congo	67316	110720	183780	230684	252142	170368	169268	168387	82860
COD	CRI	Democratic Republic of the Congo	Costa Rica	2	2	2	2	4	3	3	4	4
COD	CYP	Democratic Republic of the Congo	Cyprus	170	241	311	468	717	657	678	720	393
COD	DNK	Democratic Republic of the Congo	Denmark*	73	120	166	202	636	1408	1801	2032	1102
COD	ERI	Democratic Republic of the Congo	Eritrea	407	816	1224	1273	1392	1685	1474	1324	589
COD	EST	Democratic Republic of the Congo	Estonia	0	0	0	0	2	3	12	12	3
COD	ETH	Democratic Republic of the Congo	Ethiopia	0	40	50	183	466	1026	999	1041	507
COD	FIN	Democratic Republic of the Congo	Finland*	10	144	277	680	914	1465	1981	2332	1224
COD	FRA	Democratic Republic of the Congo	France*	25468	25784	29886	50146	66968	86202	104663	120178	67120
COD	GAB	Democratic Republic of the Congo	Gabon	2754	3683	4607	5019	5818	8135	8949	9660	3704
COD	GHA	Democratic Republic of the Congo	Ghana	16	16	18	25	25	30	33	37	16
COD	GIN	Democratic Republic of the Congo	Guinea	0	0	0	0	0	77	73	71	24
COD	GRC	Democratic Republic of the Congo	Greece	657	928	1215	715	222	208	4772	5069	2507
COD	HUN	Democratic Republic of the Congo	Hungary	11	15	18	22	26	36	70	83	35
COD	IND	Democratic Republic of the Congo	India	0	0	0	0	16	66	104	234	106
COD	ISL	Democratic Republic of the Congo	Iceland	1	2	2	2	2	2	2	3	0
COD	ISR	Democratic Republic of the Congo	Israel	0	0	0	106	84	208	312	241	52
COD	ITA	Democratic Republic of the Congo	Italy	835	1284	1903	3038	4507	5468	6813	7127	3688
COD	KEN	Democratic Republic of the Congo	Kenya	394	391	672	2749	9133	24738	43577	41186	20382
COD	LBY	Democratic Republic of the Congo	Libya	283	299	320	353	387	433	463	489	106
COD	LIE	Democratic Republic of the Congo	Liechtenstein	0	0	0	0	2	3	4	4	1
COD	LTU	Democratic Republic of the Congo	Lithuania	2	0	0	0	0	3	3	3	2
COD	LUX	Democratic Republic of the Congo	Luxembourg	94	89	85	74	64	97	923	1066	536
COD	LVA	Democratic Republic of the Congo	Latvia	0	0	0	0	0	0	4	4	0
COD	MEX	Democratic Republic of the Congo	Mexico	12	12	16	55	132	179	462	1016	404
COD	MLI	Democratic Republic of the Congo	Mali	0	0	0	0	1810	2226	2611	2931	1491
COD	MOZ	Democratic Republic of the Congo	Mozambique	2315	3185	3705	5089	5799	9958	11458	11941	6108
COD	MRT	Democratic Republic of the Congo	Mauritania	31	33	42	65	96	90	97	104	40
COD	MWI	Democratic Republic of the Congo	Malawi	1338	2481	2389	2368	4841	11896	27773	27099	12533
COD	NAM	Democratic Republic of the Congo	Namibia	4707	4501	4179	3522	3548	3472	4334	4597	2344
COD	NIC	Democratic Republic of the Congo	Nicaragua	21	17	29	42	44	47	48	50	15
COD	NOR	Democratic Republic of the Congo	Norway*	32	27	34	144	1689	2186	2798	3111	1602
COD	PRT	Democratic Republic of the Congo	Portugal	472	1018	1607	1750	1603	1816	2080	2340	790
COD	RWA	Democratic Republic of the Congo	Rwanda	62526	89770	163420	197717	207397	233744	236657	236385	119394
COD	SDN	Democratic Republic of the Congo	Sudan	15855	13976	12378	13625	24549	7445	10297	17897	7064
COD	SEN	Democratic Republic of the Congo	Senegal	0	29	104	254	238	295	362	371	179
COD	SLE	Democratic Republic of the Congo	Sierra Leone	0	0	0	8	0	0	0	0	0
COD	SSD	Democratic Republic of the Congo	South Sudan	0	0	0	0	60795	87755	93982	97364	44788
COD	SVK	Democratic Republic of the Congo	Slovakia	0	0	0	0	1	8	8	9	3
COD	SVN	Democratic Republic of the Congo	Slovenia	0	0	1	2	2	6	11	12	5
COD	SWE	Democratic Republic of the Congo	Sweden	489	714	976	1322	2167	3234	5262	7671	4021
COD	SWZ	Democratic Republic of the Congo	Eswatini	6	180	193	246	267	570	675	683	343
COD	TCD	Democratic Republic of the Congo	Chad	98	200	301	210	248	304	351	399	217
COD	TGO	Democratic Republic of the Congo	Togo	277	312	351	515	589	651	656	661	333
COD	TZA	Democratic Republic of the Congo	United Republic of Tanzania	19354	21834	112286	150345	62386	59508	70736	76772	40265
COD	UGA	Democratic Republic of the Congo	Uganda	48439	57379	59982	80038	161865	299572	526428	637206	347886
COD	ZAF	Democratic Republic of the Congo	South Africa	2489	5533	11335	40713	34325	68004	77134	57519	18636
COD	ZMB	Democratic Republic of the Congo	Zambia	27297	31525	58237	73742	20933	26440	50661	67171	32034
COG	AGO	Congo	Angola	410	477	543	715	870	997	1059	1091	633
COG	AUS	Congo	Australia*	0	0	132	644	1022	1606	2324	2688	1494
COG	BEL	Congo	Belgium	4896	4535	4201	3875	4232	4030	3890	3982	2106
COG	BEN	Congo	Benin	393	542	691	1802	2942	3783	4071	4318	2081
COG	BGR	Congo	Bulgaria	10	9	8	9	9	10	26	36	21
COG	BOL	Congo	Bolivia (Plurinational State of)	1	3	5	6	6	8	7	8	2
COG	BRA	Congo	Brazil	106	99	91	92	86	105	194	282	73
COG	CHN	Congo	China	418	498	598	706	844	1002	1132	1263	671
COG	CMR	Congo	Cameroon	0	0	0	2972	2365	2953	3439	3817	2084
COG	COD	Congo	Democratic Republic of the Congo	3647	5912	9470	9473	1549	6431	6242	7108	5918
COG	CRI	Congo	Costa Rica	7	5	6	5	9	8	9	11	4
COG	DNK	Congo	Denmark*	33	34	96	355	653	581	251	170	78
COG	EGY	Congo	Egypt	30	41	62	76	103	36	155	228	80
COG	EST	Congo	Estonia	0	0	0	0	4	4	5	5	1
COG	FIN	Congo	Finland*	12	12	12	55	83	114	125	147	61
COG	FRA	Congo	France*	21122	31833	46017	58914	67995	78314	87925	94890	53412
COG	GAB	Congo	Gabon	5045	6747	8440	9393	10660	14905	16396	17698	7892
COG	GIN	Congo	Guinea	0	0	0	0	0	122	116	112	39
COG	GRC	Congo	Greece	35	435	843	1144	1497	1410	1441	1531	816
COG	HUN	Congo	Hungary	18	37	55	68	81	77	76	90	17
COG	ISL	Congo	Iceland	0	0	0	0	1	3	1	2	0
COG	ITA	Congo	Italy	1410	1702	1980	2242	2646	3041	2890	2836	1402
COG	LBY	Congo	Libya	74	183	297	327	359	401	429	453	110
COG	LTU	Congo	Lithuania	3	3	1	1	1	5	6	6	2
COG	LUX	Congo	Luxembourg	0	0	0	0	0	0	299	345	166
COG	LVA	Congo	Latvia	1	1	2	1	1	0	0	0	0
COG	MAR	Congo	Morocco	1286	1180	1243	1319	1433	1847	2028	2201	1067
COG	MEX	Congo	Mexico	22	20	40	22	25	57	163	206	78
COG	MLI	Congo	Mali	4022	4208	3856	15801	8510	10473	12288	13793	6591
COG	MWI	Congo	Malawi	735	1567	1509	1438	1413	1216	1033	1008	460
COG	NAM	Congo	Namibia	1652	1579	1468	1160	1117	1093	1168	1239	514
COG	NOR	Congo	Norway*	132	172	266	681	145	222	254	282	151
COG	PRT	Congo	Portugal	532	1148	1812	1216	419	474	542	610	537
COG	SVK	Congo	Slovakia	1	6	14	16	18	23	23	25	10
COG	SVN	Congo	Slovenia	0	0	2	0	7	9	3	3	2
COG	SWZ	Congo	Eswatini	1	9	36	49	62	72	71	72	35
COG	TCD	Congo	Chad	715	777	839	581	688	846	980	1113	606
COG	TGO	Congo	Togo	123	138	155	174	229	257	258	260	101
COG	TZA	Congo	United Republic of Tanzania	15007	22000	23123	23777	24354	25017	22287	24189	12269
COG	ZAF	Congo	South Africa	2352	1774	6019	15501	24231	32296	36235	29093	10980
COG	ZMB	Congo	Zambia	116	456	4330	5632	8481	7471	10460	13869	6722
COK	AUS	Cook Islands*	Australia*	2280	2897	4621	5469	6647	8049	7984	7834	3804
COK	DOM	Cook Islands*	Dominican Republic	9	10	11	10	9	8	8	9	7
COK	FJI	Cook Islands*	Fiji	30	30	30	30	32	33	32	33	14
COK	GRC	Cook Islands*	Greece	5	5	5	3	0	0	0	0	0
COK	NZL	Cook Islands*	New Zealand*	15300	13963	15024	14766	13592	12457	12101	12403	6647
COK	WSM	Cook Islands*	Samoa	6	11	17	16	14	11	9	9	7
COL	ABW	Colombia	Aruba*	1849	4446	7043	8243	9280	9762	10926	14983	9414
COL	ARG	Colombia	Argentina	12	12	15	3645	16289	26314	39991	53163	30279
COL	AUS	Colombia	Australia*	1610	2603	4032	5794	12284	19945	39104	59674	31450
COL	BEL	Colombia	Belgium	1256	1795	2565	3669	5057	6217	7888	9685	5637
COL	BGR	Colombia	Bulgaria	1	6	10	16	21	36	68	94	50
COL	BHS	Colombia	Bahamas	28	30	33	106	178	193	205	217	88
COL	BOL	Colombia	Bolivia (Plurinational State of)	651	1002	1342	1946	2546	2965	3301	3685	1544
COL	BRA	Colombia	Brazil	2460	3122	4050	5587	7267	9583	12561	10230	4957
COL	CAN	Colombia	Canada	7202	10388	14561	35767	60238	72901	79420	101001	54322
COL	CHE	Colombia	Switzerland	4606	5522	6668	8484	10270	12620	15026	17521	10766
COL	CHL	Colombia	Chile	1390	2080	3420	6026	13001	55757	161106	189185	95367
COL	CHN	Colombia	China	400	475	566	674	803	851	871	951	506
COL	CRI	Colombia	Costa Rica	4372	4147	5995	7708	20965	21270	25530	30809	14931
COL	CUB	Colombia	Cuba	353	268	173	132	95	65	42	30	16
COL	CUW	Colombia	Curaçao*	4757	4757	4757	4757	4415	4797	5058	7075	4645
COL	CYM	Colombia	Cayman Islands*	72	136	235	296	385	419	467	510	269
COL	CYP	Colombia	Cyprus	31	44	57	87	132	120	123	131	97
COL	DNK	Colombia	Denmark*	815	1459	2043	2451	2910	3444	3642	4100	2023
COL	DOM	Colombia	Dominican Republic	4697	5217	5737	4586	3432	2838	2962	3195	1569
COL	ECU	Colombia	Ecuador	43952	47171	51303	76000	250310	216114	210790	159966	84800
COL	ESP	Colombia	Spain*	14139	44549	130058	280284	376074	344064	513451	792228	448561
COL	EST	Colombia	Estonia	0	0	0	0	13	27	57	58	28
COL	FIN	Colombia	Finland*	132	242	352	619	816	985	1228	1446	705
COL	FRA	Colombia	France*	8224	10908	14989	22420	27206	31276	38553	43218	24602
COL	FRO	Colombia	Faroe Islands*	22	39	43	43	36	30	36	43	24
COL	GIN	Colombia	Guinea	0	0	0	0	0	2623	2519	2436	1021
COL	GRC	Colombia	Greece	442	410	385	397	423	397	404	429	319
COL	GTM	Colombia	Guatemala	490	610	730	868	1005	1102	1242	1366	628
COL	HND	Colombia	Honduras	409	527	644	631	618	868	886	902	392
COL	HRV	Colombia	Croatia	0	0	0	23	45	45	41	39	25
COL	HTI	Colombia	Haiti	828	786	746	708	743	780	815	845	413
COL	HUN	Colombia	Hungary	33	84	135	166	199	202	335	395	202
COL	ISL	Colombia	Iceland	21	42	62	110	154	189	257	388	226
COL	ISR	Colombia	Israel	994	1246	1679	2238	3026	3036	3562	3652	2072
COL	ITA	Colombia	Italy	7057	10386	14804	21896	31755	36835	41866	45753	29182
COL	JPN	Colombia	Japan	1750	1900	2027	2133	2279	2443	2715	2655	1554
COL	LIE	Colombia	Liechtenstein	0	0	1	15	30	41	43	46	35
COL	LTU	Colombia	Lithuania	10	7	5	5	4	10	19	20	13
COL	LUX	Colombia	Luxembourg	26	24	23	19	17	25	515	595	341
COL	LVA	Colombia	Latvia	2	3	4	7	10	6	13	12	6
COL	MEX	Colombia	Mexico	4035	5124	6455	9530	14290	23272	38131	51112	26583
COL	NIC	Colombia	Nicaragua	298	237	309	389	415	447	467	485	219
COL	NLD	Colombia	Netherlands*	6460	7636	9252	11850	13134	14352	16802	19517	11431
COL	NOR	Colombia	Norway*	1618	2584	3230	4084	4806	5636	6186	6878	3309
COL	NZL	Colombia	New Zealand*	216	216	216	366	873	1843	3223	4324	2440
COL	PAN	Colombia	Panama	13968	17179	21473	31157	47190	55251	50702	77349	42721
COL	PER	Colombia	Peru	12	12	20	3226	7426	11815	18217	25477	13604
COL	PRI	Colombia	Puerto Rico*	3399	3601	3813	4482	4589	3788	4039	3650	1954
COL	PRT	Colombia	Portugal	107	229	362	507	568	644	736	828	548
COL	SLV	Colombia	El Salvador	386	375	363	458	553	577	585	593	304
COL	SVK	Colombia	Slovakia	3	16	34	39	44	56	69	75	22
COL	SVN	Colombia	Slovenia	2	4	4	12	30	41	68	77	51
COL	SWE	Colombia	Sweden	5145	6120	7176	8705	10372	11814	12961	14267	7274
COL	SXM	Colombia	Sint Maarten (Dutch part)*	182	182	182	100	200	208	218	228	134
COL	USA	Colombia	United States of America*	294067	382528	518413	567340	659397	725904	867302	1008875	575458
COL	VEN	Colombia	Venezuela (Bolivarian Republic of)	555578	588323	617257	672292	929944	973315	917753	875552	460314
COL	ZAF	Colombia	South Africa	200	202	122	114	136	163	196	220	112
COM	DNK	Comoros	Denmark*	20	13	15	15	17	13	15	15	10
COM	EGY	Comoros	Egypt	162	266	444	724	1079	0	2075	2218	342
COM	ERI	Comoros	Eritrea	27	60	93	125	159	192	166	149	69
COM	FIN	Comoros	Finland*	1	2	2	3	3	3	2	2	1
COM	FRA	Comoros	France*	11795	16701	23308	31161	37167	106284	151438	231788	129680
COM	GIN	Comoros	Guinea	0	0	0	0	0	761	730	706	262
COM	GRC	Comoros	Greece	0	0	0	38	78	73	74	79	16
COM	HUN	Comoros	Hungary	0	0	0	0	0	1	2	2	0
COM	LBY	Comoros	Libya	1230	2178	3162	3485	3824	4281	4584	4846	651
COM	LUX	Comoros	Luxembourg	0	0	0	0	0	0	16	18	11
COM	MDG	Comoros	Madagascar	8179	7242	8050	8910	9876	10953	12153	13199	5687
COM	MYT	Comoros	Mayotte	10288	20154	36203	49545	56520	63225	86652	111502	59917
COM	NOR	Comoros	Norway*	1	1	1	2	4	6	4	4	4
COM	REU	Comoros	Réunion	441	952	1509	1878	2143	2215	2294	2360	1246
COM	SVN	Comoros	Slovenia	0	0	0	0	1	0	0	0	0
COM	TZA	Comoros	United Republic of Tanzania	343	458	487	551	567	596	533	578	229
COM	ZAF	Comoros	South Africa	35	45	130	571	72	112	110	108	37
CPV	AGO	Cabo Verde	Angola	3569	4147	4724	6209	7558	8662	9215	9497	4744
CPV	BGR	Cabo Verde	Bulgaria	2	3	4	6	7	6	5	7	3
CPV	BOL	Cabo Verde	Bolivia (Plurinational State of)	0	1	2	56	110	129	141	157	101
CPV	BRA	Cabo Verde	Brazil	5	1447	1181	1285	1173	1305	1523	1430	631
CPV	COL	Cabo Verde	Colombia	5	12	12	6	30	94	194	255	132
CPV	DNK	Cabo Verde	Denmark*	5	11	16	17	24	32	40	43	19
CPV	DOM	Cabo Verde	Dominican Republic	3	4	4	4	4	3	3	3	3
CPV	EST	Cabo Verde	Estonia	0	0	0	0	0	2	0	0	0
CPV	FIN	Cabo Verde	Finland*	2	3	4	6	8	11	13	15	5
CPV	FRA	Cabo Verde	France*	7645	10104	13572	18434	22975	30310	31783	34814	20195
CPV	GIN	Cabo Verde	Guinea	98	112	78	54	37	34	31	30	11
CPV	GNB	Cabo Verde	Guinea-Bissau	355	466	576	549	521	552	403	338	201
CPV	GRC	Cabo Verde	Greece	32	33	34	24	14	13	12	13	5
CPV	HUN	Cabo Verde	Hungary	0	0	0	0	0	5	19	22	9
CPV	ISL	Cabo Verde	Iceland	19	28	37	40	41	33	54	82	43
CPV	ITA	Cabo Verde	Italy	1795	2354	3004	3814	4980	5764	6073	5847	4327
CPV	LUX	Cabo Verde	Luxembourg	1148	1278	1422	1234	1060	1617	7108	8211	4320
CPV	LVA	Cabo Verde	Latvia	1	1	1	1	1	0	0	0	0
CPV	MOZ	Cabo Verde	Mozambique	2500	3439	4001	5495	6262	6491	6819	7107	3448
CPV	NOR	Cabo Verde	Norway*	163	167	234	251	382	405	406	451	207
CPV	PRT	Cabo Verde	Portugal	30179	36695	44701	53008	52513	59532	68299	76835	40872
CPV	SLE	Cabo Verde	Sierra Leone	5	4	3	1	6	43	88	82	19
CPV	STP	Cabo Verde	Sao Tome and Principe	4250	3343	2488	1956	1538	1363	1220	1115	581
CPV	SVN	Cabo Verde	Slovenia	0	0	0	0	1	4	3	3	1
CPV	TGO	Cabo Verde	Togo	19	21	23	25	36	40	39	39	17
CRI	ARG	Costa Rica	Argentina	513	543	573	604	634	664	694	719	410
CRI	AUS	Costa Rica	Australia*	323	348	352	380	437	505	616	674	354
CRI	BGR	Costa Rica	Bulgaria	1	2	3	4	5	7	8	11	3
CRI	BHS	Costa Rica	Bahamas	10	38	66	58	50	54	56	59	36
CRI	BOL	Costa Rica	Bolivia (Plurinational State of)	102	122	141	133	125	147	162	181	87
CRI	BRA	Costa Rica	Brazil	271	252	238	302	375	460	539	462	86
CRI	CAN	Costa Rica	Canada	1225	1622	2127	2854	4299	4743	4672	5117	2647
CRI	CHL	Costa Rica	Chile	356	430	460	536	629	819	955	1067	895
CRI	COL	Costa Rica	Colombia	326	497	646	840	1099	1440	1810	2070	1011
CRI	CYM	Costa Rica	Cayman Islands*	87	165	284	193	120	130	144	157	45
CRI	CYP	Costa Rica	Cyprus	1	2	2	3	3	2	1	1	1
CRI	DNK	Costa Rica	Denmark*	46	74	92	101	142	170	193	220	93
CRI	DOM	Costa Rica	Dominican Republic	1552	1724	1896	1096	293	307	320	345	161
CRI	ECU	Costa Rica	Ecuador	218	290	366	437	512	479	437	431	218
CRI	EST	Costa Rica	Estonia	0	0	0	0	2	3	12	12	4
CRI	FIN	Costa Rica	Finland*	10	16	21	38	45	61	73	86	29
CRI	GIN	Costa Rica	Guinea	0	0	0	0	0	118	112	108	40
CRI	GRC	Costa Rica	Greece	26	26	27	33	40	37	37	39	32
CRI	GTM	Costa Rica	Guatemala	758	746	734	872	1010	1108	1248	1373	662
CRI	HND	Costa Rica	Honduras	594	617	639	626	613	861	879	895	414
CRI	HTI	Costa Rica	Haiti	274	260	246	233	244	256	267	277	169
CRI	HUN	Costa Rica	Hungary	8	15	22	27	32	44	98	116	53
CRI	ISL	Costa Rica	Iceland	3	5	6	6	5	7	18	27	11
CRI	ITA	Costa Rica	Italy	464	599	751	936	1195	1428	1730	1840	1131
CRI	JAM	Costa Rica	Jamaica	96	101	106	104	101	99	100	102	56
CRI	LIE	Costa Rica	Liechtenstein	0	0	0	0	3	5	4	4	3
CRI	LUX	Costa Rica	Luxembourg	0	0	0	0	0	0	29	33	18
CRI	LVA	Costa Rica	Latvia	0	0	0	0	1	2	0	0	0
CRI	MEX	Costa Rica	Mexico	1929	2050	2185	2330	2500	3104	3900	4592	2336
CRI	NIC	Costa Rica	Nicaragua	5959	4727	6948	9343	9989	10772	11281	11707	5763
CRI	NOR	Costa Rica	Norway*	130	157	177	217	245	277	320	356	183
CRI	PAN	Costa Rica	Panama	3919	4155	4654	5121	6629	7760	9320	14218	7190
CRI	PER	Costa Rica	Peru	15	56	155	257	350	450	574	912	487
CRI	PRI	Costa Rica	Puerto Rico*	487	531	577	601	551	685	924	835	446
CRI	SLV	Costa Rica	El Salvador	1558	1188	818	829	840	876	889	901	484
CRI	SVK	Costa Rica	Slovakia	0	0	2	2	2	12	16	17	5
CRI	SVN	Costa Rica	Slovenia	0	0	1	0	1	4	5	6	2
CRI	VEN	Costa Rica	Venezuela (Bolivarian Republic of)	1661	1405	1178	1142	1120	1127	1061	1012	590
CUB	ARG	Cuba	Argentina	2654	2851	3050	3249	3447	3641	3843	4007	2282
CUB	ATG	Cuba	Antigua and Barbuda	12	15	17	18	19	20	19	20	11
CUB	AUS	Cuba	Australia*	423	494	508	612	745	882	972	1008	447
CUB	BGR	Cuba	Bulgaria	50	91	132	185	234	241	301	414	158
CUB	BHS	Cuba	Bahamas	48	79	110	240	370	401	429	454	312
CUB	BLR	Cuba	Belarus	22	34	46	45	43	44	42	42	1
CUB	BMU	Cuba	Bermuda*	11	15	16	21	26	24	24	25	17
CUB	BOL	Cuba	Bolivia (Plurinational State of)	105	311	513	1018	1520	1771	1971	2201	1082
CUB	BRA	Cuba	Brazil	865	1106	1394	1798	2168	3062	18035	23151	4577
CUB	BRB	Cuba	Barbados	0	0	0	42	56	58	57	58	28
CUB	CAN	Cuba	Canada	1591	2731	4517	8349	13001	18001	19420	23859	12573
CUB	CHL	Cuba	Chile	404	907	2270	3713	4536	6138	16479	17467	7196
CUB	CHN	Cuba	China	171	204	243	290	348	434	522	587	312
CUB	COG	Cuba	Congo	164	190	266	169	403	536	531	528	365
CUB	COL	Cuba	Colombia	364	716	1025	1485	1862	2246	2720	3164	1208
CUB	CPV	Cuba	Cabo Verde	69	92	115	99	82	85	89	93	48
CUB	CRI	Cuba	Costa Rica	4504	3558	4391	2878	5675	5756	6908	8336	3771
CUB	CUW	Cuba	Curaçao*	240	240	240	240	216	233	271	379	192
CUB	CYM	Cuba	Cayman Islands*	232	437	753	693	695	757	844	922	475
CUB	CYP	Cuba	Cyprus	9	13	16	25	38	34	34	36	17
CUB	DMA	Cuba	Dominica	5	6	7	8	10	12	11	11	8
CUB	DNK	Cuba	Denmark*	36	58	188	318	425	499	569	663	364
CUB	DOM	Cuba	Dominican Republic	6824	7580	8335	5999	3656	3259	3402	3669	1529
CUB	ECU	Cuba	Ecuador	102	18	225	2361	9107	8582	10619	11964	5914
CUB	ESP	Cuba	Spain*	22776	32592	46180	73799	106017	129263	164108	215409	116516
CUB	EST	Cuba	Estonia	0	0	0	0	19	16	32	33	12
CUB	FIN	Cuba	Finland*	22	74	125	241	321	445	551	649	235
CUB	GEO	Cuba	Georgia	0	0	13	12	12	12	11	11	4
CUB	GIN	Cuba	Guinea	61	70	75	375	1875	1786	1714	1657	667
CUB	GRC	Cuba	Greece	194	199	208	284	373	351	357	379	261
CUB	GTM	Cuba	Guatemala	275	347	418	496	574	630	708	779	311
CUB	HND	Cuba	Honduras	464	460	455	446	436	612	624	635	202
CUB	HTI	Cuba	Haiti	1203	1142	1084	1029	1080	1133	1185	1229	539
CUB	HUN	Cuba	Hungary	252	335	417	512	612	539	618	729	381
CUB	ISL	Cuba	Iceland	7	11	14	25	35	57	64	97	52
CUB	ITA	Cuba	Italy	3030	5039	8151	15373	25327	32716	38504	41658	30890
CUB	JAM	Cuba	Jamaica	1746	1837	1928	1879	1830	1791	1825	1854	928
CUB	LCA	Cuba	Saint Lucia	10	13	18	54	87	83	79	77	43
CUB	LIE	Cuba	Liechtenstein	0	0	0	0	7	9	10	11	7
CUB	LTU	Cuba	Lithuania	10	7	6	5	5	16	14	15	10
CUB	LUX	Cuba	Luxembourg	23	21	20	17	15	22	180	208	139
CUB	LVA	Cuba	Latvia	21	45	70	64	57	46	46	42	16
CUB	MEX	Cuba	Mexico	4846	5741	6824	9127	12233	18227	35125	72440	30247
CUB	NAM	Cuba	Namibia	1005	961	893	706	680	665	710	753	444
CUB	NIC	Cuba	Nicaragua	896	711	754	817	873	941	984	1021	388
CUB	NOR	Cuba	Norway*	44	49	209	488	715	966	1103	1226	769
CUB	PAN	Cuba	Panama	3267	2396	1676	1856	2413	2825	2194	3347	1315
CUB	PER	Cuba	Peru	12	413	701	1149	1635	1854	4977	6676	3329
CUB	POL	Cuba	Poland	145	159	176	208	254	261	262	259	96
CUB	PRI	Cuba	Puerto Rico*	19579	19293	19054	17039	12882	13321	12637	11420	6115
CUB	PRT	Cuba	Portugal	116	250	396	996	1431	1621	1858	2090	1630
CUB	RUS	Cuba	Russian Federation	2689	2513	2246	2238	2174	1920	1694	1513	580
CUB	SLV	Cuba	El Salvador	84	82	80	102	123	128	129	131	58
CUB	SVK	Cuba	Slovakia	23	49	90	101	113	137	153	166	48
CUB	SVN	Cuba	Slovenia	2	4	3	15	41	70	95	108	57
CUB	SXM	Cuba	Sint Maarten (Dutch part)*	724	724	724	397	795	828	874	913	574
CUB	SYC	Cuba	Seychelles	20	26	33	36	39	43	42	43	24
CUB	TLS	Cuba	Timor-Leste	85	92	101	107	110	29	27	27	10
CUB	TTO	Cuba	Trinidad and Tobago	40	36	40	42	74	157	2412	3471	1609
CUB	USA	Cuba	United States of America*	745191	809406	900766	918694	1102190	1237236	1346576	1394750	701006
CUB	VEN	Cuba	Venezuela (Bolivarian Republic of)	11559	10603	9928	10372	10941	11423	10769	10274	5202
CUB	ZAF	Cuba	South Africa	259	276	509	599	551	502	459	455	213
CUW	ABW	Curaçao*	Aruba*	438	1095	1751	2063	2335	2455	2745	3764	1811
CUW	ATG	Curaçao*	Antigua and Barbuda	10	13	16	17	18	19	18	19	11
CUW	AUS	Curaçao*	Australia*	81	89	90	102	117	148	150	157	91
CUW	BOL	Curaçao*	Bolivia (Plurinational State of)	110	138	275	138	152	168	185	207	101
CUW	CYM	Curaçao*	Cayman Islands*	3	7	13	12	12	12	12	13	1
CUW	DNK	Curaçao*	Denmark*	12	0	0	0	0	0	0	0	0
CUW	ISL	Curaçao*	Iceland	0	0	0	0	0	1	0	0	0
CUW	LCA	Curaçao*	Saint Lucia	50	50	94	94	87	83	79	77	38
CUW	NLD	Curaçao*	Netherlands*	18	29	48	77	124	371	1829	3159	1661
CUW	PAN	Curaçao*	Panama	61	88	122	68	27	31	37	56	24
CUW	SXM	Curaçao*	Sint Maarten (Dutch part)*	1245	1245	1245	684	1368	1425	1504	1572	772
CUW	VCT	Curaçao*	Saint Vincent and the Grenadines	134	139	144	147	150	152	152	155	75
CUW	VEN	Curaçao*	Venezuela (Bolivarian Republic of)	636	627	615	645	686	718	677	646	349
CUW	VIR	Curaçao*	United States Virgin Islands*	231	259	288	282	278	278	278	278	137
CYM	AUS	Cayman Islands*	Australia*	6	10	20	38	78	135	167	197	108
CYM	BGR	Cayman Islands*	Bulgaria	0	1	1	2	2	3	3	4	3
CYM	BHS	Cayman Islands*	Bahamas	9	9	9	15	21	23	23	24	10
CYM	CHL	Cayman Islands*	Chile	17	22	29	41	62	104	242	266	220
CYM	CRI	Cayman Islands*	Costa Rica	8	6	6	5	9	8	9	11	1
CYM	GRC	Cayman Islands*	Greece	15	12	10	5	0	0	0	0	0
CYM	HND	Cayman Islands*	Honduras	68	68	67	66	64	90	91	93	44
CYM	HUN	Cayman Islands*	Hungary	0	0	0	0	0	1	2	2	2
CYM	LCA	Cayman Islands*	Saint Lucia	2	2	4	7	11	10	8	8	0
CYM	NOR	Cayman Islands*	Norway*	0	0	0	0	1	5	3	3	2
CYM	SVK	Cayman Islands*	Slovakia	0	0	0	0	0	2	1	1	1
CYP	ARG	Cyprus	Argentina	298	289	281	298	326	337	347	356	203
CYP	AUS	Cyprus	Australia*	24057	23367	22831	22457	21355	20077	18425	16610	8650
CYP	BGR	Cyprus	Bulgaria	103	126	149	187	222	883	1479	2034	928
CYP	BOL	Cyprus	Bolivia (Plurinational State of)	9	6	2	2	2	3	2	2	2
CYP	CAF	Cyprus	Central African Republic	5	8	11	9	9	7	6	6	3
CYP	CAN	Cyprus	Canada	4285	4307	4336	4234	3954	4155	4124	3907	1954
CYP	CRI	Cyprus	Costa Rica	2	2	2	2	4	3	3	4	0
CYP	DNK	Cyprus	Denmark*	124	134	146	138	153	221	295	401	193
CYP	EST	Cyprus	Estonia	0	0	0	0	13	20	47	48	14
CYP	FIN	Cyprus	Finland*	42	53	64	96	112	157	203	239	74
CYP	GRC	Cyprus	Greece	45588	33684	22334	22208	22882	21562	22039	23412	12733
CYP	HUN	Cyprus	Hungary	387	288	189	232	277	276	307	362	163
CYP	ISL	Cyprus	Iceland	1	2	3	4	5	5	11	17	6
CYP	ITA	Cyprus	Italy	113	172	250	405	575	657	501	474	272
CYP	LKA	Cyprus	Sri Lanka	2	31	61	122	247	250	251	254	122
CYP	LTU	Cyprus	Lithuania	3	4	3	19	33	33	51	54	22
CYP	LUX	Cyprus	Luxembourg	3	2	2	21	41	62	144	166	82
CYP	LVA	Cyprus	Latvia	2	2	3	12	22	44	59	54	24
CYP	MLT	Cyprus	Malta	21	25	31	38	36	61	131	228	78
CYP	NOR	Cyprus	Norway*	70	91	105	113	121	196	210	234	89
CYP	PRT	Cyprus	Portugal	5	11	19	24	26	29	31	35	17
CYP	SVK	Cyprus	Slovakia	4	32	69	78	87	120	171	186	72
CYP	SVN	Cyprus	Slovenia	0	0	4	2	7	16	10	11	6
CYP	TUR	Cyprus	Türkiye	9159	9757	10354	13484	16779	20247	26185	30993	16185
CYP	VEN	Cyprus	Venezuela (Bolivarian Republic of)	14	13	13	13	15	15	13	12	6
CYP	ZAF	Cyprus	South Africa	2768	2027	1887	1688	1433	1015	683	661	298
CZE	ARG	Czechia	Argentina	3496	2322	1553	1038	602	12	10	10	6
CZE	AUS	Czechia	Australia*	13964	13817	13107	13727	13588	13236	11756	10450	5881
CZE	AUT	Czechia	Austria	56732	55121	52508	53607	44390	40004	35914	32780	20777
CZE	BGR	Czechia	Bulgaria	162	313	464	657	838	1039	1533	2108	1162
CZE	BLR	Czechia	Belarus	83	91	99	95	91	96	93	92	64
CZE	BOL	Czechia	Bolivia (Plurinational State of)	129	76	22	34	45	53	57	64	42
CZE	BRA	Czechia	Brazil	1754	1373	1111	723	419	94	17	15	5
CZE	CAN	Czechia	Canada	26391	21178	16634	21479	21404	21881	19917	18417	10010
CZE	CHE	Czechia	Switzerland	6885	7839	8984	10818	12429	14514	15700	16719	9604
CZE	CHL	Czechia	Chile	249	199	156	141	132	138	137	201	174
CZE	CUB	Czechia	Cuba	406	308	219	136	80	44	24	17	12
CZE	CYP	Czechia	Cyprus	168	238	307	461	707	649	669	710	467
CZE	DEU	Czechia	Germany	344287	390759	406132	427173	437143	389507	350970	344686	203210
CZE	DNK	Czechia	Denmark*	0	91	228	491	876	1419	1902	2331	1301
CZE	DOM	Czechia	Dominican Republic	12	14	15	22	29	29	29	31	14
CZE	EGY	Czechia	Egypt	181	232	299	374	430	0	490	425	250
CZE	EST	Czechia	Estonia	0	0	0	0	67	190	302	308	165
CZE	FIN	Czechia	Finland*	260	272	283	441	108	204	332	391	207
CZE	GEO	Czechia	Georgia	0	0	34	32	32	33	33	34	20
CZE	GRC	Czechia	Greece	2296	2970	3692	4110	4691	4420	4516	4797	2848
CZE	HRV	Czechia	Croatia	663	428	810	877	943	949	891	849	623
CZE	HUN	Czechia	Hungary	68	578	1088	1336	1596	1455	1487	1754	973
CZE	ISL	Czechia	Iceland	43	64	85	122	156	246	810	1223	566
CZE	ISR	Czechia	Israel	17538	18246	17256	15783	14430	15428	16629	17662	10446
CZE	ITA	Czechia	Italy	5183	6014	6788	7757	8914	9113	9591	9387	7659
CZE	LIE	Czechia	Liechtenstein	9	11	13	33	54	58	63	67	49
CZE	LTU	Czechia	Lithuania	66	74	57	81	94	87	120	126	61
CZE	LUX	Czechia	Luxembourg	76	79	83	336	594	906	1061	1226	749
CZE	LVA	Czechia	Latvia	48	112	176	215	249	137	159	146	94
CZE	MEX	Czechia	Mexico	151	185	228	274	323	308	291	316	199
CZE	MKD	Czechia	North Macedonia	54	50	47	48	50	53	52	52	29
CZE	MLT	Czechia	Malta	10	12	30	48	66	112	242	421	242
CZE	MNE	Czechia	Montenegro	117	117	117	117	115	120	119	118	49
CZE	MNG	Czechia	Mongolia	7	6	7	10	15	18	18	19	6
CZE	NAM	Czechia	Namibia	112	107	101	79	76	74	78	83	54
CZE	NOR	Czechia	Norway*	148	185	506	881	1345	2139	2225	2474	1242
CZE	NZL	Czechia	New Zealand*	663	663	663	865	1142	1804	2438	2569	1322
CZE	PAN	Czechia	Panama	16	20	26	27	34	38	45	69	40
CZE	POL	Czechia	Poland	6718	6508	6305	5803	5210	5305	5507	5227	2888
CZE	PRT	Czechia	Portugal	37	81	129	189	218	247	282	317	218
CZE	RUS	Czechia	Russian Federation	13710	14104	13987	12647	11050	8539	6559	4978	2484
CZE	SRB	Czechia	Serbia*	1507	981	623	535	529	526	522	964	569
CZE	SVK	Czechia	Slovakia	26268	37407	58709	65367	73744	87989	89560	97359	53842
CZE	SVN	Czechia	Slovenia	396	349	460	412	333	388	382	433	297
CZE	VEN	Czechia	Venezuela (Bolivarian Republic of)	332	327	321	337	358	376	353	337	171
CZE	ZAF	Czechia	South Africa	1490	1203	974	789	639	540	456	452	279
DEU	AND	Germany	Andorra	347	351	355	401	392	339	364	387	177
DEU	ARG	Germany	Argentina	16489	13437	10985	9533	8409	6305	4690	4642	2493
DEU	ARM	Germany	Armenia	1405	1265	1128	984	851	718	585	530	332
DEU	ATG	Germany	Antigua and Barbuda	45	57	68	73	78	83	85	88	44
DEU	AUS	Germany	Australia*	114446	120547	118965	123122	126208	118882	109881	99593	53293
DEU	AUT	Germany	Austria	82469	106088	134862	159255	193169	217489	241266	268460	136322
DEU	AZE	Germany	Azerbaijan	397	364	332	300	267	234	204	183	103
DEU	BEL	Germany	Belgium	70103	76258	83129	83532	84151	81321	79683	79619	42942
DEU	BGR	Germany	Bulgaria	252	625	998	1457	1889	4846	12588	17311	8158
DEU	BHS	Germany	Bahamas	161	190	220	244	267	289	308	326	169
DEU	BIH	Germany	Bosnia and Herzegovina	816	812	807	530	558	554	516	488	260
DEU	BLR	Germany	Belarus	32	50	68	65	62	66	64	63	29
DEU	BLZ	Germany	Belize	45	47	48	53	58	68	76	84	28
DEU	BMU	Germany	Bermuda*	228	231	151	158	166	164	158	161	83
DEU	BOL	Germany	Bolivia (Plurinational State of)	1351	1524	1682	1711	1737	2023	2251	2513	1264
DEU	BRA	Germany	Brazil	25235	21789	19154	17849	15876	14602	13264	18078	5912
DEU	BTN	Germany	Bhutan	12	15	17	21	25	27	27	28	11
DEU	BWA	Germany	Botswana	332	320	341	653	291	316	336	355	196
DEU	CAN	Germany	Canada	180580	181558	175238	171624	171809	168736	132535	118463	61737
DEU	CHE	Germany	Switzerland	234879	250441	268635	300781	323003	349435	359069	371816	185466
DEU	CHL	Germany	Chile	5294	5313	5430	5895	6299	6101	7956	6408	3456
DEU	CHN	Germany	China	7124	8429	10031	11940	14112	12840	11242	12294	6530
DEU	CMR	Germany	Cameroon	0	0	0	296	236	294	340	377	202
DEU	COG	Germany	Congo	178	205	288	183	436	579	574	571	306
DEU	COL	Germany	Colombia	2023	2050	1970	1899	1980	2076	2172	2248	832
DEU	CPV	Germany	Cabo Verde	25	33	41	53	65	67	69	72	32
DEU	CRI	Germany	Costa Rica	1268	1077	1424	934	1840	1866	2238	2701	1093
DEU	CUB	Germany	Cuba	752	570	364	289	217	155	106	75	41
DEU	CUW	Germany	Curaçao*	128	128	128	128	116	124	143	200	95
DEU	CYM	Germany	Cayman Islands*	42	81	140	127	126	136	151	165	52
DEU	CYP	Germany	Cyprus	646	914	1181	1776	2725	2501	2582	2741	1559
DEU	CZE	Germany	Czechia	2159	5670	9210	12206	16183	14037	11449	9238	4247
DEU	DMA	Germany	Dominica	11	14	17	21	26	30	29	30	17
DEU	DNK	Germany	Denmark*	24100	25633	27036	27392	33960	34801	37231	44855	23089
DEU	DOM	Germany	Dominican Republic	5084	5647	6209	3899	1582	1857	1938	2090	773
DEU	DZA	Germany	Algeria	6544	3661	778	615	675	733	761	789	527
DEU	ECU	Germany	Ecuador	1637	1717	1801	1974	2202	1796	1423	1100	478
DEU	EGY	Germany	Egypt	2410	3415	4868	6734	8555	0	11919	11205	5052
DEU	ESP	Germany	Spain*	88168	106773	128751	181989	211912	187733	166862	174637	90642
DEU	EST	Germany	Estonia	461	716	970	1174	1369	1823	2507	2554	1225
DEU	FIN	Germany	Finland*	2586	2800	3013	4573	5770	6224	6834	8045	3494
DEU	FRA	Germany	France*	208195	213338	218258	224529	218132	207393	191298	189761	108587
DEU	FRO	Germany	Faroe Islands*	27	17	16	20	20	22	29	34	17
DEU	GAB	Germany	Gabon	27	36	46	50	57	80	86	93	32
DEU	GBR	Germany	United Kingdom*	214905	237328	261961	279818	297427	295863	291380	287772	143039
DEU	GEO	Germany	Georgia	8348	1214	607	576	581	610	629	647	354
DEU	GIN	Germany	Guinea	849	0	0	0	0	27	24	23	7
DEU	GLP	Germany	Guadeloupe*	125	167	209	256	303	290	287	285	164
DEU	GRC	Germany	Greece	26527	63007	100521	108685	121089	114110	116644	123912	65207
DEU	GRL	Germany	Greenland*	33	34	41	61	74	58	56	55	12
DEU	GTM	Germany	Guatemala	476	440	404	480	556	611	687	756	271
DEU	HKG	Germany	China, Hong Kong SAR	1323	1476	1629	1778	1932	1974	2058	2128	631
DEU	HND	Germany	Honduras	223	221	218	213	208	292	297	302	103
DEU	HRV	Germany	Croatia	5148	6825	7773	20667	33561	33774	31783	30277	15093
DEU	HTI	Germany	Haiti	896	851	808	767	805	845	883	916	367
DEU	HUN	Germany	Hungary	18409	19850	21290	26133	31209	28219	35636	42037	19841
DEU	IND	Germany	India	5017	3803	2666	2093	1678	1556	1451	1366	577
DEU	IRL	Germany	Ireland	5465	6241	9769	14049	13197	12962	14226	15484	8798
DEU	ISL	Germany	Iceland	803	922	1040	1387	1699	1649	2148	3243	1974
DEU	ISR	Germany	Israel	29626	29525	27193	24500	22151	23675	25519	27015	15228
DEU	ITA	Germany	Italy	176936	188142	193106	198625	206555	202362	201340	194597	110739
DEU	JPN	Germany	Japan	3528	3927	4250	5178	5925	9856	10087	8181	2787
DEU	KAZ	Germany	Kazakhstan	5924	5436	4911	4330	3818	3366	2968	2608	1386
DEU	KGZ	Germany	Kyrgyzstan	15254	10548	5589	3864	2066	1820	1771	1734	1014
DEU	KHM	Germany	Cambodia	18	47	76	59	42	38	39	41	14
DEU	LBR	Germany	Liberia	928	906	890	404	186	213	162	133	74
DEU	LBY	Germany	Libya	27674	16289	5172	5701	6257	7005	7503	7931	3145
DEU	LCA	Germany	Saint Lucia	31	41	57	57	53	50	47	46	28
DEU	LIE	Germany	Liechtenstein	978	1244	1489	1560	1635	1787	1911	2044	1046
DEU	LKA	Germany	Sri Lanka	21	83	147	278	547	554	560	566	254
DEU	LTU	Germany	Lithuania	1833	2049	1605	1819	1786	1628	2090	2202	978
DEU	LUX	Germany	Luxembourg	12616	10558	8612	8886	9259	14125	17080	19730	10446
DEU	LVA	Germany	Latvia	1913	3084	4256	3723	3097	2424	2163	1992	1026
DEU	MAR	Germany	Morocco	984	903	952	1011	1098	1415	1553	1685	818
DEU	MDA	Germany	Republic of Moldova*	1813	1571	1338	1100	852	639	416	429	203
DEU	MDV	Germany	Maldives	251	213	162	176	213	250	271	290	34
DEU	MEX	Germany	Mexico	4944	5264	5617	5909	6218	6541	6880	7151	3007
DEU	MKD	Germany	North Macedonia	43	40	38	38	39	42	41	41	23
DEU	MLT	Germany	Malta	323	378	578	756	804	1363	2969	5160	2334
DEU	MNE	Germany	Montenegro	1845	1845	1845	1845	1785	1876	1882	1867	1265
DEU	MNG	Germany	Mongolia	50	54	60	98	148	183	195	206	89
DEU	MUS	Germany	Mauritius	57	70	124	118	119	136	136	137	65
DEU	NAM	Germany	Namibia	13401	12815	11896	9406	9063	8870	9494	10070	5773
DEU	NIC	Germany	Nicaragua	374	297	275	261	279	300	313	325	116
DEU	NLD	Germany	Netherlands*	130955	130854	123657	117228	121469	118742	122237	125024	72474
DEU	NOR	Germany	Norway*	8821	9318	11445	14000	24735	28005	28327	31499	15206
DEU	NZL	Germany	New Zealand*	5570	6890	8202	10438	12145	14713	16446	16172	9245
DEU	PAN	Germany	Panama	284	344	426	606	909	1065	1279	1951	777
DEU	PER	Germany	Peru	1571	1865	2149	2476	2473	2185	1912	1680	840
DEU	PHL	Germany	Philippines	796	1406	2015	2625	3186	2354	1551	1551	172
DEU	POL	Germany	Poland	107189	105226	103298	91731	77724	83998	94492	86793	45874
DEU	PRI	Germany	Puerto Rico*	2231	1662	1097	860	515	504	217	196	104
DEU	PRT	Germany	Portugal	16069	19705	24141	26104	23733	26905	30866	34724	17879
DEU	PRY	Germany	Paraguay	2108	1994	1874	1785	1700	1659	1797	1916	806
DEU	PYF	Germany	French Polynesia*	319	350	375	392	379	360	360	360	108
DEU	ROU	Germany	Romania	1868	2069	2283	2752	3470	6215	12572	18432	8878
DEU	RUS	Germany	Russian Federation	144895	149872	149414	145892	139458	106392	80639	60040	30279
DEU	SEN	Germany	Senegal	721	754	682	733	821	876	904	927	449
DEU	SLE	Germany	Sierra Leone	135	131	127	46	40	36	32	30	11
DEU	SLV	Germany	El Salvador	464	347	229	224	218	227	230	233	101
DEU	SRB	Germany	Serbia*	24565	14671	8423	8192	10262	12856	16105	17967	8883
DEU	SVK	Germany	Slovakia	255	1460	3067	3439	3856	4817	6202	6742	2352
DEU	SVN	Germany	Slovenia	8402	6970	12368	11925	12284	7586	7682	8709	4139
DEU	SWE	Germany	Sweden	36427	35795	37913	41211	48006	49468	51437	56910	29519
DEU	SYC	Germany	Seychelles	40	48	57	66	76	85	85	86	46
DEU	TGO	Germany	Togo	75	87	101	117	172	200	201	202	106
DEU	THA	Germany	Thailand	1223	1253	3050	13375	23699	26832	29457	31844	5356
DEU	TJK	Germany	Tajikistan	205	166	143	137	136	133	132	132	57
DEU	TKM	Germany	Turkmenistan	1567	1280	1037	1028	997	1038	1029	1023	588
DEU	TTO	Germany	Trinidad and Tobago	137	124	135	144	245	253	280	403	166
DEU	TUN	Germany	Tunisia	903	896	1038	992	1121	1448	1537	1615	771
DEU	TUR	Germany	Türkiye	173893	222235	270576	268753	263659	261210	304600	363563	190368
DEU	TWN	Germany	China, Taiwan Province of China	320	448	570	626	700	827	985	1131	273
DEU	TZA	Germany	United Republic of Tanzania	605	769	810	901	924	967	861	934	479
DEU	UKR	Germany	Ukraine*	1308	1265	1239	1132	1080	1083	1099	1114	512
DEU	URY	Germany	Uruguay	2573	2205	1563	1447	1341	1384	1651	2129	1132
DEU	USA	Germany	United States of America*	1465599	2261086	1369572	1173821	1198784	1179764	1147641	1137577	622466
DEU	UZB	Germany	Uzbekistan	19362	14711	9353	9362	8998	8610	8543	8491	4465
DEU	VEN	Germany	Venezuela (Bolivarian Republic of)	4895	4432	3977	4016	4098	4211	3968	3786	1807
DEU	VGB	Germany	British Virgin Islands*	29	35	40	46	52	59	66	73	40
DEU	WSM	Germany	Samoa	35	45	55	51	45	37	34	32	12
DEU	ZAF	Germany	South Africa	25470	20115	22135	22215	20846	16988	13176	9935	5006
DEU	ZMB	Germany	Zambia	311	220	157	209	279	245	341	452	203
DJI	AUS	Djibouti	Australia*	53	69	82	113	134	190	200	204	95
DJI	BGR	Djibouti	Bulgaria	1	2	2	3	3	3	2	3	0
DJI	CYP	Djibouti	Cyprus	1	2	2	3	3	2	1	1	1
DJI	DNK	Djibouti	Denmark*	13	16	15	19	21	20	23	22	12
DJI	EGY	Djibouti	Egypt	217	234	266	283	277	17	252	223	108
DJI	ETH	Djibouti	Ethiopia	975	18802	2300	796	788	761	729	1364	635
DJI	FIN	Djibouti	Finland*	0	1	2	4	6	7	12	14	8
DJI	GIN	Djibouti	Guinea	0	0	0	0	0	18	16	15	2
DJI	GRC	Djibouti	Greece	3	13	24	32	41	38	38	40	21
DJI	HUN	Djibouti	Hungary	0	0	0	0	0	2	3	4	1
DJI	ISL	Djibouti	Iceland	0	0	0	1	1	0	0	0	0
DJI	LBY	Djibouti	Libya	694	863	1047	1155	1269	1421	1519	1606	416
DJI	LUX	Djibouti	Luxembourg	0	0	0	0	0	0	10	12	7
DJI	NOR	Djibouti	Norway*	6	3	11	12	34	58	61	68	45
DMA	ABW	Dominica	Aruba*	143	134	125	115	103	107	119	163	116
DMA	ATG	Dominica	Antigua and Barbuda	2442	3170	3898	4180	4462	4745	4963	5148	2880
DMA	BGR	Dominica	Bulgaria	0	0	0	1	1	0	0	0	0
DMA	BHS	Dominica	Bahamas	35	41	47	58	69	75	79	84	44
DMA	BOL	Dominica	Bolivia (Plurinational State of)	6	3	0	2	3	4	3	3	1
DMA	BRB	Dominica	Barbados	451	492	534	426	321	337	339	342	227
DMA	CRI	Dominica	Costa Rica	3	3	4	4	6	5	6	7	6
DMA	CUW	Dominica	Curaçao*	110	110	110	110	100	107	124	173	138
DMA	DNK	Dominica	Denmark*	4	8	8	10	11	13	18	18	12
DMA	DOM	Dominica	Dominican Republic	24	27	29	22	15	14	14	15	9
DMA	FIN	Dominica	Finland*	0	1	1	2	3	5	7	8	0
DMA	GIN	Dominica	Guinea	0	0	0	0	0	13	11	11	7
DMA	GLP	Dominica	Guadeloupe*	5560	5604	5648	4932	4215	4037	3997	3971	2619
DMA	GRC	Dominica	Greece	410	401	398	209	19	17	16	17	17
DMA	GRD	Dominica	Grenada	42	54	67	70	74	74	74	75	40
DMA	GUF	Dominica	French Guiana*	443	493	542	571	599	414	465	511	383
DMA	GUY	Dominica	Guyana	13	19	25	31	23	24	25	43	16
DMA	HUN	Dominica	Hungary	0	0	0	0	0	1	2	2	0
DMA	ISL	Dominica	Iceland	0	1	1	2	2	2	2	3	3
DMA	JAM	Dominica	Jamaica	107	128	148	144	140	137	138	140	70
DMA	KNA	Dominica	Saint Kitts and Nevis	87	115	158	180	195	200	206	212	99
DMA	LCA	Dominica	Saint Lucia	96	129	177	234	273	261	249	241	116
DMA	LTU	Dominica	Lithuania	0	0	0	0	0	1	0	0	0
DMA	LUX	Dominica	Luxembourg	112	105	101	88	76	115	2	2	2
DMA	MSR	Dominica	Montserrat*	412	331	250	257	265	283	306	311	177
DMA	MTQ	Dominica	Martinique*	184	279	374	391	408	473	469	466	273
DMA	NOR	Dominica	Norway*	4	5	6	8	15	16	22	24	12
DMA	PAN	Dominica	Panama	12	17	24	33	50	58	68	104	64
DMA	PRI	Dominica	Puerto Rico*	2567	2575	2591	2030	1215	1190	513	464	248
DMA	SVK	Dominica	Slovakia	0	0	0	0	0	3	2	2	2
DMA	SVN	Dominica	Slovenia	0	0	0	0	1	2	0	0	0
DMA	SXM	Dominica	Sint Maarten (Dutch part)*	1306	1306	1306	717	1435	1495	1578	1649	801
DMA	VCT	Dominica	Saint Vincent and the Grenadines	75	78	81	82	84	87	86	87	46
DMA	VEN	Dominica	Venezuela (Bolivarian Republic of)	200	40	8	4	2	0	0	0	0
DMA	VGB	Dominica	British Virgin Islands*	619	728	836	958	1098	1256	1425	1576	866
DMA	VIR	Dominica	United States Virgin Islands*	3219	4060	4909	5206	5505	5508	5510	5512	2858
DNK	AND	Denmark*	Andorra	84	111	138	140	121	112	119	126	0
DNK	ARG	Denmark*	Argentina	395	383	373	395	432	447	461	472	269
DNK	AUS	Denmark*	Australia*	9385	9670	9939	10481	10609	10235	9646	8927	4464
DNK	BGR	Denmark*	Bulgaria	10	21	31	44	57	201	555	763	331
DNK	BHS	Denmark*	Bahamas	8	22	37	26	15	16	15	16	9
DNK	BLR	Denmark*	Belarus	130	168	206	198	190	199	195	193	77
DNK	BMU	Denmark*	Bermuda*	23	26	23	24	24	20	18	18	9
DNK	BOL	Denmark*	Bolivia (Plurinational State of)	21	55	88	90	92	108	118	132	76
DNK	BRA	Denmark*	Brazil	547	490	447	472	482	514	547	564	188
DNK	BTN	Denmark*	Bhutan	18	21	24	30	36	38	38	39	12
DNK	BWA	Denmark*	Botswana	102	98	104	200	298	324	344	363	174
DNK	CAF	Denmark*	Central African Republic	1	2	3	3	3	2	1	1	1
DNK	CAN	Denmark*	Canada	21907	19927	18091	17410	15693	13671	11365	9798	4793
DNK	CHL	Denmark*	Chile	150	182	209	231	237	269	283	297	245
DNK	CHN	Denmark*	China	887	1039	1236	1471	1721	1182	781	837	444
DNK	CRI	Denmark*	Costa Rica	48	39	49	33	64	63	75	91	37
DNK	CYM	Denmark*	Cayman Islands*	5	11	19	18	18	18	19	21	7
DNK	CYP	Denmark*	Cyprus	42	60	77	115	176	161	164	174	99
DNK	DOM	Denmark*	Dominican Republic	70	78	85	55	25	25	25	27	10
DNK	EGY	Denmark*	Egypt	130	185	264	367	467	0	654	616	259
DNK	EST	Denmark*	Estonia	25	39	52	94	135	168	225	229	61
DNK	FIN	Denmark*	Finland*	559	577	595	745	832	923	1122	1321	504
DNK	FRO	Denmark*	Faroe Islands*	3173	2071	2528	3137	3341	3547	4150	4935	2301
DNK	GIN	Denmark*	Guinea	0	0	0	0	0	66	63	61	24
DNK	GRC	Denmark*	Greece	1836	1314	813	867	955	899	917	974	625
DNK	GRL	Denmark*	Greenland*	8550	6476	5726	5733	4983	4614	4539	4470	1567
DNK	HRV	Denmark*	Croatia	44	38	27	64	101	102	95	90	45
DNK	HUN	Denmark*	Hungary	42	146	249	306	363	435	643	758	314
DNK	ISL	Denmark*	Iceland	2048	2175	2302	2637	2912	3283	3918	5917	2928
DNK	ISR	Denmark*	Israel	908	1130	1378	1638	1922	2078	2240	2383	1752
DNK	ITA	Denmark*	Italy	2178	2377	2513	2614	2833	2910	3034	3005	1904
DNK	JPN	Denmark*	Japan	443	559	543	559	522	1035	1140	937	279
DNK	LBY	Denmark*	Libya	796	675	567	625	686	768	821	868	268
DNK	LIE	Denmark*	Liechtenstein	16	19	22	18	15	16	15	16	7
DNK	LTU	Denmark*	Lithuania	100	112	87	236	354	377	605	637	241
DNK	LUX	Denmark*	Luxembourg	1263	1438	1630	1637	1662	2535	1598	1846	891
DNK	LVA	Denmark*	Latvia	35	93	151	222	288	203	238	219	47
DNK	MEX	Denmark*	Mexico	161	196	240	247	254	288	328	359	139
DNK	MLT	Denmark*	Malta	12	15	37	60	107	181	393	683	242
DNK	MNE	Denmark*	Montenegro	94	94	94	94	93	97	96	95	75
DNK	NAM	Denmark*	Namibia	168	160	150	118	113	110	117	124	40
DNK	NIC	Denmark*	Nicaragua	55	44	44	46	49	52	53	55	17
DNK	NOR	Denmark*	Norway*	21160	21161	21713	21971	22586	25312	24842	27624	13245
DNK	PAN	Denmark*	Panama	19	28	40	76	127	147	176	268	52
DNK	PER	Denmark*	Peru	451	382	316	250	174	110	60	203	78
DNK	POL	Denmark*	Poland	290	425	622	746	821	1447	2780	3551	1686
DNK	PRT	Denmark*	Portugal	276	315	368	390	349	395	451	507	249
DNK	ROU	Denmark*	Romania	55	55	55	56	57	57	57	58	9
DNK	SRB	Denmark*	Serbia*	588	218	76	70	108	170	267	340	172
DNK	SVK	Denmark*	Slovakia	6	72	158	178	199	260	326	354	122
DNK	SVN	Denmark*	Slovenia	14	19	32	30	47	58	69	78	37
DNK	SWE	Denmark*	Sweden	43899	40840	38190	42141	45808	42114	39185	37372	17470
DNK	TJK	Denmark*	Tajikistan	199	161	139	134	133	130	129	129	49
DNK	VEN	Denmark*	Venezuela (Bolivarian Republic of)	128	126	124	129	137	145	136	130	48
DNK	ZAF	Denmark*	South Africa	1009	869	928	863	741	660	601	594	293
DOM	ABW	Dominican Republic	Aruba*	2042	2829	3615	3903	4114	4327	4839	6636	4239
DOM	AIA	Dominican Republic	Anguilla*	308	397	486	560	610	653	680	704	251
DOM	ARG	Dominican Republic	Argentina	1906	2792	3727	4662	5595	6458	7425	8231	4688
DOM	ATG	Dominican Republic	Antigua and Barbuda	621	1044	1466	1572	1678	1784	1865	1934	1205
DOM	AUS	Dominican Republic	Australia*	29	43	70	108	141	208	260	313	202
DOM	BEL	Dominican Republic	Belgium	140	289	595	1222	2064	2719	3172	3608	2201
DOM	BGR	Dominican Republic	Bulgaria	5	8	11	16	19	41	56	77	43
DOM	BHS	Dominican Republic	Bahamas	44	64	84	177	269	291	310	328	133
DOM	BMU	Dominican Republic	Bermuda*	9	11	11	53	102	128	233	238	161
DOM	BOL	Dominican Republic	Bolivia (Plurinational State of)	44	22	0	50	100	117	128	143	66
DOM	BRA	Dominican Republic	Brazil	126	114	105	177	297	994	1793	906	426
DOM	CAN	Dominican Republic	Canada	2607	3526	4720	6317	8582	11356	13081	15172	7471
DOM	CHE	Dominican Republic	Switzerland	4334	5129	6116	7753	9276	11342	12751	13870	9310
DOM	CHL	Dominican Republic	Chile	91	158	241	624	2070	7611	19663	18210	10967
DOM	COL	Dominican Republic	Colombia	10	94	169	303	468	717	1006	1198	493
DOM	CRI	Dominican Republic	Costa Rica	553	556	838	550	1084	1098	1317	1589	1006
DOM	CUB	Dominican Republic	Cuba	267	203	146	87	49	27	14	10	8
DOM	CUW	Dominican Republic	Curaçao*	5880	5880	5880	5880	5260	5715	6665	9322	6941
DOM	CYM	Dominican Republic	Cayman Islands*	20	39	68	62	61	66	72	79	15
DOM	CYP	Dominican Republic	Cyprus	3	4	5	7	10	9	8	8	6
DOM	DNK	Dominican Republic	Denmark*	36	54	75	102	129	166	215	271	158
DOM	ECU	Dominican Republic	Ecuador	12	13	100	216	443	500	659	736	372
DOM	ESP	Dominican Republic	Spain*	6119	14894	35067	80317	139105	157123	183845	202074	118968
DOM	EST	Dominican Republic	Estonia	0	0	0	0	1	3	5	5	0
DOM	FIN	Dominican Republic	Finland*	10	22	34	81	112	157	205	241	108
DOM	GIN	Dominican Republic	Guinea	0	0	0	0	0	2	0	0	0
DOM	GLP	Dominican Republic	Guadeloupe*	3440	2517	1593	1253	913	874	864	858	576
DOM	GRC	Dominican Republic	Greece	218	192	169	374	599	564	575	611	488
DOM	GTM	Dominican Republic	Guatemala	59	64	68	82	95	104	115	126	49
DOM	HND	Dominican Republic	Honduras	103	102	101	99	96	135	137	139	51
DOM	HTI	Dominican Republic	Haiti	2406	2285	2170	2061	2164	2272	2377	2464	1084
DOM	HUN	Dominican Republic	Hungary	0	12	24	30	36	33	59	70	38
DOM	ISL	Dominican Republic	Iceland	2	4	5	13	21	32	58	88	61
DOM	ITA	Dominican Republic	Italy	5566	8702	13212	21342	32261	40794	47964	50413	34245
DOM	LCA	Dominican Republic	Saint Lucia	20	26	37	40	40	38	35	34	18
DOM	LIE	Dominican Republic	Liechtenstein	0	1	2	32	64	73	92	98	72
DOM	LUX	Dominican Republic	Luxembourg	35	32	31	26	23	35	514	594	421
DOM	LVA	Dominican Republic	Latvia	0	0	0	0	1	1	0	0	0
DOM	MEX	Dominican Republic	Mexico	571	707	874	1183	1607	2179	2942	5267	2333
DOM	MSR	Dominican Republic	Montserrat*	37	29	22	22	23	24	23	23	5
DOM	MTQ	Dominican Republic	Martinique*	16	69	122	128	134	155	153	152	88
DOM	NIC	Dominican Republic	Nicaragua	65	52	55	60	64	69	71	74	33
DOM	NOR	Dominican Republic	Norway*	53	128	236	379	556	791	963	1071	646
DOM	PAN	Dominican Republic	Panama	1474	3554	5859	5798	6914	8095	9711	14815	9649
DOM	PER	Dominican Republic	Peru	12	12	12	13	266	728	1381	1825	1091
DOM	PRI	Dominican Republic	Puerto Rico*	37207	49325	61563	66983	63981	57891	46905	42387	22696
DOM	PRT	Dominican Republic	Portugal	10	22	36	51	59	66	153	172	115
DOM	SLV	Dominican Republic	El Salvador	38	41	43	56	69	72	72	73	32
DOM	SVK	Dominican Republic	Slovakia	0	2	3	4	4	18	26	28	12
DOM	SVN	Dominican Republic	Slovenia	3	6	1	31	151	166	199	226	184
DOM	SXM	Dominican Republic	Sint Maarten (Dutch part)*	3102	3102	3102	1701	3403	3546	3762	3933	2526
DOM	TCA	Dominican Republic	Turks and Caicos Islands*	349	520	692	722	1354	1756	1989	2198	1095
DOM	USA	Dominican Republic	United States of America*	362722	528710	673311	725810	895116	1099126	1289305	1483418	809168
DOM	VEN	Dominican Republic	Venezuela (Bolivarian Republic of)	18280	16240	14293	14286	14423	14743	13899	13260	8472
DOM	VGB	Dominican Republic	British Virgin Islands*	748	879	1010	1157	1526	1745	1979	2189	1115
DOM	VIR	Dominican Republic	United States Virgin Islands*	533	1861	3194	3915	4638	4641	4642	4644	2820
DZA	ARG	Algeria	Argentina	192	186	181	192	210	217	223	229	130
DZA	AUS	Algeria	Australia*	696	820	1170	1330	1382	1606	1684	1643	696
DZA	BEL	Algeria	Belgium	12033	13115	14281	18091	23378	25852	27831	30393	13986
DZA	BGR	Algeria	Bulgaria	32	105	178	266	350	347	460	633	243
DZA	BLR	Algeria	Belarus	27	41	55	53	50	53	51	50	7
DZA	BOL	Algeria	Bolivia (Plurinational State of)	4	7	10	7	3	4	3	3	1
DZA	BRA	Algeria	Brazil	5	223	187	204	188	206	243	250	103
DZA	CAN	Algeria	Canada	3048	7482	16666	30525	48786	64357	77293	96774	47843
DZA	CHE	Algeria	Switzerland	5494	6048	6686	7652	8476	9442	10311	11016	4799
DZA	CHN	Algeria	China	276	325	387	460	542	443	349	379	201
DZA	CRI	Algeria	Costa Rica	44	21	9	7	13	12	14	17	10
DZA	CUB	Algeria	Cuba	103	78	54	35	22	13	8	6	4
DZA	CYP	Algeria	Cyprus	9	13	16	25	38	34	34	36	17
DZA	DNK	Algeria	Denmark*	559	724	884	890	897	923	988	1053	443
DZA	EGY	Algeria	Egypt	466	529	602	666	677	5	588	465	359
DZA	ESH	Algeria	Western Sahara	41	45	50	59	68	78	80	83	40
DZA	ESP	Algeria	Spain*	6424	12574	24156	47127	60081	58586	70278	83122	29473
DZA	EST	Algeria	Estonia	0	0	0	0	14	24	32	33	6
DZA	FIN	Algeria	Finland*	233	305	377	539	635	781	1014	1194	283
DZA	FRA	Algeria	France*	1344293	1291324	1270907	1349852	1359784	1380732	1407480	1405235	727859
DZA	GAB	Algeria	Gabon	34	45	57	62	72	100	108	117	39
DZA	GEO	Algeria	Georgia	0	0	18	17	17	17	16	16	9
DZA	GHA	Algeria	Ghana	7	7	8	11	11	13	13	15	2
DZA	GIN	Algeria	Guinea	0	0	0	0	0	7044	6766	6542	2531
DZA	GLP	Algeria	Guadeloupe*	74	99	124	137	150	144	142	141	79
DZA	GRC	Algeria	Greece	203	258	317	722	1167	1099	407	432	215
DZA	GUF	Algeria	French Guiana*	95	94	93	88	83	359	403	442	184
DZA	HRV	Algeria	Croatia	0	0	0	28	56	56	50	48	25
DZA	HUN	Algeria	Hungary	263	365	467	575	686	684	929	1096	278
DZA	ISL	Algeria	Iceland	10	17	23	24	24	40	68	103	26
DZA	ISR	Algeria	Israel	42951	46879	46470	44985	43711	46899	50552	53589	29390
DZA	ITA	Algeria	Italy	6290	8465	10922	14809	19224	21098	21467	21682	8117
DZA	LBY	Algeria	Libya	1551	2079	2642	2911	3195	3577	3830	4049	1690
DZA	LIE	Algeria	Liechtenstein	0	0	0	0	4	6	6	6	4
DZA	LTU	Algeria	Lithuania	6	4	4	3	3	8	11	12	3
DZA	LUX	Algeria	Luxembourg	98	92	88	76	66	100	1113	1286	585
DZA	LVA	Algeria	Latvia	6	9	12	14	17	15	18	17	4
DZA	MAR	Algeria	Morocco	9188	8429	8877	9412	10231	13194	14497	15731	7630
DZA	MEX	Algeria	Mexico	76	82	88	93	99	128	171	205	58
DZA	MLI	Algeria	Mali	380	507	554	2270	385	473	553	621	222
DZA	MLT	Algeria	Malta	21	25	31	38	43	72	155	269	63
DZA	MRT	Algeria	Mauritania	1450	1549	1601	1617	1133	1634	1788	1922	642
DZA	MTQ	Algeria	Martinique*	45	68	91	95	99	114	113	112	66
DZA	NAM	Algeria	Namibia	716	684	637	503	484	473	505	536	280
DZA	NCL	Algeria	New Caledonia*	513	594	676	719	763	586	621	652	319
DZA	NER	Algeria	Niger	293	364	438	447	455	460	587	758	302
DZA	NIC	Algeria	Nicaragua	50	40	68	99	105	113	117	121	64
DZA	NOR	Algeria	Norway*	448	558	731	912	1113	1210	1283	1427	520
DZA	POL	Algeria	Poland	313	365	426	501	590	685	793	826	145
DZA	PRT	Algeria	Portugal	55	118	187	212	203	230	261	294	71
DZA	PYF	Algeria	French Polynesia*	605	664	710	743	717	681	681	681	249
DZA	SEN	Algeria	Senegal	3464	3622	3275	3523	3940	4204	4338	4447	2788
DZA	SVK	Algeria	Slovakia	8	32	66	75	84	105	125	136	22
DZA	SVN	Algeria	Slovenia	4	8	25	27	35	28	40	45	11
DZA	TJK	Algeria	Tajikistan	198	160	138	133	132	129	128	128	69
DZA	TUN	Algeria	Tunisia	13757	13669	10041	9577	8068	10411	11060	11622	5550
DZA	TUR	Algeria	Türkiye	648	648	648	827	1017	1373	9030	16719	10616
DZA	VEN	Algeria	Venezuela (Bolivarian Republic of)	84	82	81	84	90	95	89	85	45
DZA	ZAF	Algeria	South Africa	622	325	301	392	716	1061	1024	855	294
ECU	ARG	Ecuador	Argentina	12	14	1049	2905	4680	6197	8066	9704	5527
ECU	AUS	Ecuador	Australia*	1183	1343	1457	1655	1934	2758	2836	3550	1862
ECU	BEL	Ecuador	Belgium	520	901	1562	2708	4783	6182	6782	7478	4455
ECU	BGR	Ecuador	Bulgaria	1	4	6	9	12	15	28	39	28
ECU	BHS	Ecuador	Bahamas	10	12	15	28	40	43	44	47	15
ECU	BOL	Ecuador	Bolivia (Plurinational State of)	299	521	738	800	861	1003	1115	1245	558
ECU	BRA	Ecuador	Brazil	927	1028	1161	1436	1700	2070	2388	2181	1227
ECU	CAN	Ecuador	Canada	7763	9090	10610	13225	14215	15761	16264	16675	9229
ECU	CHL	Ecuador	Chile	1863	3396	7168	11332	18583	25157	40005	46245	22638
ECU	CHN	Ecuador	China	133	160	191	227	274	449	708	807	429
ECU	COL	Ecuador	Colombia	9052	10136	10742	11418	13611	16342	19215	21357	10524
ECU	CRI	Ecuador	Costa Rica	736	683	971	637	1255	1272	1526	1842	799
ECU	CUB	Ecuador	Cuba	135	102	58	60	58	53	47	33	20
ECU	CYP	Ecuador	Cyprus	2	3	4	6	8	7	6	6	1
ECU	DNK	Ecuador	Denmark*	176	257	381	464	538	603	650	777	436
ECU	DOM	Ecuador	Dominican Republic	950	1055	1160	858	554	581	605	653	318
ECU	ESP	Ecuador	Spain*	2256	24946	137889	458351	491821	409807	415195	432111	231499
ECU	EST	Ecuador	Estonia	0	0	0	0	7	11	24	24	4
ECU	FIN	Ecuador	Finland*	24	35	45	103	133	180	225	265	117
ECU	GIN	Ecuador	Guinea	0	0	0	0	0	2	0	0	0
ECU	GRC	Ecuador	Greece	51	48	46	66	89	83	85	90	67
ECU	GTM	Ecuador	Guatemala	120	113	105	125	145	160	178	196	83
ECU	HND	Ecuador	Honduras	348	345	342	335	328	461	470	478	154
ECU	HUN	Ecuador	Hungary	22	49	76	94	112	107	219	258	111
ECU	ISL	Ecuador	Iceland	7	10	13	20	25	32	55	83	47
ECU	ITA	Ecuador	Italy	4984	8336	13487	38007	69313	78367	79164	76883	47509
ECU	LIE	Ecuador	Liechtenstein	0	0	0	0	10	11	12	13	10
ECU	LTU	Ecuador	Lithuania	1	1	0	0	0	1	5	5	2
ECU	LUX	Ecuador	Luxembourg	0	0	0	0	0	0	202	233	145
ECU	LVA	Ecuador	Latvia	0	0	0	0	0	2	3	3	3
ECU	MEX	Ecuador	Mexico	845	1047	1292	1683	2219	3010	4156	7582	3360
ECU	NIC	Ecuador	Nicaragua	98	78	86	97	103	111	115	119	47
ECU	NOR	Ecuador	Norway*	177	272	376	474	582	759	833	926	473
ECU	PAN	Ecuador	Panama	1414	1604	1896	1897	2282	2672	3201	4883	2178
ECU	PER	Ecuador	Peru	1419	2000	2541	3228	4366	6215	8458	10046	5405
ECU	PRI	Ecuador	Puerto Rico*	573	675	780	949	999	851	348	314	168
ECU	PRT	Ecuador	Portugal	65	140	222	335	394	447	511	575	296
ECU	SLV	Ecuador	El Salvador	155	126	97	108	118	123	124	126	66
ECU	SVK	Ecuador	Slovakia	1	10	22	25	28	36	48	52	22
ECU	SVN	Ecuador	Slovenia	0	0	16	4	13	9	10	11	8
ECU	USA	Ecuador	United States of America*	148336	220885	284853	350434	451974	447534	469786	561895	275625
ECU	VEN	Ecuador	Venezuela (Bolivarian Republic of)	24600	26835	28999	31597	34782	36973	34858	33255	17248
EGY	ARE	Egypt	United Arab Emirates	165437	204664	254074	335290	562083	707918	741460	841883	327579
EGY	ARG	Egypt	Argentina	250	242	236	250	273	283	291	298	170
EGY	ATG	Egypt	Antigua and Barbuda	12	10	8	9	9	10	9	9	4
EGY	AUS	Egypt	Australia*	37470	38550	37608	38735	41795	44717	47278	46879	22292
EGY	AUT	Egypt	Austria	5316	6690	8303	11878	12617	13662	15070	16395	6453
EGY	BEL	Egypt	Belgium	1454	1642	1852	2398	3370	4382	5353	6288	2151
EGY	BGR	Egypt	Bulgaria	30	50	69	96	120	210	358	492	132
EGY	BHR	Egypt	Bahrain	22384	24527	25371	40085	65008	72947	79462	84943	27973
EGY	BHS	Egypt	Bahamas	9	8	7	18	29	31	31	33	13
EGY	BOL	Egypt	Bolivia (Plurinational State of)	39	33	27	23	18	22	22	25	7
EGY	BRA	Egypt	Brazil	4222	3716	3335	3258	3051	3088	3396	3808	1469
EGY	CAF	Egypt	Central African Republic	67	65	58	45	45	38	39	42	24
EGY	CAN	Egypt	Canada	27287	31042	35202	40017	49616	64334	72513	79528	37698
EGY	CHN	Egypt	China	631	749	892	1061	1265	1300	1285	1423	756
EGY	CRI	Egypt	Costa Rica	19	11	8	6	12	11	13	16	1
EGY	CYP	Egypt	Cyprus	1290	1824	2358	3545	5441	4995	5156	5473	2281
EGY	CZE	Egypt	Czechia	0	0	124	292	626	865	1122	1315	254
EGY	DNK	Egypt	Denmark*	941	1141	1247	1360	1483	1771	1988	2187	749
EGY	EST	Egypt	Estonia	0	0	0	0	41	68	161	164	23
EGY	FIN	Egypt	Finland*	209	276	342	584	758	1058	1505	1772	413
EGY	FRA	Egypt	France*	20733	21311	22749	27143	29973	33678	35106	36806	13133
EGY	GHA	Egypt	Ghana	21	21	23	32	32	39	43	48	20
EGY	GIN	Egypt	Guinea	0	0	0	0	0	27	24	23	4
EGY	GRC	Egypt	Greece	12485	22258	32396	30642	29935	28209	28834	30630	13030
EGY	GTM	Egypt	Guatemala	22	21	20	24	28	31	32	35	34
EGY	HRV	Egypt	Croatia	179	254	220	123	245	247	232	221	119
EGY	HUN	Egypt	Hungary	251	390	529	649	775	1264	2220	2619	894
EGY	IRQ	Egypt	Iraq	11075	13058	12375	14394	14702	14363	14498	14705	2768
EGY	ISL	Egypt	Iceland	8	12	15	22	27	29	45	68	18
EGY	ISR	Egypt	Israel	22985	24052	22931	21359	19994	21383	23060	24428	12817
EGY	ITA	Egypt	Italy	13307	20806	31202	53164	75373	103239	133078	157018	50813
EGY	JOR	Egypt	Jordan	129780	123678	117577	147608	381955	616302	706516	767948	140407
EGY	JPN	Egypt	Japan	352	602	1049	1319	1724	1937	2331	2236	869
EGY	KWT	Egypt	Kuwait	133572	108538	118556	130001	168295	353426	410273	449863	190983
EGY	LBN	Egypt	Lebanon	10940	10940	12109	13779	15448	17117	18786	10620	2761
EGY	LBY	Egypt	Libya	8384	11822	15455	17035	18695	20932	22420	23699	6706
EGY	LIE	Egypt	Liechtenstein	0	0	0	0	13	19	19	20	6
EGY	LKA	Egypt	Sri Lanka	1	15	31	63	128	130	131	132	42
EGY	LTU	Egypt	Lithuania	3	4	3	31	56	54	86	91	20
EGY	LUX	Egypt	Luxembourg	25	23	22	19	17	25	347	401	167
EGY	LVA	Egypt	Latvia	5	8	11	26	42	37	80	74	15
EGY	MAR	Egypt	Morocco	1271	1166	1228	1303	1416	1825	2005	2176	1054
EGY	MDV	Egypt	Maldives	15	24	33	27	32	37	38	41	3
EGY	MEX	Egypt	Mexico	73	90	111	148	194	240	287	349	58
EGY	MKD	Egypt	North Macedonia	1969	1843	1717	1765	1813	1964	1971	1978	1154
EGY	MLI	Egypt	Mali	0	0	0	0	589	724	848	952	500
EGY	MLT	Egypt	Malta	255	299	379	446	383	648	1410	2451	652
EGY	MRT	Egypt	Mauritania	202	215	222	224	156	225	245	263	110
EGY	NAM	Egypt	Namibia	257	245	229	181	174	170	180	191	73
EGY	NLD	Egypt	Netherlands*	6684	7718	9303	11188	11933	13047	16892	20227	7150
EGY	NOR	Egypt	Norway*	290	310	383	500	726	1071	1355	1507	488
EGY	OMN	Egypt	Oman	19605	20046	20497	22643	29899	68029	65728	84977	23141
EGY	PAN	Egypt	Panama	21	30	42	47	63	73	87	133	49
EGY	POL	Egypt	Poland	61	99	160	299	594	1112	2059	3184	1468
EGY	PRI	Egypt	Puerto Rico*	69	72	77	60	36	35	14	13	6
EGY	PRT	Egypt	Portugal	30	64	101	256	370	420	480	540	71
EGY	PSE	Egypt	State of Palestine	17920	17515	17104	17061	20333	21218	21588	21564	9403
EGY	QAT	Egypt	Qatar	174	231	309	48263	131631	202566	179900	192680	49790
EGY	RUS	Egypt	Russian Federation	1499	1488	1425	1245	939	2038	4049	5856	1810
EGY	SAU	Egypt	Saudi Arabia	842428	901867	957366	1153829	1317642	1509854	1475593	1498313	296243
EGY	SDN	Egypt	Sudan	21455	21886	22327	23620	14675	13423	18566	32270	15841
EGY	SSD	Egypt	South Sudan	0	0	0	0	5243	5145	5275	5465	2173
EGY	SVK	Egypt	Slovakia	9	55	118	133	149	195	260	283	15
EGY	SVN	Egypt	Slovenia	14	29	51	56	91	113	142	161	31
EGY	SWE	Egypt	Sweden	1400	1853	2055	2452	3535	6022	9299	12132	4648
EGY	TUN	Egypt	Tunisia	607	602	698	667	880	1136	1206	1267	605
EGY	TUR	Egypt	Türkiye	2365	1591	817	1669	2627	4282	29478	42894	19671
EGY	USA	Egypt	United States of America*	68959	86749	114611	133243	148183	192005	229880	262714	119626
EGY	VEN	Egypt	Venezuela (Bolivarian Republic of)	472	350	258	225	198	185	173	165	76
EGY	YEM	Egypt	Yemen	8579	8886	9206	9808	10621	7596	7739	7857	3360
EGY	ZAF	Egypt	South Africa	2615	1908	1879	3223	2902	3437	2657	2476	709
EGY	ZMB	Egypt	Zambia	235	139	83	116	164	144	200	265	94
ERI	ARE	Eritrea	United Arab Emirates	3833	4851	6106	7426	12081	15215	15935	18093	6709
ERI	AUS	Eritrea	Australia*	865	1184	1765	2293	3072	4662	6230	6928	3602
ERI	BEL	Eritrea	Belgium	0	0	0	2	19	310	1990	5434	1676
ERI	BGR	Eritrea	Bulgaria	1	2	2	3	3	3	13	18	1
ERI	BHR	Eritrea	Bahrain	519	579	609	888	1397	1567	1706	1824	565
ERI	BOL	Eritrea	Bolivia (Plurinational State of)	0	1	1	1	0	0	0	0	0
ERI	CAN	Eritrea	Canada	2333	3228	4468	5961	7795	14071	28286	42246	19823
ERI	CHE	Eritrea	Switzerland	999	1606	2592	4335	7010	15401	27685	31946	14726
ERI	CYP	Eritrea	Cyprus	1	2	2	3	3	2	1	1	1
ERI	DNK	Eritrea	Denmark*	0	16	86	168	217	1896	5813	5985	2540
ERI	EGY	Eritrea	Egypt	270	303	523	595	1875	3285	18937	32390	15403
ERI	ETH	Eritrea	Ethiopia	64266	49258	27869	19447	40794	139524	169990	176860	88939
ERI	FIN	Eritrea	Finland*	0	5	9	38	56	128	866	1019	312
ERI	GIN	Eritrea	Guinea	0	0	0	0	0	23	20	19	6
ERI	GRC	Eritrea	Greece	137	117	99	193	296	395	1333	1416	700
ERI	HUN	Eritrea	Hungary	0	3	6	9	11	29	40	47	18
ERI	IDN	Eritrea	Indonesia	0	0	0	0	0	30	264	171	58
ERI	IRQ	Eritrea	Iraq	359	732	694	808	826	806	812	824	261
ERI	ISL	Eritrea	Iceland	0	1	1	2	3	7	9	14	6
ERI	ISR	Eritrea	Israel	0	0	30	66	14425	30240	17896	7896	1691
ERI	ITA	Eritrea	Italy	12523	12745	12537	12047	12180	12713	10516	9107	4929
ERI	KEN	Eritrea	Kenya	0	66	961	696	1686	2127	1851	1749	871
ERI	KWT	Eritrea	Kuwait	3095	2558	2850	3156	4115	4304	4996	5478	2186
ERI	LBY	Eritrea	Libya	1023	1230	1459	1608	2600	4646	5501	5815	1800
ERI	LIE	Eritrea	Liechtenstein	0	0	0	0	0	7	16	17	10
ERI	LTU	Eritrea	Lithuania	12	9	7	6	5	5	30	32	9
ERI	LUX	Eritrea	Luxembourg	0	0	0	0	0	0	701	810	291
ERI	LVA	Eritrea	Latvia	0	0	0	0	0	0	5	5	0
ERI	MLT	Eritrea	Malta	10	12	15	19	1354	929	2023	3516	1585
ERI	NLD	Eritrea	Netherlands*	120	194	345	658	1185	5683	19068	27133	12142
ERI	NOR	Eritrea	Norway*	19	44	530	1780	4828	15150	22974	25546	10686
ERI	QAT	Eritrea	Qatar	445	590	789	1078	2323	2296	5764	6174	1549
ERI	SDN	Eritrea	Sudan	64790	287519	435158	196564	142187	159748	220960	384053	189715
ERI	SLE	Eritrea	Sierra Leone	0	0	0	0	0	1	0	0	0
ERI	SOM	Eritrea	Somalia	0	0	0	18	37	34	36	48	20
ERI	SSD	Eritrea	South Sudan	0	0	0	0	3372	3318	3402	3524	1402
ERI	SVN	Eritrea	Slovenia	0	0	0	0	3	8	64	73	8
ERI	SWE	Eritrea	Sweden	637	1030	2603	5093	9606	25145	46543	59751	26099
ERI	UGA	Eritrea	Uganda	0	0	28	148	5278	9379	15472	41731	23092
ERI	VEN	Eritrea	Venezuela (Bolivarian Republic of)	25	24	24	25	27	28	25	24	10
ERI	YEM	Eritrea	Yemen	0	2500	2766	789	1515	1902	1937	1966	659
ERI	ZAF	Eritrea	South Africa	12	13	460	1191	1128	3580	3565	3109	983
ESH	DZA	Western Sahara	Algeria	167905	166903	165911	131163	144125	156658	162952	168862	79723
ESH	GRC	Western Sahara	Greece	203	103	4	2	0	3	6	6	2
ESH	HUN	Western Sahara	Hungary	0	0	0	0	0	1	0	0	0
ESH	LVA	Western Sahara	Latvia	0	0	0	0	0	1	0	0	0
ESH	MRT	Western Sahara	Mauritania	0	0	0	0	26001	28007	30652	32947	15575
ESH	NOR	Western Sahara	Norway*	0	0	0	5	0	42	30	33	4
ESH	SVN	Western Sahara	Slovenia	0	0	0	0	1	3	1	1	1
ESH	ZAF	Western Sahara	South Africa	12	12	12	11	27	69	171	258	136
ESP	AND	Spain*	Andorra	27103	26972	26841	28450	25929	20577	22196	23577	11869
ESP	ARG	Spain*	Argentina	234460	183440	143925	116356	94910	72149	54972	54371	31976
ESP	ATG	Spain*	Antigua and Barbuda	5	8	10	11	11	12	11	11	5
ESP	AUS	Spain*	Australia*	14752	14782	14182	14329	14921	17736	19333	19279	9935
ESP	AUT	Spain*	Austria	818	1263	1921	2755	3601	6559	8100	10355	5030
ESP	BEL	Spain*	Belgium	40354	38771	37236	35606	37826	46582	50690	58242	30752
ESP	BGR	Spain*	Bulgaria	18	346	674	1057	1417	4589	7450	10245	4823
ESP	BHS	Spain*	Bahamas	32	40	49	76	102	111	117	124	24
ESP	BLR	Spain*	Belarus	31	34	37	36	34	35	33	33	17
ESP	BMU	Spain*	Bermuda*	94	102	94	63	28	38	30	31	14
ESP	BOL	Spain*	Bolivia (Plurinational State of)	1644	1651	1641	6059	10463	12183	13568	15148	7114
ESP	BRA	Spain*	Brazil	60183	50174	42602	36709	30013	24343	18904	33197	14619
ESP	CAN	Spain*	Canada	11237	10791	10344	10289	10108	13007	11807	11315	5491
ESP	CHE	Spain*	Switzerland	31223	35436	40427	48070	54975	68205	68631	71167	35192
ESP	CHL	Spain*	Chile	9742	9338	9151	9844	10599	14731	20472	18086	7900
ESP	CHN	Spain*	China	1688	1998	2377	2830	3346	3059	2692	2945	1564
ESP	COL	Spain*	Colombia	3086	3899	4541	5320	7910	11923	16526	19547	8069
ESP	CPV	Spain*	Cabo Verde	30	40	50	94	138	143	150	157	82
ESP	CRI	Spain*	Costa Rica	1829	1392	1650	1082	2132	2163	2595	3132	1314
ESP	CUB	Spain*	Cuba	10703	8112	5917	3449	1908	999	505	357	198
ESP	CUW	Spain*	Curaçao*	21	21	21	21	20	20	22	31	21
ESP	CYM	Spain*	Cayman Islands*	8	16	29	27	28	29	32	35	19
ESP	CYP	Spain*	Cyprus	39	55	71	107	163	149	153	162	116
ESP	CZE	Spain*	Czechia	0	0	127	337	783	1339	2195	2806	1018
ESP	DEU	Spain*	Germany	99765	99233	96669	75548	72088	118056	145118	166899	85796
ESP	DNK	Spain*	Denmark*	1652	2181	2687	3218	4528	6422	8097	10780	5264
ESP	DOM	Spain*	Dominican Republic	7354	8168	8982	7852	6721	6967	7272	7844	2953
ESP	ECU	Spain*	Ecuador	2782	2916	3056	5800	14337	17272	19769	21320	10170
ESP	EGY	Spain*	Egypt	425	529	659	794	880	0	933	786	296
ESP	EST	Spain*	Estonia	0	0	0	0	164	393	730	744	328
ESP	FIN	Spain*	Finland*	502	579	655	1183	1544	2567	3046	3586	1460
ESP	FRA	Spain*	France*	418359	373534	334416	306890	283624	285827	276834	254830	142183
ESP	GBR	Spain*	United Kingdom*	37601	44692	52956	65657	81989	117365	172026	211894	102859
ESP	GEO	Spain*	Georgia	0	0	20	18	18	18	17	17	8
ESP	GIB	Spain*	Gibraltar*	2392	2235	2077	2010	1942	2072	2095	2114	1330
ESP	GIN	Spain*	Guinea	59	68	73	511	1022	1187	1139	1101	449
ESP	GNQ	Spain*	Equatorial Guinea	324	429	534	779	1023	1279	1536	1658	665
ESP	GRC	Spain*	Greece	2586	1760	963	1085	1250	1177	1202	1277	827
ESP	GTM	Spain*	Guatemala	944	889	833	991	1148	1259	1418	1560	577
ESP	HKG	Spain*	China, Hong Kong SAR	269	300	331	362	393	401	418	432	234
ESP	HND	Spain*	Honduras	371	381	391	383	374	525	536	546	233
ESP	HRV	Spain*	Croatia	0	31	59	123	187	188	175	167	96
ESP	HTI	Spain*	Haiti	1297	1232	1170	1111	1166	1224	1280	1327	481
ESP	HUN	Spain*	Hungary	54	437	819	1006	1202	1788	2599	3066	1451
ESP	IRL	Spain*	Ireland	1680	2046	4525	7281	7067	10833	16145	20849	11794
ESP	ISL	Spain*	Iceland	105	130	154	224	288	540	991	1497	633
ESP	ISR	Spain*	Israel	2864	3433	2789	2166	1647	1750	1887	1993	1063
ESP	ITA	Spain*	Italy	14089	16720	19278	21322	24547	29775	38174	37029	24219
ESP	JPN	Spain*	Japan	831	1101	1314	1540	1880	4489	5327	3896	1324
ESP	LBR	Spain*	Liberia	286	279	275	124	57	65	49	40	21
ESP	LBY	Spain*	Libya	1282	900	534	589	647	724	774	818	303
ESP	LIE	Spain*	Liechtenstein	191	391	585	429	274	275	267	285	132
ESP	LKA	Spain*	Sri Lanka	0	3	8	17	36	35	34	34	19
ESP	LTU	Spain*	Lithuania	1450	935	732	745	658	630	833	878	363
ESP	LUX	Spain*	Luxembourg	1911	2142	2397	2495	2621	3998	5651	6528	3209
ESP	LVA	Spain*	Latvia	18	17	17	107	196	148	220	203	72
ESP	MAR	Spain*	Morocco	2802	2571	2708	2872	3121	4025	4421	4797	2324
ESP	MDA	Spain*	Republic of Moldova*	12	12	13	45	151	406	563	303	158
ESP	MEX	Spain*	Mexico	24923	22779	20944	19875	18967	19832	20831	21623	8690
ESP	MLT	Spain*	Malta	11	14	35	56	123	209	453	787	335
ESP	MRT	Spain*	Mauritania	77	82	84	85	59	84	90	97	34
ESP	MUS	Spain*	Mauritius	15	7	3	13	24	27	26	26	8
ESP	NAM	Spain*	Namibia	508	485	452	357	344	336	358	380	155
ESP	NCL	Spain*	New Caledonia*	94	109	124	132	140	107	112	118	60
ESP	NIC	Spain*	Nicaragua	557	442	415	400	427	460	480	498	216
ESP	NLD	Spain*	Netherlands*	17333	17437	18158	18303	19942	25730	33171	43909	21973
ESP	NOR	Spain*	Norway*	1321	1403	1610	1824	2674	6239	7350	8173	3766
ESP	PAN	Spain*	Panama	2506	2432	2512	2576	3162	3702	4447	6784	2468
ESP	PER	Spain*	Peru	3318	3672	4018	4397	5632	8252	11229	13320	4975
ESP	POL	Spain*	Poland	335	541	875	1608	3129	5203	8438	12179	5730
ESP	PRI	Spain*	Puerto Rico*	4542	4168	3806	3281	2344	1816	2604	2353	1260
ESP	PRT	Spain*	Portugal	11027	12207	13884	15191	13976	15843	18175	20446	11693
ESP	PRY	Spain*	Paraguay	1114	1057	998	950	905	883	955	1018	428
ESP	PYF	Spain*	French Polynesia*	72	79	85	88	85	80	80	80	19
ESP	ROU	Spain*	Romania	100	143	196	946	8766	27022	57063	85101	41837
ESP	RUS	Spain*	Russian Federation	840	850	831	1110	1344	1455	1576	1672	772
ESP	SLV	Spain*	El Salvador	855	664	473	493	512	534	542	549	236
ESP	SRB	Spain*	Serbia*	418	402	382	366	342	319	298	276	155
ESP	SVK	Spain*	Slovakia	10	240	537	603	676	885	1304	1418	634
ESP	SVN	Spain*	Slovenia	128	278	30	43	106	463	204	231	112
ESP	SWE	Spain*	Sweden	4883	4964	5058	5569	6652	9859	12808	15166	6913
ESP	SYC	Spain*	Seychelles	11	10	10	16	22	24	23	23	17
ESP	TWN	Spain*	China, Taiwan Province of China	74	101	125	135	178	318	403	411	118
ESP	URY	Spain*	Uruguay	34478	29447	24303	18858	15718	16232	19374	24980	13337
ESP	USA	Spain*	United States of America*	101820	82362	112414	114571	127257	141349	155463	168755	80911
ESP	VEN	Spain*	Venezuela (Bolivarian Republic of)	109078	92458	77650	75453	74051	74582	70318	67085	31615
ESP	ZAF	Spain*	South Africa	891	650	667	777	896	800	650	641	301
EST	ARG	Estonia	Argentina	188	182	178	188	206	213	219	224	127
EST	AUS	Estonia	Australia*	2805	2547	1963	1654	2228	3443	3553	3498	2061
EST	AZE	Estonia	Azerbaijan	1287	1056	843	623	322	77	12	10	6
EST	BGR	Estonia	Bulgaria	4	16	27	41	54	64	103	142	95
EST	BHS	Estonia	Bahamas	0	0	0	8	15	16	15	16	10
EST	BLR	Estonia	Belarus	3429	3397	3365	3232	3099	3243	3194	3157	2083
EST	BOL	Estonia	Bolivia (Plurinational State of)	0	2	4	5	5	7	6	7	6
EST	BRA	Estonia	Brazil	5	221	180	196	179	192	202	210	95
EST	CHL	Estonia	Chile	25	31	41	60	89	151	349	385	318
EST	CRI	Estonia	Costa Rica	2	2	2	2	4	3	3	4	4
EST	CYP	Estonia	Cyprus	7	10	13	19	30	26	26	28	22
EST	DNK	Estonia	Denmark*	3	169	470	625	1096	1481	1424	1483	1040
EST	FIN	Estonia	Finland*	5711	3285	6569	16258	21761	41006	47280	55655	27710
EST	GEO	Estonia	Georgia	846	720	120	113	114	119	121	124	84
EST	GRC	Estonia	Greece	146	102	60	96	137	128	130	138	103
EST	HRV	Estonia	Croatia	0	3	5	13	20	20	17	16	11
EST	HUN	Estonia	Hungary	39	63	87	107	126	148	160	189	137
EST	ISL	Estonia	Iceland	0	11	21	81	137	129	178	269	160
EST	ITA	Estonia	Italy	110	184	297	659	1132	1373	1515	1524	1240
EST	KAZ	Estonia	Kazakhstan	2141	1490	1146	1175	1218	1262	1308	1346	597
EST	KGZ	Estonia	Kyrgyzstan	1544	1307	1033	848	651	573	557	545	321
EST	LIE	Estonia	Liechtenstein	13	15	17	9	2	2	1	1	1
EST	LTU	Estonia	Lithuania	1514	1414	1107	1107	958	816	822	866	465
EST	LUX	Estonia	Luxembourg	18	16	16	179	345	526	597	690	477
EST	LVA	Estonia	Latvia	1675	2872	4069	3803	3442	3081	2847	2622	1418
EST	MDA	Estonia	Republic of Moldova*	556	404	295	215	151	99	45	57	30
EST	NOR	Estonia	Norway*	23	159	302	626	1975	5013	4742	5273	2418
EST	PRT	Estonia	Portugal	66	141	223	182	112	128	145	163	117
EST	RUS	Estonia	Russian Federation	62441	65943	67055	63001	56895	43974	33399	24906	13320
EST	SVK	Estonia	Slovakia	3	15	33	38	42	55	69	75	50
EST	SVN	Estonia	Slovenia	0	0	3	0	18	28	24	27	15
EST	SWE	Estonia	Sweden	11482	11213	10315	9893	9981	10291	9718	9461	5291
EST	UKR	Estonia	Ukraine*	10585	11068	11687	10678	10188	10222	10392	10531	5248
EST	VEN	Estonia	Venezuela (Bolivarian Republic of)	46	45	45	46	49	52	47	45	33
EST	ZAF	Estonia	South Africa	12	12	12	65	122	233	408	529	87
ETH	ARE	Ethiopia	United Arab Emirates	2699	3416	4300	4519	6904	8696	9107	10340	3832
ETH	ATG	Ethiopia	Antigua and Barbuda	1	38	74	80	85	90	92	95	50
ETH	AUS	Ethiopia	Australia*	1491	2306	3642	6064	8939	13123	15644	17141	9067
ETH	BEL	Ethiopia	Belgium	346	560	906	1516	2819	4203	5842	8073	3401
ETH	BGR	Ethiopia	Bulgaria	26	30	34	41	49	50	63	87	26
ETH	BHR	Ethiopia	Bahrain	365	407	429	542	797	894	973	1040	322
ETH	BLR	Ethiopia	Belarus	11	18	25	24	23	25	23	23	0
ETH	BOL	Ethiopia	Bolivia (Plurinational State of)	4	4	4	3	2	3	2	2	0
ETH	CAN	Ethiopia	Canada	10757	12078	13439	19004	24429	32619	40363	46425	25146
ETH	CHL	Ethiopia	Chile	14	18	24	34	51	86	202	222	183
ETH	CHN	Ethiopia	China	200	241	287	341	416	797	1469	1704	905
ETH	CRI	Ethiopia	Costa Rica	2	1	1	2	2	1	1	1	0
ETH	CYP	Ethiopia	Cyprus	20	29	37	55	85	77	78	83	50
ETH	DJI	Ethiopia	Djibouti	13405	10943	11023	10103	11222	11676	12578	13235	7382
ETH	DNK	Ethiopia	Denmark*	605	830	1073	1238	1686	2145	2256	2443	1073
ETH	EGY	Ethiopia	Egypt	1087	465	701	930	1185	5572	16476	17747	8439
ETH	ERI	Ethiopia	Eritrea	1284	687	91	1554	90	108	94	84	38
ETH	EST	Ethiopia	Estonia	0	0	0	0	4	7	14	14	3
ETH	FIN	Ethiopia	Finland*	203	394	584	1073	1434	1845	2456	2891	1254
ETH	FRO	Ethiopia	Faroe Islands*	0	0	1	5	27	36	39	46	15
ETH	GHA	Ethiopia	Ghana	16	16	18	25	25	30	33	37	16
ETH	GIN	Ethiopia	Guinea	0	0	0	0	0	12	10	10	3
ETH	GRC	Ethiopia	Greece	3422	2929	2484	2479	2563	2414	2466	2620	1736
ETH	HUN	Ethiopia	Hungary	31	61	90	111	132	127	199	235	77
ETH	IDN	Ethiopia	Indonesia	0	0	0	0	0	206	173	119	40
ETH	ISL	Ethiopia	Iceland	13	22	31	47	62	71	88	133	71
ETH	ISR	Ethiopia	Israel	35323	44018	55262	67519	81526	87563	95201	101417	50542
ETH	ITA	Ethiopia	Italy	6608	9223	12433	17191	23644	26441	27383	25419	14860
ETH	KEN	Ethiopia	Kenya	26695	29521	20846	20917	35309	36889	32115	30353	13728
ETH	KWT	Ethiopia	Kuwait	2178	1801	2007	2223	2897	3275	3799	4166	1662
ETH	LBN	Ethiopia	Lebanon	36585	36585	40495	46077	51659	57241	62822	50432	13112
ETH	LBY	Ethiopia	Libya	1618	1470	1347	1485	1630	1825	1952	2063	729
ETH	LCA	Ethiopia	Saint Lucia	2	2	4	3	3	2	0	0	0
ETH	LIE	Ethiopia	Liechtenstein	0	0	0	0	6	10	9	10	4
ETH	LTU	Ethiopia	Lithuania	1	0	0	0	0	1	2	2	0
ETH	LUX	Ethiopia	Luxembourg	0	0	0	0	0	0	244	282	140
ETH	MLT	Ethiopia	Malta	25	30	37	45	280	475	1034	1797	740
ETH	NAM	Ethiopia	Namibia	312	298	278	219	211	206	220	233	158
ETH	NIC	Ethiopia	Nicaragua	36	29	49	72	76	81	83	86	32
ETH	NLD	Ethiopia	Netherlands*	6242	6903	7456	7991	8655	11212	19412	22584	11128
ETH	NOR	Ethiopia	Norway*	1681	2227	2567	3028	5137	7900	9493	10556	5213
ETH	PRT	Ethiopia	Portugal	3	7	12	21	27	30	32	36	13
ETH	QAT	Ethiopia	Qatar	632	839	1120	977	1786	2064	1663	1781	445
ETH	SAU	Ethiopia	Saudi Arabia	13622	20041	22195	29520	67124	155294	160421	180746	130623
ETH	SDN	Ethiopia	Sudan	942295	496740	123478	107732	73623	50734	70173	121969	64656
ETH	SOM	Ethiopia	Somalia	460000	18044	555	1148	26183	13641	21764	28964	13587
ETH	SSD	Ethiopia	South Sudan	0	0	0	0	8509	12786	13110	13582	6379
ETH	SVK	Ethiopia	Slovakia	5	10	19	22	25	31	39	42	15
ETH	SVN	Ethiopia	Slovenia	0	0	13	14	13	16	15	17	8
ETH	SWE	Ethiopia	Sweden	13181	13418	12159	11233	13463	16406	21922	24644	12424
ETH	SWZ	Ethiopia	Eswatini	0	3	15	20	26	30	28	28	13
ETH	UGA	Ethiopia	Uganda	0	22	236	340	1770	2364	3098	10059	5566
ETH	USA	Ethiopia	United States of America*	31919	9826	74613	112568	171081	237172	285055	363811	188123
ETH	VEN	Ethiopia	Venezuela (Bolivarian Republic of)	29	28	28	29	33	35	32	31	10
ETH	YEM	Ethiopia	Yemen	15804	687	1703	1916	6181	15740	16039	16283	6060
ETH	ZAF	Ethiopia	South Africa	12	109	698	11887	22273	72207	117442	104402	17133
FIN	AUS	Finland*	Australia*	9389	9390	9412	9503	9523	9175	8576	7752	4861
FIN	BEL	Finland*	Belgium	1018	1649	2703	2816	2823	2554	2549	2596	1724
FIN	BGR	Finland*	Bulgaria	10	19	28	40	51	129	211	290	143
FIN	BLR	Finland*	Belarus	1185	1688	2190	2104	2017	2111	2079	2055	1101
FIN	BOL	Finland*	Bolivia (Plurinational State of)	75	59	43	39	34	41	43	48	23
FIN	BRA	Finland*	Brazil	278	218	173	289	491	686	838	626	227
FIN	CAN	Finland*	Canada	17112	15620	14257	12707	10422	10068	8685	7526	4430
FIN	CHL	Finland*	Chile	89	105	122	145	165	209	239	264	215
FIN	CHN	Finland*	China	682	799	951	1131	1320	859	537	575	306
FIN	CRI	Finland*	Costa Rica	18	14	17	12	23	22	26	31	20
FIN	CYM	Finland*	Cayman Islands*	2	6	11	10	10	9	10	11	6
FIN	CYP	Finland*	Cyprus	123	174	225	338	518	474	489	519	387
FIN	DNK	Finland*	Denmark*	3515	3707	3658	3515	3591	3779	3980	3948	2730
FIN	DOM	Finland*	Dominican Republic	45	50	55	41	27	27	27	29	17
FIN	EGY	Finland*	Egypt	191	224	263	298	312	0	293	236	104
FIN	EST	Finland*	Estonia	651	1010	1369	1891	2398	3870	5928	6040	2322
FIN	GEO	Finland*	Georgia	0	0	12	11	11	11	10	10	7
FIN	GIN	Finland*	Guinea	0	0	0	0	0	6	4	4	0
FIN	GRC	Finland*	Greece	1528	1175	841	815	816	768	784	833	682
FIN	GRL	Finland*	Greenland*	16	9	13	8	11	13	12	12	8
FIN	HRV	Finland*	Croatia	0	13	24	32	39	39	36	34	22
FIN	HUN	Finland*	Hungary	92	284	476	586	699	721	922	1088	551
FIN	ISL	Finland*	Iceland	75	97	119	153	182	178	236	356	234
FIN	ISR	Finland*	Israel	470	577	610	625	641	657	673	687	376
FIN	ITA	Finland*	Italy	1783	1985	2151	2299	2553	2663	2751	2577	1979
FIN	KGZ	Finland*	Kyrgyzstan	361	303	237	185	132	116	111	109	46
FIN	LBY	Finland*	Libya	538	569	611	674	740	828	885	936	334
FIN	LIE	Finland*	Liechtenstein	1	1	1	4	9	8	8	9	6
FIN	LKA	Finland*	Sri Lanka	0	6	14	29	61	61	60	61	41
FIN	LTU	Finland*	Lithuania	74	83	65	89	101	108	164	173	67
FIN	LUX	Finland*	Luxembourg	243	445	653	749	854	1302	1154	1333	750
FIN	LVA	Finland*	Latvia	1199	684	170	226	277	170	151	139	58
FIN	MEX	Finland*	Mexico	85	103	126	137	148	170	195	222	132
FIN	MLT	Finland*	Malta	8	10	25	41	65	109	234	407	228
FIN	MNG	Finland*	Mongolia	20	21	24	12	3	3	2	2	0
FIN	NAM	Finland*	Namibia	116	110	104	82	79	77	81	86	61
FIN	NOR	Finland*	Norway*	4257	4533	6635	6476	6593	6779	7182	7986	4846
FIN	PAN	Finland*	Panama	7	8	11	23	40	46	55	84	40
FIN	POL	Finland*	Poland	96	129	173	215	258	372	555	652	338
FIN	PRT	Finland*	Portugal	91	196	310	329	295	334	381	429	264
FIN	ROU	Finland*	Romania	118	111	104	98	91	83	77	71	57
FIN	RUS	Finland*	Russian Federation	1737	1899	1994	2103	2164	1791	1477	1227	662
FIN	SVK	Finland*	Slovakia	4	44	98	111	124	154	208	226	105
FIN	SVN	Finland*	Slovenia	2	4	11	12	29	33	39	44	24
FIN	SWE	Finland*	Sweden	218888	206860	196304	185076	170856	157247	142468	129139	79216
FIN	VEN	Finland*	Venezuela (Bolivarian Republic of)	64	63	62	64	68	72	67	64	37
FIN	ZAF	Finland*	South Africa	461	453	311	274	279	284	290	288	177
FJI	ASM	Fiji	American Samoa*	50	101	152	243	333	332	332	333	165
FJI	AUS	Fiji	Australia*	33513	39284	46792	54816	63911	72652	76355	83435	44215
FJI	BGR	Fiji	Bulgaria	0	1	1	2	2	1	0	0	0
FJI	BOL	Fiji	Bolivia (Plurinational State of)	0	1	2	1	0	0	0	0	0
FJI	CAN	Fiji	Canada	15484	18347	21714	24193	24843	25117	24774	24028	13129
FJI	COK	Fiji	Cook Islands*	78	81	84	111	138	480	527	568	270
FJI	CRI	Fiji	Costa Rica	1	1	1	2	2	1	1	1	1
FJI	CYP	Fiji	Cyprus	1	2	2	3	3	2	1	1	1
FJI	DNK	Fiji	Denmark*	14	18	20	23	23	26	33	30	18
FJI	EST	Fiji	Estonia	0	0	0	0	0	1	0	0	0
FJI	FIN	Fiji	Finland*	5	6	6	7	7	9	9	11	5
FJI	GIN	Fiji	Guinea	0	0	0	0	0	3	1	1	0
FJI	GRC	Fiji	Greece	11	10	9	5	1	0	0	0	0
FJI	HUN	Fiji	Hungary	0	0	0	0	0	4	4	5	1
FJI	IND	Fiji	India	2038	776	242	168	133	123	115	108	97
FJI	ISL	Fiji	Iceland	0	0	0	1	2	1	0	0	0
FJI	KIR	Fiji	Kiribati	221	248	275	382	489	497	531	561	263
FJI	LUX	Fiji	Luxembourg	0	0	0	0	0	0	4	5	5
FJI	MHL	Fiji	Marshall Islands	43	56	67	86	111	118	117	117	43
FJI	NIU	Fiji	Niue*	24	32	41	43	41	40	39	39	18
FJI	NOR	Fiji	Norway*	12	17	24	27	40	41	41	46	19
FJI	NRU	Fiji	Nauru	221	204	188	176	58	91	105	122	43
FJI	NZL	Fiji	New Zealand*	12231	17996	24784	36119	47256	57371	65339	70552	36285
FJI	PNG	Fiji	Papua New Guinea	128	131	98	98	83	84	83	83	26
FJI	PYF	Fiji	French Polynesia*	27	29	32	33	32	30	30	30	15
FJI	SLB	Fiji	Solomon Islands	220	218	208	154	110	103	100	98	41
FJI	SVN	Fiji	Slovenia	0	0	0	0	1	1	0	0	0
FJI	TON	Fiji	Tonga	369	417	466	544	582	499	470	450	199
FJI	TUV	Fiji	Tuvalu	114	81	60	54	48	51	55	57	22
FJI	VUT	Fiji	Vanuatu	166	146	129	176	216	230	235	239	119
FJI	WSM	Fiji	Samoa	68	120	173	162	142	118	110	105	59
FLK	AUS	Falkland Islands (Malvinas)*	Australia*	114	115	130	120	130	120	92	79	41
FLK	COL	Falkland Islands (Malvinas)*	Colombia	968	1724	1395	980	283	71	13	13	12
FLK	EST	Falkland Islands (Malvinas)*	Estonia	0	0	0	0	0	1	0	0	0
FLK	HUN	Falkland Islands (Malvinas)*	Hungary	0	0	0	0	0	0	1	1	1
FLK	NOR	Falkland Islands (Malvinas)*	Norway*	0	0	0	0	1	1	0	0	0
FRA	AND	France*	Andorra	4135	4216	4298	4875	4796	3890	4194	4455	2016
FRA	ARE	France*	United Arab Emirates	433	1100	1812	5636	11336	14277	14952	16977	7183
FRA	ARG	France*	Argentina	8162	7425	6772	6751	6886	5564	4407	4394	2195
FRA	ATG	France*	Antigua and Barbuda	32	33	34	37	39	41	41	43	22
FRA	AUS	France*	Australia*	13349	16013	18100	21133	28213	36539	40124	40681	19555
FRA	AUT	France*	Austria	3720	4624	5664	6676	7549	8387	9563	10544	5502
FRA	BDI	France*	Burundi	321	310	237	232	248	302	358	402	207
FRA	BEL	France*	Belgium	147728	149698	151704	155088	173219	183005	188926	196995	105944
FRA	BEN	France*	Benin	370	510	650	909	1161	1304	1402	1487	733
FRA	BGR	France*	Bulgaria	63	165	267	392	509	1560	3021	4154	1861
FRA	BHR	France*	Bahrain	58	122	180	665	1313	1473	1605	1715	627
FRA	BHS	France*	Bahamas	38	89	141	137	132	143	152	161	56
FRA	BIH	France*	Bosnia and Herzegovina	259	238	217	152	175	174	162	153	81
FRA	BMU	France*	Bermuda*	106	114	105	92	79	101	99	101	47
FRA	BOL	France*	Bolivia (Plurinational State of)	491	597	696	880	1063	1238	1377	1537	644
FRA	BRA	France*	Brazil	9093	8589	8264	8944	9325	10144	10766	11237	3401
FRA	BTN	France*	Bhutan	14	17	19	24	29	30	30	31	15
FRA	CAF	France*	Central African Republic	10577	13090	14506	11322	11120	9580	10135	10823	5328
FRA	CAN	France*	Canada	53687	61779	68284	78284	106760	134522	123962	131039	61652
FRA	CHE	France*	Switzerland	99313	105573	112955	126528	135578	156030	175221	195100	95256
FRA	CHL	France*	Chile	2029	2358	2844	3445	3975	5080	8410	6250	3030
FRA	CHN	France*	China	7511	8855	10539	12544	14748	11949	9317	10089	5359
FRA	CMR	France*	Cameroon	11808	10986	10163	4643	3695	4615	5376	5968	3042
FRA	COG	France*	Congo	8574	6041	5127	3260	7765	10320	10251	10198	4647
FRA	COL	France*	Colombia	1235	1414	1526	1654	2064	2596	3166	3574	1264
FRA	COM	France*	Comoros	543	538	532	509	486	482	479	477	202
FRA	CPV	France*	Cabo Verde	102	137	172	183	194	201	211	221	117
FRA	CRI	France*	Costa Rica	539	482	666	437	861	873	1046	1262	535
FRA	CUB	France*	Cuba	328	249	151	134	113	90	69	49	24
FRA	CYM	France*	Cayman Islands*	11	22	40	36	36	38	41	45	15
FRA	CYP	France*	Cyprus	228	323	417	627	961	881	908	964	577
FRA	CZE	France*	Czechia	2718	3140	3565	3961	4405	4420	4364	4320	1606
FRA	DEU	France*	Germany	83304	101076	113584	107970	116501	135841	153730	155932	82950
FRA	DMA	France*	Dominica	29	38	45	56	69	80	80	82	26
FRA	DNK	France*	Denmark*	2674	3236	4130	4515	6141	6858	8238	10002	4618
FRA	DOM	France*	Dominican Republic	2524	2804	3083	2515	1945	3731	3894	4200	1251
FRA	DZA	France*	Algeria	2086	1321	556	439	482	523	543	563	322
FRA	ECU	France*	Ecuador	806	861	920	1051	1234	1083	928	787	321
FRA	EGY	France*	Egypt	1820	2157	2561	2938	3102	0	2984	2419	975
FRA	ERI	France*	Eritrea	108	159	211	283	360	436	380	341	159
FRA	ESH	France*	Western Sahara	140	155	171	202	233	268	279	290	143
FRA	ESP	France*	Spain*	132349	142733	153520	187208	209075	199180	208191	217960	111780
FRA	EST	France*	Estonia	42	65	88	151	212	536	960	978	393
FRA	FIN	France*	Finland*	538	727	916	1461	1850	2268	2684	3159	1162
FRA	GAB	France*	Gabon	4969	6645	8312	9056	10497	14678	16146	17428	6307
FRA	GBR	France*	United Kingdom*	50575	68006	90748	111713	135705	150186	163882	174571	90658
FRA	GEO	France*	Georgia	0	0	41	38	38	39	39	40	26
FRA	GHA	France*	Ghana	117	116	130	183	182	223	254	284	121
FRA	GIN	France*	Guinea	1642	1893	1325	927	648	248	237	229	68
FRA	GLP	France*	Guadeloupe*	31775	40430	49084	51403	53722	51467	50960	50623	29102
FRA	GNB	France*	Guinea-Bissau	71	91	111	108	104	110	79	66	19
FRA	GNQ	France*	Equatorial Guinea	1154	1529	1903	2776	3649	4561	5482	5917	3165
FRA	GRC	France*	Greece	10626	8518	6549	6696	7090	6680	6826	7251	4298
FRA	GRL	France*	Greenland*	10	8	7	10	12	14	13	13	4
FRA	GTM	France*	Guatemala	294	229	163	194	224	246	275	302	89
FRA	GUF	France*	French Guiana*	15361	18094	20826	20818	20809	20934	23526	25829	12220
FRA	HKG	France*	China, Hong Kong SAR	1470	1641	1811	1978	2149	2196	2289	2367	895
FRA	HND	France*	Honduras	109	108	107	105	103	144	146	149	62
FRA	HRV	France*	Croatia	831	651	401	1075	1749	1760	1655	1577	822
FRA	HTI	France*	Haiti	445	422	400	379	397	416	434	450	173
FRA	HUN	France*	Hungary	1793	2203	2613	3207	3830	3896	4839	5708	2593
FRA	IND	France*	India	5181	2946	1493	1221	1083	1008	941	888	504
FRA	IRL	France*	Ireland	4190	3709	6898	11605	10337	11591	13904	15924	8242
FRA	ISL	France*	Iceland	135	196	257	355	444	538	910	1374	656
FRA	ISR	France*	Israel	29716	35505	38595	39613	40603	41619	42659	43511	21756
FRA	ITA	France*	Italy	128808	131835	130427	128297	127896	125122	123745	115100	69186
FRA	JPN	France*	Japan	3061	3701	5180	7028	9042	16048	18157	15078	4415
FRA	KHM	France*	Cambodia	128	336	543	424	305	275	294	311	98
FRA	KWT	France*	Kuwait	349	512	845	1448	2354	4381	5085	5575	2628
FRA	LBR	France*	Liberia	296	289	284	128	59	67	51	42	22
FRA	LBY	France*	Libya	8821	6208	3699	4077	4475	5010	5364	5670	1924
FRA	LCA	France*	Saint Lucia	31	41	57	59	57	54	51	49	15
FRA	LIE	France*	Liechtenstein	66	70	73	93	115	125	129	138	67
FRA	LKA	France*	Sri Lanka	50	78	107	168	294	297	300	303	143
FRA	LTU	France*	Lithuania	215	241	188	280	335	334	519	547	195
FRA	LUX	France*	Luxembourg	14367	15658	17116	20304	23716	36180	42979	49649	23332
FRA	LVA	France*	Latvia	26	77	128	232	331	181	279	257	104
FRA	MAR	France*	Morocco	15056	13813	14547	15422	26839	34615	38063	41301	20061
FRA	MCO	France*	Monaco	7679	7401	7134	6719	6399	7611	7790	7938	4512
FRA	MDA	France*	Republic of Moldova*	12	12	13	74	201	453	614	357	178
FRA	MDG	France*	Madagascar	6672	5908	6567	7269	8066	8950	9922	10776	4631
FRA	MDV	France*	Maldives	51	70	86	81	98	115	124	133	15
FRA	MEX	France*	Mexico	4756	5229	5770	6433	7176	8102	9145	9938	4278
FRA	MLI	France*	Mali	2689	2679	2347	9615	4357	5362	6291	7061	3310
FRA	MLT	France*	Malta	97	114	161	203	352	596	1296	2253	984
FRA	MNE	France*	Montenegro	429	429	429	429	397	446	446	442	304
FRA	MNG	France*	Mongolia	11	12	14	37	66	81	86	91	21
FRA	MTQ	France*	Martinique*	29695	35638	41569	43513	45448	52770	52350	52018	29114
FRA	MUS	France*	Mauritius	788	696	993	1119	1308	1505	1519	1532	606
FRA	MYT	France*	Mayotte	1359	2791	5080	7789	9498	10624	14560	18736	10066
FRA	NAM	France*	Namibia	793	758	705	557	536	524	560	594	325
FRA	NCL	France*	New Caledonia*	19351	22427	25504	30810	36117	43901	46642	48935	22236
FRA	NIC	France*	Nicaragua	139	111	119	130	138	148	154	160	62
FRA	NLD	France*	Netherlands*	13651	15388	18298	19598	22317	25473	32168	38275	20449
FRA	NOR	France*	Norway*	2433	2459	2934	3159	4620	6305	6676	7423	3314
FRA	NZL	France*	New Zealand*	986	1172	1558	2356	3759	5996	7539	7445	3674
FRA	PAN	France*	Panama	260	282	322	522	828	969	1163	1774	686
FRA	PER	France*	Peru	915	1229	1524	1889	2039	1955	1872	1804	819
FRA	POL	France*	Poland	41126	38257	35589	31606	27241	26453	26167	22881	12370
FRA	PRI	France*	Puerto Rico*	278	294	311	243	146	143	61	55	29
FRA	PRT	France*	Portugal	58434	75053	94718	95316	80086	90792	104164	117183	63295
FRA	PRY	France*	Paraguay	491	594	695	662	630	614	663	707	279
FRA	PYF	France*	French Polynesia*	17851	19606	20959	22395	22012	22387	22404	22420	9498
FRA	QAT	France*	Qatar	71	172	332	582	1329	1314	1058	1133	322
FRA	REU	France*	Réunion	37516	50738	66309	75927	81294	84056	87069	89556	40436
FRA	ROU	France*	Romania	388	595	855	1493	2888	5078	8639	11775	5670
FRA	RUS	France*	Russian Federation	1474	1481	1436	1997	2499	2318	2148	2013	889
FRA	SEN	France*	Senegal	11453	11977	10825	11647	13027	13909	14357	14719	7456
FRA	SLV	France*	El Salvador	200	175	150	178	205	214	216	219	87
FRA	SMR	France*	San Marino	32	28	25	24	24	29	30	32	23
FRA	SPM	France*	Saint Pierre and Miquelon*	668	845	970	841	745	723	703	706	317
FRA	SRB	France*	Serbia*	10135	6101	3532	3338	3982	4751	5667	6141	3144
FRA	SVK	France*	Slovakia	484	1071	1952	2189	2454	2938	3043	3308	1464
FRA	SVN	France*	Slovenia	1408	1262	1698	1549	1636	1167	1182	1340	654
FRA	SWE	France*	Sweden	3779	4242	5465	6436	7872	9257	11684	14381	6140
FRA	SXM	France*	Sint Maarten (Dutch part)*	78	78	78	44	85	89	93	97	45
FRA	SYC	France*	Seychelles	180	167	154	184	214	239	242	246	120
FRA	TCD	France*	Chad	886	963	1039	720	853	1048	1216	1381	753
FRA	TGO	France*	Togo	1816	1523	1277	1071	945	792	798	804	356
FRA	THA	France*	Thailand	983	947	1845	11837	21829	25017	27723	30148	8101
FRA	TUN	France*	Tunisia	3870	3841	4789	4577	6669	8612	9151	9616	4592
FRA	TUR	France*	Türkiye	10108	12955	15802	19983	24252	28300	38539	52315	26829
FRA	TWN	France*	China, Taiwan Province of China	382	511	632	663	802	1202	1487	1670	464
FRA	URY	France*	Uruguay	865	840	816	493	456	470	560	722	367
FRA	USA	France*	United States of America*	160846	251923	204122	196697	204225	229140	232437	253094	125910
FRA	VEN	France*	Venezuela (Bolivarian Republic of)	4664	4149	3657	3657	3695	3777	3559	3395	1699
FRA	VGB	France*	British Virgin Islands*	12	14	16	19	21	24	27	30	11
FRA	VUT	France*	Vanuatu	244	242	240	379	510	543	555	565	282
FRA	WLF	France*	Wallis and Futuna Islands*	327	461	545	646	795	877	889	886	441
FRA	WSM	France*	Samoa	8	10	13	12	11	8	6	6	0
FRA	ZAF	France*	South Africa	3147	2772	3087	3503	3846	3566	3111	3082	1563
FRA	ZMB	France*	Zambia	65	59	55	62	70	61	84	111	63
FRO	DNK	Faroe Islands*	Denmark*	6913	10726	10171	9735	10754	11543	10651	10633	6209
FRO	EST	Faroe Islands*	Estonia	0	0	0	0	1	1	0	0	0
FRO	GRC	Faroe Islands*	Greece	3	2	2	2	1	0	0	0	0
FRO	GRL	Faroe Islands*	Greenland*	261	278	257	190	254	279	273	269	48
FRO	HUN	Faroe Islands*	Hungary	0	0	0	0	0	1	0	0	0
FRO	ISL	Faroe Islands*	Iceland	237	273	308	320	324	331	327	494	273
FRO	LVA	Faroe Islands*	Latvia	0	0	0	0	0	2	1	1	0
FRO	NOR	Faroe Islands*	Norway*	527	742	902	771	812	883	796	885	440
FRO	SVK	Faroe Islands*	Slovakia	0	0	0	0	0	1	0	0	0
FSM	GIN	Micronesia (Fed. States of)	Guinea	0	0	0	0	0	3	1	1	0
FSM	GUM	Micronesia (Fed. States of)	Guam*	2962	4962	6961	8753	10545	10639	11251	11767	5696
FSM	MHL	Micronesia (Fed. States of)	Marshall Islands	92	112	139	178	228	242	246	247	107
FSM	MNP	Micronesia (Fed. States of)	Northern Mariana Islands*	1720	1760	1908	1841	1245	1115	1124	1132	685
FSM	NOR	Micronesia (Fed. States of)	Norway*	0	0	0	0	1	1	0	0	0
FSM	PLW	Micronesia (Fed. States of)	Palau	166	282	326	465	445	400	411	421	235
FSM	SVK	Micronesia (Fed. States of)	Slovakia	0	0	0	0	0	1	0	0	0
GAB	AUS	Gabon	Australia*	3	5	20	30	30	47	50	57	27
GAB	BGR	Gabon	Bulgaria	3	5	6	9	11	10	8	11	7
GAB	BOL	Gabon	Bolivia (Plurinational State of)	4	2	0	0	0	0	0	0	0
GAB	CMR	Gabon	Cameroon	0	0	0	1061	845	1055	1228	1363	731
GAB	COG	Gabon	Congo	970	1121	1572	1000	2380	3163	3141	3125	1608
GAB	CPV	Gabon	Cabo Verde	11	14	17	13	8	8	7	7	2
GAB	CRI	Gabon	Costa Rica	1	1	1	2	2	1	1	1	1
GAB	DNK	Gabon	Denmark*	0	1	0	4	6	7	14	16	9
GAB	FIN	Gabon	Finland*	0	1	1	4	7	10	14	16	10
GAB	FRA	Gabon	France*	7841	9433	12004	17406	19836	23500	31774	36785	22175
GAB	GIN	Gabon	Guinea	0	0	0	0	0	74	70	68	23
GAB	GNQ	Gabon	Equatorial Guinea	65	86	107	156	205	256	307	331	142
GAB	GRC	Gabon	Greece	18	31	45	27	8	7	5	5	3
GAB	HUN	Gabon	Hungary	0	2	4	5	5	7	7	8	4
GAB	ISL	Gabon	Iceland	0	0	0	0	1	0	0	0	0
GAB	ITA	Gabon	Italy	41	65	102	152	245	367	551	662	368
GAB	LUX	Gabon	Luxembourg	0	0	0	0	0	0	81	94	57
GAB	LVA	Gabon	Latvia	0	0	0	0	0	1	0	0	0
GAB	MLI	Gabon	Mali	4463	4670	4279	17532	9603	11817	13867	15565	7704
GAB	MRT	Gabon	Mauritania	77	82	84	85	59	84	90	97	38
GAB	NOR	Gabon	Norway*	2	2	3	4	8	9	11	12	9
GAB	PRT	Gabon	Portugal	21	45	71	310	499	566	647	728	20
GAB	STP	Gabon	Sao Tome and Principe	11	221	436	342	268	237	210	192	56
GAB	SVN	Gabon	Slovenia	0	0	2	1	2	1	0	0	0
GAB	TCD	Gabon	Chad	292	318	343	238	282	347	401	455	247
GAB	TGO	Gabon	Togo	430	484	545	613	796	896	903	910	400
GAB	ZAF	Gabon	South Africa	12	13	53	382	936	931	666	652	238
GBR	AIA	United Kingdom*	Anguilla*	197	254	311	358	390	418	435	450	297
GBR	AND	United Kingdom*	Andorra	1043	975	907	1085	1125	1054	1135	1206	551
GBR	ARE	United Kingdom*	United Arab Emirates	12189	12644	13775	12760	18240	22972	24059	27318	10854
GBR	ARG	United Kingdom*	Argentina	4006	3739	3490	3259	3023	2479	2020	2014	1147
GBR	ATG	United Kingdom*	Antigua and Barbuda	623	720	817	876	935	994	1038	1076	548
GBR	AUS	United Kingdom*	Australia*	1119737	1154167	1128760	1118630	1185773	1206060	1171185	1107102	544670
GBR	AUT	United Kingdom*	Austria	4003	5146	6549	7800	9183	10469	12698	13841	6019
GBR	BEL	United Kingdom*	Belgium	24980	25678	26413	25099	23687	22370	22737	22271	10221
GBR	BGD	United Kingdom*	Bangladesh	9090	16056	23021	27337	31619	33470	32820	45091	31164
GBR	BGR	United Kingdom*	Bulgaria	59	692	1324	2062	2757	5901	11981	16476	7760
GBR	BHR	United Kingdom*	Bahrain	1649	1550	1375	1537	2104	2361	2571	2748	925
GBR	BHS	United Kingdom*	Bahamas	1964	1834	1705	1772	1839	1993	2135	2259	957
GBR	BLR	United Kingdom*	Belarus	340	409	478	460	441	461	453	448	282
GBR	BLZ	United Kingdom*	Belize	306	297	288	318	347	409	462	512	196
GBR	BMU	United Kingdom*	Bermuda*	4590	4726	4131	4048	3945	4066	3877	3963	2017
GBR	BOL	United Kingdom*	Bolivia (Plurinational State of)	580	619	651	714	776	904	1004	1121	529
GBR	BRA	United Kingdom*	Brazil	4053	3973	3964	4461	4822	5395	5864	6230	2486
GBR	BRB	United Kingdom*	Barbados	2988	3262	3535	2955	2389	2509	2537	2560	1445
GBR	BRN	United Kingdom*	Brunei Darussalam	1996	1961	1926	1969	2012	2055	2238	2397	987
GBR	BTN	United Kingdom*	Bhutan	17	19	22	28	34	36	36	37	20
GBR	BWA	United Kingdom*	Botswana	3289	2034	993	1060	1133	1231	1315	1388	501
GBR	CAN	United Kingdom*	Canada	728715	665958	614122	584084	562869	533650	474286	427526	214821
GBR	CHE	United Kingdom*	Switzerland	22145	25566	29700	35970	41818	45248	46584	48706	22175
GBR	CHL	United Kingdom*	Chile	1334	1444	1530	1730	1926	2376	2668	2912	2314
GBR	CHN	United Kingdom*	China	6157	7306	8695	10350	12329	12566	12324	13630	7240
GBR	CMR	United Kingdom*	Cameroon	0	0	0	256	204	255	295	327	148
GBR	COK	United Kingdom*	Cook Islands*	49	51	53	70	86	90	98	106	30
GBR	COL	United Kingdom*	Colombia	1061	1077	1037	1005	1193	1434	1688	1873	666
GBR	CPV	United Kingdom*	Cabo Verde	14	22	29	40	50	52	53	55	27
GBR	CRI	United Kingdom*	Costa Rica	451	339	397	261	513	519	622	751	296
GBR	CUB	United Kingdom*	Cuba	110	84	49	47	43	37	31	22	12
GBR	CUW	United Kingdom*	Curaçao*	25	25	25	25	24	24	27	38	24
GBR	CYM	United Kingdom*	Cayman Islands*	1040	1411	2134	1965	1969	2146	2394	2614	1228
GBR	CYP	United Kingdom*	Cyprus	9055	12804	16552	24892	38224	34762	35876	38082	20778
GBR	CZE	United Kingdom*	Czechia	0	0	1214	2382	4427	6256	8495	10153	3584
GBR	DMA	United Kingdom*	Dominica	230	304	362	446	543	633	647	659	316
GBR	DNK	United Kingdom*	Denmark*	9949	12525	13621	14402	16392	18325	21899	23607	9196
GBR	DOM	United Kingdom*	Dominican Republic	581	646	710	586	460	482	503	543	253
GBR	DZA	United Kingdom*	Algeria	2060	1430	800	632	694	754	782	810	472
GBR	ECU	United Kingdom*	Ecuador	547	695	848	994	1137	991	830	694	289
GBR	EGY	United Kingdom*	Egypt	2976	4295	6243	8809	11413	0	16538	15793	7017
GBR	ERI	United Kingdom*	Eritrea	34	38	43	44	47	56	48	43	26
GBR	ESP	United Kingdom*	Spain*	63615	80794	101178	234133	318319	292177	285911	294986	144711
GBR	EST	United Kingdom*	Estonia	31	48	64	295	524	654	1297	1322	422
GBR	FIN	United Kingdom*	Finland*	1738	2018	2297	3504	4367	5328	6460	7604	2119
GBR	FJI	United Kingdom*	Fiji	759	646	528	308	331	341	348	355	162
GBR	FLK	United Kingdom*	Falkland Islands (Malvinas)*	664	640	704	650	798	872	1089	1299	577
GBR	FRA	United Kingdom*	France*	62813	74935	95822	146425	169427	166060	164960	163042	83768
GBR	FRO	United Kingdom*	Faroe Islands*	139	92	88	86	92	100	123	146	68
GBR	GEO	United Kingdom*	Georgia	0	0	34	32	32	33	33	34	8
GBR	GHA	United Kingdom*	Ghana	972	969	1084	1524	1130	1390	1595	1782	911
GBR	GIB	United Kingdom*	Gibraltar*	3025	3316	3607	4462	5317	5673	5741	5793	2722
GBR	GIN	United Kingdom*	Guinea	0	0	0	0	0	8	6	6	1
GBR	GLP	United Kingdom*	Guadeloupe*	166	222	277	340	402	385	381	378	216
GBR	GRC	United Kingdom*	Greece	34223	23503	13169	15618	18723	17643	18033	19156	11087
GBR	GRL	United Kingdom*	Greenland*	31	21	23	15	18	15	14	14	2
GBR	GTM	United Kingdom*	Guatemala	125	134	142	168	194	213	238	262	91
GBR	GUY	United Kingdom*	Guyana	131	211	290	390	305	322	337	586	250
GBR	HKG	United Kingdom*	China, Hong Kong SAR	11838	13212	14585	15924	17301	17681	18436	19063	7934
GBR	HND	United Kingdom*	Honduras	78	77	76	75	73	102	103	105	31
GBR	HRV	United Kingdom*	Croatia	182	186	171	419	666	670	628	598	277
GBR	HUN	United Kingdom*	Hungary	521	2091	3661	4494	5367	7414	15065	17771	8124
GBR	IDN	United Kingdom*	Indonesia	1360	2587	5022	3378	3289	2324	1314	1753	818
GBR	IMN	United Kingdom*	Isle of Man*	30510	32475	34442	36200	37521	33553	34195	34715	17490
GBR	IND	United Kingdom*	India	4749	5119	5665	6237	6823	6413	5981	5693	3128
GBR	IRL	United Kingdom*	Ireland	174509	187615	239615	282759	288432	278827	285496	293559	146959
GBR	ISL	United Kingdom*	Iceland	647	684	721	918	1093	1307	1857	2804	1106
GBR	ISR	United Kingdom*	Israel	13224	16327	18222	19837	21530	23213	25021	26577	14442
GBR	ITA	United Kingdom*	Italy	41144	45845	49372	52799	58047	59964	66928	67246	37721
GBR	JAM	United Kingdom*	Jamaica	5469	5286	5103	4973	4843	4739	4832	4909	2505
GBR	JPN	United Kingdom*	Japan	9776	12227	16123	17245	16198	23573	24465	19617	5106
GBR	KHM	United Kingdom*	Cambodia	43	113	182	142	102	92	97	103	28
GBR	KIR	United Kingdom*	Kiribati	23	18	13	11	9	8	7	7	3
GBR	KWT	United Kingdom*	Kuwait	9840	7007	6429	6543	8003	8557	9931	10889	4735
GBR	LBR	United Kingdom*	Liberia	1146	1119	1099	499	230	263	202	166	89
GBR	LBY	United Kingdom*	Libya	8712	6959	5321	5865	6438	7207	7719	8159	2835
GBR	LCA	United Kingdom*	Saint Lucia	405	547	751	820	826	791	759	735	383
GBR	LIE	United Kingdom*	Liechtenstein	27	37	47	51	57	67	65	70	30
GBR	LKA	United Kingdom*	Sri Lanka	48	182	317	594	1163	1177	1192	1205	599
GBR	LTU	United Kingdom*	Lithuania	281	315	246	2224	3901	4306	6620	6975	3295
GBR	LUX	United Kingdom*	Luxembourg	2355	3041	3760	4047	4329	6604	5633	6507	2806
GBR	LVA	United Kingdom*	Latvia	117	167	218	803	1369	2218	3712	3418	1427
GBR	MAR	United Kingdom*	Morocco	828	760	801	850	924	1192	1307	1418	686
GBR	MDA	United Kingdom*	Republic of Moldova*	12	12	12	38	89	179	239	156	107
GBR	MDV	United Kingdom*	Maldives	94	94	89	101	102	103	110	118	42
GBR	MEX	United Kingdom*	Mexico	2263	2470	2708	3027	3380	3703	4050	4322	1671
GBR	MLT	United Kingdom*	Malta	5333	6258	7313	8005	8482	14361	31494	54739	23656
GBR	MNE	United Kingdom*	Montenegro	99	99	99	99	98	103	102	101	83
GBR	MNG	United Kingdom*	Mongolia	65	71	79	75	80	99	105	111	31
GBR	MSR	United Kingdom*	Montserrat*	156	129	94	97	100	104	104	106	51
GBR	MTQ	United Kingdom*	Martinique*	67	101	135	141	148	171	169	168	116
GBR	MUS	United Kingdom*	Mauritius	694	450	458	415	395	454	458	462	228
GBR	MWI	United Kingdom*	Malawi	769	1639	1578	1504	1478	1272	1081	1055	510
GBR	MYS	United Kingdom*	Malaysia	3510	3516	3522	3522	3524	3522	3522	3522	1454
GBR	NAM	United Kingdom*	Namibia	2540	2429	2256	1783	1718	1681	1798	1907	1096
GBR	NIC	United Kingdom*	Nicaragua	46	37	48	62	66	71	73	76	25
GBR	NLD	United Kingdom*	Netherlands*	38450	42869	44561	47083	47223	49564	60377	62657	27898
GBR	NOR	United Kingdom*	Norway*	14586	13692	14347	14463	16760	19331	19940	22172	8641
GBR	NZL	United Kingdom*	New Zealand*	223164	218465	217509	240043	250852	257164	257626	254524	125766
GBR	PAN	United Kingdom*	Panama	319	314	329	931	1723	2017	2422	3695	1251
GBR	PER	United Kingdom*	Peru	567	814	1043	1336	1456	1382	1310	1250	483
GBR	PHL	United Kingdom*	Philippines	6608	5855	5103	4350	3587	2542	1532	1532	146
GBR	PNG	United Kingdom*	Papua New Guinea	2192	2245	1680	1880	1594	1616	1621	1626	684
GBR	POL	United Kingdom*	Poland	1793	2106	2475	5196	15498	41992	112768	184964	89465
GBR	PRI	United Kingdom*	Puerto Rico*	336	356	377	295	176	173	74	67	35
GBR	PRK	United Kingdom*	Dem. People's Republic of Korea	188	205	221	249	276	304	309	315	131
GBR	PRT	United Kingdom*	Portugal	6866	8269	10009	14299	16215	18383	21089	23725	11876
GBR	PRY	United Kingdom*	Paraguay	140	169	198	188	179	174	187	199	91
GBR	PYF	United Kingdom*	French Polynesia*	76	83	89	92	89	84	84	84	2
GBR	QAT	United Kingdom*	Qatar	2008	2277	2528	2422	4616	4757	6732	7210	1933
GBR	ROU	United Kingdom*	Romania	33	153	343	801	1907	6623	26219	48738	24223
GBR	RUS	United Kingdom*	Russian Federation	899	865	800	1267	1700	1509	1336	1200	526
GBR	SHN	United Kingdom*	Saint Helena	127	83	77	111	163	247	287	323	95
GBR	SLB	United Kingdom*	Solomon Islands	85	85	81	59	42	39	38	37	15
GBR	SLE	United Kingdom*	Sierra Leone	611	595	580	315	229	167	141	131	48
GBR	SLV	United Kingdom*	El Salvador	135	106	77	82	86	90	91	92	36
GBR	SRB	United Kingdom*	Serbia*	563	351	211	233	345	511	758	927	403
GBR	SVK	United Kingdom*	Slovakia	34	1426	3211	3601	4037	5501	9187	9987	4459
GBR	SVN	United Kingdom*	Slovenia	75	106	201	215	524	559	740	839	339
GBR	SWE	United Kingdom*	Sweden	11189	12593	14348	16976	20602	24830	30513	34445	11795
GBR	SXM	United Kingdom*	Sint Maarten (Dutch part)*	46	46	46	25	50	53	54	56	25
GBR	SYC	United Kingdom*	Seychelles	274	223	173	216	259	290	295	300	137
GBR	TCA	United Kingdom*	Turks and Caicos Islands*	246	316	386	398	410	416	471	521	230
GBR	THA	United Kingdom*	Thailand	5236	5287	5180	44226	83272	96015	106898	116582	26902
GBR	TJK	United Kingdom*	Tajikistan	477	387	333	321	320	314	313	314	80
GBR	TTO	United Kingdom*	Trinidad and Tobago	2157	1958	2090	2243	2286	2368	2629	3784	1491
GBR	TUR	United Kingdom*	Türkiye	6106	12320	18534	23325	28024	32195	33978	40743	22054
GBR	TWN	United Kingdom*	China, Taiwan Province of China	515	828	1142	1598	1260	1636	2289	2528	518
GBR	TZA	United Kingdom*	United Republic of Tanzania	682	866	912	1015	1040	1061	944	1025	595
GBR	UGA	United Kingdom*	Uganda	597	953	1310	1285	963	641	320	62	60
GBR	URY	United Kingdom*	Uruguay	535	523	513	475	440	454	541	698	395
GBR	USA	United Kingdom*	United States of America*	803592	888840	847673	826320	848418	860900	883111	894789	439561
GBR	VCT	United Kingdom*	Saint Vincent and the Grenadines	682	719	748	770	798	805	829	843	384
GBR	VEN	United Kingdom*	Venezuela (Bolivarian Republic of)	1881	1761	1635	1679	1742	1803	1699	1621	789
GBR	VGB	United Kingdom*	British Virgin Islands*	440	517	594	680	714	816	925	1023	461
GBR	VUT	United Kingdom*	Vanuatu	239	152	95	100	107	113	115	117	58
GBR	WSM	United Kingdom*	Samoa	47	41	35	33	29	23	20	19	5
GBR	ZAF	United Kingdom*	South Africa	172669	129494	109384	96154	84527	73706	64089	55144	29030
GBR	ZMB	United Kingdom*	Zambia	1987	1434	1036	1154	1286	1132	1584	2100	963
GBR	ZWE	United Kingdom*	Zimbabwe	19136	18132	23747	19394	12174	12243	12705	13101	5673
GEO	ARM	Georgia	Armenia	86690	80216	68952	59681	51242	42753	34247	30983	18898
GEO	AUS	Georgia	Australia*	130	179	293	397	487	624	763	865	467
GEO	AUT	Georgia	Austria	142	253	444	2466	2842	3315	3723	4209	2602
GEO	AZE	Georgia	Azerbaijan	97328	84200	71567	58882	45133	31424	21435	18215	9916
GEO	BGR	Georgia	Bulgaria	77	117	157	213	264	354	492	677	373
GEO	BLR	Georgia	Belarus	9868	9348	8827	8705	8583	8507	8381	8283	3501
GEO	BOL	Georgia	Bolivia (Plurinational State of)	0	1	1	2	2	3	2	2	1
GEO	CHL	Georgia	Chile	16	20	27	39	59	99	228	252	208
GEO	CRI	Georgia	Costa Rica	10	8	9	7	13	12	14	17	10
GEO	CYP	Georgia	Cyprus	3802	5376	6950	10451	16037	14727	15201	16136	7607
GEO	CZE	Georgia	Czechia	0	0	297	624	1227	1431	1546	1636	631
GEO	DNK	Georgia	Denmark*	0	24	86	148	196	213	243	389	228
GEO	ESP	Georgia	Spain*	8	164	1024	2794	5674	10275	17832	30621	16912
GEO	EST	Georgia	Estonia	2196	1884	1572	1592	1599	1642	1771	1804	891
GEO	FIN	Georgia	Finland*	0	5	9	23	27	67	111	131	71
GEO	GRC	Georgia	Greece	36031	53103	71047	78132	88308	83218	85065	90365	51538
GEO	HUN	Georgia	Hungary	186	165	144	177	212	191	361	426	228
GEO	ISL	Georgia	Iceland	2	3	4	12	20	22	52	79	36
GEO	ISR	Georgia	Israel	24115	28456	19271	12222	7054	7174	8952	8167	4462
GEO	ITA	Georgia	Italy	145	240	389	2865	6601	12569	16535	33454	29707
GEO	KAZ	Georgia	Kazakhstan	35989	17498	10413	10730	11058	11396	11744	12026	4363
GEO	KGZ	Georgia	Kyrgyzstan	10351	8367	6156	4973	3712	3270	3183	3116	1621
GEO	LIE	Georgia	Liechtenstein	0	0	0	0	0	1	2	2	2
GEO	LTU	Georgia	Lithuania	2036	1144	896	868	723	656	488	514	254
GEO	LUX	Georgia	Luxembourg	0	0	0	0	0	0	97	112	70
GEO	LVA	Georgia	Latvia	697	1368	2039	1850	1614	1317	1285	1183	521
GEO	MDA	Georgia	Republic of Moldova*	6667	3617	1983	1139	794	518	226	299	127
GEO	MLT	Georgia	Malta	12	15	19	23	33	55	116	202	92
GEO	NOR	Georgia	Norway*	0	11	16	124	207	312	338	376	201
GEO	PAN	Georgia	Panama	0	0	0	22	50	58	68	104	8
GEO	POL	Georgia	Poland	196	242	298	368	454	650	956	1197	454
GEO	PRT	Georgia	Portugal	40	88	140	590	943	1070	1226	1379	346
GEO	RUS	Georgia	Russian Federation	656888	653159	625743	539318	441852	310246	215810	139333	64411
GEO	SVK	Georgia	Slovakia	11	27	51	120	65	78	93	101	39
GEO	SVN	Georgia	Slovenia	0	0	11	8	15	18	31	35	15
GEO	TJK	Georgia	Tajikistan	872	753	703	678	676	664	664	666	323
GEO	TUR	Georgia	Türkiye	6511	6511	6511	12323	18514	24553	26629	22770	18124
GEO	UKR	Georgia	Ukraine*	76612	74660	73621	67270	64185	64399	65475	66350	30299
GEO	VEN	Georgia	Venezuela (Bolivarian Republic of)	12	11	11	11	12	13	11	10	7
GHA	ATG	Ghana	Antigua and Barbuda	10	18	25	27	29	31	31	32	16
GHA	AUS	Ghana	Australia*	1114	1537	2162	2847	4192	5909	7169	8327	3830
GHA	BEL	Ghana	Belgium	400	930	2155	4158	6584	9142	10908	12780	6087
GHA	BEN	Ghana	Benin	2107	2902	3698	7844	12065	15076	16226	17211	9874
GHA	BFA	Ghana	Burkina Faso	24542	30522	29139	27293	30810	32217	33487	34219	22106
GHA	BGR	Ghana	Bulgaria	4	5	6	8	10	15	29	40	14
GHA	BHS	Ghana	Bahamas	23	44	65	55	44	48	49	52	8
GHA	BMU	Ghana	Bermuda*	17	32	40	35	29	25	20	20	8
GHA	BOL	Ghana	Bolivia (Plurinational State of)	1	2	2	7	12	15	15	17	2
GHA	BRA	Ghana	Brazil	82	83	75	73	69	944	2539	599	135
GHA	CAN	Ghana	Canada	6038	9590	14995	18526	21466	24200	25550	26394	13406
GHA	CHN	Ghana	China	535	642	764	909	1102	1837	2842	3252	1727
GHA	CIV	Ghana	Côte d'Ivoire	128653	110059	97313	97313	97313	97313	97313	97313	60602
GHA	CPV	Ghana	Cabo Verde	55	74	93	67	40	42	43	45	23
GHA	CRI	Ghana	Costa Rica	1	1	1	2	2	1	1	1	0
GHA	CYP	Ghana	Cyprus	21	30	38	57	88	80	81	86	41
GHA	DNK	Ghana	Denmark*	415	601	981	1330	1646	1991	2323	2801	1180
GHA	ESP	Ghana	Spain*	564	1226	2593	11232	14857	13560	19766	24178	6890
GHA	EST	Ghana	Estonia	0	0	0	0	6	12	59	60	11
GHA	FIN	Ghana	Finland*	74	161	248	601	861	1334	1820	2142	693
GHA	FRO	Ghana	Faroe Islands*	1	1	0	5	16	18	23	27	14
GHA	GAB	Ghana	Gabon	1968	2631	3291	3586	4156	5811	6392	6900	845
GHA	GBR	Ghana	United Kingdom*	30910	40880	53658	70262	92044	112694	136606	154782	77290
GHA	GIN	Ghana	Guinea	0	0	0	0	0	588	564	545	101
GHA	GRC	Ghana	Greece	633	514	403	507	632	595	608	646	170
GHA	HUN	Ghana	Hungary	44	65	85	105	124	116	283	334	124
GHA	ISL	Ghana	Iceland	10	15	19	32	44	62	133	201	91
GHA	ISR	Ghana	Israel	0	0	6	18	368	0	512	419	90
GHA	ITA	Ghana	Italy	7398	11030	15797	25496	35544	42714	51085	48828	15833
GHA	JPN	Ghana	Japan	520	1101	1608	1799	1899	2093	2621	2838	740
GHA	LBR	Ghana	Liberia	9952	9723	9542	6646	7069	8113	7524	6196	2793
GHA	LBY	Ghana	Libya	610	526	452	499	547	612	655	692	132
GHA	LCA	Ghana	Saint Lucia	10	13	18	19	19	18	16	16	4
GHA	LSO	Ghana	Lesotho	122	105	85	86	87	124	163	203	66
GHA	LTU	Ghana	Lithuania	4	3	2	2	1	4	8	8	0
GHA	LUX	Ghana	Luxembourg	0	0	0	0	0	0	67	77	39
GHA	LVA	Ghana	Latvia	0	0	0	0	0	5	7	6	0
GHA	MEX	Ghana	Mexico	19	17	14	10	13	43	220	714	303
GHA	MLI	Ghana	Mali	1913	2323	2388	9786	4058	4993	5857	6574	2896
GHA	MLT	Ghana	Malta	6	8	9	13	55	93	201	349	35
GHA	MRT	Ghana	Mauritania	186	198	204	206	144	206	223	240	130
GHA	NAM	Ghana	Namibia	212	202	189	149	143	139	148	157	64
GHA	NER	Ghana	Niger	4184	2881	1602	1632	1659	1680	2145	2769	1717
GHA	NGA	Ghana	Nigeria	75322	81276	90479	179834	183688	222377	238284	255531	116166
GHA	NLD	Ghana	Netherlands*	8845	9651	11037	12316	13337	13970	15285	16779	8586
GHA	NOR	Ghana	Norway*	736	1104	1050	1198	1524	1879	2094	2328	1086
GHA	PRT	Ghana	Portugal	15	33	53	121	170	192	218	245	64
GHA	SEN	Ghana	Senegal	1476	1543	1395	1500	1678	1790	1845	1892	415
GHA	SLE	Ghana	Sierra Leone	1310	1274	1242	1232	1107	995	939	874	353
GHA	SVK	Ghana	Slovakia	1	5	12	14	16	19	27	29	8
GHA	SVN	Ghana	Slovenia	5	10	13	17	19	38	59	67	27
GHA	TGO	Ghana	Togo	12685	19575	26455	32848	42991	46794	47232	47579	27827
GHA	USA	Ghana	United States of America*	19513	14619	66569	78299	126455	162903	210738	258358	122649
GHA	VEN	Ghana	Venezuela (Bolivarian Republic of)	28	27	27	28	31	33	30	29	4
GHA	ZAF	Ghana	South Africa	908	1605	3184	5881	7262	10474	9722	8409	3166
GHA	ZMB	Ghana	Zambia	484	283	166	170	175	154	214	284	85
GIB	AUS	Gibraltar*	Australia*	458	464	477	485	480	492	470	445	217
GIB	BGR	Gibraltar*	Bulgaria	2	3	4	6	8	6	9	12	9
GIB	BOL	Gibraltar*	Bolivia (Plurinational State of)	0	1	2	1	0	0	0	0	0
GIB	CRI	Gibraltar*	Costa Rica	3	2	3	3	5	4	4	5	5
GIB	CYP	Gibraltar*	Cyprus	1	2	2	3	3	2	1	1	0
GIB	EST	Gibraltar*	Estonia	0	0	0	0	1	1	0	0	0
GIB	GRC	Gibraltar*	Greece	12	12	12	9	5	4	2	2	0
GIB	ISL	Gibraltar*	Iceland	0	0	0	0	1	0	0	0	0
GIB	LUX	Gibraltar*	Luxembourg	0	0	0	0	0	0	1	1	1
GIB	NOR	Gibraltar*	Norway*	1	2	2	3	8	8	7	8	3
GIN	AGO	Guinea	Angola	131	152	173	228	277	9252	18142	18697	7562
GIN	AUS	Guinea	Australia*	3	5	30	194	642	933	1050	1175	634
GIN	BEL	Guinea	Belgium	264	415	645	1860	7023	13285	17921	21859	10849
GIN	BGR	Guinea	Bulgaria	4	5	6	8	10	9	9	12	1
GIN	BOL	Guinea	Bolivia (Plurinational State of)	4	3	1	5	8	10	9	10	2
GIN	BRA	Guinea	Brazil	76	71	65	67	67	319	1071	443	124
GIN	CAN	Guinea	Canada	188	432	910	1910	3795	5451	6109	7598	3907
GIN	CHN	Guinea	China	170	202	241	286	344	489	591	724	385
GIN	CIV	Guinea	Côte d'Ivoire	119600	118429	117258	116086	114914	113743	112571	111634	48489
GIN	CMR	Guinea	Cameroon	0	0	0	4605	3665	4577	5331	5918	3320
GIN	CPV	Guinea	Cabo Verde	60	80	99	249	398	413	436	456	238
GIN	DNK	Guinea	Denmark*	21	37	52	68	93	134	124	136	59
GIN	EGY	Guinea	Egypt	51	59	69	77	97	66	165	200	58
GIN	ESH	Guinea	Western Sahara	495	550	606	717	828	954	998	1036	362
GIN	EST	Guinea	Estonia	0	0	0	0	0	1	1	1	0
GIN	FIN	Guinea	Finland*	6	7	8	32	45	85	111	131	28
GIN	FRA	Guinea	France*	10278	8907	9952	22271	30205	41415	69716	92446	36354
GIN	GAB	Guinea	Gabon	1539	2058	2574	2805	3251	4546	4999	5396	1172
GIN	GHA	Guinea	Ghana	74	74	82	115	114	140	159	178	64
GIN	GMB	Guinea	Gambia	24859	30668	38423	37318	38981	40369	45215	49508	20860
GIN	GNB	Guinea	Guinea-Bissau	3170	4069	4968	4813	4657	4938	3612	3032	1465
GIN	GRC	Guinea	Greece	11	17	24	105	193	54	176	187	91
GIN	HUN	Guinea	Hungary	15	22	29	36	43	38	60	71	11
GIN	ISL	Guinea	Iceland	3	5	7	11	14	18	23	35	15
GIN	ITA	Guinea	Italy	245	415	671	1687	2619	3960	12278	14112	1875
GIN	LBR	Guinea	Liberia	32485	32238	31145	25289	35375	32482	26978	22216	9903
GIN	LIE	Guinea	Liechtenstein	0	0	0	0	1	0	0	0	0
GIN	LTU	Guinea	Lithuania	1	0	0	0	0	2	1	1	0
GIN	LUX	Guinea	Luxembourg	0	0	0	0	0	0	419	484	157
GIN	MAR	Guinea	Morocco	673	618	651	691	750	967	1061	1151	558
GIN	MEX	Guinea	Mexico	12	12	12	12	21	35	121	488	199
GIN	MLI	Guinea	Mali	19164	17896	14659	16372	29054	35755	41960	47098	22784
GIN	MRT	Guinea	Mauritania	2748	2936	3042	3073	2157	3105	3396	3650	1907
GIN	NAM	Guinea	Namibia	79	75	71	56	53	51	53	56	22
GIN	NOR	Guinea	Norway*	29	27	30	77	163	273	298	331	163
GIN	PRT	Guinea	Portugal	86	186	295	2325	3970	4500	5160	5805	2747
GIN	SEN	Guinea	Senegal	42570	44519	40236	43297	48426	51711	53430	54779	19873
GIN	SLE	Guinea	Sierra Leone	74272	72442	70385	56539	47462	39375	36058	33542	14590
GIN	SVK	Guinea	Slovakia	0	0	0	1	1	6	6	7	0
GIN	SVN	Guinea	Slovenia	0	0	6	7	8	5	6	7	3
GIN	TGO	Guinea	Togo	1553	1749	1970	2219	2964	3338	3367	3392	1523
GIN	ZAF	Guinea	South Africa	12	8	40	62	85	149	218	201	62
GLP	ATG	Guadeloupe*	Antigua and Barbuda	46	54	62	67	71	76	78	81	40
GLP	CUW	Guadeloupe*	Curaçao*	97	97	97	97	88	94	109	152	83
GLP	DMA	Guadeloupe*	Dominica	14	19	23	27	33	38	37	38	26
GLP	DNK	Guadeloupe*	Denmark*	10	0	0	0	0	0	0	0	0
GLP	DOM	Guadeloupe*	Dominican Republic	97	108	118	86	54	55	57	61	25
GLP	GRC	Guadeloupe*	Greece	20	20	20	10	0	0	0	0	0
GLP	GUF	Guadeloupe*	French Guiana*	2089	2180	2271	2140	2009	2021	2271	2493	1211
GLP	LCA	Guadeloupe*	Saint Lucia	19	25	34	32	29	27	25	24	18
GLP	MLI	Guadeloupe*	Mali	0	0	0	0	760	935	1096	1230	674
GLP	MTQ	Guadeloupe*	Martinique*	3327	4074	4821	5045	5270	6119	6070	6031	4203
GLP	SXM	Guadeloupe*	Sint Maarten (Dutch part)*	1791	1791	1791	984	1968	2051	2166	2264	1208
GMB	AUS	Gambia	Australia*	12	19	35	80	102	128	130	141	54
GMB	BGR	Gambia	Bulgaria	2	4	5	8	10	8	9	12	6
GMB	BRA	Gambia	Brazil	0	0	0	0	0	147	364	78	15
GMB	CPV	Gambia	Cabo Verde	7	10	12	9	5	5	4	4	2
GMB	DNK	Gambia	Denmark*	243	406	489	514	590	653	692	733	319
GMB	ESP	Gambia	Spain*	0	1578	4871	11940	18817	18367	23430	29653	5007
GMB	EST	Gambia	Estonia	0	0	0	0	0	2	2	2	0
GMB	FIN	Gambia	Finland*	22	96	169	307	385	648	902	1062	199
GMB	GHA	Gambia	Ghana	19	19	21	30	1337	1645	1888	2109	981
GMB	GIN	Gambia	Guinea	811	935	654	457	319	281	268	259	102
GMB	GNB	Gambia	Guinea-Bissau	960	1247	1534	1472	1410	1495	1092	917	448
GMB	GRC	Gambia	Greece	59	51	44	48	53	27	49	52	24
GMB	HUN	Gambia	Hungary	0	4	7	9	11	11	13	15	6
GMB	ISL	Gambia	Iceland	2	4	5	6	7	11	19	29	6
GMB	ITA	Gambia	Italy	112	190	307	983	1075	4921	21662	26164	879
GMB	LBR	Gambia	Liberia	656	650	630	504	711	816	630	519	227
GMB	LIE	Gambia	Liechtenstein	0	0	0	0	1	0	0	0	0
GMB	LTU	Gambia	Lithuania	0	0	0	0	0	1	0	0	0
GMB	LUX	Gambia	Luxembourg	0	0	0	0	0	0	76	88	30
GMB	LVA	Gambia	Latvia	0	0	0	0	0	0	1	1	0
GMB	MLI	Gambia	Mali	595	621	570	2333	1006	1237	1451	1629	829
GMB	NAM	Gambia	Namibia	128	122	114	90	86	84	88	93	51
GMB	NOR	Gambia	Norway*	570	676	789	879	1012	1151	1252	1392	590
GMB	PRT	Gambia	Portugal	7	15	24	68	101	114	128	144	24
GMB	SEN	Gambia	Senegal	4263	4458	4029	4335	4849	5386	5622	5764	3154
GMB	SLE	Gambia	Sierra Leone	5240	5110	4984	2274	1316	705	524	487	193
GMB	SVK	Gambia	Slovakia	0	0	0	0	0	3	4	4	0
GMB	SVN	Gambia	Slovenia	0	0	1	0	4	16	19	22	1
GMB	TGO	Gambia	Togo	510	574	646	727	944	1063	1071	1079	463
GNB	BGR	Guinea-Bissau	Bulgaria	1	2	3	4	5	4	3	4	3
GNB	BRA	Guinea-Bissau	Brazil	5	1145	948	1041	941	1352	2753	1521	585
GNB	CPV	Guinea-Bissau	Cabo Verde	539	839	1138	2984	4829	5015	5330	5576	2497
GNB	DNK	Guinea-Bissau	Denmark*	10	15	27	30	51	109	125	151	48
GNB	ESH	Guinea-Bissau	Western Sahara	523	581	640	757	874	1007	1052	1091	597
GNB	FIN	Guinea-Bissau	Finland*	0	2	3	5	4	7	8	9	2
GNB	GIN	Guinea-Bissau	Guinea	2798	3226	3495	4194	5032	4540	4361	4217	1800
GNB	GMB	Guinea-Bissau	Gambia	7591	9365	11733	11396	11904	12328	13808	15119	7805
GNB	GRC	Guinea-Bissau	Greece	3	5	7	4	0	2	0	0	0
GNB	HUN	Guinea-Bissau	Hungary	5	6	6	7	8	3	10	12	2
GNB	ISL	Guinea-Bissau	Iceland	0	0	0	0	1	1	2	3	0
GNB	ITA	Guinea-Bissau	Italy	64	108	175	312	488	923	2595	3131	382
GNB	LBR	Guinea-Bissau	Liberia	2263	2211	2171	987	454	521	401	330	207
GNB	LBY	Guinea-Bissau	Libya	200	213	230	253	276	309	329	348	0
GNB	LUX	Guinea-Bissau	Luxembourg	0	0	0	0	0	0	1516	1751	655
GNB	MLI	Guinea-Bissau	Mali	0	0	0	0	289	355	414	465	310
GNB	MRT	Guinea-Bissau	Mauritania	1067	1140	1178	1190	834	1203	1316	1415	765
GNB	NOR	Guinea-Bissau	Norway*	9	10	13	13	22	64	68	76	23
GNB	PRT	Guinea-Bissau	Portugal	6588	13671	21309	25289	25070	28422	32607	36682	16129
GNB	SEN	Guinea-Bissau	Senegal	23825	24916	23437	24985	27726	29591	30550	31321	17303
GNB	SLE	Guinea-Bissau	Sierra Leone	24	23	22	6	47	377	650	605	243
GNB	SVK	Guinea-Bissau	Slovakia	0	0	0	0	0	2	1	1	1
GNB	SVN	Guinea-Bissau	Slovenia	0	0	1	1	2	18	35	40	14
GNB	TGO	Guinea-Bissau	Togo	62	69	77	86	116	130	130	131	73
GNQ	CHN	Equatorial Guinea	China	77	92	110	130	158	293	525	602	320
GNQ	CMR	Equatorial Guinea	Cameroon	0	0	0	3377	2688	3357	3911	4341	2474
GNQ	COG	Equatorial Guinea	Congo	485	560	786	500	1190	1582	1570	1562	715
GNQ	DNK	Equatorial Guinea	Denmark*	0	0	0	1	1	8	11	13	6
GNQ	ESP	Equatorial Guinea	Spain*	0	3031	10778	17780	21308	19370	21824	24372	15524
GNQ	FIN	Equatorial Guinea	Finland*	0	0	0	5	9	14	10	12	8
GNQ	GAB	Equatorial Guinea	Gabon	26892	35966	44984	49009	56815	79434	87411	94354	39848
GNQ	GIN	Equatorial Guinea	Guinea	0	0	0	0	0	10695	10274	9933	4120
GNQ	GRC	Equatorial Guinea	Greece	2	1	0	1	1	0	7	7	3
GNQ	HUN	Equatorial Guinea	Hungary	0	0	0	0	0	2	5	6	1
GNQ	ISL	Equatorial Guinea	Iceland	1	1	1	2	3	9	24	36	24
GNQ	LUX	Equatorial Guinea	Luxembourg	0	0	0	0	0	0	8	9	8
GNQ	MLI	Equatorial Guinea	Mali	0	0	0	0	653	803	941	1056	533
GNQ	NOR	Equatorial Guinea	Norway*	1	2	3	4	3	12	13	14	10
GNQ	PRT	Equatorial Guinea	Portugal	16	34	55	135	194	221	251	282	263
GNQ	SLE	Equatorial Guinea	Sierra Leone	0	0	1	3	3	0	0	0	0
GNQ	STP	Equatorial Guinea	Sao Tome and Principe	305	286	268	210	165	146	129	118	75
GNQ	TGO	Equatorial Guinea	Togo	50	56	63	71	95	107	107	108	39
GRC	ALB	Greece	Albania	40087	43331	46575	39315	32054	31596	29643	28166	14630
GRC	ARG	Greece	Argentina	3414	2808	2314	1907	1561	1126	810	799	455
GRC	ARM	Greece	Armenia	4856	3983	3153	2198	1450	629	12	10	6
GRC	AUS	Greece	Australia*	137306	137763	130671	129008	122541	115825	103086	89351	46939
GRC	AUT	Greece	Austria	1734	2247	2872	3300	3474	5505	7238	8581	3781
GRC	BEL	Greece	Belgium	15026	15128	15234	14752	14273	16409	18219	19720	10024
GRC	BGR	Greece	Bulgaria	1246	1945	2643	3584	4469	6276	8061	11085	4887
GRC	BHS	Greece	Bahamas	72	63	55	70	84	91	96	102	34
GRC	BLR	Greece	Belarus	164	139	113	109	104	108	105	104	70
GRC	BMU	Greece	Bermuda*	100	101	87	48	5	4	2	2	1
GRC	BOL	Greece	Bolivia (Plurinational State of)	15	12	8	15	22	27	28	31	8
GRC	BRA	Greece	Brazil	3460	2994	2644	2061	1497	933	410	1593	826
GRC	CAN	Greece	Canada	84480	80114	76385	73430	68096	65590	56342	50296	25173
GRC	CHE	Greece	Switzerland	4718	5325	6043	7130	8106	11763	15864	19484	9185
GRC	CHL	Greece	Chile	186	188	195	202	199	216	218	224	201
GRC	CMR	Greece	Cameroon	0	0	0	193	153	191	220	244	89
GRC	CRI	Greece	Costa Rica	28	22	26	18	34	33	39	47	16
GRC	CYP	Greece	Cyprus	5898	8340	10781	16211	24875	22844	23581	25031	11003
GRC	CZE	Greece	Czechia	1985	1901	1817	1731	1647	1866	2176	2415	957
GRC	DEU	Greece	Germany	200676	242587	248871	204043	174088	222947	248036	242582	113732
GRC	DNK	Greece	Denmark*	819	958	1056	1101	1427	2693	3859	5226	2237
GRC	DOM	Greece	Dominican Republic	94	105	115	88	61	63	65	70	18
GRC	EGY	Greece	Egypt	2020	1449	1044	730	469	0	167	91	45
GRC	EST	Greece	Estonia	0	0	0	0	25	77	171	174	67
GRC	FIN	Greece	Finland*	320	357	394	560	658	1110	1674	1971	636
GRC	GEO	Greece	Georgia	0	0	159	151	152	159	163	168	79
GRC	HRV	Greece	Croatia	0	68	128	137	146	147	136	130	67
GRC	HUN	Greece	Hungary	1601	1252	903	1109	1324	1140	1361	1605	764
GRC	ISL	Greece	Iceland	5	8	10	18	25	45	181	273	94
GRC	ISR	Greece	Israel	15437	10658	6693	4002	1076	1102	1187	1239	691
GRC	ITA	Greece	Italy	13276	14127	14497	14478	14943	15536	16361	15677	8483
GRC	LBY	Greece	Libya	3730	2804	1925	2122	2331	2608	2792	2951	1169
GRC	LIE	Greece	Liechtenstein	86	94	102	75	49	46	47	50	21
GRC	LKA	Greece	Sri Lanka	1	11	22	44	89	90	89	90	39
GRC	LTU	Greece	Lithuania	10	12	9	35	57	55	103	109	32
GRC	LUX	Greece	Luxembourg	636	805	983	1083	1195	1823	3163	3654	1812
GRC	LVA	Greece	Latvia	326	169	12	23	34	42	51	47	17
GRC	MDA	Greece	Republic of Moldova*	12	12	13	114	253	475	624	351	172
GRC	MEX	Greece	Mexico	198	240	293	271	250	242	236	256	74
GRC	MKD	Greece	North Macedonia	235	220	205	210	216	233	232	233	135
GRC	MLT	Greece	Malta	11	13	32	52	63	106	229	398	101
GRC	MNE	Greece	Montenegro	53	53	53	53	50	56	55	55	9
GRC	NLD	Greece	Netherlands*	5832	6523	7239	8033	9412	14489	21670	30769	13298
GRC	NOR	Greece	Norway*	475	495	575	649	849	2279	3352	3727	1566
GRC	PAN	Greece	Panama	235	224	229	230	278	325	389	593	99
GRC	POL	Greece	Poland	1746	2140	2623	2832	2895	3989	5816	6389	3062
GRC	PRT	Greece	Portugal	42	81	124	157	165	186	212	238	110
GRC	ROU	Greece	Romania	4793	4639	4489	4237	3940	4806	6429	7786	3707
GRC	RUS	Greece	Russian Federation	1997	1975	1882	1918	1883	2052	2234	2381	1019
GRC	SRB	Greece	Serbia*	981	871	764	792	872	961	1058	6269	3208
GRC	SVK	Greece	Slovakia	9	119	262	294	330	431	649	706	244
GRC	SVN	Greece	Slovenia	45	54	57	61	79	91	127	144	62
GRC	SWE	Greece	Sweden	13196	12205	10907	10768	11288	15593	19655	21838	9723
GRC	TUR	Greece	Türkiye	103039	81779	60518	48588	37266	27005	30225	31548	17220
GRC	USA	Greece	United States of America*	194515	155781	183593	159776	146811	152851	134752	130822	62401
GRC	VEN	Greece	Venezuela (Bolivarian Republic of)	1092	922	772	747	731	735	691	659	242
GRC	ZAF	Greece	South Africa	5943	4387	3897	3525	3114	2296	1604	1558	661
GRD	ABW	Grenada	Aruba*	294	285	276	263	246	258	287	394	302
GRD	ATG	Grenada	Antigua and Barbuda	115	137	158	170	181	192	199	206	90
GRD	AUS	Grenada	Australia*	87	94	125	128	130	140	150	143	68
GRD	BHS	Grenada	Bahamas	28	27	26	28	30	33	34	36	20
GRD	BOL	Grenada	Bolivia (Plurinational State of)	1	2	2	1	0	0	0	0	0
GRD	BRB	Grenada	Barbados	565	616	668	518	371	389	391	395	254
GRD	CAN	Grenada	Canada	4478	5953	7901	8686	10325	10521	9982	9873	5890
GRD	CRI	Grenada	Costa Rica	7	5	6	5	9	8	9	11	4
GRD	CUB	Grenada	Cuba	180	137	0	0	0	0	0	11	6
GRD	CUW	Grenada	Curaçao*	2	2	2	2	3	2	2	3	1
GRD	CYM	Grenada	Cayman Islands*	4	9	17	16	16	16	17	19	7
GRD	DNK	Grenada	Denmark*	3	4	7	6	9	14	13	13	5
GRD	FIN	Grenada	Finland*	0	0	0	0	1	1	1	1	0
GRD	GRC	Grenada	Greece	2	4	6	4	2	1	0	0	0
GRD	GUY	Grenada	Guyana	54	81	108	137	102	107	112	195	83
GRD	HUN	Grenada	Hungary	1	3	4	5	5	3	3	4	3
GRD	JAM	Grenada	Jamaica	161	192	222	216	210	205	207	210	107
GRD	KNA	Grenada	Saint Kitts and Nevis	24	34	46	52	56	57	58	60	26
GRD	LCA	Grenada	Saint Lucia	67	90	124	156	176	168	160	155	62
GRD	LUX	Grenada	Luxembourg	0	0	0	0	0	0	2	2	2
GRD	MLI	Grenada	Mali	0	0	0	0	300	369	431	484	274
GRD	NOR	Grenada	Norway*	2	3	4	5	0	19	16	18	10
GRD	PAN	Grenada	Panama	21	11	2	11	23	27	31	47	17
GRD	SVK	Grenada	Slovakia	0	0	0	0	0	2	1	1	1
GRD	TTO	Grenada	Trinidad and Tobago	16589	15066	11148	11973	7748	8026	8913	12827	6097
GRD	VCT	Grenada	Saint Vincent and the Grenadines	377	392	408	422	431	439	450	458	250
GRD	VEN	Grenada	Venezuela (Bolivarian Republic of)	436	321	235	202	176	163	152	145	99
GRD	VIR	Grenada	United States Virgin Islands*	463	520	578	583	590	590	589	589	306
GRL	BGR	Greenland*	Bulgaria	1	2	2	3	3	2	1	1	0
GRL	CRI	Greenland*	Costa Rica	7	5	6	5	9	8	9	11	4
GRL	CUB	Greenland*	Cuba	195	148	220	25	3	0	0	0	0
GRL	DNK	Greenland*	Denmark*	9538	10733	12091	12969	14610	16037	16750	17364	9901
GRL	FRO	Greenland*	Faroe Islands*	137	92	102	134	143	150	174	207	137
GRL	GRC	Greenland*	Greece	8	8	8	6	3	2	0	0	0
GRL	GTM	Greenland*	Guatemala	269	261	252	299	346	380	427	470	216
GRL	HUN	Greenland*	Hungary	0	0	0	0	0	0	1	1	0
GRL	ISL	Greenland*	Iceland	35	38	40	53	64	65	82	124	74
GRL	LVA	Greenland*	Latvia	0	0	0	0	1	1	0	0	0
GRL	NOR	Greenland*	Norway*	123	155	184	212	255	296	280	311	185
GRL	SVK	Greenland*	Slovakia	0	0	0	0	0	3	2	2	0
GTM	ARG	Guatemala	Argentina	438	455	472	489	506	522	540	553	315
GTM	AUS	Guatemala	Australia*	218	256	310	350	414	536	640	788	420
GTM	BGR	Guatemala	Bulgaria	1	2	3	5	6	4	4	6	5
GTM	BHS	Guatemala	Bahamas	7	8	9	21	32	35	36	38	20
GTM	BLZ	Guatemala	Belize	12650	14350	16058	18022	19995	23580	26767	29643	15325
GTM	BOL	Guatemala	Bolivia (Plurinational State of)	146	144	141	132	122	143	158	176	77
GTM	BRA	Guatemala	Brazil	162	158	158	214	281	356	437	372	267
GTM	CAN	Guatemala	Canada	8560	10630	13187	15513	16090	18309	18131	18187	8899
GTM	CHL	Guatemala	Chile	121	163	210	283	372	537	667	771	722
GTM	COL	Guatemala	Colombia	226	280	321	369	491	660	846	979	390
GTM	CRI	Guatemala	Costa Rica	1977	1602	2029	1330	2623	2660	3192	3852	1793
GTM	CUB	Guatemala	Cuba	153	116	75	56	41	27	18	13	7
GTM	DNK	Guatemala	Denmark*	20	85	132	164	222	238	270	319	166
GTM	DOM	Guatemala	Dominican Republic	475	528	580	495	408	428	446	481	221
GTM	ECU	Guatemala	Ecuador	17	71	153	226	314	329	334	334	171
GTM	EST	Guatemala	Estonia	0	0	0	0	7	10	10	10	1
GTM	FIN	Guatemala	Finland*	16	21	25	46	59	71	85	100	41
GTM	GRC	Guatemala	Greece	41	37	33	32	32	30	30	32	24
GTM	HND	Guatemala	Honduras	3250	3336	3421	3351	3280	4607	4711	4796	2352
GTM	HUN	Guatemala	Hungary	6	9	12	15	18	16	32	38	17
GTM	ISL	Guatemala	Iceland	14	21	27	30	32	37	36	54	23
GTM	ITA	Guatemala	Italy	845	1041	1239	1471	1746	2036	2321	2492	1554
GTM	JAM	Guatemala	Jamaica	295	311	326	318	309	302	307	312	174
GTM	LCA	Guatemala	Saint Lucia	2	2	4	4	4	3	1	1	0
GTM	LIE	Guatemala	Liechtenstein	0	0	0	0	4	5	0	0	0
GTM	LUX	Guatemala	Luxembourg	0	0	0	0	0	0	120	139	82
GTM	LVA	Guatemala	Latvia	0	0	0	0	0	1	1	1	0
GTM	MEX	Guatemala	Mexico	53625	54776	43354	31145	35780	45664	63459	81012	39656
GTM	NIC	Guatemala	Nicaragua	1134	900	1199	1529	1634	1762	1843	1912	899
GTM	NOR	Guatemala	Norway*	208	234	285	352	389	445	472	525	264
GTM	PAN	Guatemala	Panama	376	473	600	894	1372	1606	1925	2937	1234
GTM	PER	Guatemala	Peru	12	12	32	109	181	261	355	541	232
GTM	PRI	Guatemala	Puerto Rico*	487	515	546	563	511	381	331	299	159
GTM	PRT	Guatemala	Portugal	7	15	25	28	27	30	32	36	20
GTM	SLV	Guatemala	El Salvador	8235	7224	6212	7367	8521	8885	9036	9157	4878
GTM	SVK	Guatemala	Slovakia	0	0	0	0	0	3	5	5	1
GTM	SVN	Guatemala	Slovenia	0	0	0	0	1	1	1	1	1
GTM	USA	Guatemala	United States of America*	229073	331681	454084	651897	823536	952839	1144667	1298936	549007
GTM	VEN	Guatemala	Venezuela (Bolivarian Republic of)	579	501	433	425	422	428	402	384	210
GUF	ATG	French Guiana*	Antigua and Barbuda	4	4	4	5	5	5	4	4	1
GUF	BOL	French Guiana*	Bolivia (Plurinational State of)	0	1	2	2	1	2	1	1	0
GUF	BRA	French Guiana*	Brazil	1023	794	623	663	690	748	809	873	332
GUF	CRI	French Guiana*	Costa Rica	6	6	9	7	13	12	14	17	10
GUF	DMA	French Guiana*	Dominica	8	11	13	16	20	23	22	22	16
GUF	DNK	French Guiana*	Denmark*	5	0	0	0	0	0	0	0	0
GUF	GLP	French Guiana*	Guadeloupe*	732	881	1030	1089	1148	1099	1088	1081	626
GUF	GRC	French Guiana*	Greece	2	3	4	2	0	0	0	0	0
GUF	GTM	French Guiana*	Guatemala	13	13	13	15	17	20	20	22	9
GUF	LCA	French Guiana*	Saint Lucia	127	171	235	199	149	142	135	131	84
GUF	MEX	French Guiana*	Mexico	0	0	0	0	0	0	0	318	129
GUF	MTQ	French Guiana*	Martinique*	1101	1348	1596	1670	1744	2025	2008	1995	1360
GUF	VEN	French Guiana*	Venezuela (Bolivarian Republic of)	26	25	25	26	28	30	27	26	15
GUM	AUS	Guam*	Australia*	29	39	50	80	97	120	130	141	60
GUM	CRI	Guam*	Costa Rica	5	4	4	4	6	5	6	7	3
GUM	FSM	Guam*	Micronesia (Fed. States of)	55	49	45	41	39	38	37	38	15
GUM	GRC	Guam*	Greece	2	2	3	2	0	0	0	0	0
GUM	MEX	Guam*	Mexico	234	272	314	70	14	10	10	10	1
GUM	MNP	Guam*	Northern Mariana Islands*	1062	1186	1382	1280	810	726	731	736	412
GUM	PLW	Guam*	Palau	152	258	256	274	262	235	241	247	130
GUY	ABW	Guyana	Aruba*	107	202	297	289	276	289	322	442	238
GUY	AIA	Guyana	Anguilla*	181	233	285	328	357	382	397	411	169
GUY	ATG	Guyana	Antigua and Barbuda	1660	3489	5317	5702	6086	6472	6811	7064	3925
GUY	AUS	Guyana	Australia*	480	507	519	563	602	661	618	568	295
GUY	BGR	Guyana	Bulgaria	1	2	2	3	4	4	3	4	1
GUY	BHS	Guyana	Bahamas	419	550	682	957	1232	1335	1430	1513	854
GUY	BMU	Guyana	Bermuda*	51	61	60	75	91	90	95	97	56
GUY	BOL	Guyana	Bolivia (Plurinational State of)	1	4	7	6	4	6	5	6	1
GUY	BRA	Guyana	Brazil	1045	1258	1546	1741	1848	2046	2335	2477	1309
GUY	BRB	Guyana	Barbados	2557	2792	3026	4640	6277	6594	6667	6728	3571
GUY	CAN	Guyana	Canada	64619	72730	81901	86836	88672	88639	85991	81615	46071
GUY	CRI	Guyana	Costa Rica	20	16	21	15	29	28	33	40	17
GUY	CUW	Guyana	Curaçao*	471	471	471	471	423	458	533	746	419
GUY	CYM	Guyana	Cayman Islands*	60	114	198	241	308	335	373	407	165
GUY	DMA	Guyana	Dominica	69	91	108	133	163	190	193	197	87
GUY	DNK	Guyana	Denmark*	79	92	95	91	95	101	98	102	70
GUY	DOM	Guyana	Dominican Republic	45	50	55	39	23	23	23	25	6
GUY	EST	Guyana	Estonia	0	0	0	0	2	2	2	2	2
GUY	FIN	Guyana	Finland*	8	8	8	14	14	19	16	19	8
GUY	GLP	Guyana	Guadeloupe*	56	91	125	153	181	174	170	169	97
GUY	GRC	Guyana	Greece	14	13	12	12	11	10	8	8	5
GUY	GRD	Guyana	Grenada	324	316	308	322	337	341	365	371	320
GUY	GUF	Guyana	French Guiana*	2242	2469	2696	2870	3044	3522	3958	4346	2371
GUY	HUN	Guyana	Hungary	5	4	3	4	5	8	9	11	5
GUY	ISL	Guyana	Iceland	7	10	13	17	20	20	23	35	21
GUY	KNA	Guyana	Saint Kitts and Nevis	335	443	612	697	756	777	805	829	387
GUY	LCA	Guyana	Saint Lucia	821	1108	1522	1994	2274	2185	2111	2045	1145
GUY	LTU	Guyana	Lithuania	0	0	0	0	0	0	1	1	0
GUY	LUX	Guyana	Luxembourg	0	0	0	0	0	0	11	13	10
GUY	MSR	Guyana	Montserrat*	359	288	218	224	230	240	244	248	103
GUY	NOR	Guyana	Norway*	67	69	78	82	86	88	91	101	68
GUY	PAN	Guyana	Panama	46	38	33	34	42	48	57	87	43
GUY	PRI	Guyana	Puerto Rico*	99	104	110	86	52	50	21	19	10
GUY	SUR	Guyana	Suriname	5114	6317	7802	9548	11264	12232	13557	14720	6629
GUY	SVN	Guyana	Slovenia	0	0	0	0	3	2	0	0	0
GUY	SXM	Guyana	Sint Maarten (Dutch part)*	1578	1578	1578	867	1735	1807	1907	1993	1023
GUY	TTO	Guyana	Trinidad and Tobago	5140	4666	5264	5649	9490	9830	10923	15720	7082
GUY	USA	Guyana	United States of America*	123947	137159	218325	253002	257524	279144	277360	314783	172902
GUY	VCT	Guyana	Saint Vincent and the Grenadines	209	217	226	236	242	246	249	253	134
GUY	VEN	Guyana	Venezuela (Bolivarian Republic of)	4601	5577	6698	7511	8510	9149	8624	8227	4261
GUY	VGB	Guyana	British Virgin Islands*	841	989	1136	1301	2023	2314	2625	2904	1437
GUY	ZAF	Guyana	South Africa	12	12	12	13	33	82	202	303	86
HKG	AUS	China, Hong Kong SAR	Australia*	59104	72273	75247	79854	85347	95107	103398	116517	61230
HKG	BHS	China, Hong Kong SAR	Bahamas	46	35	25	25	24	26	26	28	14
HKG	BLZ	China, Hong Kong SAR	Belize	47	49	50	56	61	71	78	86	41
HKG	BOL	China, Hong Kong SAR	Bolivia (Plurinational State of)	0	8	15	9	2	3	2	2	1
HKG	BRN	China, Hong Kong SAR	Brunei Darussalam	382	432	482	493	504	515	559	599	293
HKG	CAN	China, Hong Kong SAR	Canada	141567	232339	236559	218674	210571	214832	214132	204515	109321
HKG	CHN	China, Hong Kong SAR	China	110881	132434	158117	188659	227011	290906	359011	421605	207861
HKG	CRI	China, Hong Kong SAR	Costa Rica	1504	1604	2506	1643	3238	3285	3943	4758	2122
HKG	CUW	China, Hong Kong SAR	Curaçao*	115	115	115	115	104	111	129	180	62
HKG	DNK	China, Hong Kong SAR	Denmark*	542	0	0	0	0	0	0	0	0
HKG	EST	China, Hong Kong SAR	Estonia	0	0	0	0	1	0	0	0	0
HKG	FSM	China, Hong Kong SAR	Micronesia (Fed. States of)	8	7	8	15	18	21	20	20	6
HKG	GBR	China, Hong Kong SAR	United Kingdom*	72708	80651	89206	98669	109135	120712	133566	142011	65762
HKG	GRC	China, Hong Kong SAR	Greece	30	40	51	26	0	0	0	0	0
HKG	JPN	China, Hong Kong SAR	Japan	4345	5571	6899	8155	8906	10787	13765	13895	6933
HKG	KHM	China, Hong Kong SAR	Cambodia	54	142	229	179	129	116	123	130	49
HKG	MAC	China, Hong Kong SAR	China, Macao SAR	11736	12873	14240	16517	18888	20984	22512	23816	9581
HKG	MUS	China, Hong Kong SAR	Mauritius	91	45	25	21	20	23	22	22	6
HKG	NOR	China, Hong Kong SAR	Norway*	728	854	884	910	1643	2344	2673	2972	1292
HKG	NZL	China, Hong Kong SAR	New Zealand*	6157	11094	11363	8176	7289	8959	12068	13920	7260
HKG	PAN	China, Hong Kong SAR	Panama	187	270	371	277	240	281	337	514	250
HKG	PRK	China, Hong Kong SAR	Dem. People's Republic of Korea	97	102	106	128	149	164	166	169	55
HKG	PRT	China, Hong Kong SAR	Portugal	27	57	91	112	116	132	149	168	101
HKG	SGP	China, Hong Kong SAR	Singapore	1400	1638	1853	1918	2575	3100	3216	3584	2255
HKG	SLV	China, Hong Kong SAR	El Salvador	13	10	7	8	8	8	8	8	4
HKG	TWN	China, Hong Kong SAR	China, Taiwan Province of China	4955	6280	7637	9358	10968	12849	16802	20726	11922
HKG	USA	China, Hong Kong SAR	United States of America*	150484	121952	210485	214124	215677	244595	258439	268915	145338
HKG	VEN	China, Hong Kong SAR	Venezuela (Bolivarian Republic of)	507	500	490	515	547	573	539	514	219
HKG	ZAF	China, Hong Kong SAR	South Africa	1567	1325	1046	804	622	583	588	576	325
HND	ARG	Honduras	Argentina	12	13	65	169	275	365	476	574	327
HND	ATG	Honduras	Antigua and Barbuda	3	5	6	7	7	7	6	6	2
HND	AUS	Honduras	Australia*	141	162	185	225	240	315	385	495	254
HND	BGR	Honduras	Bulgaria	0	1	1	2	2	2	4	6	6
HND	BHS	Honduras	Bahamas	7	10	13	27	40	43	44	47	8
HND	BLZ	Honduras	Belize	2764	4100	5436	6375	7313	8624	9784	10835	5395
HND	BOL	Honduras	Bolivia (Plurinational State of)	232	216	197	198	198	232	257	287	142
HND	CAN	Honduras	Canada	2144	2979	4106	5066	6289	8198	8902	9817	5021
HND	CHL	Honduras	Chile	198	220	238	304	403	592	740	856	764
HND	COL	Honduras	Colombia	168	195	233	282	382	527	682	795	443
HND	CRI	Honduras	Costa Rica	2608	2241	2994	1963	3869	3924	4708	5682	3093
HND	CYM	Honduras	Cayman Islands*	747	678	777	1176	1682	1833	2046	2234	1403
HND	CYP	Honduras	Cyprus	1	2	2	3	3	2	1	1	0
HND	DNK	Honduras	Denmark*	38	48	69	80	111	131	162	186	110
HND	DOM	Honduras	Dominican Republic	433	481	529	467	404	424	442	477	247
HND	ECU	Honduras	Ecuador	128	156	186	214	250	301	377	426	257
HND	ESP	Honduras	Spain*	1102	1849	3052	8647	28247	45288	133075	218548	147208
HND	EST	Honduras	Estonia	0	0	0	0	1	2	12	12	5
HND	FIN	Honduras	Finland*	5	10	14	27	39	59	92	108	64
HND	GIN	Honduras	Guinea	0	0	0	0	0	298	285	276	120
HND	GRC	Honduras	Greece	62	47	33	42	53	49	49	52	39
HND	GTM	Honduras	Guatemala	4768	5032	5295	6294	7292	7995	9023	9924	5390
HND	HUN	Honduras	Hungary	2	5	7	9	11	10	9	11	7
HND	ISL	Honduras	Iceland	7	11	14	24	32	35	60	91	56
HND	ITA	Honduras	Italy	223	368	590	975	1563	2411	3530	4756	3319
HND	JAM	Honduras	Jamaica	157	165	173	169	164	160	162	165	94
HND	LIE	Honduras	Liechtenstein	0	0	0	0	1	1	0	0	0
HND	LTU	Honduras	Lithuania	1	0	0	0	0	2	1	1	0
HND	LUX	Honduras	Luxembourg	0	0	0	0	0	0	24	28	23
HND	MEX	Honduras	Mexico	2297	3048	3899	6597	11167	21614	81332	166398	72681
HND	NIC	Honduras	Nicaragua	10105	9473	10017	10745	11534	12439	13110	13606	7012
HND	NOR	Honduras	Norway*	57	63	61	69	94	118	133	148	87
HND	PAN	Honduras	Panama	638	715	838	963	1284	1504	1797	2741	1385
HND	PER	Honduras	Peru	11	7	62	123	177	235	309	481	321
HND	PRI	Honduras	Puerto Rico*	435	446	460	338	174	408	531	480	257
HND	SLV	Honduras	El Salvador	15774	12650	9525	10362	11198	11676	11878	12039	7113
HND	SVK	Honduras	Slovakia	0	0	0	0	0	2	4	4	0
HND	SVN	Honduras	Slovenia	0	0	1	0	0	5	2	2	1
HND	USA	Honduras	United States of America*	112108	189687	266664	394260	509973	621409	775889	934727	450441
HND	VEN	Honduras	Venezuela (Bolivarian Republic of)	437	369	309	299	293	294	275	262	148
HRV	ARG	Croatia	Argentina	2646	2329	2020	1712	1402	1041	774	765	435
HRV	AUS	Croatia	Australia*	55533	57434	58254	69644	68492	61762	54563	47534	24470
HRV	AUT	Croatia	Austria	31301	35998	40829	35142	39459	42582	49279	59348	30972
HRV	BGR	Croatia	Bulgaria	15	29	42	60	76	95	125	172	72
HRV	BIH	Croatia	Bosnia and Herzegovina	21218	27272	33326	17930	12849	12776	11956	11319	5891
HRV	BOL	Croatia	Bolivia (Plurinational State of)	0	28	55	44	33	39	41	46	18
HRV	BRA	Croatia	Brazil	5	712	586	628	568	607	638	664	300
HRV	CAN	Croatia	Canada	25550	31146	38126	39260	40282	41477	37407	35035	17981
HRV	CHE	Croatia	Switzerland	19098	18951	18919	19795	19810	19820	19800	19802	11394
HRV	CHL	Croatia	Chile	265	451	410	351	281	250	204	293	242
HRV	CRI	Croatia	Costa Rica	21	16	18	13	25	24	28	34	16
HRV	CYP	Croatia	Cyprus	21	30	38	57	88	80	81	86	50
HRV	CZE	Croatia	Czechia	871	1257	1644	1992	2416	2329	2174	2048	880
HRV	DEU	Croatia	Germany	64486	151133	167650	174209	170139	198532	266440	271197	135519
HRV	DNK	Croatia	Denmark*	0	297	576	633	729	1265	2483	3200	1520
HRV	EST	Croatia	Estonia	0	0	0	0	13	28	47	48	23
HRV	FIN	Croatia	Finland*	0	52	104	139	159	213	293	345	148
HRV	FRO	Croatia	Faroe Islands*	1	1	0	25	25	22	24	29	12
HRV	GBR	Croatia	United Kingdom*	5447	6159	6874	7550	8280	10353	13235	15398	8130
HRV	GIN	Croatia	Guinea	0	0	0	0	0	19	17	16	5
HRV	GRC	Croatia	Greece	466	407	355	397	454	427	435	462	313
HRV	HUN	Croatia	Hungary	365	980	1595	1958	2338	1921	2282	2692	1321
HRV	IRL	Croatia	Ireland	128	191	531	925	983	3971	9858	15615	7226
HRV	ISL	Croatia	Iceland	6	9	11	81	148	169	716	1081	320
HRV	ITA	Croatia	Italy	155622	120860	90666	69846	50184	40892	24483	20875	12692
HRV	LIE	Croatia	Liechtenstein	111	135	157	143	130	118	115	123	63
HRV	LTU	Croatia	Lithuania	15	11	8	8	6	7	35	37	8
HRV	LUX	Croatia	Luxembourg	400	380	365	316	271	413	874	1010	516
HRV	LVA	Croatia	Latvia	4	6	8	7	6	7	8	7	2
HRV	MKD	Croatia	North Macedonia	1437	1335	1253	1288	1323	1433	1438	1443	842
HRV	MLI	Croatia	Mali	0	0	0	0	792	975	1142	1282	466
HRV	MLT	Croatia	Malta	18	22	54	87	59	101	217	377	130
HRV	MNE	Croatia	Montenegro	15174	15174	15174	15174	14529	15486	15523	15398	9621
HRV	NOR	Croatia	Norway*	7	102	1425	2540	2730	3390	4897	5445	2481
HRV	PAN	Croatia	Panama	36	39	46	60	87	102	121	185	40
HRV	POL	Croatia	Poland	819	813	807	801	796	647	507	418	193
HRV	PRT	Croatia	Portugal	27	58	92	89	72	81	91	102	60
HRV	SRB	Croatia	Serbia*	388793	531823	647883	464341	343685	282253	242098	223325	123320
HRV	SVK	Croatia	Slovakia	95	273	527	592	664	850	1242	1350	409
HRV	SVN	Croatia	Slovenia	48018	47721	59921	56322	55964	46995	46599	52829	26497
HRV	SWE	Croatia	Sweden	1877	2372	5037	5883	6258	7941	12041	14041	6586
HRV	VEN	Croatia	Venezuela (Bolivarian Republic of)	363	358	351	368	391	410	385	367	159
HRV	ZAF	Croatia	South Africa	570	570	582	570	565	444	323	323	122
HTI	ABW	Haiti	Aruba*	320	660	1000	1288	1552	1632	1824	2501	1622
HTI	ARG	Haiti	Argentina	12	12	12	13	257	606	1198	1790	1020
HTI	ATG	Haiti	Antigua and Barbuda	11	19	27	29	31	33	33	34	17
HTI	AUS	Haiti	Australia*	72	79	90	94	102	120	128	130	62
HTI	BGR	Haiti	Bulgaria	1	2	3	4	5	5	4	6	1
HTI	BHS	Haiti	Bahamas	10894	15759	20628	23047	25465	27591	29629	31353	13618
HTI	BLZ	Haiti	Belize	35	37	38	42	46	54	60	66	27
HTI	BMU	Haiti	Bermuda*	1028	1160	1103	595	11	10	3	3	2
HTI	BOL	Haiti	Bolivia (Plurinational State of)	6	7	7	10	13	16	16	18	6
HTI	BRA	Haiti	Brazil	44	26	16	28	355	81	35560	88383	35906
HTI	BRB	Haiti	Barbados	0	0	0	24	32	33	32	32	22
HTI	CAN	Haiti	Canada	38706	44686	51346	62042	82200	95254	99407	107237	59590
HTI	CHL	Haiti	Chile	32	39	47	228	2345	26672	181271	172050	58788
HTI	CRI	Haiti	Costa Rica	48	41	54	36	71	71	85	103	40
HTI	CUB	Haiti	Cuba	2063	1564	1226	607	284	126	54	38	17
HTI	CUW	Haiti	Curaçao*	2025	2025	2025	2025	1812	1968	2295	3210	1414
HTI	CYM	Haiti	Cayman Islands*	5	11	19	18	18	18	19	21	7
HTI	CYP	Haiti	Cyprus	1	2	2	3	3	2	1	1	1
HTI	DMA	Haiti	Dominica	561	732	873	1071	3071	2453	2537	2585	1309
HTI	DNK	Haiti	Denmark*	51	93	131	136	143	146	165	170	72
HTI	DOM	Haiti	Dominican Republic	187210	207931	228652	270852	313363	475084	496112	535116	185862
HTI	ECU	Haiti	Ecuador	12	12	13	128	978	458	401	333	141
HTI	FIN	Haiti	Finland*	0	1	1	7	12	10	11	13	5
HTI	FRA	Haiti	France*	15054	27375	47091	65780	75919	90053	105761	116971	69136
HTI	GIN	Haiti	Guinea	0	0	0	0	0	25	22	21	9
HTI	GLP	Haiti	Guadeloupe*	12028	10272	8515	11623	14731	14113	13973	13880	7782
HTI	GRC	Haiti	Greece	143	87	32	36	40	37	37	39	21
HTI	GTM	Haiti	Guatemala	26	18	10	11	12	14	13	14	4
HTI	GUF	Haiti	French Guiana*	9605	11381	13157	14450	15743	19651	22084	24246	13931
HTI	HND	Haiti	Honduras	34	34	33	32	31	43	43	44	5
HTI	HUN	Haiti	Hungary	0	0	0	0	0	4	8	9	7
HTI	ISL	Haiti	Iceland	1	1	1	4	7	12	13	20	14
HTI	ITA	Haiti	Italy	244	310	382	482	585	683	890	1021	574
HTI	LCA	Haiti	Saint Lucia	15	15	28	28	26	24	22	21	9
HTI	LIE	Haiti	Liechtenstein	0	0	0	0	0	1	0	0	0
HTI	LKA	Haiti	Sri Lanka	0	3	8	18	38	37	36	36	20
HTI	LUX	Haiti	Luxembourg	0	0	0	0	0	0	77	89	37
HTI	MEX	Haiti	Mexico	236	319	383	607	1164	2672	13820	91622	36630
HTI	MTQ	Haiti	Martinique*	1109	1335	1562	1634	1707	1982	1966	1953	786
HTI	NIC	Haiti	Nicaragua	25	20	20	21	22	23	23	24	10
HTI	NOR	Haiti	Norway*	6	10	11	22	30	40	51	57	27
HTI	PAN	Haiti	Panama	122	204	300	346	463	542	651	993	519
HTI	PER	Haiti	Peru	14	23	33	42	60	128	210	256	130
HTI	PRI	Haiti	Puerto Rico*	295	310	327	299	235	160	129	117	63
HTI	SVK	Haiti	Slovakia	0	0	0	0	0	2	4	4	0
HTI	SVN	Haiti	Slovenia	0	0	0	0	1	10	1	1	1
HTI	SXM	Haiti	Sint Maarten (Dutch part)*	2399	2399	2399	1317	2635	2746	2901	3032	1286
HTI	TCA	Haiti	Turks and Caicos Islands*	2430	3567	5127	5652	9756	13928	15787	17446	8722
HTI	USA	Haiti	United States of America*	232257	351336	432213	491199	599162	686053	732899	798232	432690
HTI	VEN	Haiti	Venezuela (Bolivarian Republic of)	2013	1824	1689	1750	1831	1900	1790	1708	757
HTI	VIR	Haiti	United States Virgin Islands*	188	346	506	574	644	644	643	643	335
HUN	ARG	Hungary	Argentina	3095	2302	1719	1284	919	230	11	10	6
HUN	AUS	Hungary	Australia*	30211	28116	26101	24335	22824	21140	18673	16317	8669
HUN	AUT	Hungary	Austria	17785	23191	29905	32882	38876	64745	82988	96849	52655
HUN	BEL	Hungary	Belgium	5872	5671	5472	5903	7031	8093	8143	8518	4929
HUN	BGR	Hungary	Bulgaria	70	122	174	242	306	312	391	538	299
HUN	BIH	Hungary	Bosnia and Herzegovina	233	237	240	156	161	160	148	140	96
HUN	BLR	Hungary	Belarus	291	323	354	341	327	342	335	331	207
HUN	BOL	Hungary	Bolivia (Plurinational State of)	50	44	37	30	23	28	29	32	16
HUN	BRA	Hungary	Brazil	4694	3578	2787	2098	1478	841	254	1563	734
HUN	CAN	Hungary	Canada	57673	54544	49545	46246	41654	39215	32246	28068	14897
HUN	CHE	Hungary	Switzerland	13727	14000	14351	15378	15816	22305	27016	29553	15588
HUN	CHL	Hungary	Chile	500	435	369	323	275	259	230	335	286
HUN	CRI	Hungary	Costa Rica	66	49	56	38	74	74	89	107	46
HUN	CUB	Hungary	Cuba	155	118	84	50	28	16	9	6	3
HUN	CYP	Hungary	Cyprus	86	122	157	237	362	332	342	363	220
HUN	CZE	Hungary	Czechia	7648	6969	6290	5568	4922	4225	3611	3095	1678
HUN	DEU	Hungary	Germany	121600	133024	131370	128807	136334	185593	206199	212221	107240
HUN	DNK	Hungary	Denmark*	1317	1472	1579	1696	2745	4804	5685	6940	3583
HUN	DOM	Hungary	Dominican Republic	51	57	62	41	21	21	21	23	6
HUN	EST	Hungary	Estonia	36	56	76	88	99	201	246	251	124
HUN	FIN	Hungary	Finland*	554	644	734	1177	1442	2068	2376	2797	1358
HUN	GEO	Hungary	Georgia	0	0	49	46	46	48	48	49	27
HUN	GRC	Hungary	Greece	905	1228	1572	1669	1830	1724	1761	1871	1211
HUN	HRV	Hungary	Croatia	1666	1393	971	1004	1037	1044	981	935	639
HUN	IRL	Hungary	Ireland	101	151	420	2538	6672	8443	8638	8628	4435
HUN	ISL	Hungary	Iceland	35	49	63	110	154	218	505	763	347
HUN	ISR	Hungary	Israel	17565	17345	15387	13305	11501	12274	13230	13993	8018
HUN	ITA	Hungary	Italy	3018	4158	5571	8041	10734	12251	12881	12815	9661
HUN	LBY	Hungary	Libya	350	297	249	275	302	337	360	381	169
HUN	LIE	Hungary	Liechtenstein	6	7	9	28	49	70	80	86	60
HUN	LTU	Hungary	Lithuania	132	147	115	123	115	101	140	147	66
HUN	LUX	Hungary	Luxembourg	58	89	122	414	711	1084	1818	2100	1211
HUN	LVA	Hungary	Latvia	293	289	285	267	244	193	183	169	92
HUN	MDA	Hungary	Republic of Moldova*	416	350	285	220	150	93	35	60	33
HUN	MEX	Hungary	Mexico	161	197	243	300	365	369	369	374	219
HUN	MKD	Hungary	North Macedonia	82	77	72	73	75	81	80	80	45
HUN	MLT	Hungary	Malta	5	6	15	27	117	199	431	749	417
HUN	MNE	Hungary	Montenegro	45	45	45	45	45	47	46	46	13
HUN	MNG	Hungary	Mongolia	0	0	0	4	9	11	10	11	6
HUN	NLD	Hungary	Netherlands*	3427	4393	5243	5739	8979	13640	17686	22720	11982
HUN	NOR	Hungary	Norway*	1356	1328	1409	1500	2145	3902	4306	4788	2314
HUN	PAN	Hungary	Panama	79	47	20	32	51	59	69	105	38
HUN	POL	Hungary	Poland	1859	1622	1415	1345	1346	1548	1830	1818	938
HUN	PRT	Hungary	Portugal	63	136	215	309	352	398	454	511	347
HUN	ROU	Hungary	Romania	10747	8344	6343	5659	5484	6455	8125	9504	4946
HUN	RUS	Hungary	Russian Federation	18236	18740	18565	17727	16542	12524	9417	6932	3464
HUN	SRB	Hungary	Serbia*	4867	3252	2109	1788	1699	1614	1533	4677	2648
HUN	SVK	Hungary	Slovakia	6010	7707	11565	12768	14561	17058	16291	17710	8548
HUN	SVN	Hungary	Slovenia	385	329	398	350	450	402	467	529	310
HUN	SWE	Hungary	Sweden	15038	14728	14187	13636	15250	16372	16607	16739	8654
HUN	VEN	Hungary	Venezuela (Bolivarian Republic of)	908	896	878	923	980	1027	966	922	469
HUN	ZAF	Hungary	South Africa	1492	1150	464	466	698	679	529	525	249
IDN	ARE	Indonesia	United Arab Emirates	46445	67397	91456	119309	199195	250877	262762	298351	201491
IDN	AUS	Indonesia	Australia*	41797	47200	56595	60318	71090	76976	93414	104566	61814
IDN	BEL	Indonesia	Belgium	2291	2508	2747	3008	3270	3358	3591	3816	2536
IDN	BGD	Indonesia	Bangladesh	70627	84052	97476	123383	143647	152862	149901	205947	142336
IDN	BGR	Indonesia	Bulgaria	1	6	11	17	22	38	63	87	68
IDN	BHR	Indonesia	Bahrain	6285	7931	9135	14255	23008	25817	28122	30062	18942
IDN	BHS	Indonesia	Bahamas	8	7	6	18	30	33	34	36	21
IDN	BOL	Indonesia	Bolivia (Plurinational State of)	12	14	15	12	9	11	10	11	7
IDN	BRA	Indonesia	Brazil	5	884	722	785	716	767	814	847	381
IDN	BRN	Indonesia	Brunei Darussalam	3324	4551	5778	5907	6036	6165	6717	7195	5731
IDN	CAN	Indonesia	Canada	7426	8286	9197	11931	14446	15781	16012	16815	9535
IDN	CHN	Indonesia	China	3433	4030	4796	5709	6690	4909	3466	3725	1979
IDN	CRI	Indonesia	Costa Rica	13	10	13	10	18	17	20	24	10
IDN	CUW	Indonesia	Curaçao*	187	187	187	187	169	182	211	295	150
IDN	CYP	Indonesia	Cyprus	43	61	79	118	181	165	169	179	158
IDN	DNK	Indonesia	Denmark*	463	501	616	892	1064	1161	1296	1546	958
IDN	DZA	Indonesia	Algeria	1000	1223	1446	1143	1255	1363	1416	1467	393
IDN	EGY	Indonesia	Egypt	1031	1372	1833	2372	2822	0	3447	3074	868
IDN	EST	Indonesia	Estonia	0	0	0	0	6	12	40	41	25
IDN	FIN	Indonesia	Finland*	36	74	112	229	311	466	709	835	521
IDN	FRO	Indonesia	Faroe Islands*	1	1	0	3	6	10	11	13	12
IDN	GRC	Indonesia	Greece	195	225	259	356	470	442	450	478	346
IDN	GTM	Indonesia	Guatemala	27	26	25	30	35	39	42	46	20
IDN	HKG	Indonesia	China, Hong Kong SAR	90186	100652	111117	121316	131809	134708	140463	145244	139066
IDN	HRV	Indonesia	Croatia	0	0	0	14	27	27	23	22	14
IDN	HUN	Indonesia	Hungary	191	169	147	181	217	211	567	669	277
IDN	IND	Indonesia	India	1678	1308	1005	959	946	884	824	780	498
IDN	ISL	Indonesia	Iceland	59	67	75	93	108	129	158	239	154
IDN	ITA	Indonesia	Italy	561	819	1157	1695	2345	3086	3876	4226	3488
IDN	JPN	Indonesia	Japan	3350	6495	17744	24390	24873	46640	82095	157343	48692
IDN	KHM	Indonesia	Cambodia	49	129	208	162	116	105	111	117	23
IDN	KOR	Indonesia	Republic of Korea	51	2352	9979	13616	17136	40400	36236	27807	3035
IDN	KWT	Indonesia	Kuwait	37499	34504	42691	53678	75811	90622	105196	115347	94706
IDN	LBY	Indonesia	Libya	4228	6863	9612	10595	11627	13019	13944	14740	2354
IDN	LIE	Indonesia	Liechtenstein	0	0	0	0	4	8	9	10	10
IDN	LKA	Indonesia	Sri Lanka	3	40	79	157	317	320	323	327	216
IDN	LTU	Indonesia	Lithuania	4	3	2	2	1	2	10	11	10
IDN	LUX	Indonesia	Luxembourg	0	0	0	0	0	0	121	140	103
IDN	LVA	Indonesia	Latvia	2	2	3	3	3	3	3	3	0
IDN	MEX	Indonesia	Mexico	47	59	73	105	151	169	187	208	109
IDN	MLT	Indonesia	Malta	11	14	18	22	18	30	63	110	47
IDN	MYS	Indonesia	Malaysia	367801	615621	863511	1128807	1540665	1607465	1693459	1761502	166507
IDN	NAM	Indonesia	Namibia	133	127	120	94	90	88	94	100	61
IDN	NCL	Indonesia	New Caledonia*	819	949	1079	1150	1221	938	994	1043	460
IDN	NLD	Indonesia	Netherlands*	188506	179078	166871	154419	139220	124938	110625	100339	57871
IDN	NOR	Indonesia	Norway*	427	463	573	854	1244	1526	1711	1903	1212
IDN	NZL	Indonesia	New Zealand*	2718	2718	3647	4503	4802	5740	7065	7817	4346
IDN	PAK	Indonesia	Pakistan	599	502	443	423	413	408	380	380	156
IDN	PAN	Indonesia	Panama	49	70	97	96	116	135	161	246	52
IDN	PNG	Indonesia	Papua New Guinea	8108	7293	6663	9806	13219	13527	13592	13638	6600
IDN	PRK	Indonesia	Dem. People's Republic of Korea	845	904	963	1124	1284	1414	1444	1470	1091
IDN	PRT	Indonesia	Portugal	28	59	94	170	218	247	282	317	250
IDN	PYF	Indonesia	French Polynesia*	15	16	18	18	18	17	17	17	7
IDN	QAT	Indonesia	Qatar	75264	111101	163088	64309	46507	53313	42969	46021	20707
IDN	SAU	Indonesia	Saudi Arabia	296986	270513	302021	321491	244403	185481	176729	169846	129791
IDN	SGP	Indonesia	Singapore	38441	53142	71417	91676	151605	172869	169056	180437	121033
IDN	SLB	Indonesia	Solomon Islands	85	85	81	75	74	69	67	66	27
IDN	SVK	Indonesia	Slovakia	0	7	17	20	22	35	50	54	29
IDN	SVN	Indonesia	Slovenia	2	4	8	14	25	43	68	77	50
IDN	SXM	Indonesia	Sint Maarten (Dutch part)*	52	52	52	28	57	60	62	65	24
IDN	SYC	Indonesia	Seychelles	2	114	226	176	126	141	143	145	39
IDN	TLS	Indonesia	Timor-Leste	4485	4893	5337	5666	5779	4177	4113	4066	1752
IDN	TUR	Indonesia	Türkiye	180	180	180	1019	1914	2983	6222	15386	10288
IDN	TWN	Indonesia	China, Taiwan Province of China	921	31546	64676	42845	137928	221275	259916	292830	198170
IDN	VEN	Indonesia	Venezuela (Bolivarian Republic of)	52	51	51	53	56	59	54	52	31
IDN	ZAF	Indonesia	South Africa	789	733	681	633	589	559	537	532	237
IMN	AUS	Isle of Man*	Australia*	681	708	706	756	878	820	895	876	403
IMN	BGR	Isle of Man*	Bulgaria	0	1	2	3	4	2	18	25	8
IMN	BOL	Isle of Man*	Bolivia (Plurinational State of)	0	0	0	1	2	3	2	2	0
IMN	GRC	Isle of Man*	Greece	18	15	12	9	5	4	2	2	0
IMN	NOR	Isle of Man*	Norway*	0	0	0	0	0	6	0	0	0
IMN	SVK	Isle of Man*	Slovakia	0	0	0	0	0	3	3	3	0
IND	ABW	India	Aruba*	39	98	157	238	315	330	368	505	176
IND	ARE	India	United Arab Emirates	456794	657380	888393	1262523	2168857	2731583	2861045	3248545	968227
IND	ATG	India	Antigua and Barbuda	32	49	65	70	74	79	81	84	41
IND	AUS	India	Australia*	54882	76321	91042	149237	326913	448940	707980	876074	400196
IND	AUT	India	Austria	4665	5970	7529	10980	11544	13380	15688	19411	8362
IND	BEL	India	Belgium	4945	6650	8946	12106	15994	20286	27351	33480	16497
IND	BGD	India	Bangladesh	13339	18075	22811	27687	32301	34431	33762	46385	32058
IND	BGR	India	Bulgaria	163	149	135	137	138	251	553	760	261
IND	BHR	India	Bahrain	61818	77438	88742	150694	250789	281418	306551	327698	76572
IND	BHS	India	Bahamas	160	194	229	391	552	598	640	677	296
IND	BLR	India	Belarus	24	37	50	48	46	48	46	45	7
IND	BLZ	India	Belize	247	256	265	292	502	592	670	742	332
IND	BMU	India	Bermuda*	156	220	242	336	445	493	572	585	165
IND	BOL	India	Bolivia (Plurinational State of)	125	123	119	106	92	108	118	132	41
IND	BRA	India	Brazil	854	793	751	824	860	1020	2046	2433	509
IND	BRB	India	Barbados	441	481	522	480	441	463	467	471	240
IND	BRN	India	Brunei Darussalam	2595	2742	2889	2953	3017	3081	3357	3596	551
IND	BTN	India	Bhutan	20841	24485	28128	35256	42383	44732	46974	48810	6825
IND	BWA	India	Botswana	1967	2375	3032	3936	4863	5282	5650	5964	2482
IND	CAN	India	Canada	162668	228383	300208	418282	548591	699110	866951	1015630	503784
IND	CHE	India	Switzerland	7388	8887	10746	13532	16397	20080	23761	27635	13683
IND	CHL	India	Chile	243	332	467	657	877	1297	1625	1865	1417
IND	CHN	India	China	7571	8879	10567	12578	14726	10522	7235	7765	4125
IND	COL	India	Colombia	67	77	94	116	181	288	414	503	95
IND	CRI	India	Costa Rica	35	31	42	28	55	54	64	77	28
IND	CUW	India	Curaçao*	656	656	656	656	588	637	742	1038	387
IND	CYM	India	Cayman Islands*	44	84	144	324	535	582	648	708	161
IND	CYP	India	Cyprus	684	967	1250	1880	2885	2648	2732	2900	1193
IND	CZE	India	Czechia	0	0	170	506	1260	2376	4312	5675	1742
IND	DEU	India	Germany	32522	40100	40419	45157	52489	86572	152372	267343	108745
IND	DMA	India	Dominica	10	13	15	19	24	28	27	28	11
IND	DNK	India	Denmark*	2835	3475	4353	5670	8124	10620	15403	20963	10100
IND	DOM	India	Dominican Republic	287	319	351	221	91	94	97	105	27
IND	ECU	India	Ecuador	12	12	77	130	232	245	301	317	110
IND	EGY	India	Egypt	713	861	1040	1211	1534	0	1207	1141	390
IND	ERI	India	Eritrea	39	54	70	83	99	119	103	92	55
IND	ESP	India	Spain*	3709	5560	8189	20632	35709	36397	55786	66624	26296
IND	EST	India	Estonia	25	39	53	82	111	318	712	725	165
IND	FIN	India	Finland*	549	768	986	2545	3624	5159	6954	8186	3365
IND	FJI	India	Fiji	1443	1374	1292	1169	1255	1292	1321	1347	621
IND	FRA	India	France*	21247	26265	32732	41999	47392	53809	61647	66688	32088
IND	FRO	India	Faroe Islands*	14	24	38	56	58	63	72	86	48
IND	GBR	India	United Kingdom*	405445	433162	462269	561720	700150	817881	946151	1044779	501600
IND	GEO	India	Georgia	0	0	32	30	30	31	30	31	11
IND	GHA	India	Ghana	454	452	506	712	708	871	999	1116	431
IND	GIN	India	Guinea	0	0	0	0	0	49	45	44	1
IND	GLP	India	Guadeloupe*	80	107	133	163	193	184	181	180	104
IND	GRC	India	Greece	5351	6117	6983	8679	10751	10130	10353	10998	2063
IND	HKG	India	China, Hong Kong SAR	12064	13464	14864	16228	17632	18019	18788	19427	10967
IND	HRV	India	Croatia	0	0	0	34	67	67	61	58	23
IND	HUN	India	Hungary	978	867	755	928	1108	1110	3217	3795	1235
IND	IDN	India	Indonesia	2054	179	13	10	15	3649	13142	22758	10616
IND	IRL	India	Ireland	738	1104	3069	8174	16348	20363	42645	70228	33261
IND	IRQ	India	Iraq	179	211	200	233	238	232	234	237	91
IND	ISL	India	Iceland	62	105	148	213	272	305	389	588	313
IND	ISR	India	Israel	16824	18621	18763	18465	18245	19585	22343	23441	11775
IND	ITA	India	Italy	9590	16142	26127	58163	98675	130430	167256	186967	77976
IND	JAM	India	Jamaica	711	962	1213	1183	1152	1127	1148	1166	435
IND	JPN	India	Japan	3002	5201	9477	15980	22525	27029	41744	49313	16583
IND	KAZ	India	Kazakhstan	1882	1315	1014	1033	1071	1110	1150	1190	529
IND	KHM	India	Cambodia	44	116	187	146	105	95	101	107	23
IND	KWT	India	Kuwait	368811	337135	414688	493361	674272	967163	1122750	1231094	367383
IND	LBR	India	Liberia	774	756	742	546	712	817	631	520	77
IND	LBY	India	Libya	2288	2902	3564	3928	4310	4826	5167	5462	1203
IND	LCA	India	Saint Lucia	49	65	90	165	228	218	214	207	86
IND	LIE	India	Liechtenstein	0	0	0	11	23	27	27	29	11
IND	LKA	India	Sri Lanka	39329	35506	31618	24499	10529	10658	10837	10957	5292
IND	LSO	India	Lesotho	308	266	215	219	223	318	419	522	231
IND	LTU	India	Lithuania	216	169	132	124	95	11	567	597	140
IND	LUX	India	Luxembourg	187	177	170	147	127	193	2791	3224	1473
IND	LVA	India	Latvia	35	54	74	89	102	131	1290	1188	152
IND	MDG	India	Madagascar	1171	1037	1152	1282	1425	1581	1751	1902	818
IND	MDV	India	Maldives	951	6418	11427	13773	13568	13364	14596	15642	4177
IND	MEX	India	Mexico	292	364	449	628	911	1683	2763	3620	1335
IND	MLT	India	Malta	130	152	194	228	215	364	791	1375	393
IND	MMR	India	Myanmar	41093	37969	35038	29680	27316	26205	27325	28256	13160
IND	MNG	India	Mongolia	24	26	29	56	90	111	117	124	48
IND	MOZ	India	Mozambique	900	1238	1441	1980	2256	2338	2455	2559	965
IND	MUS	India	Mauritius	515	1483	3278	5252	7517	8651	8778	8855	1456
IND	MWI	India	Malawi	1362	2683	2583	2462	2419	2083	1770	1727	796
IND	MYS	India	Malaysia	0	8278	18934	134947	95112	139751	139751	139751	52546
IND	NAM	India	Namibia	997	953	886	700	674	659	704	747	256
IND	NIC	India	Nicaragua	12	10	15	22	23	24	24	25	10
IND	NLD	India	Netherlands*	7592	9249	10904	12310	17742	25575	48706	76806	35285
IND	NOR	India	Norway*	4422	4621	5130	5806	8132	11845	14726	16374	7801
IND	NPL	India	Nepal	369370	515578	543594	514650	461186	446113	426941	412190	296748
IND	NZL	India	New Zealand*	9270	12386	19797	40298	58441	91412	129231	149677	62207
IND	OMN	India	Oman	185280	189450	193713	213992	282567	642934	621187	803105	141457
IND	PAK	India	Pakistan	2818248	2365884	2101039	1998814	1943345	1709217	1597134	1597134	634727
IND	PAN	India	Panama	1474	1738	2112	2696	3828	4481	5383	8212	2972
IND	PER	India	Peru	11	10	78	153	219	292	384	599	238
IND	PHL	India	Philippines	2928	4498	6068	7638	9336	14659	19801	19801	7054
IND	PNG	India	Papua New Guinea	239	244	182	182	154	156	156	157	31
IND	POL	India	Poland	100	152	231	488	1202	1334	1313	1624	359
IND	PRI	India	Puerto Rico*	96	101	108	84	51	49	21	19	10
IND	PRK	India	Dem. People's Republic of Korea	178	198	217	274	330	363	370	377	179
IND	PRT	India	Portugal	1939	4184	6600	7355	6889	7809	8957	10076	4304
IND	PYF	India	French Polynesia*	35	38	41	42	41	38	38	38	9
IND	QAT	India	Qatar	1905	2531	3381	192498	523305	799493	688077	736955	144494
IND	RUS	India	Russian Federation	9801	8083	6072	5893	5486	6144	6870	7456	1883
IND	SAU	India	Saudi Arabia	834742	922696	969679	1202498	1515540	1920159	1888090	1953496	179070
IND	SDN	India	Sudan	2259	2304	2351	2397	1396	1277	1764	3066	1503
IND	SGP	India	Singapore	48762	73539	108733	149282	263621	321966	336901	377038	180773
IND	SLE	India	Sierra Leone	405	395	385	341	539	855	959	892	455
IND	SLV	India	El Salvador	18	14	10	11	11	11	11	11	4
IND	SRB	India	Serbia*	1073	1030	981	939	877	819	765	714	398
IND	SSD	India	South Sudan	0	0	0	0	1364	1414	1449	1501	597
IND	SVK	India	Slovakia	7	45	97	401	122	155	194	211	51
IND	SVN	India	Slovenia	11	22	19	49	83	143	234	265	69
IND	SWE	India	Sweden	8063	9921	10978	13294	17201	22539	41743	62598	27633
IND	SXM	India	Sint Maarten (Dutch part)*	732	732	732	411	801	834	880	920	43
IND	SYC	India	Seychelles	1276	1651	2026	3907	5788	6482	6628	6735	1836
IND	THA	India	Thailand	6107	6105	9991	27475	44959	49584	53300	56847	20584
IND	TJK	India	Tajikistan	935	760	654	630	628	617	618	620	231
IND	TON	India	Tonga	140	158	177	206	220	188	177	169	80
IND	TTO	India	Trinidad and Tobago	768	697	620	665	926	959	1064	1531	540
IND	TWN	India	China, Taiwan Province of China	427	690	954	1237	1535	2454	4322	5550	1808
IND	TZA	India	United Republic of Tanzania	4968	6308	6642	7198	7629	8010	7135	7744	3332
IND	UKR	India	Ukraine*	4609	4459	4364	3987	3804	3816	3879	3931	766
IND	USA	India	United States of America*	444698	597182	1109195	1419053	1799127	2381638	2741155	3165238	1514720
IND	VEN	India	Venezuela (Bolivarian Republic of)	229	226	221	232	246	258	242	231	111
IND	VGB	India	British Virgin Islands*	20	24	27	31	35	40	45	50	23
IND	ZAF	India	South Africa	12245	11709	16743	27229	28784	34185	32302	27674	11333
IND	ZMB	India	Zambia	4284	3854	3468	4007	4630	4078	5709	7569	3365
IRL	ARG	Ireland	Argentina	286	276	269	285	312	323	332	340	193
IRL	AUS	Ireland	Australia*	51489	53596	53566	55768	71858	90665	87726	90203	41611
IRL	BEL	Ireland	Belgium	1898	2349	2917	2913	3039	3340	3439	3823	1853
IRL	BGR	Ireland	Bulgaria	4	5	6	8	10	214	385	529	242
IRL	BHS	Ireland	Bahamas	55	62	69	62	54	59	61	65	29
IRL	BLR	Ireland	Belarus	16	20	24	23	21	24	22	22	14
IRL	BMU	Ireland	Bermuda*	87	91	80	168	268	285	377	385	175
IRL	BOL	Ireland	Bolivia (Plurinational State of)	22	41	60	63	66	78	85	95	41
IRL	BRA	Ireland	Brazil	251	230	214	199	174	159	143	208	34
IRL	BWA	Ireland	Botswana	185	178	190	364	541	587	626	661	303
IRL	CAF	Ireland	Central African Republic	1	9	16	13	13	10	10	11	6
IRL	CAN	Ireland	Canada	28551	27326	26072	22634	29436	33605	29975	28912	13686
IRL	CHN	Ireland	China	471	561	667	794	947	989	995	1102	585
IRL	CRI	Ireland	Costa Rica	24	19	23	16	30	29	35	42	21
IRL	CYM	Ireland	Cayman Islands*	79	150	258	225	213	231	257	281	149
IRL	CYP	Ireland	Cyprus	193	273	353	532	815	747	770	817	544
IRL	CZE	Ireland	Czechia	0	0	40	151	423	659	942	1149	559
IRL	DNK	Ireland	Denmark*	982	1038	1112	1202	1379	1693	2038	2603	919
IRL	DOM	Ireland	Dominican Republic	51	57	62	47	32	32	33	36	14
IRL	ESP	Ireland	Spain*	1882	2743	3927	9611	13496	14115	15254	19990	9320
IRL	EST	Ireland	Estonia	0	0	0	0	146	87	330	336	150
IRL	FIN	Ireland	Finland*	88	128	168	309	406	553	668	786	211
IRL	GBR	Ireland	United Kingdom*	635576	586223	540309	504766	472667	431716	392620	360446	156864
IRL	GRC	Ireland	Greece	1042	762	494	549	625	588	600	637	417
IRL	HKG	Ireland	China, Hong Kong SAR	466	520	574	627	681	695	724	749	347
IRL	HRV	Ireland	Croatia	0	5	10	32	53	53	48	46	24
IRL	HUN	Ireland	Hungary	26	287	548	674	805	1120	2046	2413	1143
IRL	IMN	Ireland	Isle of Man*	1628	1700	1771	1955	2116	1540	1567	1591	921
IRL	IND	Ireland	India	242	242	242	242	241	206	176	155	105
IRL	ISL	Ireland	Iceland	81	68	54	68	80	105	150	227	92
IRL	ITA	Ireland	Italy	1460	1772	2081	2392	2938	3251	3766	4101	2209
IRL	JPN	Ireland	Japan	626	838	961	1076	1052	1466	1600	1295	281
IRL	LCA	Ireland	Saint Lucia	10	10	19	19	18	17	15	15	5
IRL	LIE	Ireland	Liechtenstein	1	5	9	8	9	17	18	19	9
IRL	LTU	Ireland	Lithuania	18	21	16	794	1465	1465	1790	1886	887
IRL	LUX	Ireland	Luxembourg	412	585	765	910	1067	1627	1429	1651	781
IRL	LVA	Ireland	Latvia	14	21	28	399	761	731	936	862	361
IRL	MDA	Ireland	Republic of Moldova*	12	12	13	53	115	219	288	163	48
IRL	MEX	Ireland	Mexico	129	158	194	229	270	304	341	370	116
IRL	MLT	Ireland	Malta	47	56	141	223	223	377	819	1424	666
IRL	MNG	Ireland	Mongolia	2	1	2	4	7	8	7	7	2
IRL	MUS	Ireland	Mauritius	30	14	6	24	44	50	49	49	21
IRL	NAM	Ireland	Namibia	89	85	80	63	60	58	61	65	33
IRL	NIC	Ireland	Nicaragua	15	12	16	22	23	24	24	25	5
IRL	NOR	Ireland	Norway*	446	474	498	500	700	1103	1159	1289	508
IRL	NZL	Ireland	New Zealand*	6398	6251	6659	6863	8253	12067	12980	8989	4320
IRL	PAN	Ireland	Panama	9	15	24	47	80	92	109	166	43
IRL	PER	Ireland	Peru	314	278	243	208	170	136	109	253	93
IRL	PNG	Ireland	Papua New Guinea	67	68	50	50	42	42	41	41	20
IRL	POL	Ireland	Poland	0	0	0	794	3850	10185	21601	34300	16644
IRL	PRT	Ireland	Portugal	199	356	529	1039	1377	1561	1789	2013	1029
IRL	ROU	Ireland	Romania	0	0	0	127	302	718	1703	2476	1236
IRL	SLV	Ireland	El Salvador	24	18	12	12	11	11	11	11	5
IRL	SVK	Ireland	Slovakia	1	233	530	595	667	914	1494	1624	744
IRL	SVN	Ireland	Slovenia	2	3	5	9	27	44	58	66	27
IRL	USA	Ireland	United States of America*	182968	207773	156207	136251	133578	134235	128284	125844	60485
IRL	VEN	Ireland	Venezuela (Bolivarian Republic of)	55	54	53	55	58	62	57	54	23
IRL	ZAF	Ireland	South Africa	6317	5538	4859	4204	3617	3075	2622	2575	1252
IRN	ARG	Iran (Islamic Republic of)	Argentina	190	184	180	190	208	215	221	227	129
IRN	ARM	Iran (Islamic Republic of)	Armenia	22245	19417	16665	13705	11117	8510	6065	6793	3508
IRN	AUS	Iran (Islamic Republic of)	Australia*	14854	18533	21375	26699	36536	61710	76276	88697	41548
IRN	AUT	Iran (Islamic Republic of)	Austria	7699	9336	11197	11943	13176	17756	24919	29559	12888
IRN	AZE	Iran (Islamic Republic of)	Azerbaijan	2734	2391	2098	1916	1484	1105	790	710	273
IRN	BEL	Iran (Islamic Republic of)	Belgium	1887	2780	4099	6041	9474	10604	12789	15212	7000
IRN	BGR	Iran (Islamic Republic of)	Bulgaria	98	127	155	199	239	303	475	653	194
IRN	BLR	Iran (Islamic Republic of)	Belarus	25	38	51	49	47	49	47	46	8
IRN	BOL	Iran (Islamic Republic of)	Bolivia (Plurinational State of)	21	29	36	45	53	63	68	76	28
IRN	BRA	Iran (Islamic Republic of)	Brazil	5	661	544	603	557	665	846	815	322
IRN	CAN	Iran (Islamic Republic of)	Canada	27795	43551	66938	89641	119904	154303	178830	205304	104382
IRN	CHE	Iran (Islamic Republic of)	Switzerland	2262	3037	4100	5754	7783	9969	13950	17038	8180
IRN	CHN	Iran (Islamic Republic of)	China	555	664	792	943	1119	1181	1201	1331	707
IRN	CRI	Iran (Islamic Republic of)	Costa Rica	81	63	77	51	100	100	119	144	25
IRN	CYM	Iran (Islamic Republic of)	Cayman Islands*	2	6	11	10	10	9	10	11	3
IRN	CYP	Iran (Islamic Republic of)	Cyprus	299	423	547	1128	1262	1158	1194	1267	484
IRN	CZE	Iran (Islamic Republic of)	Czechia	0	0	166	298	513	710	953	1132	568
IRN	DEU	Iran (Islamic Republic of)	Germany	107679	101117	130940	125839	120737	96409	185393	283454	123618
IRN	DNK	Iran (Islamic Republic of)	Denmark*	8606	10236	11191	11637	12157	15098	17152	21174	9663
IRN	DOM	Iran (Islamic Republic of)	Dominican Republic	70	78	85	57	30	30	31	33	6
IRN	ECU	Iran (Islamic Republic of)	Ecuador	122	96	107	95	134	167	287	327	133
IRN	EST	Iran (Islamic Republic of)	Estonia	0	0	0	0	28	75	216	220	76
IRN	FIN	Iran (Islamic Republic of)	Finland*	558	1160	1762	3019	3924	5589	7611	8959	3914
IRN	GBR	Iran (Islamic Republic of)	United Kingdom*	31600	36268	41505	56842	80720	96383	112117	124200	50173
IRN	GEO	Iran (Islamic Republic of)	Georgia	0	0	120	113	114	119	121	124	53
IRN	GRC	Iran (Islamic Republic of)	Greece	2645	1946	1279	1613	2017	1900	4684	4976	2465
IRN	GTM	Iran (Islamic Republic of)	Guatemala	12	12	12	14	16	18	18	20	5
IRN	HRV	Iran (Islamic Republic of)	Croatia	0	0	0	24	48	48	44	42	18
IRN	HUN	Iran (Islamic Republic of)	Hungary	1800	1595	1389	1706	2037	1997	4125	4866	2123
IRN	IDN	Iran (Islamic Republic of)	Indonesia	0	0	60	28	103	761	338	220	77
IRN	IND	Iran (Islamic Republic of)	India	3721	2661	2211	2046	2027	1924	1812	1810	881
IRN	IRQ	Iran (Islamic Republic of)	Iraq	14976	44953	42602	17651	18029	14405	14540	14747	6771
IRN	ISL	Iran (Islamic Republic of)	Iceland	14	16	18	27	35	63	166	251	92
IRN	ISR	Iran (Islamic Republic of)	Israel	47744	52577	52536	51258	50183	53878	58077	61572	31446
IRN	ITA	Iran (Islamic Republic of)	Italy	4187	5424	6744	8203	10058	14197	19481	23973	11539
IRN	JPN	Iran (Islamic Republic of)	Japan	1137	7536	6357	5280	4912	4260	4367	4201	944
IRN	KAZ	Iran (Islamic Republic of)	Kazakhstan	3108	3093	3078	3063	3048	3033	3019	3012	1601
IRN	LBY	Iran (Islamic Republic of)	Libya	383	340	303	334	367	410	439	464	114
IRN	LIE	Iran (Islamic Republic of)	Liechtenstein	0	0	0	0	8	11	13	14	6
IRN	LKA	Iran (Islamic Republic of)	Sri Lanka	1	12	25	51	103	104	104	105	38
IRN	LTU	Iran (Islamic Republic of)	Lithuania	24	27	21	55	82	121	60	63	23
IRN	LUX	Iran (Islamic Republic of)	Luxembourg	224	212	204	177	152	231	1074	1241	574
IRN	LVA	Iran (Islamic Republic of)	Latvia	15	22	30	34	38	35	46	42	13
IRN	MEX	Iran (Islamic Republic of)	Mexico	113	154	197	227	288	313	344	401	103
IRN	MLT	Iran (Islamic Republic of)	Malta	9	11	13	17	24	41	87	151	63
IRN	MYS	Iran (Islamic Republic of)	Malaysia	0	22	6	22	130	528	442	358	123
IRN	NAM	Iran (Islamic Republic of)	Namibia	45	43	41	32	30	29	30	32	12
IRN	NLD	Iran (Islamic Republic of)	Netherlands*	6992	13742	20709	23936	25769	29385	37422	44869	21296
IRN	NOR	Iran (Islamic Republic of)	Norway*	5198	7055	8857	11527	13037	16043	18379	20436	9601
IRN	NRU	Iran (Islamic Republic of)	Nauru	0	0	0	0	31	372	356	412	102
IRN	NZL	Iran (Islamic Republic of)	New Zealand*	1485	1485	1916	2683	2977	3798	4956	5632	2599
IRN	PAK	Iran (Islamic Republic of)	Pakistan	4108	3060	2940	2381	2345	2301	2148	2148	906
IRN	PAN	Iran (Islamic Republic of)	Panama	31	45	62	61	74	86	99	151	35
IRN	POL	Iran (Islamic Republic of)	Poland	74	95	121	187	315	337	338	371	121
IRN	PRT	Iran (Islamic Republic of)	Portugal	52	113	179	195	180	203	740	832	359
IRN	ROU	Iran (Islamic Republic of)	Romania	784	844	905	964	1025	1086	1146	1194	181
IRN	RUS	Iran (Islamic Republic of)	Russian Federation	3096	2829	2461	2240	1974	1542	1197	922	318
IRN	SLV	Iran (Islamic Republic of)	El Salvador	20	17	14	16	17	18	18	18	6
IRN	SVK	Iran (Islamic Republic of)	Slovakia	11	198	93	206	104	130	168	183	52
IRN	SVN	Iran (Islamic Republic of)	Slovenia	8	17	30	31	54	89	161	183	66
IRN	SWE	Iran (Islamic Republic of)	Sweden	39569	48225	50875	54136	61064	68746	80749	89047	42673
IRN	TJK	Iran (Islamic Republic of)	Tajikistan	1813	1473	1267	1221	1218	1197	1200	1203	569
IRN	TKM	Iran (Islamic Republic of)	Turkmenistan	2699	2204	1786	1771	1718	1904	1887	1876	946
IRN	TUR	Iran (Islamic Republic of)	Türkiye	11362	13609	15701	22290	29160	52639	125721	199735	103179
IRN	UKR	Iran (Islamic Republic of)	Ukraine*	2580	2496	2443	2232	2129	2136	2170	2199	404
IRN	USA	Iran (Islamic Republic of)	United States of America*	214160	232448	291868	299831	369696	400316	408216	431405	217575
IRN	VEN	Iran (Islamic Republic of)	Venezuela (Bolivarian Republic of)	201	154	118	105	98	90	84	80	30
IRN	YEM	Iran (Islamic Republic of)	Yemen	0	0	0	0	10	7	6	6	2
IRN	ZAF	Iran (Islamic Republic of)	South Africa	1104	1001	901	838	698	600	498	499	167
IRQ	ARM	Iraq	Armenia	0	0	0	236	890	1004	1086	1346	717
IRQ	AUS	Iraq	Australia*	9359	13845	26468	37246	51958	70625	99643	112467	56293
IRQ	AUT	Iraq	Austria	1507	2105	2907	3689	4793	10617	15024	17372	6244
IRQ	BEL	Iraq	Belgium	556	912	1493	2446	6770	15603	21276	24557	9731
IRQ	BGR	Iraq	Bulgaria	171	265	358	1325	2549	4850	1389	1910	575
IRQ	BOL	Iraq	Bolivia (Plurinational State of)	2	4	5	7	9	11	10	11	2
IRQ	BRA	Iraq	Brazil	5	667	578	644	708	868	1285	967	420
IRQ	CAN	Iraq	Canada	6005	12121	23179	32573	47781	66819	81599	98416	49872
IRQ	CHE	Iraq	Switzerland	2106	2743	3587	4833	6330	7908	10967	12464	5152
IRQ	CHL	Iraq	Chile	21	26	35	51	76	127	295	325	268
IRQ	CHN	Iraq	China	677	803	943	1126	1339	811	459	482	255
IRQ	CRI	Iraq	Costa Rica	10	8	11	8	16	15	18	22	6
IRQ	CYP	Iraq	Cyprus	78	111	143	215	1059	1234	1274	1352	610
IRQ	DEU	Iraq	Germany	26087	32691	70439	89547	92449	114598	248322	263918	108559
IRQ	DNK	Iraq	Denmark*	2476	6064	13740	20681	21261	21076	21731	21857	9973
IRQ	DOM	Iraq	Dominican Republic	6	7	7	17	27	27	27	29	9
IRQ	DZA	Iraq	Algeria	918	4249	7579	5992	6584	7156	7441	7711	4048
IRQ	EGY	Iraq	Egypt	21241	22986	24914	23716	31719	7032	26671	20517	9918
IRQ	EST	Iraq	Estonia	0	0	0	0	10	12	63	64	22
IRQ	FIN	Iraq	Finland*	206	1453	2699	5065	6180	21027	18304	21546	7766
IRQ	GBR	Iraq	United Kingdom*	14301	20986	30318	46088	71037	82532	91917	99203	42390
IRQ	GRC	Iraq	Greece	6631	6698	6875	5303	9200	4745	16897	17950	8901
IRQ	HRV	Iraq	Croatia	0	0	0	41	81	82	75	71	15
IRQ	HUN	Iraq	Hungary	732	649	565	1255	1101	2661	1465	1728	550
IRQ	IDN	Iraq	Indonesia	0	0	532	44	444	759	754	536	179
IRQ	IND	Iraq	India	1081	875	647	621	750	942	746	656	264
IRQ	IRN	Iraq	Iran (Islamic Republic of)	290278	257645	204812	121384	99556	68735	54445	55516	24697
IRQ	ISL	Iraq	Iceland	2	9	15	32	48	57	236	356	134
IRQ	ISR	Iraq	Israel	78683	82203	76716	69744	63652	68059	73361	77676	41946
IRQ	ITA	Iraq	Italy	496	781	1175	1708	2672	3555	6674	8547	1890
IRQ	JOR	Iraq	Jordan	17842	25979	37955	61156	537499	176104	215392	219163	109099
IRQ	LBN	Iraq	Lebanon	8023	8319	11781	11453	39824	26055	25349	5101	2641
IRQ	LBY	Iraq	Libya	3879	26910	50384	55536	60945	68240	73093	77265	24136
IRQ	LIE	Iraq	Liechtenstein	0	0	0	0	1	5	10	11	4
IRQ	LKA	Iraq	Sri Lanka	0	4	9	19	40	40	39	39	17
IRQ	LTU	Iraq	Lithuania	26	20	16	14	11	16	55	58	21
IRQ	LUX	Iraq	Luxembourg	0	0	0	0	0	0	1028	1188	442
IRQ	LVA	Iraq	Latvia	3	4	5	8	11	33	52	48	19
IRQ	MAR	Iraq	Morocco	1171	1075	1133	1202	1306	1683	1849	2006	971
IRQ	MLT	Iraq	Malta	32	38	48	57	73	114	246	428	123
IRQ	MRT	Iraq	Mauritania	77	82	84	85	94	112	122	131	51
IRQ	MYS	Iraq	Malaysia	0	19	9	44	618	1051	1262	674	231
IRQ	NLD	Iraq	Netherlands*	1558	8745	31854	35664	40977	40762	45677	48412	21629
IRQ	NOR	Iraq	Norway*	738	2376	6941	15274	20534	22006	23557	26194	11594
IRQ	NZL	Iraq	New Zealand*	1290	2487	4551	5865	5680	5614	5634	5423	2645
IRQ	PAK	Iraq	Pakistan	894	466	586	289	287	251	233	233	110
IRQ	POL	Iraq	Poland	283	325	374	439	520	587	657	675	152
IRQ	PRT	Iraq	Portugal	16	34	54	49	37	42	257	289	123
IRQ	ROU	Iraq	Romania	999	1011	1022	1033	1045	1057	1068	1077	289
IRQ	RUS	Iraq	Russian Federation	1424	1213	959	973	951	1026	1105	1169	220
IRQ	SAU	Iraq	Saudi Arabia	6399	21798	11372	6699	6454	6514	6566	6510	3452
IRQ	SLE	Iraq	Sierra Leone	0	0	0	0	1	0	0	0	0
IRQ	SRB	Iraq	Serbia*	155	158	159	175	176	128	138	122	68
IRQ	SVK	Iraq	Slovakia	10	25	49	55	62	79	215	234	89
IRQ	SVN	Iraq	Slovenia	12	25	46	46	56	58	113	128	45
IRQ	SWE	Iraq	Sweden	9646	24127	46268	71123	120037	130939	146282	150470	70514
IRQ	SYR	Iraq	Syrian Arab Republic	3825	3036	1829	337785	1110642	195204	203003	209390	105379
IRQ	TJK	Iraq	Tajikistan	97	78	68	65	64	62	60	60	26
IRQ	TUN	Iraq	Tunisia	0	0	11	8	449	636	675	709	334
IRQ	TUR	Iraq	Türkiye	29406	21629	11043	25137	44828	170324	470584	403670	197018
IRQ	USA	Iraq	United States of America*	42041	21249	100564	89459	163127	210782	244938	272370	136880
IRQ	VEN	Iraq	Venezuela (Bolivarian Republic of)	68	67	66	69	74	79	73	70	21
IRQ	YEM	Iraq	Yemen	4943	5140	5389	6731	10441	9801	9987	10139	4354
ISL	AUS	Iceland	Australia*	289	356	565	670	705	608	462	403	200
ISL	BGR	Iceland	Bulgaria	1	34	66	104	140	15	29	40	21
ISL	BOL	Iceland	Bolivia (Plurinational State of)	2	3	3	3	2	3	2	2	1
ISL	BRA	Iceland	Brazil	5	585	479	520	475	508	534	556	252
ISL	CHL	Iceland	Chile	23	29	38	55	83	139	321	354	292
ISL	CRI	Iceland	Costa Rica	2	1	1	2	2	1	1	1	1
ISL	CYP	Iceland	Cyprus	8	12	15	23	35	31	31	33	27
ISL	DNK	Iceland	Denmark*	3319	4394	5782	7313	8404	7839	8480	8868	4867
ISL	EST	Iceland	Estonia	0	0	0	0	22	22	42	43	9
ISL	FIN	Iceland	Finland*	79	90	101	129	144	152	179	211	71
ISL	FRO	Iceland	Faroe Islands*	267	183	218	241	278	242	256	304	137
ISL	GRC	Iceland	Greece	39	35	32	44	57	53	53	56	32
ISL	GRL	Iceland	Greenland*	21	25	123	104	95	163	159	157	27
ISL	HUN	Iceland	Hungary	8	48	88	109	130	125	148	175	97
ISL	LIE	Iceland	Liechtenstein	1	1	1	1	2	1	0	0	0
ISL	LTU	Iceland	Lithuania	7	8	6	32	54	54	57	60	34
ISL	LUX	Iceland	Luxembourg	259	273	290	251	215	328	413	477	240
ISL	LVA	Iceland	Latvia	4	6	9	24	40	29	53	49	18
ISL	NOR	Iceland	Norway*	2221	2601	3780	3622	4849	8221	7786	8658	4247
ISL	POL	Iceland	Poland	10	16	26	71	246	634	1563	2546	1282
ISL	PRT	Iceland	Portugal	9	20	33	31	25	28	30	34	19
ISL	SVK	Iceland	Slovakia	0	13	30	34	38	63	97	105	57
ISL	SVN	Iceland	Slovenia	0	0	10	10	9	8	4	5	5
ISL	ZAF	Iceland	South Africa	12	12	13	104	354	329	187	189	104
ISR	ARG	Israel	Argentina	2284	2143	2004	1864	1724	1578	1449	1455	828
ISR	AUS	Israel	Australia*	6191	7053	7395	8942	10688	11250	12151	11821	5205
ISR	BEL	Israel	Belgium	1848	2186	2585	3058	3454	3519	3442	3589	1503
ISR	BGR	Israel	Bulgaria	58	114	169	240	306	486	824	1133	421
ISR	BLR	Israel	Belarus	192	297	402	386	370	387	380	376	202
ISR	BMU	Israel	Bermuda*	15	24	28	23	16	13	9	9	6
ISR	BOL	Israel	Bolivia (Plurinational State of)	79	130	180	168	156	183	201	224	93
ISR	BRA	Israel	Brazil	2134	1924	1760	1891	1975	2130	2274	2367	896
ISR	CAN	Israel	Canada	16713	16448	16052	20724	24505	29408	29521	30362	14220
ISR	CHL	Israel	Chile	1075	975	627	543	538	595	613	632	484
ISR	CHN	Israel	China	374	442	526	627	739	651	552	602	320
ISR	COL	Israel	Colombia	304	346	361	372	352	330	312	341	103
ISR	CRI	Israel	Costa Rica	123	101	130	86	169	170	203	245	83
ISR	CYM	Israel	Cayman Islands*	3	7	13	12	12	12	12	13	11
ISR	CYP	Israel	Cyprus	95	135	174	262	401	368	379	402	182
ISR	DNK	Israel	Denmark*	1135	1322	1419	1503	1629	1649	1737	2053	845
ISR	DOM	Israel	Dominican Republic	185	206	226	143	59	61	63	68	18
ISR	ECU	Israel	Ecuador	221	219	217	214	217	203	195	199	76
ISR	EGY	Israel	Egypt	8870	9589	10389	11321	11124	0	9264	7095	3447
ISR	EST	Israel	Estonia	0	0	0	0	49	65	102	104	45
ISR	FIN	Israel	Finland*	350	371	391	563	688	715	793	933	292
ISR	GAB	Israel	Gabon	5	6	7	8	11	15	14	15	3
ISR	GEO	Israel	Georgia	0	0	32	30	30	31	30	31	10
ISR	GHA	Israel	Ghana	24	24	27	38	38	46	51	57	22
ISR	GIN	Israel	Guinea	0	0	0	0	0	11	9	9	2
ISR	GRC	Israel	Greece	1413	1032	667	698	754	710	725	770	336
ISR	GTM	Israel	Guatemala	58	71	83	99	114	125	140	154	53
ISR	HND	Israel	Honduras	68	68	67	66	64	90	91	93	31
ISR	HRV	Israel	Croatia	0	0	0	28	55	55	49	47	15
ISR	HUN	Israel	Hungary	425	786	1147	1410	1683	1556	1898	2239	895
ISR	ISL	Israel	Iceland	20	20	19	26	31	37	45	68	18
ISR	ITA	Israel	Italy	1475	1833	2189	2568	3138	3661	4107	4033	1740
ISR	KAZ	Israel	Kazakhstan	402	280	215	221	229	237	246	261	115
ISR	LIE	Israel	Liechtenstein	0	0	0	0	6	6	3	3	3
ISR	LKA	Israel	Sri Lanka	0	5	12	26	55	55	54	55	17
ISR	LTU	Israel	Lithuania	30	34	26	34	39	18	146	154	78
ISR	LUX	Israel	Luxembourg	40	38	37	31	27	41	236	273	126
ISR	LVA	Israel	Latvia	21	32	43	81	117	78	108	99	40
ISR	MDA	Israel	Republic of Moldova*	12	12	13	113	234	419	545	300	54
ISR	MEX	Israel	Mexico	663	812	995	1083	1168	1201	1231	1268	409
ISR	MLI	Israel	Mali	0	0	0	0	1081	1330	1559	1750	813
ISR	MLT	Israel	Malta	8	10	12	15	9	15	31	54	7
ISR	NAM	Israel	Namibia	161	153	143	113	108	105	112	119	51
ISR	NOR	Israel	Norway*	422	506	506	608	712	787	889	989	436
ISR	PAN	Israel	Panama	414	472	560	686	951	1114	1338	2041	616
ISR	PER	Israel	Peru	793	700	605	509	397	302	230	570	246
ISR	POL	Israel	Poland	274	317	367	367	343	456	647	681	285
ISR	PRI	Israel	Puerto Rico*	87	91	97	76	46	45	19	17	9
ISR	PRT	Israel	Portugal	28	60	96	215	299	339	387	435	43
ISR	PSE	Israel	State of Palestine	98290	96052	93814	78664	63755	62895	62927	62857	36552
ISR	ROU	Israel	Romania	0	263	673	1020	1454	1904	2314	2642	837
ISR	RUS	Israel	Russian Federation	2842	2641	2345	2993	3557	3194	2864	2601	1166
ISR	SLV	Israel	El Salvador	177	123	68	55	41	43	43	44	25
ISR	SVK	Israel	Slovakia	15	58	118	133	149	192	242	263	83
ISR	SVN	Israel	Slovenia	3	5	19	30	39	34	50	57	18
ISR	UKR	Israel	Ukraine*	4532	4384	4291	3920	3740	3752	3813	3864	1876
ISR	USA	Israel	United States of America*	104773	163511	133038	145533	154072	160345	159288	170342	72858
ISR	VEN	Israel	Venezuela (Bolivarian Republic of)	1035	792	601	538	487	468	440	420	174
ISR	ZAF	Israel	South Africa	2609	2212	2112	2163	2215	1670	1136	1106	447
ITA	ALB	Italy	Albania	11287	12200	13113	11069	9025	8896	8344	7928	3660
ITA	AND	Italy	Andorra	109	130	151	349	527	458	492	523	242
ITA	ARG	Italy	Argentina	336466	277330	228596	185446	149415	108443	78074	53584	32559
ITA	ATG	Italy	Antigua and Barbuda	49	54	59	64	68	72	73	76	37
ITA	AUS	Italy	Australia*	256923	251302	233953	220526	204684	198440	174147	151684	74975
ITA	AUT	Italy	Austria	21793	23767	25546	25857	25230	30284	35547	38913	17188
ITA	BEL	Italy	Belgium	149461	141807	134558	125869	120326	120063	118495	116143	56750
ITA	BGR	Italy	Bulgaria	113	312	511	754	982	2479	3994	5492	2191
ITA	BHS	Italy	Bahamas	78	86	94	120	146	158	168	178	58
ITA	BIH	Italy	Bosnia and Herzegovina	165	189	213	128	117	116	106	100	60
ITA	BLR	Italy	Belarus	10	17	24	23	21	24	22	22	1
ITA	BMU	Italy	Bermuda*	81	79	138	125	109	118	108	110	20
ITA	BOL	Italy	Bolivia (Plurinational State of)	883	894	896	1062	1226	1428	1588	1773	748
ITA	BRA	Italy	Brazil	68663	60062	53464	45358	36270	28261	20618	39836	14220
ITA	BTN	Italy	Bhutan	6	7	8	10	12	13	12	12	3
ITA	BWA	Italy	Botswana	161	155	165	317	472	511	545	575	204
ITA	CAF	Italy	Central African Republic	7	56	101	79	77	66	70	75	30
ITA	CAN	Italy	Canada	355625	334120	318122	300128	265889	245361	210139	183368	92991
ITA	CHE	Italy	Switzerland	266625	257127	249113	250428	243157	260982	269298	273822	120022
ITA	CHL	Italy	Chile	4452	4182	3993	3963	3819	4076	5375	4352	1780
ITA	CHN	Italy	China	2947	3483	4146	4935	5816	5097	4299	4682	2487
ITA	CMR	Italy	Cameroon	0	0	0	511	407	508	590	655	302
ITA	COL	Italy	Colombia	1480	1778	1997	2243	2544	2887	3243	3511	1168
ITA	CPV	Italy	Cabo Verde	201	253	305	349	392	407	430	450	207
ITA	CRI	Italy	Costa Rica	1408	1214	1626	1066	2102	2132	2558	3087	1122
ITA	CUB	Italy	Cuba	492	373	194	246	295	337	371	263	101
ITA	CUW	Italy	Curaçao*	24	24	24	24	23	23	27	38	8
ITA	CYM	Italy	Cayman Islands*	28	54	94	85	85	91	101	110	12
ITA	CYP	Italy	Cyprus	120	170	219	330	505	463	477	506	260
ITA	CZE	Italy	Czechia	0	149	938	1531	2435	3461	4848	5867	1887
ITA	DEU	Italy	Germany	354483	385002	416103	357276	336507	390678	439709	436759	178798
ITA	DNK	Italy	Denmark*	2426	2729	3266	3601	4981	7704	10101	13051	5231
ITA	DOM	Italy	Dominican Republic	6960	7731	8501	6061	3612	4192	4375	4719	1208
ITA	DZA	Italy	Algeria	3143	1942	740	585	642	698	725	751	463
ITA	ECU	Italy	Ecuador	1495	1538	1582	2172	3389	3932	4467	4800	2225
ITA	EGY	Italy	Egypt	3786	4411	5144	5795	6010	0	5578	4458	2187
ITA	ESP	Italy	Spain*	10753	16162	23866	54157	88570	102373	142805	167387	72003
ITA	EST	Italy	Estonia	0	0	0	0	295	626	1251	1275	468
ITA	FIN	Italy	Finland*	504	655	806	1331	1700	2316	3023	3558	1172
ITA	FRA	Italy	France*	507447	449474	401918	373623	340016	323277	318801	303685	155992
ITA	GBR	Italy	United Kingdom*	89882	97552	105774	120428	138174	193121	279194	342143	153500
ITA	GEO	Italy	Georgia	0	0	18	17	17	17	16	16	5
ITA	GHA	Italy	Ghana	123	123	137	193	192	236	270	302	115
ITA	GIN	Italy	Guinea	102	0	0	0	0	82	78	75	31
ITA	GLP	Italy	Guadeloupe*	143	192	240	294	348	334	330	328	187
ITA	GRC	Italy	Greece	12933	9328	5876	6159	6674	6289	6426	6826	3839
ITA	GTM	Italy	Guatemala	325	279	232	276	320	351	394	433	124
ITA	GUF	Italy	French Guiana*	108	120	132	125	117	160	179	197	76
ITA	HKG	Italy	China, Hong Kong SAR	430	480	530	579	629	642	669	692	286
ITA	HND	Italy	Honduras	198	196	194	190	186	260	265	270	66
ITA	HRV	Italy	Croatia	2065	1941	1609	2365	3120	3140	2953	2813	1374
ITA	HTI	Italy	Haiti	1227	1165	1106	1050	1102	1157	1210	1255	365
ITA	HUN	Italy	Hungary	389	1499	2609	3202	3824	4428	6187	7298	2667
ITA	IRL	Italy	Ireland	1473	1779	3751	6954	7186	10176	14112	17508	8130
ITA	ISL	Italy	Iceland	38	73	107	165	218	260	525	793	304
ITA	ISR	Italy	Israel	4134	5057	5136	5073	5027	5401	5822	6174	3580
ITA	JPN	Italy	Japan	915	1227	1541	2003	2682	8154	8118	5245	1668
ITA	KHM	Italy	Cambodia	7	19	30	23	17	15	14	15	5
ITA	LBR	Italy	Liberia	252	246	242	109	50	57	43	35	15
ITA	LBY	Italy	Libya	13295	9034	4923	5426	5955	6667	7141	7548	2778
ITA	LCA	Italy	Saint Lucia	7	9	13	14	15	14	12	12	5
ITA	LIE	Italy	Liechtenstein	806	1148	1471	1185	878	860	861	921	335
ITA	LKA	Italy	Sri Lanka	3	637	1273	2571	5236	5096	5168	5226	2690
ITA	LTU	Italy	Lithuania	40	45	35	200	338	355	643	677	179
ITA	LUX	Italy	Luxembourg	12479	14300	16274	14814	13517	20621	18878	21807	9098
ITA	LVA	Italy	Latvia	16	36	57	189	317	249	328	302	81
ITA	MAR	Italy	Morocco	1296	1189	1253	1329	1444	1862	2045	2219	1075
ITA	MCO	Italy	Monaco	3886	4180	4480	4430	4443	5841	5978	6091	2737
ITA	MDA	Italy	Republic of Moldova*	12	12	14	401	1363	3467	4773	2567	1234
ITA	MDV	Italy	Maldives	310	352	374	294	229	164	177	190	84
ITA	MEX	Italy	Mexico	3372	3633	3938	4425	4977	5764	6676	7359	2518
ITA	MKD	Italy	North Macedonia	39	36	34	34	35	37	36	36	21
ITA	MLT	Italy	Malta	665	778	968	1118	1198	2166	4720	8204	2214
ITA	MNE	Italy	Montenegro	200	200	200	200	186	209	208	206	144
ITA	MNG	Italy	Mongolia	3	3	4	9	17	21	21	22	11
ITA	MRT	Italy	Mauritania	50	53	54	55	38	54	58	62	24
ITA	MTQ	Italy	Martinique*	37	55	74	77	81	94	93	92	50
ITA	MUS	Italy	Mauritius	38	56	106	113	127	146	146	147	60
ITA	NAM	Italy	Namibia	1219	1165	1083	856	824	806	863	915	500
ITA	NCL	Italy	New Caledonia*	231	267	304	324	344	263	277	291	87
ITA	NIC	Italy	Nicaragua	187	149	155	166	177	190	198	205	47
ITA	NLD	Italy	Netherlands*	14048	15422	16977	17644	20475	26654	38472	48307	21069
ITA	NOR	Italy	Norway*	1090	1157	1413	1547	2265	3976	5040	5604	2115
ITA	NZL	Italy	New Zealand*	1381	1372	1431	1528	1812	2572	3233	3256	1360
ITA	PAN	Italy	Panama	454	500	578	772	1125	1318	1587	2421	717
ITA	PER	Italy	Peru	2563	2693	2822	2958	3486	4545	5697	6538	2777
ITA	POL	Italy	Poland	1597	2413	3647	5329	7667	11962	18946	24380	12002
ITA	PRI	Italy	Puerto Rico*	483	448	416	325	195	192	82	74	39
ITA	PRT	Italy	Portugal	985	1436	1946	2372	2405	2726	3125	3516	1476
ITA	PRY	Italy	Paraguay	699	845	990	943	898	876	947	1010	386
ITA	PYF	Italy	French Polynesia*	132	144	155	162	156	148	148	148	31
ITA	ROU	Italy	Romania	199	871	1932	5275	16067	33692	62122	87680	41835
ITA	RUS	Italy	Russian Federation	1020	974	894	1391	1834	1925	2022	2099	800
ITA	SLV	Italy	El Salvador	391	312	233	252	270	282	285	289	103
ITA	SMR	Italy	San Marino	2986	3273	3540	3714	4288	4460	4749	5000	2068
ITA	SRB	Italy	Serbia*	1033	765	555	667	1022	1565	2399	2983	1343
ITA	SVK	Italy	Slovakia	41	793	1764	1978	2217	2841	3918	4259	1136
ITA	SVN	Italy	Slovenia	4654	3670	4809	3956	4322	3646	4511	5114	2025
ITA	SWE	Italy	Sweden	5959	5931	6286	6593	7666	10387	13946	16955	6944
ITA	SYC	Italy	Seychelles	22	29	37	73	109	122	123	125	47
ITA	TUN	Italy	Tunisia	1622	1610	1620	1548	1705	2208	2345	2464	1174
ITA	TWN	Italy	China, Taiwan Province of China	93	126	157	165	166	339	495	522	130
ITA	TZA	Italy	United Republic of Tanzania	360	457	482	536	550	575	511	555	234
ITA	URY	Italy	Uruguay	15780	14943	13403	8155	7095	7327	8744	11274	5016
ITA	USA	Italy	United States of America*	697267	628114	573020	449642	447401	424505	389417	360987	173269
ITA	VEN	Italy	Venezuela (Bolivarian Republic of)	64792	57175	49982	49767	50056	51068	48148	45934	17447
ITA	ZAF	Italy	South Africa	11132	8908	8921	8695	8090	6139	4370	4255	1872
JAM	ABW	Jamaica	Aruba*	162	439	715	719	710	746	833	1142	787
JAM	AIA	Jamaica	Anguilla*	220	283	346	398	433	464	483	500	214
JAM	ATG	Jamaica	Antigua and Barbuda	386	1832	3278	3515	3752	3990	4173	4328	2882
JAM	AUS	Jamaica	Australia*	835	895	932	1003	1098	1279	1317	1335	636
JAM	BGR	Jamaica	Bulgaria	1	2	3	5	6	5	5	7	6
JAM	BHS	Jamaica	Bahamas	2792	3282	3773	5349	6925	7503	8042	8510	5928
JAM	BLZ	Jamaica	Belize	445	424	403	412	421	496	561	621	241
JAM	BMU	Jamaica	Bermuda*	316	374	980	1199	1448	1537	1658	1694	887
JAM	BOL	Jamaica	Bolivia (Plurinational State of)	5	4	2	4	6	8	7	8	2
JAM	BRA	Jamaica	Brazil	69	62	58	88	132	183	223	176	18
JAM	BRB	Jamaica	Barbados	622	679	736	839	947	994	1004	1013	662
JAM	CAN	Jamaica	Canada	100377	114487	119493	123052	128171	141703	145144	144301	81447
JAM	CHL	Jamaica	Chile	14	18	24	34	51	86	202	222	183
JAM	CHN	Jamaica	China	61	73	87	103	125	254	496	572	304
JAM	CRI	Jamaica	Costa Rica	356	209	166	110	215	217	260	314	172
JAM	CUB	Jamaica	Cuba	656	497	353	218	129	71	38	27	16
JAM	CUW	Jamaica	Curaçao*	1338	1338	1338	1338	1198	1300	1516	2120	1467
JAM	CYM	Jamaica	Cayman Islands*	3767	4987	7468	8110	9472	10354	11540	12602	6259
JAM	CYP	Jamaica	Cyprus	4	6	7	10	15	13	13	14	6
JAM	DMA	Jamaica	Dominica	47	62	74	91	111	129	130	132	86
JAM	DNK	Jamaica	Denmark*	79	97	130	132	152	165	167	183	99
JAM	DOM	Jamaica	Dominican Republic	421	468	514	321	127	132	137	148	40
JAM	EST	Jamaica	Estonia	0	0	0	0	2	2	3	3	0
JAM	FIN	Jamaica	Finland*	21	25	29	44	54	75	86	101	35
JAM	GBR	Jamaica	United Kingdom*	142246	144149	146062	152301	159856	156146	150892	146646	80673
JAM	GRC	Jamaica	Greece	72	68	65	39	12	11	10	11	5
JAM	GRD	Jamaica	Grenada	65	85	105	109	114	115	117	119	64
JAM	GUY	Jamaica	Guyana	83	124	165	209	157	166	174	302	130
JAM	HND	Jamaica	Honduras	20	20	20	20	19	27	27	27	4
JAM	HUN	Jamaica	Hungary	4	12	19	25	30	25	32	38	19
JAM	ISL	Jamaica	Iceland	5	7	9	13	17	18	21	32	23
JAM	KNA	Jamaica	Saint Kitts and Nevis	62	82	116	128	138	141	144	148	74
JAM	LCA	Jamaica	Saint Lucia	78	105	144	286	407	390	373	361	216
JAM	LIE	Jamaica	Liechtenstein	0	0	0	0	2	3	1	1	1
JAM	LTU	Jamaica	Lithuania	0	0	0	0	0	1	0	0	0
JAM	LUX	Jamaica	Luxembourg	0	0	0	0	0	0	30	35	18
JAM	LVA	Jamaica	Latvia	0	0	0	0	1	1	2	2	0
JAM	MEX	Jamaica	Mexico	55	68	83	103	128	186	280	381	135
JAM	NIC	Jamaica	Nicaragua	39	31	24	18	19	20	19	20	5
JAM	NOR	Jamaica	Norway*	44	54	73	115	145	161	183	203	113
JAM	PAN	Jamaica	Panama	942	724	553	521	595	697	830	1266	630
JAM	PRI	Jamaica	Puerto Rico*	84	88	94	73	44	43	18	16	8
JAM	PRT	Jamaica	Portugal	7	16	26	26	23	26	28	31	13
JAM	SLV	Jamaica	El Salvador	16	13	9	10	10	10	10	10	4
JAM	SVK	Jamaica	Slovakia	0	0	2	2	3	14	15	16	5
JAM	SVN	Jamaica	Slovenia	0	0	2	5	7	9	6	7	1
JAM	SXM	Jamaica	Sint Maarten (Dutch part)*	2065	2065	2065	1134	2269	2364	2496	2609	1491
JAM	TTO	Jamaica	Trinidad and Tobago	811	736	798	856	1445	1497	1661	2390	967
JAM	USA	Jamaica	United States of America*	350867	532040	541069	591724	681674	748216	837746	910748	509597
JAM	VCT	Jamaica	Saint Vincent and the Grenadines	111	115	119	122	125	126	125	127	65
JAM	VEN	Jamaica	Venezuela (Bolivarian Republic of)	220	167	126	111	99	95	89	85	49
JAM	VGB	Jamaica	British Virgin Islands*	272	320	368	422	1697	1941	2202	2436	1428
JAM	VIR	Jamaica	United States Virgin Islands*	260	305	352	362	373	373	372	372	203
JOR	ARE	Jordan	United Arab Emirates	25993	35196	46069	62416	105574	132965	139263	158125	63844
JOR	AUS	Jordan	Australia*	2294	2809	3494	4155	5250	6554	8544	9469	4264
JOR	BGR	Jordan	Bulgaria	83	94	105	127	148	201	293	403	110
JOR	BHR	Jordan	Bahrain	3517	4172	4601	7456	12207	13697	14920	15949	5500
JOR	BLR	Jordan	Belarus	13	22	30	29	28	30	28	28	0
JOR	BOL	Jordan	Bolivia (Plurinational State of)	20	17	13	14	14	17	17	19	2
JOR	BRA	Jordan	Brazil	5	1278	1043	1135	1036	1141	1268	1261	560
JOR	CAN	Jordan	Canada	1907	2975	4530	7127	9683	13479	16923	20195	9626
JOR	CHN	Jordan	China	436	510	607	723	846	596	404	434	230
JOR	CRI	Jordan	Costa Rica	8	6	8	6	12	11	13	16	4
JOR	CYP	Jordan	Cyprus	110	156	201	302	463	425	437	464	172
JOR	DNK	Jordan	Denmark*	613	768	954	1048	1094	1236	1318	1401	602
JOR	DZA	Jordan	Algeria	2286	2272	2258	1785	1961	2132	2216	2296	1089
JOR	EGY	Jordan	Egypt	4396	4232	4075	3817	3813	5	3363	2616	1351
JOR	EST	Jordan	Estonia	0	0	0	0	4	10	28	29	8
JOR	FIN	Jordan	Finland*	58	88	118	180	206	268	348	410	158
JOR	GIN	Jordan	Guinea	0	0	0	0	0	2	0	0	0
JOR	GRC	Jordan	Greece	2473	1630	813	822	861	810	827	879	215
JOR	HND	Jordan	Honduras	31	31	30	30	29	40	40	41	20
JOR	HRV	Jordan	Croatia	0	0	0	34	68	68	62	59	7
JOR	HUN	Jordan	Hungary	350	310	270	331	395	481	868	1024	268
JOR	IRQ	Jordan	Iraq	7970	9397	8905	10358	10580	10336	10432	10581	3113
JOR	ISL	Jordan	Iceland	0	6	12	12	12	13	27	41	24
JOR	ITA	Jordan	Italy	1443	1711	1938	2180	2553	2686	2983	2908	897
JOR	KWT	Jordan	Kuwait	20985	18286	21504	24898	33449	45909	53291	58434	25994
JOR	LBY	Jordan	Libya	9668	12240	15015	16551	18164	20338	21783	23026	6497
JOR	LIE	Jordan	Liechtenstein	0	0	0	0	1	2	5	5	3
JOR	LKA	Jordan	Sri Lanka	3	34	67	134	271	274	276	279	150
JOR	LTU	Jordan	Lithuania	3	2	1	1	1	2	8	8	5
JOR	LUX	Jordan	Luxembourg	0	0	0	0	0	0	47	54	21
JOR	LVA	Jordan	Latvia	3	5	7	7	7	4	4	4	0
JOR	MLT	Jordan	Malta	12	15	19	23	32	54	115	200	23
JOR	NIC	Jordan	Nicaragua	13	11	17	24	25	26	26	27	9
JOR	NOR	Jordan	Norway*	48	74	109	147	301	428	611	679	325
JOR	OMN	Jordan	Oman	3509	3588	3669	4053	5352	12177	11765	15210	7539
JOR	PAN	Jordan	Panama	43	61	84	84	102	119	141	215	61
JOR	PRI	Jordan	Puerto Rico*	175	185	196	153	92	90	38	34	17
JOR	PRT	Jordan	Portugal	3	6	11	19	25	28	213	240	96
JOR	PSE	Jordan	State of Palestine	55317	54057	52798	61322	61279	60127	59543	59477	37338
JOR	QAT	Jordan	Qatar	7652	11374	16790	14398	26040	39898	32157	34441	9399
JOR	SAU	Jordan	Saudi Arabia	108617	118774	128816	152902	178477	209149	205283	209093	92838
JOR	SVK	Jordan	Slovakia	9	19	36	41	46	57	68	74	16
JOR	SVN	Jordan	Slovenia	8	16	53	64	71	60	67	76	17
JOR	TUR	Jordan	Türkiye	898	898	898	1292	1712	2361	15655	24978	10842
JOR	UKR	Jordan	Ukraine*	4486	4340	4247	3880	3702	3714	3775	3825	83
JOR	VEN	Jordan	Venezuela (Bolivarian Republic of)	462	350	264	235	211	200	186	177	73
JPN	ARG	Japan	Argentina	6198	5514	4911	4449	4046	3434	2912	2909	1604
JPN	ATG	Japan	Antigua and Barbuda	2	10	17	18	19	20	19	20	11
JPN	AUS	Japan	Australia*	21286	25256	25299	33136	40397	47609	48694	53094	37562
JPN	BEL	Japan	Belgium	2730	3212	3779	4448	4791	4686	4601	4484	2707
JPN	BGD	Japan	Bangladesh	9042	9330	9618	11317	13041	13763	13494	18539	12813
JPN	BGR	Japan	Bulgaria	26	44	61	84	105	159	220	303	167
JPN	BHS	Japan	Bahamas	5	22	39	36	32	35	36	38	28
JPN	BMU	Japan	Bermuda*	109	188	227	136	31	45	30	31	19
JPN	BOL	Japan	Bolivia (Plurinational State of)	1401	1455	1493	1461	1426	1661	1848	2063	1007
JPN	BRA	Japan	Brazil	88605	77460	68967	59153	47893	38165	28829	52758	26043
JPN	BRN	Japan	Brunei Darussalam	83	138	192	196	200	204	220	236	93
JPN	BTN	Japan	Bhutan	59	69	80	100	120	127	132	137	48
JPN	CAN	Japan	Canada	11822	14241	17073	21188	31276	36751	31784	33767	24368
JPN	CHL	Japan	Chile	585	676	758	845	891	1041	1123	1198	1028
JPN	CHN	Japan	China	33057	38903	46301	55111	64702	50193	37470	40436	21480
JPN	COL	Japan	Colombia	530	564	571	578	614	654	694	726	320
JPN	CPV	Japan	Cabo Verde	2	3	4	3	1	1	0	0	0
JPN	CRI	Japan	Costa Rica	207	169	216	143	280	283	338	408	164
JPN	CUW	Japan	Curaçao*	134	134	134	134	121	130	151	211	109
JPN	CYM	Japan	Cayman Islands*	6	13	22	20	20	20	21	23	5
JPN	CYP	Japan	Cyprus	21	30	38	57	88	80	81	86	50
JPN	CZE	Japan	Czechia	0	0	75	480	1602	1728	1587	1471	781
JPN	DNK	Japan	Denmark*	1008	1184	1290	1461	1644	1799	2001	2351	1576
JPN	DOM	Japan	Dominican Republic	1256	1395	1534	933	329	345	359	387	191
JPN	ECU	Japan	Ecuador	319	313	307	301	292	231	177	134	70
JPN	EGY	Japan	Egypt	856	965	1089	1187	1190	0	1034	805	418
JPN	EST	Japan	Estonia	0	0	0	0	55	85	160	163	80
JPN	FIN	Japan	Finland*	372	455	538	864	1103	1204	1453	1710	1059
JPN	FSM	Japan	Micronesia (Fed. States of)	66	59	55	51	49	48	47	48	19
JPN	GAB	Japan	Gabon	10	13	16	18	21	29	29	31	11
JPN	GHA	Japan	Ghana	30	30	33	46	46	56	63	70	22
JPN	GIN	Japan	Guinea	27	31	33	39	46	54	50	48	18
JPN	GRC	Japan	Greece	1185	863	555	538	539	507	518	550	409
JPN	GTM	Japan	Guatemala	84	89	94	111	128	141	157	173	63
JPN	GUM	Japan	Guam*	2455	2451	2446	2264	2082	2100	2219	2321	1122
JPN	HKG	Japan	China, Hong Kong SAR	9505	10608	11711	12786	13892	14197	14803	15307	8151
JPN	HND	Japan	Honduras	106	105	103	101	99	139	141	144	65
JPN	HRV	Japan	Croatia	0	0	0	28	56	56	50	48	38
JPN	HTI	Japan	Haiti	221	209	198	188	197	206	215	223	100
JPN	HUN	Japan	Hungary	271	595	919	1128	1347	1423	2069	2441	1069
JPN	IDN	Japan	Indonesia	7189	12889	23508	16384	16629	12622	7432	9938	4636
JPN	IND	Japan	India	839	839	846	901	964	906	844	802	428
JPN	ISL	Japan	Iceland	17	31	44	66	86	98	118	178	127
JPN	ITA	Japan	Italy	3223	3972	4741	5642	6732	7802	8705	8158	6047
JPN	KHM	Japan	Cambodia	58	152	246	192	138	125	132	140	45
JPN	LBY	Japan	Libya	4156	2428	740	816	896	1002	1072	1133	395
JPN	LCA	Japan	Saint Lucia	11	14	20	16	11	10	8	8	6
JPN	LIE	Japan	Liechtenstein	0	0	0	0	14	13	18	19	9
JPN	LKA	Japan	Sri Lanka	9	107	207	410	828	838	848	857	453
JPN	LTU	Japan	Lithuania	14	15	11	20	28	26	23	24	13
JPN	LUX	Japan	Luxembourg	336	290	249	215	185	282	588	679	413
JPN	LVA	Japan	Latvia	4	6	9	12	15	16	27	25	13
JPN	MDV	Japan	Maldives	65	76	83	86	97	109	118	126	95
JPN	MEX	Japan	Mexico	2825	2878	2938	2971	3040	4132	5620	6655	2652
JPN	MLI	Japan	Mali	0	0	0	0	514	631	738	828	413
JPN	MLT	Japan	Malta	15	18	23	28	37	62	134	233	157
JPN	MNG	Japan	Mongolia	122	134	149	229	336	415	444	470	254
JPN	MNP	Japan	Northern Mariana Islands*	715	730	791	811	599	536	540	544	277
JPN	MUS	Japan	Mauritius	23	14	15	11	8	9	8	8	4
JPN	MYS	Japan	Malaysia	12249	12320	12390	12390	12407	12390	12389	12388	5471
JPN	NAM	Japan	Namibia	168	160	150	118	113	110	117	124	77
JPN	NIC	Japan	Nicaragua	54	43	39	36	38	40	40	42	12
JPN	NOR	Japan	Norway*	826	867	926	953	1181	1381	1540	1712	1155
JPN	NZL	Japan	New Zealand*	3632	6160	8336	9444	10014	11640	12929	12621	8444
JPN	PAN	Japan	Panama	169	244	335	296	317	372	446	680	296
JPN	PER	Japan	Peru	1641	2033	2437	2840	3229	3634	4151	7153	3739
JPN	PHL	Japan	Philippines	3255	5384	7513	9642	11575	7972	4492	4492	1112
JPN	PLW	Japan	Palau	69	118	290	163	156	140	142	145	72
JPN	PNG	Japan	Papua New Guinea	263	269	201	301	255	258	258	259	70
JPN	POL	Japan	Poland	110	144	191	340	699	689	607	673	344
JPN	PRI	Japan	Puerto Rico*	163	172	182	142	85	83	35	32	17
JPN	PRK	Japan	Dem. People's Republic of Korea	180	173	166	179	191	210	214	218	97
JPN	PRT	Japan	Portugal	81	175	278	300	273	309	352	396	234
JPN	PRY	Japan	Paraguay	2648	2448	2240	2133	2032	1983	2148	2291	1091
JPN	PYF	Japan	French Polynesia*	21	23	25	26	25	23	23	23	12
JPN	SLB	Japan	Solomon Islands	101	100	96	61	31	29	28	27	11
JPN	SLE	Japan	Sierra Leone	7	6	5	2	1	1	0	0	0
JPN	SLV	Japan	El Salvador	40	38	35	44	52	54	54	55	17
JPN	SVK	Japan	Slovakia	6	41	88	99	111	137	158	172	97
JPN	SVN	Japan	Slovenia	8	16	30	36	72	81	98	111	61
JPN	THA	Japan	Thailand	2419	4772	11657	45200	78742	88674	96936	104515	39780
JPN	TON	Japan	Tonga	50	58	66	77	82	70	65	62	25
JPN	TWN	Japan	China, Taiwan Province of China	7915	7818	9860	11402	8981	12208	14900	13789	6450
JPN	USA	Japan	United States of America*	458055	642190	548222	517367	504231	538574	536286	547444	328225
JPN	VEN	Japan	Venezuela (Bolivarian Republic of)	763	590	452	408	373	359	337	322	133
JPN	VNM	Japan	Viet Nam	1742	2988	4324	5658	6997	8485	10212	27060	14250
JPN	WSM	Japan	Samoa	26	45	65	60	53	43	39	37	6
JPN	ZAF	Japan	South Africa	674	565	636	741	828	656	461	450	245
JPN	ZMB	Japan	Zambia	146	137	129	113	100	88	123	163	78
KAZ	ARM	Kazakhstan	Armenia	1622	1479	1339	1192	1055	919	781	710	444
KAZ	AUS	Kazakhstan	Australia*	94	152	386	677	1190	1911	2438	2892	1876
KAZ	AZE	Kazakhstan	Azerbaijan	5528	4979	4443	3906	3347	2787	2310	1994	1173
KAZ	BGR	Kazakhstan	Bulgaria	89	271	452	672	879	1327	2308	3174	2053
KAZ	BLR	Kazakhstan	Belarus	81148	76868	72587	71580	70573	69957	68934	68126	35269
KAZ	BOL	Kazakhstan	Bolivia (Plurinational State of)	0	1	2	11	20	24	25	28	17
KAZ	CAN	Kazakhstan	Canada	5631	4570	3553	6030	9020	12638	13839	15397	8428
KAZ	CHN	Kazakhstan	China	2368	2772	3299	3927	4578	2881	1744	1862	989
KAZ	CRI	Kazakhstan	Costa Rica	5	4	4	4	6	5	6	7	6
KAZ	CYP	Kazakhstan	Cyprus	59	84	108	162	248	227	232	246	153
KAZ	CZE	Kazakhstan	Czechia	0	0	1549	3169	6110	7284	8093	8719	5140
KAZ	DEU	Kazakhstan	Germany	215522	228962	348925	613145	808562	849840	872932	896268	471504
KAZ	DNK	Kazakhstan	Denmark*	0	16	44	92	152	221	288	493	328
KAZ	DOM	Kazakhstan	Dominican Republic	3	4	4	7	11	10	10	11	5
KAZ	EST	Kazakhstan	Estonia	7616	5712	3808	3968	4095	3752	3754	3825	2165
KAZ	FIN	Kazakhstan	Finland*	0	22	44	108	156	246	344	405	243
KAZ	GEO	Kazakhstan	Georgia	21017	3302	1651	1568	1583	1662	1718	1766	764
KAZ	GRC	Kazakhstan	Greece	3531	13744	24182	25878	28574	26926	27523	29238	15316
KAZ	HRV	Kazakhstan	Croatia	0	0	0	34	67	67	61	58	48
KAZ	HUN	Kazakhstan	Hungary	469	416	362	445	531	483	837	987	631
KAZ	IND	Kazakhstan	India	5512	4035	2668	577	103	91	85	78	10
KAZ	ISL	Kazakhstan	Iceland	0	1	1	8	15	21	35	53	39
KAZ	ISR	Kazakhstan	Israel	5435	6791	8814	11140	13757	14905	16266	17166	9133
KAZ	ITA	Kazakhstan	Italy	174	287	465	1357	2684	3731	4869	5280	4423
KAZ	KGZ	Kazakhstan	Kyrgyzstan	38405	31791	24298	19645	14692	12940	12599	12333	7575
KAZ	KOR	Kazakhstan	Republic of Korea	275	1065	2203	2564	3246	4109	27693	30061	14363
KAZ	LBY	Kazakhstan	Libya	403	492	591	652	715	800	855	904	169
KAZ	LIE	Kazakhstan	Liechtenstein	0	0	0	0	5	5	9	10	6
KAZ	LTU	Kazakhstan	Lithuania	13109	8354	6544	6388	5366	4477	4248	4475	2388
KAZ	LUX	Kazakhstan	Luxembourg	0	0	0	0	0	0	207	239	174
KAZ	LVA	Kazakhstan	Latvia	528	4627	8726	7993	7058	5931	5651	5204	2845
KAZ	MDA	Kazakhstan	Republic of Moldova*	18970	13069	9032	6403	5142	4054	2912	2459	1421
KAZ	MLI	Kazakhstan	Mali	0	0	0	0	1488	1830	2146	2409	1023
KAZ	MNG	Kazakhstan	Mongolia	528	583	644	384	170	210	225	238	146
KAZ	NOR	Kazakhstan	Norway*	0	6	46	290	646	931	973	1082	702
KAZ	POL	Kazakhstan	Poland	1967	2459	3075	3911	5014	6168	7548	8163	4540
KAZ	PRT	Kazakhstan	Portugal	27	58	92	469	769	872	998	1123	531
KAZ	RUS	Kazakhstan	Russian Federation	2349697	2506132	2571681	2568446	2480017	2027417	1635008	1321004	710042
KAZ	SVK	Kazakhstan	Slovakia	21	78	158	178	199	246	290	315	169
KAZ	SVN	Kazakhstan	Slovenia	4	7	1	11	45	100	207	235	136
KAZ	TJK	Kazakhstan	Tajikistan	1101	951	889	857	854	839	840	842	440
KAZ	TKM	Kazakhstan	Turkmenistan	31076	25385	20579	20410	19806	20145	19994	19875	10129
KAZ	TUR	Kazakhstan	Türkiye	4996	4996	4996	9738	14790	20446	38677	84823	49394
KAZ	UKR	Kazakhstan	Ukraine*	330947	290731	254065	232148	221504	222245	225962	228982	125750
KAZ	UZB	Kazakhstan	Uzbekistan	30344	25111	20868	18166	14700	13194	13092	13013	7106
KEN	AUS	Kenya	Australia*	4190	5799	7217	10795	15303	19736	24960	30123	15966
KEN	BDI	Kenya	Burundi	186	216	202	502	847	1032	1226	1377	598
KEN	BGR	Kenya	Bulgaria	2	4	6	9	11	16	28	39	22
KEN	BHS	Kenya	Bahamas	6	5	5	12	19	21	21	22	12
KEN	BOL	Kenya	Bolivia (Plurinational State of)	2	6	9	11	12	15	15	17	10
KEN	BWA	Kenya	Botswana	122	179	254	395	1043	1133	1210	1277	416
KEN	CAN	Kenya	Canada	16283	17840	19504	22174	25192	28317	29160	29988	16103
KEN	CHN	Kenya	China	316	377	449	534	641	801	974	1078	573
KEN	COM	Kenya	Comoros	87	86	85	81	77	76	74	74	40
KEN	CRI	Kenya	Costa Rica	4	4	6	5	9	8	9	11	0
KEN	CYM	Kenya	Cayman Islands*	10	21	37	34	34	36	39	43	30
KEN	CYP	Kenya	Cyprus	21	30	38	57	88	80	81	86	41
KEN	DNK	Kenya	Denmark*	660	798	979	1128	1371	1679	1924	2150	1314
KEN	ERI	Kenya	Eritrea	187	202	217	248	290	351	305	274	113
KEN	EST	Kenya	Estonia	0	0	0	0	2	7	22	22	10
KEN	ETH	Kenya	Ethiopia	190	8600	2703	596	4350	4422	5372	5564	2759
KEN	FIN	Kenya	Finland*	98	139	180	556	826	1238	1562	1839	990
KEN	FRO	Kenya	Faroe Islands*	2	2	2	2	5	15	22	26	16
KEN	GBR	Kenya	United Kingdom*	111254	119424	128179	134123	139811	139658	138636	137817	71326
KEN	GHA	Kenya	Ghana	8	8	9	13	13	15	15	17	2
KEN	GIN	Kenya	Guinea	0	0	0	0	0	1999	1920	1856	770
KEN	GRC	Kenya	Greece	480	419	365	415	481	452	460	489	281
KEN	HUN	Kenya	Hungary	18	39	60	74	88	95	254	300	130
KEN	IND	Kenya	India	7494	4902	3021	2666	2495	2328	2184	2078	1157
KEN	ISL	Kenya	Iceland	10	17	23	38	52	90	103	156	117
KEN	ISR	Kenya	Israel	0	0	0	0	22	0	107	239	52
KEN	ITA	Kenya	Italy	800	1114	1499	2091	2812	3555	4407	4755	2951
KEN	JPN	Kenya	Japan	127	178	249	343	478	721	863	1041	422
KEN	LBY	Kenya	Libya	375	307	246	272	300	334	357	377	123
KEN	LIE	Kenya	Liechtenstein	0	0	0	0	5	6	8	9	6
KEN	LTU	Kenya	Lithuania	4	3	2	2	1	5	8	8	3
KEN	LUX	Kenya	Luxembourg	0	0	0	0	0	0	111	128	67
KEN	LVA	Kenya	Latvia	0	0	0	1	3	3	4	4	0
KEN	MLT	Kenya	Malta	18	22	27	34	27	45	96	167	92
KEN	MOZ	Kenya	Mozambique	9087	12499	14539	19963	22749	23584	24779	25824	13453
KEN	NAM	Kenya	Namibia	1641	1569	1458	1152	1110	1086	1161	1232	607
KEN	NOR	Kenya	Norway*	489	618	827	1077	1496	1964	2309	2567	1534
KEN	PRT	Kenya	Portugal	43	94	150	130	90	101	113	127	65
KEN	RWA	Kenya	Rwanda	955	1455	2218	2617	2598	2581	2575	2572	1063
KEN	SDN	Kenya	Sudan	6118	6241	6367	5860	2814	2575	3561	6189	3042
KEN	SLE	Kenya	Sierra Leone	0	0	0	0	0	27	26	24	8
KEN	SSD	Kenya	South Sudan	0	0	0	0	9298	9558	9800	10153	4039
KEN	SVK	Kenya	Slovakia	1	7	16	18	20	25	28	30	16
KEN	SVN	Kenya	Slovenia	5	10	19	19	16	25	35	40	23
KEN	SYC	Kenya	Seychelles	25	178	331	348	366	409	415	422	262
KEN	TZA	Kenya	United Republic of Tanzania	33613	31740	30272	29010	27864	27247	24274	26345	15084
KEN	UGA	Kenya	Uganda	22693	23568	24442	24645	24321	23998	23675	23416	12663
KEN	USA	Kenya	United States of America*	13883	5144	43039	65380	89390	140254	164517	210991	115261
KEN	ZAF	Kenya	South Africa	6068	5036	6930	18872	10766	10174	8580	6208	2657
KEN	ZMB	Kenya	Zambia	433	328	249	364	536	472	660	875	382
KGZ	AUS	Kyrgyzstan	Australia*	12	19	97	233	362	492	638	731	484
KGZ	AZE	Kyrgyzstan	Azerbaijan	4068	3634	3213	2790	2347	1902	1534	1321	698
KGZ	BGR	Kyrgyzstan	Bulgaria	10	26	41	60	78	145	237	326	202
KGZ	BLR	Kyrgyzstan	Belarus	6071	5751	5430	5355	5279	5234	5156	5096	2630
KGZ	BOL	Kyrgyzstan	Bolivia (Plurinational State of)	0	0	0	2	4	6	5	6	2
KGZ	CHN	Kyrgyzstan	China	494	582	693	824	966	742	548	591	314
KGZ	CYP	Kyrgyzstan	Cyprus	6	9	11	16	25	22	22	23	11
KGZ	CZE	Kyrgyzstan	Czechia	0	0	105	319	806	1063	1276	1439	726
KGZ	DNK	Kyrgyzstan	Denmark*	0	1	2	12	32	57	79	156	87
KGZ	EST	Kyrgyzstan	Estonia	1120	843	565	581	593	537	545	555	315
KGZ	FIN	Kyrgyzstan	Finland*	0	1	2	19	27	43	84	99	51
KGZ	GEO	Kyrgyzstan	Georgia	3360	484	242	229	231	242	249	256	171
KGZ	GRC	Kyrgyzstan	Greece	74	141	211	386	580	546	557	592	319
KGZ	HUN	Kyrgyzstan	Hungary	116	103	90	111	132	126	247	291	187
KGZ	ISL	Kyrgyzstan	Iceland	0	1	1	1	1	1	6	9	5
KGZ	ISR	Kyrgyzstan	Israel	1793	2142	2328	2389	2449	2510	2657	2664	1446
KGZ	ITA	Kyrgyzstan	Italy	29	48	77	374	816	1338	1960	2833	2354
KGZ	KAZ	Kyrgyzstan	Kazakhstan	88352	72562	64408	70819	77837	85504	93946	100242	63065
KGZ	LIE	Kyrgyzstan	Liechtenstein	0	0	0	0	3	4	3	3	3
KGZ	LTU	Kyrgyzstan	Lithuania	1006	774	606	569	455	380	347	366	191
KGZ	LUX	Kyrgyzstan	Luxembourg	0	0	0	0	0	0	47	54	37
KGZ	LVA	Kyrgyzstan	Latvia	593	913	1233	1124	987	809	757	697	392
KGZ	MDA	Kyrgyzstan	Republic of Moldova*	1652	1095	740	495	346	223	88	131	84
KGZ	NOR	Kyrgyzstan	Norway*	0	0	6	53	141	192	236	262	187
KGZ	RUS	Kyrgyzstan	Russian Federation	433625	455644	461140	526124	566372	480993	399110	333664	170717
KGZ	SVK	Kyrgyzstan	Slovakia	3	7	15	17	19	25	33	36	16
KGZ	SVN	Kyrgyzstan	Slovenia	0	0	0	3	5	7	19	22	16
KGZ	TJK	Kyrgyzstan	Tajikistan	20042	15292	11944	11502	11495	11301	11351	11382	5586
KGZ	TUR	Kyrgyzstan	Türkiye	1752	1752	1752	5686	9876	15450	30942	44361	29765
KGZ	UKR	Kyrgyzstan	Ukraine*	37304	33724	30557	27921	26640	26729	27175	27538	14879
KGZ	UZB	Kyrgyzstan	Uzbekistan	5481	5238	5110	5201	5085	4894	4856	4827	2628
KHM	AUS	Cambodia	Australia*	21140	23312	25052	27620	31666	34438	41140	43862	24691
KHM	BGD	Cambodia	Bangladesh	12924	13190	13455	16015	18541	19642	19259	26460	18287
KHM	BGR	Cambodia	Bulgaria	6	8	9	11	13	11	13	18	18
KHM	CAN	Cambodia	Canada	17870	18276	18666	20013	23648	23907	23176	22917	12613
KHM	CHN	Cambodia	China	123	180	179	213	268	1185	5042	6091	3236
KHM	CRI	Cambodia	Costa Rica	2	2	2	2	4	3	3	4	4
KHM	DNK	Cambodia	Denmark*	53	86	127	159	194	239	290	318	194
KHM	DOM	Cambodia	Dominican Republic	118	131	144	130	116	121	126	136	66
KHM	EST	Cambodia	Estonia	0	0	0	0	4	9	6	6	4
KHM	FIN	Cambodia	Finland*	62	73	83	157	214	256	320	377	233
KHM	FRA	Cambodia	France*	58110	57007	56609	58713	60055	58558	58212	57402	32865
KHM	GIN	Cambodia	Guinea	0	0	0	0	0	9	7	7	2
KHM	GRC	Cambodia	Greece	8	9	10	16	22	20	19	20	10
KHM	HUN	Cambodia	Hungary	65	58	51	63	74	53	88	104	52
KHM	IDN	Cambodia	Indonesia	941	0	0	0	0	0	0	0	0
KHM	ISL	Cambodia	Iceland	1	2	2	3	4	1	1	2	2
KHM	ITA	Cambodia	Italy	98	163	265	475	1043	1283	1361	1360	597
KHM	JPN	Cambodia	Japan	1120	1412	1722	2180	2629	5254	17561	24912	11508
KHM	KOR	Cambodia	Republic of Korea	2277	9307	19316	22766	30032	40557	42303	33452	11323
KHM	LAO	Cambodia	Lao People's Democratic Republic	1398	1362	1197	1119	2273	3428	3667	3871	1814
KHM	LIE	Cambodia	Liechtenstein	0	0	0	0	3	4	2	2	1
KHM	LTU	Cambodia	Lithuania	2	2	1	1	1	5	4	4	4
KHM	LUX	Cambodia	Luxembourg	0	0	0	0	0	0	69	80	56
KHM	NCL	Cambodia	New Caledonia*	482	558	635	676	718	551	584	613	362
KHM	NOR	Cambodia	Norway*	107	155	173	222	328	405	472	525	335
KHM	NZL	Cambodia	New Zealand*	3678	3678	4623	5706	6307	7111	7888	8231	4441
KHM	SVK	Cambodia	Slovakia	0	0	0	0	2	8	10	11	5
KHM	SVN	Cambodia	Slovenia	0	0	0	0	2	6	3	3	3
KHM	THA	Cambodia	Thailand	0	0	24956	149042	273128	312427	345733	375635	167473
KHM	USA	Cambodia	United States of America*	118405	134132	133747	147415	160007	164568	158737	171380	98305
KHM	VNM	Cambodia	Viet Nam	22106	19700	15473	2359	2143	0	0	990	540
KIR	AUS	Kiribati	Australia*	350	395	439	485	598	645	903	1585	822
KIR	BGR	Kiribati	Bulgaria	1	2	3	4	5	4	3	4	3
KIR	DNK	Kiribati	Denmark*	0	2	3	1	1	4	2	2	1
KIR	EST	Kiribati	Estonia	0	0	0	0	1	1	0	0	0
KIR	FJI	Kiribati	Fiji	710	700	698	701	753	775	793	808	370
KIR	GIN	Kiribati	Guinea	0	0	0	0	0	3	1	1	0
KIR	HUN	Kiribati	Hungary	0	0	0	0	0	1	0	0	0
KIR	MHL	Kiribati	Marshall Islands	94	123	158	202	259	275	275	276	105
KIR	NOR	Kiribati	Norway*	0	0	0	0	2	2	2	2	1
KIR	NRU	Kiribati	Nauru	1184	1095	1006	949	132	209	241	279	133
KIR	NZL	Kiribati	New Zealand*	504	504	504	779	1234	1822	2497	3015	1619
KIR	SLB	Kiribati	Solomon Islands	991	980	934	590	283	265	258	253	109
KIR	SVK	Kiribati	Slovakia	0	0	1	1	1	7	6	7	6
KIR	TUV	Kiribati	Tuvalu	63	61	54	53	59	61	62	64	52
KIR	WSM	Kiribati	Samoa	22	20	19	18	16	12	10	10	6
KNA	AIA	Saint Kitts and Nevis	Anguilla*	426	549	672	774	843	903	942	975	339
KNA	ATG	Saint Kitts and Nevis	Antigua and Barbuda	469	430	391	420	448	476	497	515	274
KNA	AUS	Saint Kitts and Nevis	Australia*	8	10	30	40	35	50	50	50	18
KNA	BHS	Saint Kitts and Nevis	Bahamas	13	12	12	22	31	34	35	37	22
KNA	BOL	Saint Kitts and Nevis	Bolivia (Plurinational State of)	1	1	0	0	0	0	0	0	0
KNA	BRB	Saint Kitts and Nevis	Barbados	0	0	0	78	104	109	109	110	60
KNA	CHL	Saint Kitts and Nevis	Chile	13	17	22	32	48	81	188	207	171
KNA	CRI	Saint Kitts and Nevis	Costa Rica	1	1	1	2	2	1	1	1	1
KNA	CUW	Saint Kitts and Nevis	Curaçao*	186	186	186	186	168	181	210	294	221
KNA	DMA	Saint Kitts and Nevis	Dominica	23	30	36	44	54	63	63	64	36
KNA	DNK	Saint Kitts and Nevis	Denmark*	0	1	1	0	0	2	2	3	2
KNA	DOM	Saint Kitts and Nevis	Dominican Republic	76	85	93	112	131	137	142	153	59
KNA	EST	Saint Kitts and Nevis	Estonia	0	0	0	0	1	1	0	0	0
KNA	FIN	Saint Kitts and Nevis	Finland*	0	1	1	1	1	1	0	0	0
KNA	GRC	Saint Kitts and Nevis	Greece	6	6	6	4	2	1	0	0	0
KNA	GRD	Saint Kitts and Nevis	Grenada	9	11	14	14	15	15	15	15	8
KNA	HUN	Saint Kitts and Nevis	Hungary	12	8	3	4	5	0	0	0	0
KNA	JAM	Saint Kitts and Nevis	Jamaica	75	89	103	101	98	96	97	99	50
KNA	LCA	Saint Kitts and Nevis	Saint Lucia	19	25	34	37	38	36	33	32	16
KNA	MSR	Saint Kitts and Nevis	Montserrat*	176	141	107	110	113	118	119	121	68
KNA	NOR	Saint Kitts and Nevis	Norway*	0	0	0	1	3	3	2	2	2
KNA	PER	Saint Kitts and Nevis	Peru	12	12	12	13	53	301	836	1159	318
KNA	SVK	Saint Kitts and Nevis	Slovakia	0	0	0	0	0	1	0	0	0
KNA	SXM	Saint Kitts and Nevis	Sint Maarten (Dutch part)*	911	911	911	500	1001	1042	1099	1149	736
KNA	VCT	Saint Kitts and Nevis	Saint Vincent and the Grenadines	35	36	37	37	39	39	37	38	28
KNA	VGB	Saint Kitts and Nevis	British Virgin Islands*	1555	1828	2100	2405	1214	1388	1574	1741	876
KNA	VIR	Saint Kitts and Nevis	United States Virgin Islands*	5828	6435	7054	7074	7096	7100	7103	7107	3845
KOR	ARG	Republic of Korea	Argentina	12286	10466	8673	6726	5157	5151	5285	5368	3057
KOR	ASM	Republic of Korea	American Samoa*	201	192	182	239	296	295	295	296	143
KOR	AUS	Republic of Korea	Australia*	21362	29158	36381	51162	83946	106655	111668	114174	61768
KOR	BEL	Republic of Korea	Belgium	2625	2994	3416	3897	4239	4337	4527	4534	2950
KOR	BGR	Republic of Korea	Bulgaria	33	43	53	41	51	140	230	316	167
KOR	BLR	Republic of Korea	Belarus	22	26	29	28	27	29	27	27	13
KOR	BOL	Republic of Korea	Bolivia (Plurinational State of)	555	564	568	502	434	506	561	626	296
KOR	BRA	Republic of Korea	Brazil	7518	7639	6914	8337	8374	8801	9271	9395	5046
KOR	BRN	Republic of Korea	Brunei Darussalam	138	141	144	147	150	153	165	177	82
KOR	BTN	Republic of Korea	Bhutan	15	18	21	26	31	33	33	34	17
KOR	CAN	Republic of Korea	Canada	30287	45107	66057	91740	126371	147072	139971	151409	82701
KOR	CHL	Republic of Korea	Chile	613	771	1003	1124	1093	1173	1175	1190	991
KOR	CHN	Republic of Korea	China	60637	71176	84711	100830	118141	86238	60578	65073	34567
KOR	COL	Republic of Korea	Colombia	75	88	138	215	305	425	559	659	285
KOR	CRI	Republic of Korea	Costa Rica	148	136	193	128	251	253	302	364	157
KOR	CYP	Republic of Korea	Cyprus	2	3	4	6	8	7	6	6	6
KOR	CZE	Republic of Korea	Czechia	0	0	20	237	1459	1751	1665	1596	792
KOR	DNK	Republic of Korea	Denmark*	7176	7708	8016	8171	8400	8613	8805	8936	5791
KOR	DOM	Republic of Korea	Dominican Republic	548	609	669	604	538	564	587	633	274
KOR	ECU	Republic of Korea	Ecuador	125	213	307	394	487	433	368	317	156
KOR	EGY	Republic of Korea	Egypt	201	248	307	367	403	0	420	352	227
KOR	EST	Republic of Korea	Estonia	0	0	0	0	19	69	99	101	67
KOR	FIN	Republic of Korea	Finland*	52	82	111	250	341	534	709	835	520
KOR	FRO	Republic of Korea	Faroe Islands*	63	53	37	42	47	53	59	70	33
KOR	FSM	Republic of Korea	Micronesia (Fed. States of)	65	58	54	50	48	47	46	47	18
KOR	GAB	Republic of Korea	Gabon	60	80	100	110	127	177	193	208	67
KOR	GIN	Republic of Korea	Guinea	138	159	172	313	486	426	407	394	136
KOR	GRC	Republic of Korea	Greece	15	108	202	209	224	210	213	226	134
KOR	GTM	Republic of Korea	Guatemala	290	709	1127	1340	1553	1703	1921	2113	801
KOR	GUM	Republic of Korea	Guam*	3582	3411	3240	2964	2687	2711	2865	2996	1450
KOR	HKG	Republic of Korea	China, Hong Kong SAR	3238	3614	3989	4355	4732	4836	5042	5214	3340
KOR	HND	Republic of Korea	Honduras	53	53	52	51	49	68	69	70	26
KOR	HRV	Republic of Korea	Croatia	0	0	0	14	27	27	23	22	15
KOR	HUN	Republic of Korea	Hungary	1076	953	830	1019	1217	1160	1931	2278	998
KOR	IDN	Republic of Korea	Indonesia	4827	8588	15536	10877	11097	8494	4889	6527	3045
KOR	ISL	Republic of Korea	Iceland	27	29	31	16	35	37	49	74	57
KOR	ITA	Republic of Korea	Italy	2254	2494	2669	2741	2921	3481	4914	4692	2825
KOR	JPN	Republic of Korea	Japan	668326	642133	608398	569953	540208	521159	451485	393944	211518
KOR	KAZ	Republic of Korea	Kazakhstan	1757	1222	940	964	999	1036	1073	1104	586
KOR	KGZ	Republic of Korea	Kyrgyzstan	1459	1067	648	460	265	233	225	220	119
KOR	KHM	Republic of Korea	Cambodia	26	68	110	86	62	56	58	61	19
KOR	LBY	Republic of Korea	Libya	806	661	527	581	638	713	761	804	233
KOR	LIE	Republic of Korea	Liechtenstein	0	0	0	0	4	4	4	4	4
KOR	LKA	Republic of Korea	Sri Lanka	7	77	149	296	596	603	611	618	314
KOR	LTU	Republic of Korea	Lithuania	4	3	2	2	2	0	13	14	6
KOR	LUX	Republic of Korea	Luxembourg	49	46	44	37	32	48	983	1136	557
KOR	LVA	Republic of Korea	Latvia	9	13	18	27	37	30	33	30	12
KOR	MEX	Republic of Korea	Mexico	228	286	366	1240	3882	5719	7490	9104	4004
KOR	MNG	Republic of Korea	Mongolia	276	304	336	866	1497	1853	1987	2103	1066
KOR	MNP	Republic of Korea	Northern Mariana Islands*	2422	1938	1573	1855	1604	1436	1448	1458	816
KOR	MRT	Republic of Korea	Mauritania	63	67	69	70	49	69	74	80	41
KOR	MYS	Republic of Korea	Malaysia	3400	3405	3410	3410	3411	3410	3410	3410	1569
KOR	NAM	Republic of Korea	Namibia	52	49	48	37	35	34	35	37	22
KOR	NIC	Republic of Korea	Nicaragua	20	16	34	54	57	61	62	64	24
KOR	NOR	Republic of Korea	Norway*	4821	5355	5966	6514	7056	7413	7832	8709	5184
KOR	NZL	Republic of Korea	New Zealand*	12183	12183	17157	27332	29587	30491	31307	31878	17070
KOR	PAN	Republic of Korea	Panama	96	139	191	243	345	402	483	737	285
KOR	PER	Republic of Korea	Peru	445	490	536	582	627	672	738	1313	566
KOR	PHL	Republic of Korea	Philippines	698	2029	3360	4691	5951	5223	4520	4520	1507
KOR	PLW	Republic of Korea	Palau	11	19	141	80	76	68	68	70	29
KOR	PNG	Republic of Korea	Papua New Guinea	87	89	66	76	64	64	63	63	27
KOR	PRI	Republic of Korea	Puerto Rico*	72	78	85	102	107	114	4	4	2
KOR	PRK	Republic of Korea	Dem. People's Republic of Korea	5873	5201	4528	4697	4866	5358	5477	5574	2771
KOR	PRT	Republic of Korea	Portugal	21	46	73	101	113	129	146	164	93
KOR	PRY	Republic of Korea	Paraguay	5162	4026	2877	2740	2610	2547	2759	2942	1398
KOR	RUS	Republic of Korea	Russian Federation	2014	2017	1948	2828	3650	2877	2258	1762	733
KOR	SLB	Republic of Korea	Solomon Islands	38	38	37	34	34	31	30	29	12
KOR	SLE	Republic of Korea	Sierra Leone	15	14	13	9	6	4	1	1	0
KOR	SLV	Republic of Korea	El Salvador	208	161	114	119	123	128	129	131	51
KOR	SVK	Republic of Korea	Slovakia	35	152	346	388	435	534	609	662	248
KOR	SVN	Republic of Korea	Slovenia	0	0	0	0	19	25	48	54	31
KOR	SWE	Republic of Korea	Sweden	7975	8484	9087	9746	10320	10714	11686	12163	7236
KOR	THA	Republic of Korea	Thailand	0	508	4910	9585	14260	15169	15810	16518	6837
KOR	TWN	Republic of Korea	China, Taiwan Province of China	1193	2007	2828	2767	3166	3831	4724	4824	2495
KOR	USA	Republic of Korea	United States of America*	858465	912885	970756	1038088	1128067	1126824	1091276	1083174	624487
KOR	VEN	Republic of Korea	Venezuela (Bolivarian Republic of)	245	242	237	249	265	277	260	248	106
KOR	VNM	Republic of Korea	Viet Nam	3136	5377	7783	10185	12594	15272	18382	48707	25649
KOR	ZAF	Republic of Korea	South Africa	2461	2163	1873	1584	1292	963	706	686	405
KWT	ARE	Kuwait	United Arab Emirates	13052	16639	21036	25836	42191	53137	55654	63192	23580
KWT	AUS	Kuwait	Australia*	1159	1615	2469	3146	4321	6575	7381	8304	3441
KWT	BGR	Kuwait	Bulgaria	9	28	47	71	92	100	227	312	99
KWT	BHR	Kuwait	Bahrain	1766	1986	2101	3092	4877	5472	5960	6371	1991
KWT	BOL	Kuwait	Bolivia (Plurinational State of)	2	4	5	5	4	6	5	6	1
KWT	CAN	Kuwait	Canada	2145	4274	8111	10338	12987	15773	17395	18999	9081
KWT	CYP	Kuwait	Cyprus	58	82	106	159	244	223	229	243	103
KWT	DNK	Kuwait	Denmark*	94	506	978	1263	1296	1362	1446	1516	653
KWT	DZA	Kuwait	Algeria	1420	1308	1196	946	1039	1129	1172	1215	419
KWT	EGY	Kuwait	Egypt	1801	1901	1997	2037	1898	0	1434	1064	383
KWT	EST	Kuwait	Estonia	0	0	0	0	6	9	12	12	1
KWT	FIN	Kuwait	Finland*	17	39	61	87	100	121	220	259	91
KWT	GRC	Kuwait	Greece	29	87	147	145	148	138	263	279	139
KWT	HUN	Kuwait	Hungary	154	137	119	147	175	243	380	448	157
KWT	IND	Kuwait	India	14658	11079	7601	7788	8475	7965	7429	7034	3503
KWT	IRQ	Kuwait	Iraq	309	364	345	401	410	400	403	409	130
KWT	ISL	Kuwait	Iceland	0	1	1	2	2	2	3	5	3
KWT	ITA	Kuwait	Italy	137	189	249	335	456	535	667	747	312
KWT	LBY	Kuwait	Libya	6005	6919	7947	8759	9613	10763	11527	12185	2519
KWT	LIE	Kuwait	Liechtenstein	0	0	0	0	1	1	0	0	0
KWT	LKA	Kuwait	Sri Lanka	20	224	430	849	1711	1731	1753	1772	929
KWT	LTU	Kuwait	Lithuania	5	4	3	3	1	11	5	5	2
KWT	LUX	Kuwait	Luxembourg	0	0	0	0	0	0	47	54	21
KWT	LVA	Kuwait	Latvia	1	1	2	2	3	3	5	5	0
KWT	MLT	Kuwait	Malta	8	10	12	16	47	79	170	295	82
KWT	MRT	Kuwait	Mauritania	29	30	31	32	22	31	33	35	15
KWT	NOR	Kuwait	Norway*	24	94	142	199	316	399	491	546	221
KWT	PSE	Kuwait	State of Palestine	16702	16322	15942	15902	17624	18541	19605	19583	9247
KWT	QAT	Kuwait	Qatar	4282	6012	8457	5424	8122	8042	6481	6941	1755
KWT	SVK	Kuwait	Slovakia	10	25	47	53	59	75	91	99	28
KWT	SVN	Kuwait	Slovenia	0	0	2	3	9	11	12	14	3
KWT	TUR	Kuwait	Türkiye	286	286	286	658	1054	1450	9361	15838	6661
KWT	VEN	Kuwait	Venezuela (Bolivarian Republic of)	63	62	61	63	67	71	66	63	27
LAO	ARG	Lao People's Democratic Republic	Argentina	518	502	489	519	567	586	604	618	352
LAO	AUS	Lao People's Democratic Republic	Australia*	11064	11088	10449	10585	11136	11020	11680	11771	6503
LAO	BGD	Lao People's Democratic Republic	Bangladesh	58722	59555	60387	71878	83217	88155	86447	118769	82085
LAO	BGR	Lao People's Democratic Republic	Bulgaria	0	0	0	1	1	1	0	0	0
LAO	BOL	Lao People's Democratic Republic	Bolivia (Plurinational State of)	0	8	15	8	0	0	0	0	0
LAO	CAN	Lao People's Democratic Republic	Canada	14464	14307	14135	14438	14529	14617	14058	13292	6874
LAO	CHL	Lao People's Democratic Republic	Chile	13	17	22	32	48	81	188	207	171
LAO	CHN	Lao People's Democratic Republic	China	4345	2162	786	936	1157	3186	8448	9927	5273
LAO	CRI	Lao People's Democratic Republic	Costa Rica	3	2	3	3	5	4	4	5	4
LAO	CYP	Lao People's Democratic Republic	Cyprus	1	2	2	3	3	2	1	1	1
LAO	DNK	Lao People's Democratic Republic	Denmark*	15	23	24	33	49	67	75	83	65
LAO	EGY	Lao People's Democratic Republic	Egypt	333	360	390	370	392	0	313	235	114
LAO	FIN	Lao People's Democratic Republic	Finland*	0	3	5	13	15	42	56	66	61
LAO	FRA	Lao People's Democratic Republic	France*	44300	42872	41746	41689	40198	39013	37967	36591	20059
LAO	GRC	Lao People's Democratic Republic	Greece	6	6	6	24	43	40	40	42	20
LAO	GUF	Lao People's Democratic Republic	French Guiana*	920	910	900	848	796	850	955	1049	549
LAO	HUN	Lao People's Democratic Republic	Hungary	40	35	30	38	45	46	104	123	59
LAO	ISL	Lao People's Democratic Republic	Iceland	0	0	0	0	0	1	0	0	0
LAO	JPN	Lao People's Democratic Republic	Japan	1556	1764	1973	2186	2447	2690	3059	3865	1869
LAO	KHM	Lao People's Democratic Republic	Cambodia	121	317	513	400	288	260	278	294	117
LAO	LIE	Lao People's Democratic Republic	Liechtenstein	0	0	1	17	35	36	40	43	28
LAO	LTU	Lao People's Democratic Republic	Lithuania	1	0	0	0	0	0	3	3	0
LAO	LUX	Lao People's Democratic Republic	Luxembourg	0	0	0	0	0	0	51	59	37
LAO	MNG	Lao People's Democratic Republic	Mongolia	4	4	5	2	1	1	0	0	0
LAO	NCL	Lao People's Democratic Republic	New Caledonia*	515	597	679	723	768	590	625	656	387
LAO	NOR	Lao People's Democratic Republic	Norway*	56	64	50	53	84	99	130	145	113
LAO	SVK	Lao People's Democratic Republic	Slovakia	0	0	0	0	1	6	5	5	4
LAO	SVN	Lao People's Democratic Republic	Slovenia	0	0	0	0	1	3	2	2	2
LAO	THA	Lao People's Democratic Republic	Thailand	163	162	33729	125074	216419	243185	265386	285819	169595
LAO	USA	Lao People's Democratic Republic	United States of America*	174596	224976	197031	201179	191464	194279	178574	176588	90377
LBN	ARE	Lebanon	United Arab Emirates	5495	6954	8753	14574	26188	32983	34545	39223	14549
LBN	ARG	Lebanon	Argentina	3108	2329	1750	1295	955	763	621	616	360
LBN	ARM	Lebanon	Armenia	2750	2350	1964	1539	1191	829	489	694	403
LBN	ATG	Lebanon	Antigua and Barbuda	46	46	45	49	52	55	56	58	29
LBN	AUS	Lebanon	Australia*	66656	75884	79118	84843	89640	93227	95153	93967	45176
LBN	BEL	Lebanon	Belgium	2311	2822	3447	4210	5624	6557	8813	12974	5461
LBN	BGR	Lebanon	Bulgaria	266	323	379	473	560	662	1026	1411	399
LBN	BHR	Lebanon	Bahrain	744	830	873	1734	3032	3402	3705	3961	1228
LBN	BLR	Lebanon	Belarus	32	50	67	64	61	65	63	62	0
LBN	BLZ	Lebanon	Belize	35	37	38	42	46	54	60	66	18
LBN	BOL	Lebanon	Bolivia (Plurinational State of)	64	56	48	40	32	38	40	45	9
LBN	BRA	Lebanon	Brazil	17320	16316	15631	14142	12085	11549	11213	14879	4906
LBN	CAN	Lebanon	Canada	53489	59465	66008	74394	82056	90524	95048	97179	46313
LBN	CHL	Lebanon	Chile	209	209	213	222	223	249	259	268	198
LBN	COG	Lebanon	Congo	358	414	580	369	878	1167	1158	1152	437
LBN	COL	Lebanon	Colombia	1249	1393	1155	946	779	641	520	560	212
LBN	CRI	Lebanon	Costa Rica	86	62	68	45	88	88	105	127	40
LBN	CUB	Lebanon	Cuba	123	94	65	42	26	14	9	6	2
LBN	CUW	Lebanon	Curaçao*	259	259	259	259	233	252	293	410	134
LBN	CYP	Lebanon	Cyprus	685	969	1252	1882	2888	2651	2736	2904	1318
LBN	DMA	Lebanon	Dominica	12	16	19	23	29	34	33	34	6
LBN	DNK	Lebanon	Denmark*	7953	11416	12044	12216	12159	12511	13040	13454	6213
LBN	DOM	Lebanon	Dominican Republic	717	797	876	511	143	149	154	166	54
LBN	DZA	Lebanon	Algeria	1564	1395	1225	968	1063	1155	1199	1242	764
LBN	ECU	Lebanon	Ecuador	210	199	187	176	175	164	177	183	66
LBN	EGY	Lebanon	Egypt	4220	3475	2866	2315	2299	5	2015	1572	1015
LBN	EST	Lebanon	Estonia	0	0	0	0	10	18	41	42	6
LBN	FIN	Lebanon	Finland*	142	196	249	380	490	521	731	860	347
LBN	FRA	Lebanon	France*	36118	35440	36320	42447	44452	45265	49532	51485	23585
LBN	GAB	Lebanon	Gabon	773	1034	1293	1409	1633	2284	2511	2710	687
LBN	GEO	Lebanon	Georgia	0	0	10	9	9	9	8	8	4
LBN	GHA	Lebanon	Ghana	525	523	585	823	818	1006	1155	1290	501
LBN	GIN	Lebanon	Guinea	0	0	0	0	0	156	148	143	26
LBN	GLP	Lebanon	Guadeloupe*	121	162	202	224	245	234	231	229	131
LBN	GRC	Lebanon	Greece	5775	3958	2207	2152	2173	2047	2092	2222	914
LBN	GTM	Lebanon	Guatemala	27	21	15	19	22	24	25	27	2
LBN	HRV	Lebanon	Croatia	0	0	0	33	65	65	60	57	12
LBN	HUN	Lebanon	Hungary	304	270	235	289	344	369	521	615	186
LBN	IRQ	Lebanon	Iraq	1173	1383	1311	1526	1558	1522	1536	1558	641
LBN	ISL	Lebanon	Iceland	14	17	19	25	30	30	50	76	24
LBN	ISR	Lebanon	Israel	9808	4742	8843	5535	6175	6665	7184	7638	3881
LBN	ITA	Lebanon	Italy	2070	2723	3440	4373	5690	6580	7877	8898	3394
LBN	KWT	Lebanon	Kuwait	4436	3668	4086	4524	5899	10505	12192	13369	5337
LBN	LBR	Lebanon	Liberia	4230	4133	4056	1852	871	999	771	635	179
LBN	LBY	Lebanon	Libya	6615	7318	8143	8975	9850	11029	11812	12486	4564
LBN	LCA	Lebanon	Saint Lucia	4	5	8	4	0	0	0	0	0
LBN	LKA	Lebanon	Sri Lanka	8	94	181	358	723	732	741	749	392
LBN	LTU	Lebanon	Lithuania	118	133	104	83	52	31	14	15	10
LBN	LUX	Lebanon	Luxembourg	34	31	30	26	23	35	341	394	143
LBN	LVA	Lebanon	Latvia	45	42	40	44	48	29	39	36	5
LBN	MAR	Lebanon	Morocco	923	847	892	947	1029	1326	1455	1579	764
LBN	MDV	Lebanon	Maldives	7	7	8	8	9	10	9	10	0
LBN	MEX	Lebanon	Mexico	1452	1285	1139	1051	971	886	815	893	398
LBN	MLT	Lebanon	Malta	30	36	44	54	52	89	191	332	82
LBN	MRT	Lebanon	Mauritania	106	113	116	118	83	118	128	138	61
LBN	NAM	Lebanon	Namibia	68	65	61	48	46	45	47	50	18
LBN	NOR	Lebanon	Norway*	590	997	1189	1400	1673	1846	2784	3096	1451
LBN	PAN	Lebanon	Panama	282	303	344	360	450	526	632	964	381
LBN	POL	Lebanon	Poland	248	280	316	341	360	423	508	518	140
LBN	PRI	Lebanon	Puerto Rico*	35	36	39	30	18	18	7	6	3
LBN	PRT	Lebanon	Portugal	17	36	58	67	65	73	246	277	107
LBN	PSE	Lebanon	State of Palestine	2342	2288	2235	2229	2223	2217	2213	2211	1150
LBN	QAT	Lebanon	Qatar	2150	2873	3861	3196	5674	10247	8258	8844	2223
LBN	SAU	Lebanon	Saudi Arabia	38697	39996	43192	50316	52336	54516	53016	52864	20071
LBN	SEN	Lebanon	Senegal	911	952	862	927	1037	1106	1140	1169	405
LBN	SLE	Lebanon	Sierra Leone	2090	2066	2083	749	679	617	586	545	210
LBN	SVK	Lebanon	Slovakia	14	36	68	77	86	111	157	171	28
LBN	SVN	Lebanon	Slovenia	4	8	25	20	24	23	26	29	1
LBN	SWE	Lebanon	Sweden	15707	21073	20076	21260	23919	25919	28695	30587	13689
LBN	SXM	Lebanon	Sint Maarten (Dutch part)*	280	280	280	154	308	321	338	353	139
LBN	TUR	Lebanon	Türkiye	1132	1132	1132	1749	2405	3150	9296	24965	11873
LBN	UKR	Lebanon	Ukraine*	2132	2062	2019	1844	1759	1764	1792	1816	97
LBN	USA	Lebanon	United States of America*	88828	77351	110064	106542	123454	131683	139103	150380	70907
LBN	VEN	Lebanon	Venezuela (Bolivarian Republic of)	7601	7179	6718	6927	7215	7486	7056	6732	2666
LBN	VGB	Lebanon	British Virgin Islands*	12	14	16	19	21	24	27	30	6
LBN	ZAF	Lebanon	South Africa	393	372	351	411	515	487	404	406	194
LBR	AUS	Liberia	Australia*	50	81	115	1161	2884	3518	3579	3630	1966
LBR	BGR	Liberia	Bulgaria	1	2	3	4	5	5	6	8	3
LBR	BOL	Liberia	Bolivia (Plurinational State of)	1	1	1	2	2	3	2	2	1
LBR	BRA	Liberia	Brazil	47	225	296	325	294	302	331	46	21
LBR	CHN	Liberia	China	48	56	67	85	99	309	679	794	422
LBR	CIV	Liberia	Côte d'Ivoire	16988	45781	62474	52795	43116	33436	23757	16014	8895
LBR	CMR	Liberia	Cameroon	0	0	0	4281	3407	4255	4956	5501	3114
LBR	DNK	Liberia	Denmark*	54	92	102	128	153	159	164	171	98
LBR	FIN	Liberia	Finland*	4	19	34	71	104	102	114	134	49
LBR	GHA	Liberia	Ghana	9824	14538	13084	50459	24718	30418	34940	39038	18190
LBR	GIN	Liberia	Guinea	342691	449575	138141	102158	29367	2765	2655	2567	1135
LBR	GMB	Liberia	Gambia	153	286	173	948	854	968	1082	1185	559
LBR	GNB	Liberia	Guinea-Bissau	3906	2407	908	878	847	898	634	532	189
LBR	GRC	Liberia	Greece	35	28	21	27	33	30	30	32	12
LBR	HUN	Liberia	Hungary	1	12	23	28	33	33	21	25	2
LBR	ISL	Liberia	Iceland	0	0	0	0	0	1	6	9	3
LBR	ISR	Liberia	Israel	26234	31357	34091	35057	35907	36756	37675	38437	21055
LBR	ITA	Liberia	Italy	89	153	248	878	1720	1942	2181	2038	295
LBR	LTU	Liberia	Lithuania	3	2	2	2	1	6	5	5	3
LBR	LUX	Liberia	Luxembourg	0	0	0	0	0	0	39	45	10
LBR	MLI	Liberia	Mali	586	612	562	2302	910	1119	1312	1473	829
LBR	NGA	Liberia	Nigeria	7823	7931	8358	16611	16968	20541	22009	23602	10728
LBR	NOR	Liberia	Norway*	66	71	70	846	895	922	955	1062	545
LBR	PRT	Liberia	Portugal	8	18	30	29	25	28	30	34	1
LBR	SEN	Liberia	Senegal	0	220	436	663	592	439	448	459	222
LBR	SLE	Liberia	Sierra Leone	130316	8925	10813	79156	22552	10917	9097	8462	3802
LBR	SVK	Liberia	Slovakia	0	0	0	0	0	3	2	2	1
LBR	SVN	Liberia	Slovenia	0	0	0	0	3	4	12	14	5
LBR	SWZ	Liberia	Eswatini	2	5	18	29	40	46	44	45	24
LBR	TGO	Liberia	Togo	81	91	102	114	150	168	168	169	83
LBR	ZAF	Liberia	South Africa	134	211	431	681	453	397	408	384	174
LBY	AUS	Libya	Australia*	1021	1236	1413	1577	2395	2797	2881	2812	1334
LBY	BGR	Libya	Bulgaria	34	67	99	140	179	210	294	404	171
LBY	BOL	Libya	Bolivia (Plurinational State of)	2	4	5	4	3	4	3	3	2
LBY	CAN	Libya	Canada	510	957	1717	2522	5175	8384	8394	10737	5050
LBY	CHL	Libya	Chile	17	22	29	41	62	104	242	266	220
LBY	CRI	Libya	Costa Rica	12	8	8	6	12	11	13	16	6
LBY	CYP	Libya	Cyprus	57	81	104	156	239	219	224	238	99
LBY	DNK	Libya	Denmark*	76	118	167	195	211	257	333	422	181
LBY	DZA	Libya	Algeria	1982	2154	2325	1838	2019	2195	2281	2364	1124
LBY	EGY	Libya	Egypt	4040	3981	3922	3742	3754	5	3285	2564	1390
LBY	EST	Libya	Estonia	0	0	0	0	4	5	9	9	3
LBY	FIN	Libya	Finland*	29	45	61	106	138	192	249	293	94
LBY	GIN	Libya	Guinea	0	0	0	0	0	44	41	40	13
LBY	GRC	Libya	Greece	1123	848	587	621	679	639	652	693	269
LBY	HRV	Libya	Croatia	108	153	133	75	149	150	139	132	64
LBY	HUN	Libya	Hungary	332	275	217	268	320	406	395	466	155
LBY	ISL	Libya	Iceland	0	0	0	1	2	4	7	11	5
LBY	ISR	Libya	Israel	20157	21149	19679	17825	16205	17323	18672	19768	11290
LBY	ITA	Libya	Italy	39187	39245	37888	36482	35188	33769	32689	29343	15123
LBY	JOR	Libya	Jordan	3	373	743	2512	12193	21875	25975	28839	11594
LBY	LIE	Libya	Liechtenstein	0	0	0	0	1	1	0	0	0
LBY	LKA	Libya	Sri Lanka	0	4	9	19	40	40	39	39	14
LBY	LTU	Libya	Lithuania	3	2	2	2	1	5	5	5	0
LBY	LUX	Libya	Luxembourg	0	0	0	0	0	0	80	92	40
LBY	LVA	Libya	Latvia	2	2	3	4	6	3	4	4	2
LBY	MAR	Libya	Morocco	803	737	777	825	896	1155	1268	1376	666
LBY	MLI	Libya	Mali	0	0	0	0	878	1080	1266	1421	533
LBY	MLT	Libya	Malta	435	509	645	755	655	1745	3801	6607	2986
LBY	MRT	Libya	Mauritania	124	132	136	138	97	138	150	161	66
LBY	NAM	Libya	Namibia	52	49	48	37	35	34	35	37	18
LBY	NER	Libya	Niger	100	123	149	153	156	157	200	258	110
LBY	NOR	Libya	Norway*	57	54	70	196	284	539	760	845	334
LBY	PAN	Libya	Panama	11	15	22	25	34	38	45	69	15
LBY	POL	Libya	Poland	258	278	301	282	249	306	401	398	161
LBY	PRT	Libya	Portugal	2	5	10	19	25	28	106	119	52
LBY	SDN	Libya	Sudan	2388	2439	2492	2676	1701	1557	2153	3742	1837
LBY	SRB	Libya	Serbia*	257	247	235	225	210	206	242	220	121
LBY	SSD	Libya	South Sudan	0	0	0	0	162	153	156	162	70
LBY	SVK	Libya	Slovakia	7	18	35	40	45	59	87	95	28
LBY	SVN	Libya	Slovenia	8	16	38	35	46	40	56	63	23
LBY	TCD	Libya	Chad	1096	1191	1286	891	1055	1297	1504	1708	930
LBY	TUN	Libya	Tunisia	1224	1215	1804	1725	7062	9119	9688	10180	4860
LBY	TUR	Libya	Türkiye	3072	3072	3072	4940	6929	12602	25904	29478	13903
LBY	VEN	Libya	Venezuela (Bolivarian Republic of)	124	122	119	124	131	135	126	120	47
LBY	ZAF	Libya	South Africa	128	95	101	139	201	240	249	255	108
LCA	ATG	Saint Lucia	Antigua and Barbuda	392	474	556	596	636	676	706	732	415
LCA	AUS	Saint Lucia	Australia*	11	14	30	38	50	70	70	77	41
LCA	BHS	Saint Lucia	Bahamas	25	41	57	65	72	78	82	87	42
LCA	BRB	Saint Lucia	Barbados	3317	3621	3924	2991	2073	2177	2200	2220	1339
LCA	CAN	Saint Lucia	Canada	1686	2212	2878	3455	5109	6573	6741	7557	4683
LCA	CRI	Saint Lucia	Costa Rica	2	1	1	2	2	1	1	1	1
LCA	CYM	Saint Lucia	Cayman Islands*	2	6	11	10	10	9	10	11	6
LCA	DMA	Saint Lucia	Dominica	102	135	161	198	241	281	286	291	143
LCA	DNK	Saint Lucia	Denmark*	3	1	0	4	8	12	10	11	5
LCA	FIN	Saint Lucia	Finland*	0	1	1	2	3	4	3	4	1
LCA	GLP	Saint Lucia	Guadeloupe*	273	274	274	336	398	381	377	375	214
LCA	GRD	Saint Lucia	Grenada	92	119	147	154	162	163	165	168	91
LCA	GUF	Saint Lucia	French Guiana*	1722	1565	1408	1327	1246	785	882	968	546
LCA	GUY	Saint Lucia	Guyana	286	275	264	226	116	122	128	222	87
LCA	HUN	Saint Lucia	Hungary	0	0	0	0	0	2	2	2	0
LCA	JAM	Saint Lucia	Jamaica	257	305	353	344	335	328	334	339	170
LCA	KNA	Saint Lucia	Saint Kitts and Nevis	46	60	82	93	102	102	104	107	46
LCA	LIE	Saint Lucia	Liechtenstein	0	0	0	0	1	1	0	0	0
LCA	MTQ	Saint Lucia	Martinique*	989	1390	1792	1876	1960	2275	2256	2242	1315
LCA	NOR	Saint Lucia	Norway*	2	3	5	5	13	14	13	14	8
LCA	SVK	Saint Lucia	Slovakia	0	0	0	0	0	1	0	0	0
LCA	SXM	Saint Lucia	Sint Maarten (Dutch part)*	425	425	425	233	467	487	513	536	291
LCA	TTO	Saint Lucia	Trinidad and Tobago	1306	1185	976	1047	850	880	977	1406	619
LCA	VCT	Saint Lucia	Saint Vincent and the Grenadines	208	216	224	230	237	240	241	245	137
LCA	VEN	Saint Lucia	Venezuela (Bolivarian Republic of)	65	40	25	15	10	6	4	4	0
LCA	VGB	Saint Lucia	British Virgin Islands*	274	323	371	425	461	527	597	660	388
LCA	VIR	Saint Lucia	United States Virgin Islands*	2533	2990	3454	3438	3423	3425	3425	3427	1780
LIE	BGR	Liechtenstein	Bulgaria	1	2	2	3	3	2	1	1	1
LIE	BOL	Liechtenstein	Bolivia (Plurinational State of)	2	2	1	1	0	0	0	0	0
LIE	CRI	Liechtenstein	Costa Rica	3	2	3	3	5	4	4	5	1
LIE	DNK	Liechtenstein	Denmark*	0	2	11	15	20	20	26	22	13
LIE	EST	Liechtenstein	Estonia	0	0	0	0	1	1	0	0	0
LIE	GIN	Liechtenstein	Guinea	0	0	0	0	0	4	2	2	1
LIE	GRC	Liechtenstein	Greece	12	9	6	8	10	9	7	7	4
LIE	HUN	Liechtenstein	Hungary	0	3	5	6	7	4	3	4	1
LIE	ISL	Liechtenstein	Iceland	0	0	0	0	0	1	0	0	0
LIE	LUX	Liechtenstein	Luxembourg	0	0	0	0	0	0	8	9	5
LIE	LVA	Liechtenstein	Latvia	0	0	0	0	0	1	0	0	0
LIE	NOR	Liechtenstein	Norway*	3	6	6	4	25	27	20	22	9
LIE	PRT	Liechtenstein	Portugal	1	2	4	99	179	202	230	259	1
LIE	SVK	Liechtenstein	Slovakia	0	0	0	0	0	7	7	8	3
LIE	SVN	Liechtenstein	Slovenia	0	0	14	15	14	11	6	7	2
LKA	ARE	Sri Lanka	United Arab Emirates	44275	42893	43979	48259	75285	94817	99309	112759	55590
LKA	AUS	Sri Lanka	Australia*	42523	51943	58427	70602	96257	119760	140771	156876	74783
LKA	BGR	Sri Lanka	Bulgaria	2	4	5	7	9	12	20	28	8
LKA	BHR	Sri Lanka	Bahrain	5990	5314	4383	5793	8702	9764	10636	11369	4981
LKA	BHS	Sri Lanka	Bahamas	24	16	9	23	36	39	40	42	18
LKA	BOL	Sri Lanka	Bolivia (Plurinational State of)	0	3	5	4	2	3	2	2	0
LKA	BRN	Sri Lanka	Brunei Darussalam	676	916	1156	1182	1208	1234	1343	1439	874
LKA	BTN	Sri Lanka	Bhutan	15	18	21	26	31	33	33	34	15
LKA	BWA	Sri Lanka	Botswana	398	480	613	1028	853	926	988	1043	501
LKA	CAN	Sri Lanka	Canada	21567	42181	78755	103483	130666	134844	135949	140870	73375
LKA	CHE	Sri Lanka	Switzerland	17351	19387	21773	25431	28618	31923	35903	37483	18196
LKA	CHN	Sri Lanka	China	514	603	717	853	993	598	347	378	201
LKA	CRI	Sri Lanka	Costa Rica	1	1	1	2	2	1	1	1	0
LKA	CYP	Sri Lanka	Cyprus	2457	3474	4491	6752	10361	9514	9821	10425	8402
LKA	DNK	Sri Lanka	Denmark*	5475	6917	7757	7631	7713	7863	7956	8218	4178
LKA	EST	Sri Lanka	Estonia	0	0	0	0	9	21	62	63	15
LKA	FIN	Sri Lanka	Finland*	159	232	304	511	649	908	1148	1351	611
LKA	FRA	Sri Lanka	France*	11877	18270	26856	34587	41227	52041	52623	56880	28855
LKA	GBR	Sri Lanka	United Kingdom*	37243	49372	64921	89047	123503	138622	150722	160178	74981
LKA	GHA	Sri Lanka	Ghana	15	15	17	24	17	20	21	23	10
LKA	GIN	Sri Lanka	Guinea	0	0	0	0	0	2	0	0	0
LKA	GRC	Sri Lanka	Greece	1344	1069	811	860	941	886	904	960	573
LKA	HKG	Sri Lanka	China, Hong Kong SAR	524	585	646	705	766	782	815	843	598
LKA	HUN	Sri Lanka	Hungary	47	42	36	44	52	61	74	87	29
LKA	IDN	Sri Lanka	Indonesia	0	0	5	14	344	570	448	396	139
LKA	IND	Sri Lanka	India	457662	287440	253567	243750	267883	248749	248065	253869	132824
LKA	ISL	Sri Lanka	Iceland	83	93	102	134	162	164	190	287	171
LKA	ISR	Sri Lanka	Israel	0	0	0	5	11	0	1082	879	190
LKA	ITA	Sri Lanka	Italy	7691	12864	20697	38991	59873	80948	93623	95118	44463
LKA	JPN	Sri Lanka	Japan	1100	2575	5286	8642	8952	12613	30220	49037	17107
LKA	KHM	Sri Lanka	Cambodia	22	58	93	73	52	47	48	51	12
LKA	KOR	Sri Lanka	Republic of Korea	852	4265	8952	10967	16159	25197	22699	16851	714
LKA	KWT	Sri Lanka	Kuwait	35746	24225	20484	20689	25152	33299	38654	42384	24072
LKA	LBN	Sri Lanka	Lebanon	9528	9528	10546	12000	13453	14907	16360	0	0
LKA	LBY	Sri Lanka	Libya	710	486	270	298	328	366	391	413	154
LKA	LIE	Sri Lanka	Liechtenstein	0	0	0	0	7	8	8	9	3
LKA	LTU	Sri Lanka	Lithuania	22	18	14	13	10	3	61	64	59
LKA	LUX	Sri Lanka	Luxembourg	0	0	0	0	0	0	85	98	45
LKA	LVA	Sri Lanka	Latvia	31	21	12	26	40	28	173	159	44
LKA	MDV	Sri Lanka	Maldives	4289	6212	7720	6929	6850	6772	7383	7912	1101
LKA	MLT	Sri Lanka	Malta	9	11	13	17	14	23	49	85	26
LKA	MUS	Sri Lanka	Mauritius	9	19	42	496	979	1126	1137	1147	841
LKA	MYS	Sri Lanka	Malaysia	2039	2048	2043	2467	5523	5536	3865	3310	1350
LKA	NOR	Sri Lanka	Norway*	4707	6122	7295	8157	8714	9187	9531	10598	5176
LKA	NPL	Sri Lanka	Nepal	78	98	87	77	42	46	42	41	23
LKA	NRU	Sri Lanka	Nauru	0	0	0	0	216	39	134	155	36
LKA	NZL	Sri Lanka	New Zealand*	2338	3820	5878	7109	8728	11883	16729	20823	9774
LKA	OMN	Sri Lanka	Oman	7062	7221	7384	8156	10770	24506	23677	30611	14140
LKA	PAK	Sri Lanka	Pakistan	889	413	569	384	663	578	539	539	256
LKA	PNG	Sri Lanka	Papua New Guinea	118	120	89	93	78	79	78	78	13
LKA	PRK	Sri Lanka	Dem. People's Republic of Korea	120	126	132	136	139	153	154	157	105
LKA	PRT	Sri Lanka	Portugal	3	7	12	19	23	26	86	97	31
LKA	QAT	Sri Lanka	Qatar	648	879	1197	12174	32316	67780	151019	161747	53511
LKA	SAU	Sri Lanka	Saudi Arabia	109430	102959	111628	124638	105338	89042	85194	83297	33880
LKA	SVK	Sri Lanka	Slovakia	0	1	3	3	3	15	24	26	13
LKA	SVN	Sri Lanka	Slovenia	0	0	7	6	10	17	19	22	12
LKA	SWE	Sri Lanka	Sweden	5256	5583	5826	6193	6689	6990	7537	9514	5244
LKA	SYC	Sri Lanka	Seychelles	316	391	467	500	534	598	609	619	176
LKA	ZAF	Sri Lanka	South Africa	241	313	417	497	511	476	376	358	142
LSO	AUS	Lesotho	Australia*	46	59	67	92	112	150	150	157	82
LSO	BOL	Lesotho	Bolivia (Plurinational State of)	6	4	1	1	0	0	0	0	0
LSO	BWA	Lesotho	Botswana	505	816	1212	1827	241	261	277	292	206
LSO	DNK	Lesotho	Denmark*	34	36	38	41	41	46	49	48	31
LSO	GIN	Lesotho	Guinea	0	0	0	0	0	32	29	28	8
LSO	GRC	Lesotho	Greece	3	2	2	1	0	0	0	0	0
LSO	HUN	Lesotho	Hungary	0	2	4	5	6	3	1	1	0
LSO	MOZ	Lesotho	Mozambique	2875	3955	4601	6319	7201	7465	7842	8173	4604
LSO	NAM	Lesotho	Namibia	186	177	166	131	126	123	131	139	70
LSO	NOR	Lesotho	Norway*	2	3	3	5	9	14	9	10	7
LSO	SVK	Lesotho	Slovakia	0	0	0	0	0	4	3	3	3
LSO	SWZ	Lesotho	Eswatini	293	111	131	167	198	221	223	226	202
LSO	TZA	Lesotho	United Republic of Tanzania	79	106	113	134	140	149	132	143	72
LSO	ZAF	Lesotho	South Africa	126222	116921	114876	130208	153913	183120	215957	237718	137525
LTU	ARG	Lithuania	Argentina	337	327	319	338	370	382	394	403	230
LTU	AUS	Lithuania	Australia*	5750	4916	3828	3296	3090	3374	3339	3094	1991
LTU	BEL	Lithuania	Belgium	51	84	135	391	1068	1814	2650	3341	2135
LTU	BGR	Lithuania	Bulgaria	9	30	50	75	98	118	158	217	156
LTU	BLR	Lithuania	Belarus	18380	18210	18039	17326	16612	17385	17130	16930	12458
LTU	BOL	Lithuania	Bolivia (Plurinational State of)	0	3	6	7	8	10	9	10	8
LTU	BRA	Lithuania	Brazil	5	766	625	680	621	664	705	733	331
LTU	CAN	Lithuania	Canada	1680	3274	6186	6463	5658	5353	4993	4551	2579
LTU	CHL	Lithuania	Chile	34	43	57	83	124	208	483	532	439
LTU	CRI	Lithuania	Costa Rica	8	6	7	6	10	9	11	13	5
LTU	CYP	Lithuania	Cyprus	23	33	42	64	98	89	91	97	78
LTU	DNK	Lithuania	Denmark*	4	207	1072	2181	5692	10158	13211	13942	6764
LTU	EST	Lithuania	Estonia	3195	2639	2083	2052	2004	2028	2169	2210	1221
LTU	FIN	Lithuania	Finland*	0	68	135	388	504	968	1366	1608	835
LTU	FRO	Lithuania	Faroe Islands*	0	0	0	11	14	13	30	36	7
LTU	GBR	Lithuania	United Kingdom*	0	0	390	7666	80308	135776	176332	206668	104003
LTU	GEO	Lithuania	Georgia	3623	410	205	194	195	204	210	216	165
LTU	GRC	Lithuania	Greece	293	228	167	362	577	543	554	589	488
LTU	HRV	Lithuania	Croatia	0	9	17	22	26	26	23	22	18
LTU	HUN	Lithuania	Hungary	42	71	99	122	145	181	264	311	197
LTU	IRL	Lithuania	Ireland	485	725	2017	17230	33447	33565	33974	34584	18765
LTU	ISL	Lithuania	Iceland	0	16	32	753	1444	1499	3171	4789	1786
LTU	ISR	Lithuania	Israel	12741	14913	9298	5356	2454	2561	2761	2896	1796
LTU	ITA	Lithuania	Italy	190	317	512	2096	4267	5500	6077	6214	4822
LTU	KAZ	Lithuania	Kazakhstan	9394	7373	5786	4541	3564	2797	2197	1391	740
LTU	KGZ	Lithuania	Kyrgyzstan	6622	5736	4686	3875	3008	2649	2578	2524	1484
LTU	LIE	Lithuania	Liechtenstein	0	0	0	0	1	4	3	3	3
LTU	LUX	Lithuania	Luxembourg	13	12	12	201	393	599	888	1026	679
LTU	LVA	Lithuania	Latvia	17512	22699	27884	24365	20226	16668	14209	13084	8084
LTU	MDA	Lithuania	Republic of Moldova*	954	709	527	403	354	311	265	256	179
LTU	MLT	Lithuania	Malta	3	4	10	18	36	61	131	228	139
LTU	NOR	Lithuania	Norway*	8	75	274	1313	9784	35565	39856	44319	18844
LTU	PAN	Lithuania	Panama	15	20	28	30	40	46	54	82	15
LTU	POL	Lithuania	Poland	153456	116110	87851	70221	57527	41340	29081	21305	13997
LTU	PRT	Lithuania	Portugal	38	82	131	247	322	364	416	468	303
LTU	RUS	Lithuania	Russian Federation	82889	85879	85756	78560	69247	50820	36765	25430	13484
LTU	SVK	Lithuania	Slovakia	9	42	87	98	110	142	199	216	132
LTU	SVN	Lithuania	Slovenia	2	3	2	7	33	33	46	52	45
LTU	SWE	Lithuania	Sweden	244	394	732	2018	6152	10914	15767	19476	8433
LTU	UKR	Lithuania	Ukraine*	25282	26437	27916	25507	24337	24418	24825	25157	12540
LTU	VEN	Lithuania	Venezuela (Bolivarian Republic of)	130	128	126	132	140	147	136	130	71
LTU	ZAF	Lithuania	South Africa	250	227	206	180	156	135	117	115	64
LUX	AUS	Luxembourg	Australia*	103	123	150	174	212	252	308	322	168
LUX	BEL	Luxembourg	Belgium	9624	10003	10397	11074	12431	13431	14609	16076	8316
LUX	BGR	Luxembourg	Bulgaria	2	3	4	6	8	64	109	150	73
LUX	BOL	Luxembourg	Bolivia (Plurinational State of)	2	5	8	7	5	7	6	7	1
LUX	CPV	Luxembourg	Cabo Verde	5	8	10	7	4	4	3	3	2
LUX	CRI	Luxembourg	Costa Rica	9	8	11	8	16	15	18	22	16
LUX	CYP	Luxembourg	Cyprus	3	4	5	7	10	9	8	8	6
LUX	DNK	Luxembourg	Denmark*	68	129	231	318	430	517	632	739	374
LUX	EST	Luxembourg	Estonia	0	0	0	0	14	11	28	29	7
LUX	FIN	Luxembourg	Finland*	19	23	27	53	70	92	105	124	60
LUX	FRA	Luxembourg	France*	10193	10053	10381	12099	13413	16173	16121	32587	16726
LUX	GRC	Luxembourg	Greece	146	121	98	120	147	137	139	148	78
LUX	HRV	Luxembourg	Croatia	0	7	13	22	31	31	27	26	16
LUX	HUN	Luxembourg	Hungary	4	49	94	116	138	167	285	336	155
LUX	ISL	Luxembourg	Iceland	53	64	75	94	110	142	180	272	138
LUX	ITA	Luxembourg	Italy	4553	4710	4702	4700	4685	4605	4569	4337	2376
LUX	LIE	Luxembourg	Liechtenstein	8	7	6	5	5	3	2	2	2
LUX	LTU	Luxembourg	Lithuania	15	11	9	8	6	18	24	25	6
LUX	LVA	Luxembourg	Latvia	1	1	1	7	13	7	10	9	4
LUX	MNE	Luxembourg	Montenegro	97	97	97	97	96	100	99	98	59
LUX	NAM	Luxembourg	Namibia	64	61	58	45	43	42	44	47	26
LUX	NOR	Luxembourg	Norway*	58	67	89	105	123	140	149	166	62
LUX	POL	Luxembourg	Poland	60	81	110	150	205	264	338	388	178
LUX	PRT	Luxembourg	Portugal	1485	2341	3293	3683	3463	3926	4502	5065	2592
LUX	SRB	Luxembourg	Serbia*	1110	1066	1014	971	907	846	791	731	410
LUX	SVK	Luxembourg	Slovakia	14	20	32	36	40	57	90	98	52
LUX	SVN	Luxembourg	Slovenia	29	25	28	29	50	39	39	44	19
LVA	AUS	Latvia	Australia*	11447	9579	7357	6300	5582	4992	3990	3247	2062
LVA	BEL	Latvia	Belgium	44	71	113	318	741	1440	1957	2466	1523
LVA	BGR	Latvia	Bulgaria	10	34	58	87	115	148	218	300	228
LVA	BLR	Latvia	Belarus	11085	10983	10880	10450	10019	10486	10332	10211	7204
LVA	BOL	Latvia	Bolivia (Plurinational State of)	0	1	1	1	0	0	0	0	0
LVA	CAN	Latvia	Canada	1705	3502	6902	7145	6651	6262	5244	4608	2536
LVA	CHL	Latvia	Chile	44	56	75	108	162	273	630	695	573
LVA	CRI	Latvia	Costa Rica	1	1	1	2	2	1	1	1	1
LVA	CYP	Latvia	Cyprus	41	58	75	112	171	157	161	171	122
LVA	DNK	Latvia	Denmark*	7	204	736	1103	2935	4649	5214	5985	3172
LVA	EST	Latvia	Estonia	6102	5196	4289	4292	4259	4703	6029	6143	2972
LVA	FIN	Latvia	Finland*	247	117	234	662	879	1582	2436	2868	1411
LVA	GEO	Latvia	Georgia	1382	398	199	189	190	199	205	211	138
LVA	GIN	Latvia	Guinea	0	0	0	0	0	23	20	19	8
LVA	GRC	Latvia	Greece	75	65	56	208	373	351	357	379	298
LVA	HRV	Latvia	Croatia	0	11	21	24	27	27	23	22	21
LVA	HUN	Latvia	Hungary	21	59	96	119	142	165	194	229	146
LVA	IRL	Latvia	Ireland	575	860	2393	11143	19183	19130	19924	20840	11870
LVA	ISL	Latvia	Iceland	0	10	19	339	645	735	1922	2902	955
LVA	ISR	Latvia	Israel	8780	10408	7410	4972	3064	3231	3488	3668	2110
LVA	ITA	Latvia	Italy	191	318	514	1336	2384	3123	3529	3700	2950
LVA	KAZ	Latvia	Kazakhstan	4921	3886	3069	2424	1915	1512	1195	777	414
LVA	KGZ	Latvia	Kyrgyzstan	2526	2122	1658	1351	1024	902	877	859	501
LVA	LIE	Latvia	Liechtenstein	0	0	0	0	7	6	7	7	6
LVA	LTU	Latvia	Lithuania	11157	10638	8333	8048	6670	5630	5722	6029	3297
LVA	LUX	Latvia	Luxembourg	8	7	7	162	320	488	657	759	527
LVA	MDA	Latvia	Republic of Moldova*	945	698	520	378	248	144	36	96	59
LVA	MLT	Latvia	Malta	4	5	13	22	63	106	229	398	174
LVA	NOR	Latvia	Norway*	15	130	326	691	2731	9541	10589	11774	5078
LVA	POL	Latvia	Poland	2875	2585	2324	2060	1814	1653	1516	1286	800
LVA	PRT	Latvia	Portugal	20	44	70	137	182	206	234	263	199
LVA	RUS	Latvia	Russian Federation	95730	100686	101991	95839	86572	66994	50955	38075	20258
LVA	SVK	Latvia	Slovakia	5	40	88	99	111	144	199	216	128
LVA	SVN	Latvia	Slovenia	3	6	8	5	22	38	64	73	53
LVA	SWE	Latvia	Sweden	1412	1945	2268	2651	4410	6771	8708	11474	5450
LVA	UKR	Latvia	Ukraine*	20185	21108	22289	20366	19432	19497	19821	20086	10012
LVA	VEN	Latvia	Venezuela (Bolivarian Republic of)	124	122	121	125	133	140	131	125	64
LVA	ZAF	Latvia	South Africa	265	229	194	146	104	74	54	52	30
MAC	AUS	China, Macao SAR	Australia*	1753	1912	2042	2090	2558	2781	2961	3081	1727
MAC	CAN	China, Macao SAR	Canada	3946	5022	6456	6065	5713	5938	5425	5036	2835
MAC	CHL	China, Macao SAR	Chile	30	37	49	71	106	179	416	458	378
MAC	CHN	China, Macao SAR	China	9713	11662	13895	16551	20066	32934	52065	59238	30006
MAC	CRI	China, Macao SAR	Costa Rica	2	1	1	2	2	1	1	1	0
MAC	DNK	China, Macao SAR	Denmark*	5	0	0	0	0	0	0	0	0
MAC	HKG	China, Macao SAR	China, Hong Kong SAR	57222	58769	60316	64994	69830	71366	74414	76947	45311
MAC	NOR	China, Macao SAR	Norway*	17	22	28	61	61	88	101	112	40
MAC	PRT	China, Macao SAR	Portugal	842	1816	2865	2521	1760	1995	2285	2571	1440
MAC	TWN	China, Macao SAR	China, Taiwan Province of China	431	546	664	814	954	1117	1461	1803	1037
MAR	AND	Morocco	Andorra	296	383	471	549	556	470	505	536	245
MAR	ARE	Morocco	United Arab Emirates	1942	2457	3092	3526	5588	7038	7370	8368	3102
MAR	ARG	Morocco	Argentina	211	204	199	211	231	239	246	252	144
MAR	AUS	Morocco	Australia*	1029	1182	1368	1562	1805	2163	2603	2775	1367
MAR	BEL	Morocco	Belgium	85421	97337	110789	144604	184067	209668	227813	246575	123906
MAR	BGR	Morocco	Bulgaria	19	30	41	57	70	93	156	215	92
MAR	BHR	Morocco	Bahrain	263	293	307	421	646	724	788	843	262
MAR	BOL	Morocco	Bolivia (Plurinational State of)	6	6	5	13	21	25	26	29	16
MAR	BRA	Morocco	Brazil	5	615	507	551	504	607	1287	1689	456
MAR	CAN	Morocco	Canada	16031	19655	23796	37224	55285	70358	80114	94694	46814
MAR	CHE	Morocco	Switzerland	9168	10250	11533	13618	15361	17312	19664	21949	12247
MAR	CHL	Morocco	Chile	51	69	86	107	126	166	191	210	173
MAR	CHN	Morocco	China	105	126	150	178	217	447	889	1026	545
MAR	CRI	Morocco	Costa Rica	17	8	3	3	5	4	4	5	4
MAR	CYP	Morocco	Cyprus	16	23	29	44	65	59	60	64	30
MAR	DEU	Morocco	Germany	51179	77959	88300	90887	92469	107252	126665	156555	69242
MAR	DNK	Morocco	Denmark*	3173	3896	4771	4992	5208	5485	5874	6166	3209
MAR	DOM	Morocco	Dominican Republic	21	24	26	29	33	33	34	37	9
MAR	EGY	Morocco	Egypt	421	541	696	867	993	6	1124	979	864
MAR	ESP	Morocco	Spain*	99697	166579	274151	547494	766047	736479	914262	1088408	455890
MAR	EST	Morocco	Estonia	0	0	0	0	15	25	37	38	5
MAR	FIN	Morocco	Finland*	412	642	871	1292	1589	1952	2528	2976	951
MAR	FRA	Morocco	France*	648162	685147	738219	841287	890602	961153	1027490	1066129	551085
MAR	GAB	Morocco	Gabon	221	295	369	402	467	653	717	774	326
MAR	GIB	Morocco	Gibraltar*	2021	1564	1107	1020	933	996	1006	1015	376
MAR	GIN	Morocco	Guinea	0	0	0	0	0	333	318	307	117
MAR	GRC	Morocco	Greece	762	772	795	1458	2198	2070	2114	2246	611
MAR	HRV	Morocco	Croatia	0	0	0	15	29	29	25	24	15
MAR	HUN	Morocco	Hungary	38	83	128	158	188	203	441	520	176
MAR	IRQ	Morocco	Iraq	451	532	504	587	600	586	591	599	222
MAR	ISL	Morocco	Iceland	21	53	84	120	152	166	262	396	137
MAR	ISR	Morocco	Israel	162713	173282	169462	162027	155632	166846	179842	190607	100742
MAR	ITA	Morocco	Italy	59902	92931	138432	232975	346197	399627	450791	472734	216534
MAR	KWT	Morocco	Kuwait	1567	1295	1443	1598	2084	2546	2955	3240	1293
MAR	LBY	Morocco	Libya	1505	2534	3605	3974	4361	4883	5229	5527	2665
MAR	LIE	Morocco	Liechtenstein	0	0	0	0	11	15	15	16	11
MAR	LTU	Morocco	Lithuania	5	4	3	3	1	3	14	15	5
MAR	LUX	Morocco	Luxembourg	125	169	216	186	160	244	2499	2887	1450
MAR	LVA	Morocco	Latvia	3	4	5	8	11	12	24	22	4
MAR	MEX	Morocco	Mexico	104	128	158	192	235	309	410	515	149
MAR	MLI	Morocco	Mali	0	0	0	0	632	777	910	1021	606
MAR	MLT	Morocco	Malta	83	98	124	147	182	309	671	1166	737
MAR	MRT	Morocco	Mauritania	306	326	337	340	238	342	373	401	161
MAR	NCL	Morocco	New Caledonia*	479	555	631	672	714	548	581	610	296
MAR	NLD	Morocco	Netherlands*	128222	140272	154195	168600	167568	168524	172458	176423	88257
MAR	NOR	Morocco	Norway*	2393	3044	3719	4309	4874	5522	6199	6893	3207
MAR	PAN	Morocco	Panama	24	33	46	52	68	79	94	143	43
MAR	POL	Morocco	Poland	70	96	132	217	388	446	479	555	94
MAR	PRT	Morocco	Portugal	395	853	1346	1680	1736	1968	2256	2538	832
MAR	QAT	Morocco	Qatar	904	1201	1606	971	1384	1780	1433	1535	385
MAR	SEN	Morocco	Senegal	3405	3560	3219	3463	3873	4134	4268	4376	2216
MAR	SVK	Morocco	Slovakia	3	15	33	38	42	55	73	79	15
MAR	SVN	Morocco	Slovenia	3	5	9	11	18	22	36	41	14
MAR	SWE	Morocco	Sweden	2956	3735	4411	5441	7215	9256	11726	13437	7072
MAR	TUN	Morocco	Tunisia	7275	7220	6607	6315	4480	5785	6146	6458	3086
MAR	TUR	Morocco	Türkiye	470	470	470	1339	2264	3629	15343	27080	21200
MAR	UKR	Morocco	Ukraine*	2100	2031	1988	1816	1732	1737	1765	1789	501
MAR	VEN	Morocco	Venezuela (Bolivarian Republic of)	1551	1297	1075	1035	1006	1008	949	905	432
MAR	ZAF	Morocco	South Africa	135	241	355	460	571	533	427	417	171
MCO	AUS	Monaco	Australia*	10	14	32	50	68	82	88	91	51
MCO	BGR	Monaco	Bulgaria	1	2	2	3	4	8	12	17	8
MCO	BOL	Monaco	Bolivia (Plurinational State of)	2	1	0	0	0	0	0	0	0
MCO	CRI	Monaco	Costa Rica	1	1	1	2	2	1	1	1	0
MCO	DNK	Monaco	Denmark*	5	8	7	13	14	16	19	25	7
MCO	EST	Monaco	Estonia	0	0	0	0	1	0	0	0	0
MCO	FIN	Monaco	Finland*	1	2	2	3	3	7	9	11	5
MCO	FRA	Monaco	France*	13823	13836	14407	17510	23895	26366	31746	34658	17735
MCO	GRC	Monaco	Greece	11	16	22	34	47	44	43	46	21
MCO	HUN	Monaco	Hungary	0	2	4	5	5	5	7	8	4
MCO	ISL	Monaco	Iceland	0	1	1	1	1	1	0	0	0
MCO	ITA	Monaco	Italy	1501	1619	1683	1765	1849	1807	1526	1438	743
MCO	LBY	Monaco	Libya	176	187	202	224	246	276	293	310	96
MCO	LIE	Monaco	Liechtenstein	0	0	0	0	0	1	0	0	0
MCO	LTU	Monaco	Lithuania	0	0	0	0	0	2	0	0	0
MCO	LUX	Monaco	Luxembourg	0	0	0	0	0	0	50	58	18
MCO	LVA	Monaco	Latvia	0	0	0	0	0	1	0	0	0
MCO	NOR	Monaco	Norway*	3	3	4	6	13	14	13	14	8
MCO	SVK	Monaco	Slovakia	0	0	0	0	0	5	5	5	2
MDA	AUS	Republic of Moldova*	Australia*	285	387	576	816	1000	1153	1360	1471	858
MDA	AUT	Republic of Moldova*	Austria	98	173	302	1416	1604	2302	3920	5626	3426
MDA	AZE	Republic of Moldova*	Azerbaijan	518	452	387	322	252	183	130	111	94
MDA	BEL	Republic of Moldova*	Belgium	9	14	22	71	282	885	3193	6913	3376
MDA	BGR	Republic of Moldova*	Bulgaria	582	821	1059	1398	1716	2070	3144	4324	2630
MDA	BLR	Republic of Moldova*	Belarus	8826	8361	7895	7786	7676	7608	7496	7408	3425
MDA	BOL	Republic of Moldova*	Bolivia (Plurinational State of)	0	1	2	5	7	9	8	9	2
MDA	CAN	Republic of Moldova*	Canada	8253	4817	2528	4806	11233	17263	19733	22355	11618
MDA	CRI	Republic of Moldova*	Costa Rica	3	2	3	3	5	4	4	5	1
MDA	CYP	Republic of Moldova*	Cyprus	234	331	428	643	986	905	933	990	802
MDA	CZE	Republic of Moldova*	Czechia	0	0	302	2159	7951	9450	9545	9622	4366
MDA	DNK	Republic of Moldova*	Denmark*	0	10	77	172	301	524	1264	2447	1197
MDA	DOM	Republic of Moldova*	Dominican Republic	6	7	7	9	12	11	11	12	7
MDA	ESP	Republic of Moldova*	Spain*	0	580	1671	9819	17137	17014	21630	25841	13863
MDA	EST	Republic of Moldova*	Estonia	1543	1207	870	881	884	905	1125	1146	453
MDA	FIN	Republic of Moldova*	Finland*	0	7	13	54	80	157	345	406	197
MDA	FRA	Republic of Moldova*	France*	237	385	971	4161	8004	17693	33951	54287	26976
MDA	GEO	Republic of Moldova*	Georgia	4413	3659	466	442	446	468	483	496	402
MDA	GIN	Republic of Moldova*	Guinea	0	0	0	0	0	3	1	1	0
MDA	GRC	Republic of Moldova*	Greece	9177	7674	6297	8283	10641	10027	10248	10886	7451
MDA	HRV	Republic of Moldova*	Croatia	81	116	100	57	113	114	105	100	90
MDA	HUN	Republic of Moldova*	Hungary	56	103	150	184	220	208	594	701	243
MDA	IRL	Republic of Moldova*	Ireland	219	328	910	2020	3214	5808	12433	19842	9141
MDA	ISL	Republic of Moldova*	Iceland	0	1	1	7	13	21	113	171	83
MDA	ISR	Republic of Moldova*	Israel	26533	31368	21677	14063	8204	8619	9870	10053	5551
MDA	ITA	Republic of Moldova*	Italy	2207	3687	5965	56357	123348	158746	200676	218594	145668
MDA	KAZ	Republic of Moldova*	Kazakhstan	22509	11386	6919	6917	6914	6911	6909	6912	4884
MDA	KGZ	Republic of Moldova*	Kyrgyzstan	8066	6653	5058	4070	3020	2660	2588	2533	1406
MDA	LIE	Republic of Moldova*	Liechtenstein	0	0	0	0	4	6	7	7	5
MDA	LTU	Republic of Moldova*	Lithuania	1763	1081	846	834	710	563	936	986	228
MDA	LUX	Republic of Moldova*	Luxembourg	0	0	0	0	0	0	588	679	410
MDA	LVA	Republic of Moldova*	Latvia	1629	2027	2426	2261	2039	1705	1707	1572	777
MDA	MLT	Republic of Moldova*	Malta	6	8	20	33	28	47	99	172	123
MDA	NOR	Republic of Moldova*	Norway*	3	4	23	168	302	773	1228	1365	730
MDA	POL	Republic of Moldova*	Poland	146	204	285	417	625	835	1096	1312	659
MDA	PRT	Republic of Moldova*	Portugal	887	1915	3022	11135	17400	19726	22630	25458	10637
MDA	ROU	Republic of Moldova*	Romania	59189	50041	41905	38717	37617	47430	65456	80610	41581
MDA	RUS	Republic of Moldova*	Russian Federation	292807	289707	276101	285390	284108	239444	198728	166187	77791
MDA	SRB	Republic of Moldova*	Serbia*	158	152	144	139	129	121	113	103	58
MDA	SVK	Republic of Moldova*	Slovakia	8	35	73	82	92	125	183	199	78
MDA	SVN	Republic of Moldova*	Slovenia	17	36	41	142	287	338	394	447	283
MDA	TJK	Republic of Moldova*	Tajikistan	2071	1389	833	803	801	787	788	790	504
MDA	TUR	Republic of Moldova*	Türkiye	2333	2333	2333	5416	8701	12568	14639	16824	14418
MDA	UKR	Republic of Moldova*	Ukraine*	180029	174541	171185	156418	149246	149745	152249	154284	83343
MDG	AUS	Madagascar	Australia*	114	137	180	222	263	295	353	348	216
MDG	BEL	Madagascar	Belgium	495	748	1134	1437	1832	2102	2417	2773	1996
MDG	BGR	Madagascar	Bulgaria	0	1	1	2	2	2	1	1	0
MDG	BOL	Madagascar	Bolivia (Plurinational State of)	2	4	5	5	4	6	5	6	2
MDG	BWA	Madagascar	Botswana	100	161	238	359	484	525	560	591	247
MDG	CHN	Madagascar	China	109	131	155	185	224	379	618	705	374
MDG	COM	Madagascar	Comoros	10810	10701	10595	10142	9689	9651	9605	9569	5067
MDG	CRI	Madagascar	Costa Rica	2	2	2	2	4	3	3	4	4
MDG	CYP	Madagascar	Cyprus	2	3	4	6	8	7	6	6	1
MDG	DNK	Madagascar	Denmark*	15	12	21	32	52	61	80	95	55
MDG	EST	Madagascar	Estonia	0	0	0	0	1	1	1	1	0
MDG	FIN	Madagascar	Finland*	0	2	3	8	9	14	19	22	14
MDG	FRA	Madagascar	France*	64444	75139	88703	107695	116848	133839	150882	162751	98728
MDG	GIN	Madagascar	Guinea	0	0	0	0	0	10	8	8	3
MDG	GRC	Madagascar	Greece	63	101	140	137	138	129	130	138	80
MDG	HUN	Madagascar	Hungary	8	15	22	27	32	32	44	52	24
MDG	ISL	Madagascar	Iceland	0	1	1	2	2	2	2	3	0
MDG	ITA	Madagascar	Italy	663	873	1116	1414	1827	2249	2722	2903	2102
MDG	LIE	Madagascar	Liechtenstein	0	0	0	0	0	2	1	1	0
MDG	LTU	Madagascar	Lithuania	2	1	1	1	1	2	6	6	5
MDG	LUX	Madagascar	Luxembourg	0	0	0	0	0	0	195	225	146
MDG	LVA	Madagascar	Latvia	1	1	1	0	0	0	0	0	0
MDG	MUS	Madagascar	Mauritius	56	242	563	1236	1979	2277	2301	2321	1049
MDG	MYT	Madagascar	Mayotte	1086	2061	3669	4755	5230	5850	8017	10316	5542
MDG	NOR	Madagascar	Norway*	337	365	371	419	444	471	492	547	296
MDG	PRT	Madagascar	Portugal	10	22	35	31	23	26	28	31	13
MDG	REU	Madagascar	Réunion	3339	7218	11431	14218	16210	16763	17363	17859	9443
MDG	SVK	Madagascar	Slovakia	0	1	2	2	4	18	18	20	10
MDG	SVN	Madagascar	Slovenia	0	0	1	1	8	15	22	25	19
MDG	SYC	Madagascar	Seychelles	34	279	525	620	716	801	816	829	159
MDG	ZAF	Madagascar	South Africa	478	339	240	230	245	271	282	299	130
MDV	AUS	Maldives	Australia*	128	180	165	280	423	599	636	712	379
MDV	BGR	Maldives	Bulgaria	1	1	1	2	2	1	0	0	0
MDV	CRI	Maldives	Costa Rica	1	1	1	2	2	1	1	1	1
MDV	DNK	Maldives	Denmark*	0	1	3	7	8	7	9	14	12
MDV	FIN	Maldives	Finland*	1	1	1	1	2	2	0	0	0
MDV	GRC	Maldives	Greece	8	6	4	4	3	2	0	0	0
MDV	IND	Maldives	India	1527	708	277	387	670	645	602	574	372
MDV	LIE	Maldives	Liechtenstein	0	0	0	0	2	2	1	1	0
MDV	LKA	Maldives	Sri Lanka	17	193	370	731	1474	1390	1408	1424	858
MDV	LTU	Maldives	Lithuania	0	0	0	0	0	0	1	1	0
MDV	NOR	Maldives	Norway*	0	0	1	1	4	5	4	4	1
MDV	SVK	Maldives	Slovakia	0	0	0	0	0	1	1	1	0
MDV	SVN	Maldives	Slovenia	0	0	0	0	0	1	3	3	0
MDV	SYC	Maldives	Seychelles	2	1	1	17	34	38	37	38	12
MEX	ARG	Mexico	Argentina	6409	6319	6229	6138	6048	5957	5876	5941	3384
MEX	ATG	Mexico	Antigua and Barbuda	3	4	4	5	5	5	4	4	1
MEX	AUS	Mexico	Australia*	632	961	1268	1838	3388	5410	7647	9381	4937
MEX	BEL	Mexico	Belgium	621	822	1088	1439	1929	2420	3271	3940	2381
MEX	BGR	Mexico	Bulgaria	2	7	12	18	23	54	97	133	66
MEX	BHS	Mexico	Bahamas	21	51	82	103	124	134	143	151	54
MEX	BLZ	Mexico	Belize	3025	2782	2539	2764	2988	3523	3997	4426	2087
MEX	BOL	Mexico	Bolivia (Plurinational State of)	8125	8770	9323	8760	8179	9524	10606	11841	6062
MEX	BRA	Mexico	Brazil	1007	1109	1246	1826	2581	3383	4045	3278	1603
MEX	CAN	Mexico	Canada	18064	25058	34296	48143	79532	94003	91284	103620	54002
MEX	CHL	Mexico	Chile	544	953	1456	2205	3158	5010	8816	7285	3887
MEX	CHN	Mexico	China	610	726	864	1028	1229	1360	1452	1590	845
MEX	COL	Mexico	Colombia	1173	1564	1886	2281	3109	4265	5545	6422	2800
MEX	CPV	Mexico	Cabo Verde	4	5	6	5	3	3	2	2	0
MEX	CRI	Mexico	Costa Rica	2081	1778	2365	1550	3056	3100	3720	4489	2306
MEX	CUB	Mexico	Cuba	889	674	440	331	237	161	106	75	42
MEX	CUW	Mexico	Curaçao*	14	14	14	14	13	13	15	21	13
MEX	CYM	Mexico	Cayman Islands*	12	24	42	38	38	40	43	47	23
MEX	CYP	Mexico	Cyprus	16	23	29	44	65	59	60	64	42
MEX	DNK	Mexico	Denmark*	255	325	460	640	923	1216	1655	2302	1218
MEX	DOM	Mexico	Dominican Republic	1737	1930	2122	1775	1426	1497	1563	1686	807
MEX	ECU	Mexico	Ecuador	407	629	864	1083	1338	1503	1686	1797	922
MEX	ESP	Mexico	Spain*	11272	14883	19450	34831	45408	47393	60276	77724	45783
MEX	EST	Mexico	Estonia	0	0	0	0	28	65	132	134	52
MEX	FIN	Mexico	Finland*	67	98	129	334	471	719	995	1171	511
MEX	GRC	Mexico	Greece	379	366	360	383	420	395	402	427	328
MEX	GTM	Mexico	Guatemala	5402	8236	11070	13160	15250	16720	18872	20758	8540
MEX	HND	Mexico	Honduras	795	980	1164	1140	1116	1567	1602	1631	820
MEX	HRV	Mexico	Croatia	0	8	15	27	39	39	36	34	20
MEX	HTI	Mexico	Haiti	306	290	275	261	274	287	299	310	175
MEX	HUN	Mexico	Hungary	20	154	288	355	424	420	708	835	375
MEX	ISL	Mexico	Iceland	10	24	38	54	68	92	159	240	130
MEX	ISR	Mexico	Israel	1243	1545	1879	2227	2607	2819	3047	3237	1576
MEX	ITA	Mexico	Italy	2378	3143	4024	5164	6678	8163	10352	11351	7720
MEX	JPN	Mexico	Japan	741	1185	1690	1790	1954	3191	4148	3503	1417
MEX	LCA	Mexico	Saint Lucia	4	5	8	14	19	18	16	16	14
MEX	LIE	Mexico	Liechtenstein	0	0	0	10	21	24	32	34	23
MEX	LTU	Mexico	Lithuania	17	13	10	10	7	16	33	35	0
MEX	LUX	Mexico	Luxembourg	27	25	24	20	18	27	424	490	283
MEX	LVA	Mexico	Latvia	6	9	12	28	45	13	26	24	6
MEX	NIC	Mexico	Nicaragua	925	734	725	735	785	846	885	918	504
MEX	NOR	Mexico	Norway*	208	262	380	516	834	1224	1530	1701	964
MEX	PAN	Mexico	Panama	1393	1810	2341	2935	4127	4832	5801	8850	3878
MEX	PER	Mexico	Peru	591	794	984	1221	1671	2487	3423	4077	1992
MEX	POL	Mexico	Poland	43	64	96	159	279	377	491	557	234
MEX	PRI	Mexico	Puerto Rico*	1907	2302	2703	3118	3142	2647	1831	1655	886
MEX	PRT	Mexico	Portugal	62	134	212	243	234	264	301	339	189
MEX	PRY	Mexico	Paraguay	3059	2440	1813	1727	1645	1605	1738	1854	919
MEX	SLV	Mexico	El Salvador	2457	1948	1438	1541	1644	1714	1742	1765	955
MEX	SVK	Mexico	Slovakia	3	24	53	60	67	93	158	172	58
MEX	SVN	Mexico	Slovenia	5	10	12	17	38	69	94	107	58
MEX	URY	Mexico	Uruguay	719	657	602	557	516	532	635	819	445
MEX	USA	Mexico	United States of America*	4506017	7065241	9245920	11171400	11895927	11938908	11177052	11279561	5496877
MEX	VEN	Mexico	Venezuela (Bolivarian Republic of)	2886	3012	3115	3344	3627	3831	3610	3444	1963
MEX	ZAF	Mexico	South Africa	281	715	198	127	153	189	234	261	136
MHL	BGR	Marshall Islands	Bulgaria	0	0	0	1	1	1	0	0	0
MHL	DNK	Marshall Islands	Denmark*	1	0	0	0	0	0	0	0	0
MHL	FSM	Marshall Islands	Micronesia (Fed. States of)	126	114	106	98	94	92	92	94	41
MHL	GIN	Marshall Islands	Guinea	0	0	0	0	0	6	4	4	1
MHL	GRC	Marshall Islands	Greece	2	1	0	0	0	0	0	0	0
MHL	GUM	Marshall Islands	Guam*	88	169	250	241	232	234	246	257	123
MHL	MNP	Marshall Islands	Northern Mariana Islands*	97	101	112	95	52	46	45	45	33
MKD	ALB	North Macedonia	Albania	678	732	787	664	542	534	499	474	240
MKD	AUS	North Macedonia	Australia*	49301	49600	49652	51348	51425	49963	51159	48723	24818
MKD	AUT	North Macedonia	Austria	7841	10487	13908	16916	20873	23741	28104	31837	15698
MKD	BEL	North Macedonia	Belgium	14	22	36	147	964	1323	1819	2492	1303
MKD	BGR	North Macedonia	Bulgaria	1018	1247	1476	1850	2200	2402	4614	6345	2310
MKD	BIH	North Macedonia	Bosnia and Herzegovina	2468	3126	3783	2671	3097	3079	2875	2722	1464
MKD	BOL	North Macedonia	Bolivia (Plurinational State of)	0	0	0	5	10	13	13	15	2
MKD	CAN	North Macedonia	Canada	7316	7287	7224	8362	9533	10368	10233	10214	5292
MKD	CHE	North Macedonia	Switzerland	23132	27720	33396	41903	50587	60283	73595	85065	41159
MKD	CRI	North Macedonia	Costa Rica	26	18	20	14	27	26	31	37	17
MKD	CYP	North Macedonia	Cyprus	5	7	9	13	20	18	18	19	12
MKD	CZE	North Macedonia	Czechia	0	0	442	932	1843	2106	2220	2311	778
MKD	DEU	North Macedonia	Germany	0	26720	46355	56407	58887	83304	108175	147204	67143
MKD	DNK	North Macedonia	Denmark*	0	245	1376	2045	2565	3153	3881	4426	2070
MKD	DOM	North Macedonia	Dominican Republic	6	7	7	16	26	26	26	28	11
MKD	EST	North Macedonia	Estonia	0	0	0	0	4	9	19	19	6
MKD	FIN	North Macedonia	Finland*	27	44	60	85	93	157	212	250	118
MKD	GRC	North Macedonia	Greece	4152	2519	928	1573	2297	2164	2210	2348	1298
MKD	HRV	North Macedonia	Croatia	12962	11990	9737	9865	9992	10055	9462	9014	4602
MKD	HUN	North Macedonia	Hungary	46027	23063	98	121	144	149	301	355	127
MKD	ISL	North Macedonia	Iceland	7	9	10	21	31	40	84	127	62
MKD	ITA	North Macedonia	Italy	22704	30034	38195	52401	67610	69018	72197	67492	31009
MKD	LIE	North Macedonia	Liechtenstein	436	529	614	344	75	88	95	102	56
MKD	LTU	North Macedonia	Lithuania	3	2	1	1	1	4	7	7	6
MKD	LUX	North Macedonia	Luxembourg	1957	1124	304	264	227	346	605	699	356
MKD	LVA	North Macedonia	Latvia	0	0	0	0	0	12	17	16	5
MKD	MLT	North Macedonia	Malta	14	17	43	70	24	41	87	151	37
MKD	MNE	North Macedonia	Montenegro	3198	3198	3198	3198	2949	3317	3329	3302	1926
MKD	MNG	North Macedonia	Mongolia	12	13	15	8	3	3	2	2	0
MKD	NOR	North Macedonia	Norway*	0	26	537	1831	2127	2467	2932	3260	1544
MKD	POL	North Macedonia	Poland	154	173	193	240	314	318	309	308	91
MKD	PRT	North Macedonia	Portugal	3	6	11	137	241	272	310	349	175
MKD	ROU	North Macedonia	Romania	3603	1754	740	0	0	0	0	0	0
MKD	SRB	North Macedonia	Serbia*	60210	58359	56194	51943	46351	41857	37902	34921	22388
MKD	SVK	North Macedonia	Slovakia	54	231	473	531	595	760	883	960	292
MKD	SVN	North Macedonia	Slovenia	6720	6599	8231	8770	14333	15637	19133	21691	8751
MKD	SWE	North Macedonia	Sweden	389	625	2194	3279	4621	6302	9177	11796	5635
MKD	TUR	North Macedonia	Türkiye	143937	143937	143937	110994	75904	43868	38728	35535	19936
MLI	AUS	Mali	Australia*	0	0	21	42	57	80	57	53	26
MLI	BEN	Mali	Benin	265	366	467	1464	2490	3260	3508	3721	1464
MLI	BFA	Mali	Burkina Faso	37576	75987	42260	37118	41902	43815	37052	37862	22762
MLI	BGR	Mali	Bulgaria	0	0	0	1	1	5	3	4	3
MLI	BOL	Mali	Bolivia (Plurinational State of)	0	0	0	1	1	2	1	1	1
MLI	BRA	Mali	Brazil	0	0	0	0	5	254	518	454	181
MLI	CAF	Mali	Central African Republic	352	422	457	357	350	301	317	339	159
MLI	CHN	Mali	China	266	316	376	448	538	704	844	960	510
MLI	CIV	Mali	Côte d'Ivoire	380960	384296	387632	390968	394305	397641	400977	403646	160986
MLI	CMR	Mali	Cameroon	0	0	0	8251	6567	8202	9556	10608	3470
MLI	COG	Mali	Congo	4678	9493	16851	10715	25520	33918	33696	33521	11144
MLI	CPV	Mali	Cabo Verde	9	12	14	11	7	7	6	6	2
MLI	DNK	Mali	Denmark*	6	16	24	31	40	49	53	60	22
MLI	ESH	Mali	Western Sahara	194	215	237	280	324	373	389	404	138
MLI	ESP	Mali	Spain*	315	913	2487	13664	23527	19793	26040	36036	4085
MLI	FIN	Mali	Finland*	3	3	3	4	3	14	23	27	5
MLI	FRA	Mali	France*	32674	36981	43739	58965	69346	82137	106194	120393	41390
MLI	GAB	Mali	Gabon	17055	22807	28529	31083	36033	50384	55434	59837	17893
MLI	GHA	Mali	Ghana	3592	3580	4004	5631	4175	5137	5900	6592	1933
MLI	GIN	Mali	Guinea	15549	17927	19422	35367	54950	46991	45192	43694	19182
MLI	GMB	Mali	Gambia	5697	7028	8805	8552	8933	9251	10360	11344	4169
MLI	GRC	Mali	Greece	15	16	17	24	31	29	105	112	54
MLI	HUN	Mali	Hungary	8	12	15	18	20	20	26	31	6
MLI	ISL	Mali	Iceland	0	0	0	1	1	2	4	6	0
MLI	ITA	Mali	Italy	95	161	261	939	1245	7001	19179	23958	1101
MLI	LBR	Mali	Liberia	1970	1924	1889	1186	1267	1454	1122	924	384
MLI	LBY	Mali	Libya	688	464	249	275	302	337	360	381	84
MLI	LTU	Mali	Lithuania	1	0	0	0	0	2	1	1	0
MLI	LUX	Mali	Luxembourg	0	0	0	0	0	0	79	91	35
MLI	LVA	Mali	Latvia	2	2	3	2	1	2	0	0	0
MLI	MRT	Mali	Mauritania	6776	41626	7483	7559	5297	104491	114379	122945	52480
MLI	NER	Mali	Niger	31142	64573	43060	43857	44544	94640	108802	140431	73641
MLI	NGA	Mali	Nigeria	14578	39251	65493	130172	132962	160967	172481	184965	84086
MLI	NOR	Mali	Norway*	5	14	17	34	39	53	57	63	24
MLI	PRT	Mali	Portugal	12	26	43	77	100	113	127	143	10
MLI	SDN	Mali	Sudan	1058	1079	1101	1171	734	678	938	1630	804
MLI	SEN	Mali	Senegal	28161	29450	26917	28788	32035	34245	35360	36252	15979
MLI	SLE	Mali	Sierra Leone	1953	1904	1857	682	472	323	262	244	106
MLI	SSD	Mali	South Sudan	0	0	0	0	178	203	208	215	86
MLI	SVN	Mali	Slovenia	0	0	2	2	3	6	6	7	2
MLI	TGO	Mali	Togo	1539	2038	2699	3674	7641	8122	8196	8256	3588
MLI	TUN	Mali	Tunisia	200	198	230	220	771	996	1058	1112	538
MLI	ZAF	Mali	South Africa	12	12	46	238	676	955	921	836	246
MLI	ZMB	Mali	Zambia	220	206	194	205	217	191	267	354	117
MLT	AUS	Malta	Australia*	54087	55588	52561	51360	48650	44062	39249	34451	17319
MLT	BGR	Malta	Bulgaria	1	9	16	25	33	63	165	227	102
MLT	BOL	Malta	Bolivia (Plurinational State of)	6	4	2	3	4	6	5	6	0
MLT	CAN	Malta	Canada	10278	9858	9475	8365	7620	7588	6505	5795	2897
MLT	CYP	Malta	Cyprus	8	12	15	23	35	31	31	33	12
MLT	DNK	Malta	Denmark*	53	51	55	66	98	109	146	174	84
MLT	DOM	Malta	Dominican Republic	33	37	40	32	25	25	25	27	12
MLT	EST	Malta	Estonia	0	0	0	0	0	4	14	14	6
MLT	FIN	Malta	Finland*	8	13	18	25	31	39	53	62	24
MLT	GRC	Malta	Greece	227	162	99	96	95	89	89	95	66
MLT	HUN	Malta	Hungary	0	13	25	31	37	76	159	188	96
MLT	ISL	Malta	Iceland	0	1	1	3	4	8	9	14	5
MLT	ITA	Malta	Italy	1318	1442	1532	1575	1731	1765	1941	2127	1378
MLT	LIE	Malta	Liechtenstein	0	0	0	0	1	3	3	3	2
MLT	LTU	Malta	Lithuania	9	7	6	5	3	9	19	20	8
MLT	LUX	Malta	Luxembourg	13	12	12	93	177	270	244	282	139
MLT	LVA	Malta	Latvia	2	2	3	6	10	6	23	21	9
MLT	NOR	Malta	Norway*	37	35	46	51	62	99	105	117	60
MLT	PRT	Malta	Portugal	6	13	22	32	38	43	47	53	34
MLT	SVK	Malta	Slovakia	1	6	14	16	18	27	45	49	21
MLT	SVN	Malta	Slovenia	0	0	1	2	12	8	7	8	3
MLT	ZAF	Malta	South Africa	266	219	181	172	174	175	177	174	81
MMR	AUS	Myanmar	Australia*	8763	11020	12115	13382	23064	32170	41133	46297	23016
MMR	BGD	Myanmar	Bangladesh	225851	228109	230390	128693	235019	237369	907426	1246705	251250
MMR	BOL	Myanmar	Bolivia (Plurinational State of)	1	1	0	0	0	0	0	0	0
MMR	BTN	Myanmar	Bhutan	16	19	22	27	32	34	34	35	12
MMR	CAN	Myanmar	Canada	2326	2879	3534	4653	7638	8353	9075	10379	5318
MMR	CHN	Myanmar	China	14220	17283	20570	24484	30437	98893	309339	367052	194978
MMR	CRI	Myanmar	Costa Rica	10	8	9	7	13	12	14	17	11
MMR	CYP	Myanmar	Cyprus	11	16	20	31	48	43	44	47	34
MMR	DNK	Myanmar	Denmark*	47	51	71	408	1293	1738	1742	1766	833
MMR	EST	Myanmar	Estonia	0	0	0	0	0	2	1	1	0
MMR	FIN	Myanmar	Finland*	7	29	50	504	834	1118	1216	1431	693
MMR	GIN	Myanmar	Guinea	0	0	0	0	0	2	0	0	0
MMR	GRC	Myanmar	Greece	42	31	21	21	20	24	95	101	49
MMR	HUN	Myanmar	Hungary	8	7	6	7	8	13	31	37	30
MMR	IDN	Myanmar	Indonesia	0	0	0	0	111	958	769	2063	632
MMR	IND	Myanmar	India	81566	70359	61700	61009	66524	73259	63898	132598	69309
MMR	ISL	Myanmar	Iceland	0	0	0	0	1	1	4	6	4
MMR	ISR	Myanmar	Israel	0	0	0	39	0	0	25	238	51
MMR	ITA	Myanmar	Italy	70	104	147	204	299	388	411	468	286
MMR	JPN	Myanmar	Japan	954	1555	2510	4013	6473	12217	35277	92214	51909
MMR	KHM	Myanmar	Cambodia	24	63	102	80	58	52	54	57	17
MMR	KOR	Myanmar	Republic of Korea	594	2985	6267	7682	11336	17706	26270	25739	1873
MMR	LAO	Myanmar	Lao People's Democratic Republic	404	360	282	245	1540	2835	3032	3201	1473
MMR	LUX	Myanmar	Luxembourg	0	0	0	0	0	0	9	10	3
MMR	MYS	Myanmar	Malaysia	0	6621	8582	109039	237677	286574	299559	308095	96416
MMR	NOR	Myanmar	Norway*	30	47	56	510	2428	3109	3258	3623	1806
MMR	NZL	Myanmar	New Zealand*	478	583	688	824	1651	2518	3272	3834	1917
MMR	PAK	Myanmar	Pakistan	3598	3000	2662	2551	2479	2460	2297	2297	1040
MMR	PAN	Myanmar	Panama	23	32	44	58	85	98	117	178	0
MMR	SAU	Myanmar	Saudi Arabia	169264	165026	156626	162049	162954	168453	164556	163252	73657
MMR	SVK	Myanmar	Slovakia	0	0	0	0	0	4	3	3	1
MMR	SVN	Myanmar	Slovenia	0	0	0	0	4	2	1	1	1
MMR	THA	Myanmar	Thailand	1106	1104	136674	696293	1255912	1429751	1576317	1708695	783135
MMR	USA	Myanmar	United States of America*	19607	19263	27986	37223	81779	136994	161967	199585	93801
MMR	ZAF	Myanmar	South Africa	144	123	105	129	180	261	357	437	162
MNE	ARG	Montenegro	Argentina	1124	1089	1061	1125	1230	1272	1310	1342	764
MNE	AUS	Montenegro	Australia*	6958	5263	5326	3524	1876	2033	1876	1673	875
MNE	BGR	Montenegro	Bulgaria	7	11	15	20	25	24	41	56	25
MNE	BIH	Montenegro	Bosnia and Herzegovina	3727	4701	5675	3921	4423	4398	4108	3889	2024
MNE	BOL	Montenegro	Bolivia (Plurinational State of)	0	0	0	1	2	3	2	2	0
MNE	DNK	Montenegro	Denmark*	0	0	0	0	85	242	366	513	258
MNE	EST	Montenegro	Estonia	0	0	0	0	0	0	8	8	1
MNE	FIN	Montenegro	Finland*	0	0	0	2	2	4	15	18	8
MNE	HRV	Montenegro	Croatia	4497	6377	5537	3071	6142	6181	5815	5539	2948
MNE	HUN	Montenegro	Hungary	0	14	27	33	39	44	91	107	40
MNE	ISL	Montenegro	Iceland	0	0	0	0	3	8	12	18	9
MNE	ITA	Montenegro	Italy	188	317	512	1204	2019	2345	2167	2186	1318
MNE	LIE	Montenegro	Liechtenstein	78	94	110	55	1	4	5	5	2
MNE	LUX	Montenegro	Luxembourg	2301	4925	5012	6563	5600	8543	2715	3136	1525
MNE	LVA	Montenegro	Latvia	0	0	0	0	0	0	1	1	0
MNE	MKD	Montenegro	North Macedonia	9247	8606	8065	8292	8519	9229	9269	9302	5434
MNE	NOR	Montenegro	Norway*	108	130	164	203	304	404	486	540	281
MNE	PRT	Montenegro	Portugal	0	51	105	94	69	77	87	98	94
MNE	SRB	Montenegro	Serbia*	77507	72417	71082	70235	67568	65000	62520	57943	32861
MNE	SVK	Montenegro	Slovakia	10	14	24	28	31	39	41	45	16
MNE	SVN	Montenegro	Slovenia	2646	2630	0	0	2763	2843	3541	4014	1804
MNE	VEN	Montenegro	Venezuela (Bolivarian Republic of)	241	238	233	244	260	272	255	243	127
MNG	AUS	Mongolia	Australia*	97	159	118	246	700	1782	6319	11188	5799
MNG	BGR	Mongolia	Bulgaria	23	29	35	45	54	79	101	139	88
MNG	BLR	Mongolia	Belarus	96	136	175	168	161	168	164	162	120
MNG	BOL	Mongolia	Bolivia (Plurinational State of)	0	1	1	1	1	2	1	1	1
MNG	CHN	Mongolia	China	2324	2710	3224	3838	4436	2172	1023	1078	573
MNG	CRI	Mongolia	Costa Rica	7	7	11	8	16	15	18	22	5
MNG	CZE	Mongolia	Czechia	0	0	217	1429	4846	5599	5543	5498	2898
MNG	DNK	Mongolia	Denmark*	2	7	15	29	61	63	63	79	67
MNG	EST	Mongolia	Estonia	28	43	58	56	53	50	46	47	29
MNG	FIN	Mongolia	Finland*	1	7	13	30	42	51	63	74	49
MNG	GEO	Mongolia	Georgia	0	0	29	27	27	28	27	28	20
MNG	GRC	Mongolia	Greece	9	10	12	10	8	7	5	5	1
MNG	HUN	Mongolia	Hungary	386	625	863	1060	1265	862	1792	2114	1171
MNG	ISL	Mongolia	Iceland	5	8	10	18	25	20	21	32	20
MNG	JPN	Mongolia	Japan	613	1004	1620	2584	4166	7193	14111	20179	10121
MNG	KAZ	Mongolia	Kazakhstan	45599	50041	54312	58292	62564	67150	72075	75801	40297
MNG	KOR	Mongolia	Republic of Korea	419	1712	3552	7318	13530	21849	36980	45698	23517
MNG	LTU	Mongolia	Lithuania	79	88	68	76	75	62	53	56	34
MNG	LUX	Mongolia	Luxembourg	0	0	0	0	0	0	42	49	37
MNG	LVA	Mongolia	Latvia	87	133	180	155	128	109	103	95	59
MNG	NOR	Mongolia	Norway*	0	0	8	42	94	146	154	171	128
MNG	POL	Mongolia	Poland	91	114	142	232	428	414	362	386	248
MNG	RUS	Mongolia	Russian Federation	21142	22734	23503	22355	20841	14168	9512	5750	3146
MNG	SVK	Mongolia	Slovakia	11	22	41	47	52	64	66	72	43
MNG	SVN	Mongolia	Slovenia	0	0	0	2	5	4	5	6	5
MNG	SWE	Mongolia	Sweden	14	23	37	106	639	2485	4905	6866	3628
MNP	FSM	Northern Mariana Islands*	Micronesia (Fed. States of)	103	93	86	80	77	75	75	77	33
MNP	GRC	Northern Mariana Islands*	Greece	14	9	4	2	0	0	0	0	0
MNP	GUM	Northern Mariana Islands*	Guam*	2019	2098	2176	2187	2197	2216	2342	2449	1185
MNP	PLW	Northern Mariana Islands*	Palau	93	159	214	280	268	241	247	253	149
MOZ	AGO	Mozambique	Angola	97	113	128	169	205	235	248	256	128
MOZ	AUS	Mozambique	Australia*	397	480	628	771	870	1006	1055	1037	560
MOZ	BGR	Mozambique	Bulgaria	6	10	14	20	24	31	38	52	22
MOZ	BOL	Mozambique	Bolivia (Plurinational State of)	0	0	0	2	3	4	3	3	1
MOZ	BRA	Mozambique	Brazil	1286	1283	1303	1378	1391	1497	1602	1699	1271
MOZ	BWA	Mozambique	Botswana	184	297	441	665	522	566	604	638	269
MOZ	CHL	Mozambique	Chile	15	19	25	37	55	93	215	237	195
MOZ	CPV	Mozambique	Cabo Verde	51	64	76	51	25	26	26	27	14
MOZ	CRI	Mozambique	Costa Rica	3	2	3	3	5	4	4	5	4
MOZ	CYP	Mozambique	Cyprus	3	4	5	7	10	9	8	8	6
MOZ	DNK	Mozambique	Denmark*	64	89	118	146	184	221	245	278	169
MOZ	ERI	Mozambique	Eritrea	3537	2218	896	876	913	1105	966	867	501
MOZ	EST	Mozambique	Estonia	0	0	0	0	2	2	2	2	0
MOZ	FIN	Mozambique	Finland*	6	12	18	39	52	65	73	86	45
MOZ	GIN	Mozambique	Guinea	0	0	0	0	0	19	17	16	4
MOZ	GRC	Mozambique	Greece	39	52	65	66	68	63	63	67	38
MOZ	HUN	Mozambique	Hungary	12	14	15	18	20	20	29	34	15
MOZ	ISL	Mozambique	Iceland	4	6	7	11	14	23	30	45	25
MOZ	ITA	Mozambique	Italy	303	380	461	569	684	792	916	953	608
MOZ	KEN	Mozambique	Kenya	1043	980	535	523	589	601	523	494	246
MOZ	LIE	Mozambique	Liechtenstein	0	0	0	0	4	3	2	2	1
MOZ	LSO	Mozambique	Lesotho	32	28	23	23	23	32	42	52	15
MOZ	LTU	Mozambique	Lithuania	0	0	0	0	0	0	1	1	0
MOZ	LUX	Mozambique	Luxembourg	0	0	0	0	0	0	339	392	212
MOZ	LVA	Mozambique	Latvia	0	0	0	0	0	1	0	0	0
MOZ	MWI	Mozambique	Malawi	1075410	60845	58576	55817	54826	47220	40131	39156	18766
MOZ	NAM	Mozambique	Namibia	203	194	182	143	137	134	142	151	64
MOZ	NOR	Mozambique	Norway*	22	32	60	102	138	191	193	215	116
MOZ	PRT	Mozambique	Portugal	74609	73598	75573	74985	61946	70228	80570	90640	48527
MOZ	STP	Mozambique	Sao Tome and Principe	243	228	213	167	131	116	102	93	16
MOZ	SVK	Mozambique	Slovakia	0	0	0	0	0	4	3	3	0
MOZ	SVN	Mozambique	Slovenia	0	0	0	0	2	4	3	3	2
MOZ	SWZ	Mozambique	Eswatini	46196	18085	13127	11345	10841	9857	10011	10136	3971
MOZ	TZA	Mozambique	United Republic of Tanzania	144353	57995	46739	36267	28177	14651	13052	14166	7086
MOZ	VEN	Mozambique	Venezuela (Bolivarian Republic of)	47	46	46	48	50	53	48	46	25
MOZ	ZAF	Mozambique	South Africa	116573	274920	252569	310547	374505	403208	413226	412058	144650
MOZ	ZMB	Mozambique	Zambia	41455	3127	545	842	1301	1146	1603	2125	1009
MOZ	ZWE	Mozambique	Zimbabwe	482855	266322	197838	145402	117799	118442	122923	126753	54740
MRT	BEL	Mauritania	Belgium	98	147	216	608	1682	2198	2523	3018	940
MRT	BGR	Mauritania	Bulgaria	1	2	2	3	3	2	2	3	0
MRT	BOL	Mauritania	Bolivia (Plurinational State of)	0	0	0	1	1	2	1	1	1
MRT	BRA	Mauritania	Brazil	0	0	0	5	0	6	283	142	39
MRT	COG	Mauritania	Congo	965	1115	1564	994	2369	3149	3127	3111	717
MRT	DNK	Mauritania	Denmark*	3	16	26	27	29	28	31	30	17
MRT	ESH	Mauritania	Western Sahara	282	313	345	408	471	542	566	587	133
MRT	EST	Mauritania	Estonia	0	0	0	0	2	2	1	1	1
MRT	FIN	Mauritania	Finland*	0	0	0	4	8	22	37	44	15
MRT	GHA	Mauritania	Ghana	9	9	10	14	11	13	13	15	3
MRT	GIN	Mauritania	Guinea	384	442	478	870	1351	1154	1107	1070	348
MRT	GMB	Mauritania	Gambia	2005	2474	3100	3011	3146	3257	3646	3992	590
MRT	GNB	Mauritania	Guinea-Bissau	359	461	563	545	527	559	408	342	166
MRT	GRC	Mauritania	Greece	3	4	5	63	125	45	60	64	31
MRT	HUN	Mauritania	Hungary	9	6	3	4	5	5	5	6	0
MRT	IRQ	Mauritania	Iraq	154	182	172	200	205	200	201	204	53
MRT	ISL	Mauritania	Iceland	0	0	0	0	1	1	2	3	0
MRT	ITA	Mauritania	Italy	76	123	189	328	492	654	791	846	185
MRT	LBY	Mauritania	Libya	433	345	264	291	319	356	380	402	81
MRT	LTU	Mauritania	Lithuania	0	0	0	0	0	1	0	0	0
MRT	LUX	Mauritania	Luxembourg	0	0	0	0	0	0	11	13	1
MRT	LVA	Mauritania	Latvia	0	0	0	0	0	1	0	0	0
MRT	MAR	Mauritania	Morocco	1088	999	1053	1117	1213	1564	1717	1863	904
MRT	MEX	Mauritania	Mexico	0	0	0	0	0	0	18	299	120
MRT	MLI	Mauritania	Mali	14942	20955	12423	6283	10600	13539	24197	27160	12292
MRT	NOR	Mauritania	Norway*	3	7	12	10	18	60	69	77	8
MRT	PRT	Mauritania	Portugal	8	18	30	35	35	40	44	49	9
MRT	SEN	Mauritania	Senegal	89862	98848	59956	53740	50090	45357	46376	47547	22102
MRT	SLE	Mauritania	Sierra Leone	142	138	134	122	109	97	89	83	31
MRT	SVN	Mauritania	Slovenia	0	0	1	0	0	0	0	0	0
MRT	TGO	Mauritania	Togo	68	76	85	95	129	145	144	145	80
MRT	TUN	Mauritania	Tunisia	376	374	433	414	409	528	560	588	281
MSR	AIA	Montserrat*	Anguilla*	135	174	213	245	266	285	296	307	90
MSR	ATG	Montserrat*	Antigua and Barbuda	844	890	935	1003	1070	1138	1189	1233	612
MSR	CRI	Montserrat*	Costa Rica	3	2	3	3	5	4	4	5	4
MSR	DMA	Montserrat*	Dominica	59	78	93	114	139	162	164	167	77
MSR	GRC	Montserrat*	Greece	2	2	2	41	83	77	78	83	44
MSR	GRD	Montserrat*	Grenada	6	7	9	9	10	10	10	10	5
MSR	KNA	Montserrat*	Saint Kitts and Nevis	186	246	339	386	418	430	445	458	226
MSR	LCA	Montserrat*	Saint Lucia	14	18	25	29	32	30	27	26	13
MSR	NOR	Montserrat*	Norway*	0	0	0	0	2	2	4	4	1
MSR	SVN	Montserrat*	Slovenia	0	0	0	0	0	1	0	0	0
MSR	VGB	Montserrat*	British Virgin Islands*	108	127	146	167	188	215	243	269	155
MSR	VIR	Montserrat*	United States Virgin Islands*	649	728	810	794	780	780	779	779	451
MTQ	ATG	Martinique*	Antigua and Barbuda	5	5	4	5	5	5	4	4	1
MTQ	CRI	Martinique*	Costa Rica	3	2	3	3	5	4	4	5	1
MTQ	CUW	Martinique*	Curaçao*	32	32	32	32	30	31	35	49	27
MTQ	DMA	Martinique*	Dominica	52	69	82	101	123	143	145	148	43
MTQ	DNK	Martinique*	Denmark*	8	0	0	0	0	0	0	0	0
MTQ	DOM	Martinique*	Dominican Republic	51	57	62	47	32	32	33	36	10
MTQ	GLP	Martinique*	Guadeloupe*	5803	6985	8167	8636	9104	8722	8635	8578	5128
MTQ	GUF	Martinique*	French Guiana*	4570	4771	4971	4685	4398	2654	2982	3274	1672
MTQ	LCA	Martinique*	Saint Lucia	198	267	367	345	298	285	272	264	118
MTQ	SXM	Martinique*	Sint Maarten (Dutch part)*	65	65	65	36	72	75	78	82	42
MTQ	VEN	Martinique*	Venezuela (Bolivarian Republic of)	38	37	36	37	40	43	40	38	26
MTQ	ZAF	Martinique*	South Africa	12	12	12	14	38	103	270	415	167
MUS	AUS	Mauritius	Australia*	17128	18945	18559	20326	26861	28687	29308	28962	14708
MUS	BEL	Mauritius	Belgium	1546	1972	2519	2875	3121	3344	3413	3398	2544
MUS	BGR	Mauritius	Bulgaria	0	0	0	1	1	4	5	7	6
MUS	BWA	Mauritius	Botswana	292	471	700	1055	201	218	231	244	122
MUS	CAN	Mauritius	Canada	5160	5784	6414	9271	12913	16346	17915	20173	10054
MUS	CHN	Mauritius	China	335	393	467	555	645	354	187	198	105
MUS	CYP	Mauritius	Cyprus	3	4	5	7	10	9	8	8	1
MUS	DNK	Mauritius	Denmark*	90	104	106	115	140	143	151	165	90
MUS	EST	Mauritius	Estonia	0	0	0	0	2	4	10	10	4
MUS	FIN	Mauritius	Finland*	13	18	22	31	34	45	49	58	27
MUS	FRA	Mauritius	France*	26616	30555	34862	39349	41871	43746	44179	44709	28533
MUS	GIN	Mauritius	Guinea	0	0	0	0	0	15	13	13	2
MUS	GRC	Mauritius	Greece	45	48	52	46	40	37	37	39	32
MUS	HUN	Mauritius	Hungary	21	28	35	43	51	56	74	87	42
MUS	IND	Mauritius	India	2330	1024	402	279	213	197	183	172	109
MUS	ISL	Mauritius	Iceland	3	5	7	7	7	5	6	9	7
MUS	ITA	Mauritius	Italy	4047	4781	5453	6051	7409	8103	7810	7315	4334
MUS	LIE	Mauritius	Liechtenstein	0	0	0	0	2	1	1	1	1
MUS	LTU	Mauritius	Lithuania	1	1	1	1	0	3	2	2	0
MUS	LUX	Mauritius	Luxembourg	51	48	46	39	34	51	434	501	272
MUS	LVA	Mauritius	Latvia	0	0	0	0	0	2	4	4	2
MUS	NAM	Mauritius	Namibia	158	151	141	111	106	103	110	117	68
MUS	NOR	Mauritius	Norway*	145	148	138	147	173	187	196	218	130
MUS	REU	Mauritius	Réunion	1008	2181	3455	4294	4893	5059	5240	5390	2849
MUS	SVK	Mauritius	Slovakia	0	0	2	2	3	11	23	25	11
MUS	SVN	Mauritius	Slovenia	0	0	0	0	4	8	5	6	1
MUS	SYC	Mauritius	Seychelles	258	383	509	502	495	554	564	573	148
MUS	TZA	Mauritius	United Republic of Tanzania	113	151	161	181	187	192	170	185	85
MUS	ZAF	Mauritius	South Africa	4839	4927	3848	3234	2880	2295	1761	1725	887
MWI	AUS	Malawi	Australia*	329	437	537	761	1023	1414	1692	1853	952
MWI	BGR	Malawi	Bulgaria	0	0	0	0	0	1	2	3	0
MWI	BOL	Malawi	Bolivia (Plurinational State of)	0	3	5	6	6	8	7	8	8
MWI	BWA	Malawi	Botswana	713	1150	1709	1487	1274	1384	1478	1560	589
MWI	CYP	Malawi	Cyprus	2	3	4	6	8	7	6	6	1
MWI	DNK	Malawi	Denmark*	40	35	47	56	78	81	101	104	52
MWI	ERI	Malawi	Eritrea	114	228	343	487	637	771	673	604	264
MWI	EST	Malawi	Estonia	0	0	0	0	0	1	0	0	0
MWI	FIN	Malawi	Finland*	2	2	2	8	14	50	103	121	59
MWI	GIN	Malawi	Guinea	0	0	0	0	0	17	15	15	3
MWI	HUN	Malawi	Hungary	0	0	0	0	0	3	3	4	0
MWI	ISL	Malawi	Iceland	0	1	1	2	3	4	1	2	2
MWI	LSO	Malawi	Lesotho	51	44	36	36	36	51	67	84	31
MWI	LTU	Malawi	Lithuania	0	0	0	0	0	1	0	0	0
MWI	LUX	Malawi	Luxembourg	0	0	0	0	0	0	11	13	8
MWI	LVA	Malawi	Latvia	1	1	1	0	0	0	0	0	0
MWI	MOZ	Malawi	Mozambique	22975	31600	36755	50465	57509	59620	62643	65284	32713
MWI	NAM	Malawi	Namibia	545	521	485	383	369	361	386	409	187
MWI	NOR	Malawi	Norway*	8	3	12	55	93	119	112	125	67
MWI	PRT	Malawi	Portugal	55	119	189	322	403	457	521	586	362
MWI	SVK	Malawi	Slovakia	0	0	0	0	1	6	6	7	1
MWI	SVN	Malawi	Slovenia	0	0	2	1	0	2	2	2	0
MWI	TZA	Malawi	United Republic of Tanzania	7218	7121	7098	7048	7011	6907	6153	6678	3068
MWI	ZAF	Malawi	South Africa	19462	12658	20543	43126	73730	121300	177019	220437	73280
MWI	ZMB	Malawi	Zambia	17073	12382	6937	9665	13467	10363	13422	17796	8758
MWI	ZWE	Malawi	Zimbabwe	69618	67945	92989	102211	103681	104247	108491	111872	48115
MYS	AUS	Malaysia	Australia*	70262	80482	84788	101481	129840	144205	177343	181202	96454
MYS	BGD	Malaysia	Bangladesh	92533	126263	159993	190436	204878	203561	199618	274253	189544
MYS	BGR	Malaysia	Bulgaria	0	1	1	2	2	3	20	28	8
MYS	BMU	Malaysia	Bermuda*	13	18	19	33	49	42	48	49	22
MYS	BOL	Malaysia	Bolivia (Plurinational State of)	5	6	7	7	7	9	8	9	3
MYS	BRN	Malaysia	Brunei Darussalam	40306	42782	45258	46267	47276	48285	52628	56375	24732
MYS	CAN	Malaysia	Canada	15753	17752	20010	21722	23419	25384	25152	24975	13802
MYS	CHL	Malaysia	Chile	21	26	35	51	76	127	295	325	268
MYS	CHN	Malaysia	China	5392	6382	7596	9041	10704	9977	8948	9810	5211
MYS	CRI	Malaysia	Costa Rica	3	2	3	3	5	4	4	5	0
MYS	CYM	Malaysia	Cayman Islands*	5	11	19	18	18	18	19	21	5
MYS	CYP	Malaysia	Cyprus	11	16	20	31	48	43	44	47	30
MYS	DNK	Malaysia	Denmark*	333	374	394	499	689	831	904	1077	654
MYS	DOM	Malaysia	Dominican Republic	36	40	44	31	18	17	17	18	10
MYS	DZA	Malaysia	Algeria	1651	1264	877	694	762	827	859	890	278
MYS	EGY	Malaysia	Egypt	1324	1633	2017	2410	2648	0	2761	2311	839
MYS	EST	Malaysia	Estonia	0	0	0	0	2	8	17	17	5
MYS	FIN	Malaysia	Finland*	142	165	188	287	362	411	531	625	325
MYS	GBR	Malaysia	United Kingdom*	43404	46293	49330	57519	68428	68963	67838	66932	35387
MYS	GIN	Malaysia	Guinea	0	0	0	0	0	1	0	0	0
MYS	GRC	Malaysia	Greece	63	55	47	56	66	61	61	65	34
MYS	HKG	Malaysia	China, Hong Kong SAR	10234	11422	12609	13766	14957	15286	15939	16481	9425
MYS	HUN	Malaysia	Hungary	0	40	79	98	117	93	156	184	112
MYS	IDN	Malaysia	Indonesia	936	119	13	10	14	1892	94489	161013	75118
MYS	IND	Malaysia	India	11767	12723	14405	14214	13682	12776	11915	11283	5060
MYS	ISL	Malaysia	Iceland	5	7	9	19	28	35	48	73	43
MYS	ITA	Malaysia	Italy	201	261	328	404	539	643	727	764	486
MYS	JPN	Malaysia	Japan	4344	5274	8099	7841	8233	18602	18987	11275	5340
MYS	KHM	Malaysia	Cambodia	80	210	339	265	191	172	182	193	38
MYS	LBY	Malaysia	Libya	6980	6351	5828	6425	7051	7894	8454	8936	1678
MYS	LCA	Malaysia	Saint Lucia	6	6	11	11	11	10	8	8	2
MYS	LIE	Malaysia	Liechtenstein	0	0	0	0	1	1	0	0	0
MYS	LKA	Malaysia	Sri Lanka	22	128	235	453	901	912	925	935	559
MYS	LTU	Malaysia	Lithuania	4	3	1	1	1	1	11	12	4
MYS	LUX	Malaysia	Luxembourg	26	24	23	19	17	25	111	128	88
MYS	LVA	Malaysia	Latvia	7	10	14	9	4	7	8	7	3
MYS	MDV	Malaysia	Maldives	46	53	58	60	80	101	108	116	46
MYS	MLT	Malaysia	Malta	16	19	24	29	32	54	115	200	106
MYS	MUS	Malaysia	Mauritius	36	33	49	49	53	61	60	61	31
MYS	NOR	Malaysia	Norway*	182	230	304	366	590	836	934	1039	625
MYS	NZL	Malaysia	New Zealand*	7119	11322	11521	14129	15689	18046	21097	23224	12514
MYS	PAN	Malaysia	Panama	12	17	24	22	25	28	33	50	27
MYS	PNG	Malaysia	Papua New Guinea	115	117	87	93	78	79	78	78	29
MYS	PRK	Malaysia	Dem. People's Republic of Korea	127	138	149	164	178	196	198	202	96
MYS	PRT	Malaysia	Portugal	10	23	37	43	43	49	54	61	36
MYS	SGP	Malaysia	Singapore	349149	515743	733158	785955	1085108	1318217	1384577	1553249	886737
MYS	SLB	Malaysia	Solomon Islands	133	132	126	117	116	108	105	103	44
MYS	SVK	Malaysia	Slovakia	0	1	3	3	3	18	23	25	9
MYS	SVN	Malaysia	Slovenia	0	0	2	2	10	8	13	15	12
MYS	TLS	Malaysia	Timor-Leste	134	145	159	169	173	65	63	62	21
MYS	TWN	Malaysia	China, Taiwan Province of China	256	3303	6590	7352	9188	17161	21847	24506	12406
MYS	VEN	Malaysia	Venezuela (Bolivarian Republic of)	30	29	29	30	32	34	31	30	14
MYS	ZAF	Malaysia	South Africa	456	452	449	512	609	589	531	528	210
MYT	NOR	Mayotte	Norway*	0	0	0	0	1	0	0	0	0
MYT	REU	Mayotte	Réunion	1800	3893	6162	6410	6294	6507	6740	6933	3552
MYT	WLF	Mayotte	Wallis and Futuna Islands*	35	44	52	58	41	38	27	27	9
NAM	AGO	Namibia	Angola	345	401	457	601	732	839	890	917	467
NAM	AUS	Namibia	Australia*	207	308	447	737	1097	1436	1687	1890	971
NAM	BGR	Namibia	Bulgaria	1	2	2	3	3	5	8	11	5
NAM	BWA	Namibia	Botswana	286	462	687	1208	853	926	988	1043	319
NAM	CYP	Namibia	Cyprus	1	2	2	3	3	2	1	1	0
NAM	DNK	Namibia	Denmark*	8	17	37	37	57	75	97	114	61
NAM	EST	Namibia	Estonia	0	0	0	0	1	1	4	4	3
NAM	FIN	Namibia	Finland*	51	38	24	49	69	90	152	179	106
NAM	GIN	Namibia	Guinea	0	0	0	0	0	3	1	1	0
NAM	GRC	Namibia	Greece	8	7	7	8	8	7	5	5	0
NAM	HUN	Namibia	Hungary	0	3	6	7	7	19	25	29	17
NAM	ISL	Namibia	Iceland	10	15	19	28	36	35	43	65	42
NAM	KEN	Namibia	Kenya	119	112	61	60	67	68	58	55	28
NAM	LSO	Namibia	Lesotho	5	4	4	4	4	5	6	7	1
NAM	LTU	Namibia	Lithuania	1	0	0	0	0	3	1	1	0
NAM	LUX	Namibia	Luxembourg	0	0	0	0	0	0	14	16	10
NAM	LVA	Namibia	Latvia	0	0	0	0	0	1	0	0	0
NAM	NOR	Namibia	Norway*	19	20	39	72	81	82	99	110	68
NAM	SVK	Namibia	Slovakia	0	0	0	0	0	1	0	0	0
NAM	SVN	Namibia	Slovenia	0	0	0	0	0	3	2	2	1
NAM	TZA	Namibia	United Republic of Tanzania	370	494	526	571	613	644	573	622	243
NAM	ZAF	Namibia	South Africa	42066	34641	42502	44041	41269	38929	36795	34273	17967
NAM	ZMB	Namibia	Zambia	2360	473	101	251	630	554	774	1026	553
NCL	AUS	New Caledonia*	Australia*	1076	1142	1202	1255	1442	1553	1536	1520	831
NCL	BOL	New Caledonia*	Bolivia (Plurinational State of)	0	1	1	1	0	0	0	0	0
NCL	HUN	New Caledonia*	Hungary	0	0	0	0	0	3	2	2	1
NCL	NOR	New Caledonia*	Norway*	1	1	3	3	7	10	8	9	2
NCL	PYF	New Caledonia*	French Polynesia*	1745	1916	2049	2232	2235	2235	2236	2237	1093
NCL	SLB	New Caledonia*	Solomon Islands	129	128	122	76	36	33	32	31	13
NCL	VUT	New Caledonia*	Vanuatu	163	161	146	197	242	257	262	267	133
NCL	WLF	New Caledonia*	Wallis and Futuna Islands*	843	975	1152	1207	1093	1021	1021	1016	510
NER	BEL	Niger	Belgium	120	154	197	468	1363	1824	2161	2685	1081
NER	BEN	Niger	Benin	26721	36802	46883	60072	68453	72579	78124	82865	36934
NER	BFA	Niger	Burkina Faso	8275	10291	10633	10807	12200	12757	13259	13549	6519
NER	BGR	Niger	Bulgaria	8	6	4	3	1	1	0	0	0
NER	BOL	Niger	Bolivia (Plurinational State of)	1	1	0	0	0	0	0	0	0
NER	CIV	Niger	Côte d'Ivoire	66487	71099	75711	80323	84934	89546	94158	97848	17033
NER	CMR	Niger	Cameroon	0	0	0	10566	8409	10503	12236	13583	5073
NER	CYM	Niger	Cayman Islands*	8	16	29	27	28	29	32	35	0
NER	CYP	Niger	Cyprus	2	3	4	6	8	7	6	6	1
NER	DNK	Niger	Denmark*	3	5	7	10	13	13	13	15	5
NER	EGY	Niger	Egypt	69	98	137	187	234	8	316	298	55
NER	FIN	Niger	Finland*	7	9	10	14	20	21	21	25	7
NER	GHA	Niger	Ghana	4229	4214	4714	6629	4915	6048	6945	7760	2182
NER	GIN	Niger	Guinea	1393	1606	1124	786	550	193	184	178	34
NER	GRC	Niger	Greece	33	54	75	50	26	24	23	24	6
NER	HUN	Niger	Hungary	15	12	9	12	14	7	8	9	2
NER	ITA	Niger	Italy	41	68	110	293	479	1013	1388	1480	159
NER	LBR	Niger	Liberia	1127	1101	1081	491	226	259	199	164	97
NER	LBY	Niger	Libya	275	267	264	291	319	356	380	402	76
NER	LUX	Niger	Luxembourg	0	0	0	0	0	0	35	40	14
NER	MLI	Niger	Mali	3571	4803	5259	4713	9239	11368	13340	14974	6194
NER	MLT	Niger	Malta	10	12	15	19	45	51	110	191	2
NER	MRT	Niger	Mauritania	135	144	148	150	105	150	162	174	80
NER	NGA	Niger	Nigeria	35442	39858	45868	91166	93120	112733	120797	129540	58890
NER	NOR	Niger	Norway*	0	5	6	22	35	48	56	62	17
NER	SEN	Niger	Senegal	1397	1460	1321	1421	1589	1697	1752	1796	836
NER	SLE	Niger	Sierra Leone	161	157	153	78	64	53	47	44	15
NER	SVK	Niger	Slovakia	0	0	0	1	1	6	5	5	0
NER	SVN	Niger	Slovenia	0	0	1	0	0	0	0	0	0
NER	TCD	Niger	Chad	2614	2840	3066	2122	2513	3092	3586	4073	2222
NER	TGO	Niger	Togo	10540	14286	22364	46314	61226	65729	66332	66820	29461
NER	TJK	Niger	Tajikistan	37	30	26	24	23	22	20	20	9
NER	ZAF	Niger	South Africa	12	12	13	109	621	808	1269	713	138
NGA	ARE	Nigeria	United Arab Emirates	1412	1787	2249	5108	9809	12353	12937	14690	5449
NGA	ATG	Nigeria	Antigua and Barbuda	35	34	33	36	38	40	40	41	21
NGA	AUS	Nigeria	Australia*	927	1385	1812	2600	4631	8412	14133	19524	8262
NGA	AUT	Nigeria	Austria	1078	1599	2332	7675	6928	7814	8269	8525	3461
NGA	BEL	Nigeria	Belgium	733	974	1289	2489	4348	5633	6694	8134	3952
NGA	BEN	Nigeria	Benin	15728	21661	27595	49531	67553	80960	87145	92433	45983
NGA	BFA	Nigeria	Burkina Faso	2542	3161	3801	4380	4944	5170	5373	5490	2940
NGA	BGR	Nigeria	Bulgaria	31	38	45	57	68	124	246	338	87
NGA	BHR	Nigeria	Bahrain	191	213	224	605	1138	1276	1390	1485	461
NGA	BHS	Nigeria	Bahamas	30	61	93	121	148	160	170	180	86
NGA	BLZ	Nigeria	Belize	30	31	32	35	38	44	49	54	7
NGA	BMU	Nigeria	Bermuda*	25	47	58	47	33	39	34	35	11
NGA	BOL	Nigeria	Bolivia (Plurinational State of)	7	10	12	12	11	14	14	16	0
NGA	BRA	Nigeria	Brazil	5	1366	1133	1242	1134	2926	4791	2384	817
NGA	BWA	Nigeria	Botswana	108	187	285	422	1063	1154	1233	1302	626
NGA	CAN	Nigeria	Canada	2736	4793	8082	13894	28194	48115	75678	112065	55944
NGA	CHN	Nigeria	China	594	714	850	1013	1234	2426	4242	4915	2610
NGA	CIV	Nigeria	Côte d'Ivoire	25225	30475	35725	40975	46226	51476	56726	60926	30969
NGA	CMR	Nigeria	Cameroon	105140	97818	90495	101721	82748	131616	169602	188266	103659
NGA	CPV	Nigeria	Cabo Verde	84	114	144	395	645	670	708	741	393
NGA	CRI	Nigeria	Costa Rica	3	2	2	2	4	3	3	4	4
NGA	CYM	Nigeria	Cayman Islands*	2	6	11	10	10	9	10	11	0
NGA	CYP	Nigeria	Cyprus	76	108	139	208	320	292	299	317	140
NGA	DMA	Nigeria	Dominica	18	24	29	35	43	50	50	51	30
NGA	DNK	Nigeria	Denmark*	239	333	553	762	1121	1479	1702	2102	828
NGA	DOM	Nigeria	Dominican Republic	42	47	51	38	25	25	25	27	5
NGA	ECU	Nigeria	Ecuador	12	12	17	51	357	184	171	160	49
NGA	EGY	Nigeria	Egypt	389	527	717	953	1152	1364	1624	1578	664
NGA	ESP	Nigeria	Spain*	374	188	83	25098	36807	31616	32892	33772	14042
NGA	EST	Nigeria	Estonia	0	0	0	0	14	118	600	611	154
NGA	FIN	Nigeria	Finland*	94	170	245	843	1227	2093	2915	3431	1049
NGA	GAB	Nigeria	Gabon	7392	9887	12367	13475	15619	21840	24029	25938	5931
NGA	GBR	Nigeria	United Kingdom*	44047	61112	83822	125003	189847	236603	286251	324007	152015
NGA	GHA	Nigeria	Ghana	14876	14826	16584	28321	57056	70214	80652	90111	38211
NGA	GIN	Nigeria	Guinea	910	1049	734	513	359	381	364	352	60
NGA	GNQ	Nigeria	Equatorial Guinea	91	121	150	219	287	359	430	464	212
NGA	GRC	Nigeria	Greece	1565	1705	1872	2396	3026	2851	2914	3096	1061
NGA	HRV	Nigeria	Croatia	0	0	0	15	29	29	25	24	10
NGA	HUN	Nigeria	Hungary	169	484	799	981	1172	1447	1769	2087	716
NGA	IND	Nigeria	India	1180	979	788	709	651	823	737	720	258
NGA	IRL	Nigeria	Ireland	3605	4081	8532	15083	19362	16995	19296	22078	11227
NGA	ISL	Nigeria	Iceland	3	18	33	46	58	72	155	234	101
NGA	ISR	Nigeria	Israel	0	0	0	63	1030	5	1002	765	165
NGA	ITA	Nigeria	Italy	5005	8382	13563	25960	39126	56208	99045	112792	49661
NGA	JPN	Nigeria	Japan	172	1080	1684	2315	2701	2725	3438	3939	886
NGA	KWT	Nigeria	Kuwait	1140	942	1050	1163	1516	4045	4694	5147	2054
NGA	LBR	Nigeria	Liberia	2393	2337	2294	2713	4922	5649	4366	3595	793
NGA	LBY	Nigeria	Libya	1674	1870	2098	2312	2537	2841	3041	3215	717
NGA	LCA	Nigeria	Saint Lucia	6	7	10	43	73	69	65	63	45
NGA	LIE	Nigeria	Liechtenstein	0	0	0	0	4	6	6	6	2
NGA	LTU	Nigeria	Lithuania	5	5	3	16	28	15	5	5	2
NGA	LUX	Nigeria	Luxembourg	0	0	0	0	0	0	327	378	133
NGA	LVA	Nigeria	Latvia	4	6	8	10	12	13	22	20	5
NGA	MEX	Nigeria	Mexico	22	27	35	74	152	332	557	944	320
NGA	MLI	Nigeria	Mali	1590	1663	1524	6242	2955	3636	4265	4787	2323
NGA	MLT	Nigeria	Malta	51	60	76	90	275	471	1025	1782	461
NGA	MOZ	Nigeria	Mozambique	1964	2702	3143	4316	4919	5100	5356	5582	2935
NGA	NAM	Nigeria	Namibia	1453	1389	1290	1020	982	961	1029	1092	419
NGA	NER	Nigeria	Niger	38319	28313	18540	18881	19180	93179	154739	199722	103493
NGA	NIC	Nigeria	Nicaragua	11	9	15	22	23	24	24	25	15
NGA	NOR	Nigeria	Norway*	306	370	414	579	1002	1776	1977	2198	947
NGA	PAN	Nigeria	Panama	7	9	13	20	33	37	43	66	14
NGA	POL	Nigeria	Poland	68	104	157	292	595	746	868	902	195
NGA	PRT	Nigeria	Portugal	42	91	145	207	235	265	302	340	118
NGA	QAT	Nigeria	Qatar	216	240	258	905	2271	5042	4063	4351	1094
NGA	SDN	Nigeria	Sudan	23208	23677	24143	25762	16214	14828	20508	35645	17499
NGA	SEN	Nigeria	Senegal	701	733	663	712	797	829	848	869	218
NGA	SLE	Nigeria	Sierra Leone	2116	2063	2012	1922	2112	2022	2176	2024	820
NGA	SSD	Nigeria	South Sudan	0	0	0	0	3467	3537	3626	3756	1494
NGA	SVK	Nigeria	Slovakia	1	30	69	78	87	111	143	155	9
NGA	SVN	Nigeria	Slovenia	2	4	8	15	27	49	68	77	18
NGA	SWE	Nigeria	Sweden	279	453	669	1295	2823	4516	6685	9397	3875
NGA	SYC	Nigeria	Seychelles	25	32	40	81	122	136	137	139	94
NGA	TCD	Nigeria	Chad	14822	16104	17386	2028	2402	6531	13033	14802	8071
NGA	TGO	Nigeria	Togo	9708	11900	16087	26919	29347	31974	32266	32503	14058
NGA	TTO	Nigeria	Trinidad and Tobago	271	246	267	286	485	502	557	802	243
NGA	TUN	Nigeria	Tunisia	116	119	133	128	420	542	575	604	289
NGA	TUR	Nigeria	Türkiye	293	293	293	1229	2226	3224	7802	16375	3352
NGA	USA	Nigeria	United States of America*	56108	98420	125503	167721	221495	324227	451656	565053	279602
NGA	VEN	Nigeria	Venezuela (Bolivarian Republic of)	89	87	86	90	100	105	97	93	21
NGA	ZAF	Nigeria	South Africa	12	959	4506	21100	21998	33525	30996	26707	5630
NGA	ZMB	Nigeria	Zambia	160	148	138	263	508	447	625	829	354
NIC	ABW	Nicaragua	Aruba*	19	48	77	90	103	107	119	163	89
NIC	ARG	Nicaragua	Argentina	254	246	240	255	278	288	296	304	173
NIC	AUS	Nicaragua	Australia*	858	851	797	776	818	863	895	877	471
NIC	BGR	Nicaragua	Bulgaria	15	17	19	23	27	28	38	52	7
NIC	BHS	Nicaragua	Bahamas	9	8	7	8	9	10	9	10	3
NIC	BOL	Nicaragua	Bolivia (Plurinational State of)	66	76	85	90	95	112	123	137	76
NIC	BRA	Nicaragua	Brazil	543	509	485	429	359	301	283	455	282
NIC	CAN	Nicaragua	Canada	6259	7526	9101	9117	9132	10071	10646	10768	5858
NIC	CHL	Nicaragua	Chile	148	186	227	281	333	434	507	569	474
NIC	COL	Nicaragua	Colombia	373	409	464	485	520	552	593	625	309
NIC	CRI	Nicaragua	Costa Rica	99153	131695	230085	268157	288033	292232	350854	423401	213331
NIC	CUB	Nicaragua	Cuba	595	451	294	223	160	109	71	50	32
NIC	CYM	Nicaragua	Cayman Islands*	238	448	770	543	364	396	440	481	284
NIC	CYP	Nicaragua	Cyprus	3	4	5	7	10	9	8	8	1
NIC	DNK	Nicaragua	Denmark*	34	80	120	144	177	204	232	274	164
NIC	DOM	Nicaragua	Dominican Republic	415	461	507	393	279	292	303	327	186
NIC	ECU	Nicaragua	Ecuador	75	117	151	188	229	284	361	409	246
NIC	ESP	Nicaragua	Spain*	942	1337	1863	3397	13854	22838	65254	98452	66580
NIC	EST	Nicaragua	Estonia	0	0	0	0	1	2	3	3	2
NIC	FIN	Nicaragua	Finland*	5	23	41	66	83	99	118	139	78
NIC	GIN	Nicaragua	Guinea	0	0	0	0	0	5	3	3	0
NIC	GRC	Nicaragua	Greece	41	35	30	97	170	159	161	171	86
NIC	GTM	Nicaragua	Guatemala	3726	4565	5404	6424	7443	8161	9211	10131	4702
NIC	HND	Nicaragua	Honduras	142802	74273	5768	5649	5530	7767	7943	8086	3994
NIC	HUN	Nicaragua	Hungary	8	12	15	19	23	20	26	31	14
NIC	ISL	Nicaragua	Iceland	1	2	3	4	5	7	6	9	9
NIC	ITA	Nicaragua	Italy	334	438	556	684	880	1120	1433	1626	1096
NIC	JAM	Nicaragua	Jamaica	121	128	134	130	126	123	124	126	70
NIC	LIE	Nicaragua	Liechtenstein	0	0	0	0	3	3	3	3	3
NIC	LTU	Nicaragua	Lithuania	0	0	0	0	0	0	1	1	0
NIC	LUX	Nicaragua	Luxembourg	0	0	0	0	0	0	17	20	12
NIC	LVA	Nicaragua	Latvia	1	1	1	0	0	0	0	0	0
NIC	MEX	Nicaragua	Mexico	2325	2599	2578	3046	3603	4620	8906	18139	8108
NIC	NOR	Nicaragua	Norway*	35	57	98	123	156	191	223	248	138
NIC	PAN	Nicaragua	Panama	4553	4593	4923	7240	11032	12915	15517	23672	13362
NIC	PER	Nicaragua	Peru	13	34	76	124	169	217	286	446	223
NIC	PRI	Nicaragua	Puerto Rico*	460	483	509	399	239	234	101	91	48
NIC	SLV	Nicaragua	El Salvador	3893	4219	4545	6024	7502	7823	7956	8063	3791
NIC	SVK	Nicaragua	Slovakia	0	1	1	1	2	11	12	13	2
NIC	SVN	Nicaragua	Slovenia	0	0	0	0	3	2	5	6	6
NIC	USA	Nicaragua	United States of America*	174914	249023	222154	228735	255351	259238	264538	295024	156956
NIC	VEN	Nicaragua	Venezuela (Bolivarian Republic of)	2526	2193	1934	1953	1992	2045	1927	1838	1031
NIU	AUS	Niue*	Australia*	245	326	452	578	768	945	980	975	479
NIU	BOL	Niue*	Bolivia (Plurinational State of)	0	41	81	41	1	2	1	1	1
NIU	COK	Niue*	Cook Islands*	9	10	10	13	16	16	17	18	4
NIU	NZL	Niue*	New Zealand*	5379	5289	5319	4915	4439	4090	3966	3957	2154
NIU	WSM	Niue*	Samoa	7	7	8	7	7	6	4	4	1
NLD	ABW	Netherlands*	Aruba*	2096	2885	3674	4056	4359	4585	5128	7032	3468
NLD	AND	Netherlands*	Andorra	190	209	229	260	257	244	262	278	123
NLD	ARE	Netherlands*	United Arab Emirates	1316	1325	1406	1352	1973	2484	2600	2953	1295
NLD	ARG	Netherlands*	Argentina	2627	2315	2010	1706	1400	1046	782	774	441
NLD	ATG	Netherlands*	Antigua and Barbuda	17	15	13	14	15	16	15	16	9
NLD	AUS	Netherlands*	Australia*	95745	96254	92763	91676	88556	80566	72244	63634	31987
NLD	AUT	Netherlands*	Austria	3059	3983	5128	6038	7378	8286	9554	10748	5202
NLD	AZE	Netherlands*	Azerbaijan	303	269	238	211	187	165	146	131	70
NLD	BEL	Netherlands*	Belgium	79743	86632	94048	109559	125625	128975	131369	136488	68796
NLD	BGR	Netherlands*	Bulgaria	12	72	132	204	271	911	1772	2437	1093
NLD	BHR	Netherlands*	Bahrain	178	162	140	162	228	255	277	296	113
NLD	BHS	Netherlands*	Bahamas	36	33	30	40	50	54	56	59	24
NLD	BOL	Netherlands*	Bolivia (Plurinational State of)	2	14	26	177	328	383	425	474	220
NLD	BRA	Netherlands*	Brazil	4009	3676	3428	3412	3248	3237	3184	3759	713
NLD	BRN	Netherlands*	Brunei Darussalam	247	268	289	295	301	307	333	357	156
NLD	BTN	Netherlands*	Bhutan	9	11	13	16	19	20	19	20	5
NLD	BWA	Netherlands*	Botswana	188	181	193	370	550	597	637	672	273
NLD	CAF	Netherlands*	Central African Republic	19	36	50	39	39	33	34	36	17
NLD	CAN	Netherlands*	Canada	130715	125102	118772	112635	102585	93101	78297	68248	33444
NLD	CHE	Netherlands*	Switzerland	11861	13493	15440	18469	21174	22904	23568	24215	12154
NLD	CHL	Netherlands*	Chile	436	492	564	638	678	800	869	932	731
NLD	CHN	Netherlands*	China	1674	1977	2353	2801	3299	2812	2307	2508	1332
NLD	CMR	Netherlands*	Cameroon	0	0	0	160	127	159	184	204	89
NLD	COK	Netherlands*	Cook Islands*	10	11	11	14	17	17	18	19	4
NLD	COL	Netherlands*	Colombia	297	338	311	290	372	493	625	722	229
NLD	CPV	Netherlands*	Cabo Verde	62	72	82	59	36	37	37	39	18
NLD	CRI	Netherlands*	Costa Rica	381	332	448	294	579	586	702	847	325
NLD	CUW	Netherlands*	Curaçao*	9603	9603	9603	9603	8746	9504	10562	14772	7118
NLD	CYM	Netherlands*	Cayman Islands*	11	22	40	36	36	38	41	45	5
NLD	CYP	Netherlands*	Cyprus	120	170	219	330	505	463	477	506	299
NLD	CZE	Netherlands*	Czechia	0	0	444	996	2075	2064	1849	1670	521
NLD	DMA	Netherlands*	Dominica	4	5	6	7	9	10	9	9	4
NLD	DNK	Netherlands*	Denmark*	2596	3633	4790	5544	6304	7057	7945	9170	4074
NLD	DOM	Netherlands*	Dominican Republic	578	642	706	636	565	593	617	666	234
NLD	ECU	Netherlands*	Ecuador	207	265	325	383	439	372	301	243	77
NLD	EGY	Netherlands*	Egypt	422	656	1030	1575	2208	0	3746	3809	2177
NLD	ESP	Netherlands*	Spain*	14387	17803	21865	36403	46628	44627	47465	57390	27301
NLD	EST	Netherlands*	Estonia	0	0	0	0	129	201	342	348	88
NLD	FIN	Netherlands*	Finland*	414	515	615	967	1237	1381	1653	1946	513
NLD	FRA	Netherlands*	France*	21603	25284	30219	37698	40337	39871	39848	40630	21610
NLD	GEO	Netherlands*	Georgia	0	0	12	11	11	11	10	10	6
NLD	GHA	Netherlands*	Ghana	131	131	146	205	152	187	213	238	104
NLD	GIN	Netherlands*	Guinea	0	0	0	0	0	38	35	34	10
NLD	GLP	Netherlands*	Guadeloupe*	318	425	531	652	772	739	731	726	418
NLD	GRC	Netherlands*	Greece	5508	4247	3056	3442	3966	3737	3819	4057	2564
NLD	GTM	Netherlands*	Guatemala	83	86	89	106	122	134	149	164	80
NLD	HKG	Netherlands*	China, Hong Kong SAR	683	763	842	919	999	1020	1063	1099	426
NLD	HND	Netherlands*	Honduras	69	69	68	67	65	91	92	94	27
NLD	HRV	Netherlands*	Croatia	232	250	241	523	804	809	759	723	384
NLD	HUN	Netherlands*	Hungary	181	1012	1843	2262	2701	3076	4264	5030	2130
NLD	ISL	Netherlands*	Iceland	112	133	153	228	297	288	408	616	282
NLD	ISR	Netherlands*	Israel	3876	4750	4894	4909	4937	5309	5722	6070	3636
NLD	ITA	Netherlands*	Italy	7854	8858	9669	10439	11699	12025	12901	13193	7872
NLD	JPN	Netherlands*	Japan	736	815	894	1049	1099	2323	2437	1798	494
NLD	KHM	Netherlands*	Cambodia	14	37	59	46	33	30	30	32	10
NLD	KWT	Netherlands*	Kuwait	1062	739	656	651	779	893	1035	1135	558
NLD	LBR	Netherlands*	Liberia	298	291	286	130	60	68	52	43	22
NLD	LBY	Netherlands*	Libya	3048	2158	1304	1436	1576	1764	1890	1998	834
NLD	LCA	Netherlands*	Saint Lucia	9	11	16	15	13	12	10	10	1
NLD	LIE	Netherlands*	Liechtenstein	40	51	62	64	68	75	80	86	50
NLD	LTU	Netherlands*	Lithuania	33	37	28	85	131	166	310	327	98
NLD	LUX	Netherlands*	Luxembourg	3092	3111	3163	3027	2926	4463	3986	4604	2127
NLD	LVA	Netherlands*	Latvia	16	29	42	89	134	135	161	148	45
NLD	MEX	Netherlands*	Mexico	518	635	781	916	1065	1146	1226	1296	463
NLD	MLT	Netherlands*	Malta	72	85	214	335	347	589	1282	2228	866
NLD	MNE	Netherlands*	Montenegro	148	148	148	148	138	155	154	153	120
NLD	NAM	Netherlands*	Namibia	763	729	679	536	516	505	539	572	291
NLD	NIC	Netherlands*	Nicaragua	117	93	160	232	248	267	278	288	154
NLD	NOR	Netherlands*	Norway*	3268	3552	4108	4697	7235	8590	9088	10105	4562
NLD	NZL	Netherlands*	New Zealand*	23466	23413	22400	22120	20681	19603	18472	16997	8487
NLD	PAN	Netherlands*	Panama	79	90	108	236	413	482	579	883	273
NLD	PER	Netherlands*	Peru	756	715	674	633	591	550	529	1050	357
NLD	POL	Netherlands*	Poland	298	482	779	1317	2266	4740	10264	16195	8162
NLD	PRI	Netherlands*	Puerto Rico*	53	55	59	46	28	27	11	10	5
NLD	PRT	Netherlands*	Portugal	1823	2476	3231	3666	3493	3960	4542	5110	2505
NLD	QAT	Netherlands*	Qatar	283	376	503	321	481	557	447	479	140
NLD	ROU	Netherlands*	Romania	32	107	224	355	463	571	678	765	91
NLD	SLV	Netherlands*	El Salvador	71	53	35	34	32	33	33	33	11
NLD	SRB	Netherlands*	Serbia*	924	596	372	382	497	647	842	965	431
NLD	SUR	Netherlands*	Suriname	1312	1621	2002	2450	2890	3138	3476	3774	1700
NLD	SVK	Netherlands*	Slovakia	11	163	360	404	453	585	780	848	254
NLD	SVN	Netherlands*	Slovenia	261	246	327	312	385	325	374	424	168
NLD	SWE	Netherlands*	Sweden	3486	3668	4430	5711	8513	10415	12609	15864	6972
NLD	SXM	Netherlands*	Sint Maarten (Dutch part)*	638	638	638	350	701	730	770	805	414
NLD	TJK	Netherlands*	Tajikistan	78	63	55	52	51	50	48	48	30
NLD	TUR	Netherlands*	Türkiye	9555	15511	21467	25209	28807	32195	37150	46268	24537
NLD	TWN	Netherlands*	China, Taiwan Province of China	138	180	218	187	190	231	398	364	73
NLD	VEN	Netherlands*	Venezuela (Bolivarian Republic of)	649	628	603	628	661	690	649	619	258
NLD	ZAF	Netherlands*	South Africa	21580	17218	10974	9856	10167	6901	4062	3911	1938
NOR	ARG	Norway*	Argentina	241	233	228	241	263	272	281	287	163
NOR	AUS	Norway*	Australia*	2299	2647	3985	4392	4347	4382	4100	3910	2303
NOR	BGD	Norway*	Bangladesh	4240	7022	9804	11669	13509	14311	14032	19278	13322
NOR	BGR	Norway*	Bulgaria	4	24	43	66	88	230	545	749	360
NOR	BHS	Norway*	Bahamas	13	11	10	11	11	12	11	12	8
NOR	BLR	Norway*	Belarus	49	56	63	61	58	61	59	58	25
NOR	BOL	Norway*	Bolivia (Plurinational State of)	92	46	0	42	83	98	107	119	63
NOR	BRA	Norway*	Brazil	286	207	153	284	542	783	975	701	229
NOR	BWA	Norway*	Botswana	116	111	118	227	338	367	391	413	181
NOR	CAN	Norway*	Canada	8471	7295	6264	5324	4884	4534	3947	3410	1729
NOR	CHL	Norway*	Chile	154	216	290	345	364	424	456	486	397
NOR	CHN	Norway*	China	429	502	597	711	832	567	372	398	211
NOR	CRI	Norway*	Costa Rica	42	40	58	39	76	76	91	110	40
NOR	CYP	Norway*	Cyprus	50	71	91	137	209	191	196	208	135
NOR	DNK	Norway*	Denmark*	13930	14613	16285	17483	18594	19604	20381	20886	12677
NOR	DOM	Norway*	Dominican Republic	67	75	82	67	53	54	56	60	25
NOR	EGY	Norway*	Egypt	143	181	231	284	321	0	353	302	158
NOR	EST	Norway*	Estonia	0	0	0	0	150	203	458	467	159
NOR	FIN	Norway*	Finland*	904	853	802	1189	1473	1607	1852	2180	1017
NOR	FRO	Norway*	Faroe Islands*	151	98	129	153	172	178	200	238	119
NOR	GIN	Norway*	Guinea	0	0	0	0	0	2	0	0	0
NOR	GRC	Norway*	Greece	958	701	455	492	547	515	525	558	356
NOR	GRL	Norway*	Greenland*	106	67	90	57	71	68	65	64	21
NOR	HRV	Norway*	Croatia	0	16	30	71	112	113	104	99	49
NOR	HUN	Norway*	Hungary	118	456	793	973	1161	1158	1479	1745	1062
NOR	ISL	Norway*	Iceland	683	760	836	921	985	1036	1390	2098	1085
NOR	ITA	Norway*	Italy	687	848	1014	1181	1453	1695	1822	1722	1000
NOR	LBY	Norway*	Libya	302	271	246	272	300	334	357	377	137
NOR	LIE	Norway*	Liechtenstein	6	9	13	9	6	6	7	7	5
NOR	LKA	Norway*	Sri Lanka	1	14	28	57	116	117	117	118	58
NOR	LTU	Norway*	Lithuania	43	49	38	632	1142	1418	2763	2911	1315
NOR	LUX	Norway*	Luxembourg	171	161	154	133	115	175	262	303	146
NOR	LVA	Norway*	Latvia	22	37	52	123	192	325	443	408	162
NOR	MEX	Norway*	Mexico	89	110	135	155	177	190	204	214	88
NOR	MLT	Norway*	Malta	5	7	19	31	54	91	196	341	78
NOR	NAM	Norway*	Namibia	79	75	71	56	53	51	53	56	37
NOR	PAN	Norway*	Panama	7	6	6	32	66	77	91	139	49
NOR	POL	Norway*	Poland	93	150	242	475	1006	2800	8212	13563	6293
NOR	PRT	Norway*	Portugal	82	177	281	312	292	331	378	425	219
NOR	SVK	Norway*	Slovakia	3	197	447	502	563	750	1097	1193	651
NOR	SVN	Norway*	Slovenia	0	0	9	18	25	16	30	34	15
NOR	SWE	Norway*	Sweden	52690	45532	42315	44840	43617	42161	41346	39914	21526
NOR	VEN	Norway*	Venezuela (Bolivarian Republic of)	80	78	77	80	86	90	84	80	37
NOR	ZAF	Norway*	South Africa	544	503	465	406	347	296	255	250	138
NPL	ARE	Nepal	United Arab Emirates	1724	2182	2747	8650	17425	21945	22984	26097	9678
NPL	AUS	Nepal	Australia*	799	1294	2030	3799	26859	50235	128651	197472	93564
NPL	BEL	Nepal	Belgium	232	375	606	979	2381	3568	4257	5887	2848
NPL	BGD	Nepal	Bangladesh	9670	11361	13051	24995	33308	39059	38301	52621	36367
NPL	BGR	Nepal	Bulgaria	1	2	3	4	5	8	16	22	7
NPL	BHR	Nepal	Bahrain	233	260	273	1023	2021	2268	2470	2641	817
NPL	BOL	Nepal	Bolivia (Plurinational State of)	0	1	1	3	5	7	6	7	4
NPL	BRA	Nepal	Brazil	68	63	58	55	50	112	444	1370	242
NPL	BRN	Nepal	Brunei Darussalam	3665	4337	5008	5120	5232	5344	5822	6237	1402
NPL	BTN	Nepal	Bhutan	334	392	451	565	679	717	751	780	316
NPL	CAN	Nepal	Canada	84	287	790	2907	7774	13971	18561	29554	14617
NPL	CHL	Nepal	Chile	12	11	22	44	83	172	238	281	232
NPL	CHN	Nepal	China	1203	1414	1683	2002	2349	1773	1288	1388	737
NPL	CRI	Nepal	Costa Rica	7	5	6	5	9	8	9	11	1
NPL	CYP	Nepal	Cyprus	14	20	26	39	59	54	54	57	6
NPL	DNK	Nepal	Denmark*	38	65	115	188	1489	2948	4331	8562	3901
NPL	EST	Nepal	Estonia	0	0	0	0	20	41	145	148	34
NPL	FIN	Nepal	Finland*	16	49	82	631	899	2298	3595	4232	1421
NPL	GEO	Nepal	Georgia	0	0	18	17	17	17	16	16	0
NPL	GIN	Nepal	Guinea	0	0	0	0	0	25	22	21	4
NPL	GRC	Nepal	Greece	29	21	14	33	53	49	66	70	34
NPL	HKG	Nepal	China, Hong Kong SAR	6254	6980	7706	8413	9141	9342	9741	10073	5655
NPL	HUN	Nepal	Hungary	0	19	38	47	56	52	113	133	46
NPL	IND	Nepal	India	479544	543728	628223	709768	794073	746906	696618	663518	551947
NPL	ISL	Nepal	Iceland	8	12	15	56	94	98	129	195	85
NPL	ITA	Nepal	Italy	87	147	237	600	1223	1804	2452	2550	1115
NPL	JPN	Nepal	Japan	2800	4556	7358	11806	19060	49012	98765	185644	85313
NPL	KHM	Nepal	Cambodia	21	55	89	69	50	45	46	49	21
NPL	KOR	Nepal	Republic of Korea	6	460	1383	4678	12530	27532	39667	43743	5859
NPL	KWT	Nepal	Kuwait	1392	1150	1282	1419	1851	20658	23979	26292	10506
NPL	LIE	Nepal	Liechtenstein	0	0	0	0	2	4	1	1	0
NPL	LKA	Nepal	Sri Lanka	4	43	84	167	337	340	343	347	115
NPL	LTU	Nepal	Lithuania	9	7	6	5	3	12	15	16	2
NPL	LUX	Nepal	Luxembourg	30	28	27	23	20	30	362	418	189
NPL	LVA	Nepal	Latvia	1	1	2	8	14	16	45	41	9
NPL	MNP	Nepal	Northern Mariana Islands*	156	191	239	221	140	125	124	125	23
NPL	MYS	Nepal	Malaysia	0	291	666	192332	251416	502596	502596	502596	140224
NPL	NOR	Nepal	Norway*	52	71	164	325	719	1559	2233	2483	1135
NPL	NZL	Nepal	New Zealand*	345	345	345	547	1105	2507	4839	6832	2856
NPL	OMN	Nepal	Oman	4186	4281	4377	4835	6385	14527	14036	18147	1948
NPL	PRT	Nepal	Portugal	9	20	32	272	468	530	6637	7466	2447
NPL	QAT	Nepal	Qatar	319	424	567	23536	63862	187390	248899	266580	65169
NPL	SAU	Nepal	Saudi Arabia	8158	12361	12879	19970	73840	280894	297930	297561	4705
NPL	SVK	Nepal	Slovakia	0	0	1	1	1	9	12	13	3
NPL	SVN	Nepal	Slovenia	0	0	5	9	12	14	27	31	11
NPL	SYC	Nepal	Seychelles	27	33	39	98	157	175	177	180	19
NPL	USA	Nepal	United States of America*	2367	5366	15100	25899	65157	121642	175669	264317	128368
NPL	ZAF	Nepal	South Africa	11	3	48	87	123	288	366	370	139
NRU	AUS	Nauru	Australia*	439	481	494	570	630	688	730	782	409
NRU	BGR	Nauru	Bulgaria	0	1	1	2	2	2	1	1	0
NRU	DNK	Nauru	Denmark*	0	0	0	0	0	2	3	2	1
NRU	GIN	Nauru	Guinea	0	0	0	0	0	18	16	15	4
NRU	HUN	Nauru	Hungary	0	0	0	0	0	3	0	0	0
NRU	KIR	Nauru	Kiribati	921	988	1055	1250	1446	1471	1586	1675	838
NRU	TUV	Nauru	Tuvalu	7	6	5	5	6	6	5	5	3
NRU	WSM	Nauru	Samoa	3	6	10	9	8	6	4	4	3
NZL	ARG	New Zealand*	Argentina	213	207	202	214	234	242	249	255	145
NZL	ASM	New Zealand*	American Samoa*	237	233	229	478	726	724	725	727	359
NZL	ATG	New Zealand*	Antigua and Barbuda	3	7	10	11	11	12	11	11	5
NZL	AUS	New Zealand*	Australia*	263301	304515	366287	424120	520509	575163	583769	588088	289471
NZL	BGR	New Zealand*	Bulgaria	5	9	12	17	20	42	63	87	36
NZL	BHS	New Zealand*	Bahamas	14	16	19	21	22	24	24	25	18
NZL	BOL	New Zealand*	Bolivia (Plurinational State of)	34	35	35	45	55	65	70	78	33
NZL	BRA	New Zealand*	Brazil	5	332	271	295	270	288	307	320	144
NZL	BRN	New Zealand*	Brunei Darussalam	119	156	192	196	200	204	220	236	96
NZL	BTN	New Zealand*	Bhutan	11	13	15	19	23	24	24	25	8
NZL	CAN	New Zealand*	Canada	7382	7925	8499	9315	11496	12381	10929	10875	4824
NZL	CHL	New Zealand*	Chile	85	119	151	192	232	310	360	400	330
NZL	CHN	New Zealand*	China	1787	2119	2523	3003	3574	3580	3452	3811	2024
NZL	COK	New Zealand*	Cook Islands*	2155	2234	2319	2329	2340	2294	2520	2718	1418
NZL	CRI	New Zealand*	Costa Rica	14	11	13	10	18	17	20	24	18
NZL	CYM	New Zealand*	Cayman Islands*	17	33	58	53	53	57	63	69	21
NZL	CYP	New Zealand*	Cyprus	23	33	42	64	98	89	91	97	60
NZL	DNK	New Zealand*	Denmark*	323	434	540	610	720	838	921	1003	401
NZL	EST	New Zealand*	Estonia	0	0	0	0	11	16	29	30	8
NZL	FIN	New Zealand*	Finland*	36	54	72	129	174	198	254	299	82
NZL	FJI	New Zealand*	Fiji	1211	1045	870	548	588	606	619	631	290
NZL	FLK	New Zealand*	Falkland Islands (Malvinas)*	37	49	52	73	24	26	31	37	18
NZL	GBR	New Zealand*	United Kingdom*	39953	47640	56738	60058	62311	58621	54300	50762	22877
NZL	GIN	New Zealand*	Guinea	0	0	0	0	0	2	0	0	0
NZL	GRC	New Zealand*	Greece	567	530	501	502	520	489	499	530	332
NZL	HKG	New Zealand*	China, Hong Kong SAR	1506	1681	1856	2026	2201	2249	2345	2425	940
NZL	HRV	New Zealand*	Croatia	82	72	55	85	115	116	107	102	53
NZL	HUN	New Zealand*	Hungary	0	61	121	149	176	175	246	290	129
NZL	IMN	New Zealand*	Isle of Man*	48	55	61	76	91	85	85	86	38
NZL	ISL	New Zealand*	Iceland	86	62	37	43	48	50	78	118	51
NZL	ITA	New Zealand*	Italy	429	508	581	653	774	813	944	959	532
NZL	JPN	New Zealand*	Japan	1174	1970	3132	3743	3272	5518	5855	3785	1093
NZL	KIR	New Zealand*	Kiribati	42	38	35	44	54	54	56	59	18
NZL	LCA	New Zealand*	Saint Lucia	1	0	1	1	2	1	0	0	0
NZL	LIE	New Zealand*	Liechtenstein	0	0	0	0	2	4	6	6	5
NZL	LKA	New Zealand*	Sri Lanka	1	13	27	54	110	111	111	112	56
NZL	LTU	New Zealand*	Lithuania	6	4	4	3	2	8	11	12	5
NZL	LUX	New Zealand*	Luxembourg	23	21	20	17	15	22	97	112	47
NZL	LVA	New Zealand*	Latvia	5	8	11	12	14	5	13	12	3
NZL	MDV	New Zealand*	Maldives	6	8	10	13	15	17	17	18	1
NZL	MLT	New Zealand*	Malta	9	11	13	17	35	59	127	221	78
NZL	MYS	New Zealand*	Malaysia	592	592	592	592	592	592	592	592	274
NZL	NAM	New Zealand*	Namibia	74	70	67	52	50	48	50	53	22
NZL	NCL	New Zealand*	New Caledonia*	98	113	129	137	146	111	116	122	67
NZL	NIU	New Zealand*	Niue*	233	192	152	160	328	335	342	342	164
NZL	NOR	New Zealand*	Norway*	266	305	316	362	527	630	635	706	278
NZL	NRU	New Zealand*	Nauru	32	29	27	25	2	3	3	3	0
NZL	PAN	New Zealand*	Panama	17	24	33	35	44	50	59	90	24
NZL	PNG	New Zealand*	Papua New Guinea	2540	2602	1948	2068	1754	1778	1783	1789	534
NZL	PRT	New Zealand*	Portugal	13	29	47	46	39	44	48	54	34
NZL	PYF	New Zealand*	French Polynesia*	99	108	116	121	117	111	111	111	52
NZL	SGP	New Zealand*	Singapore	892	1191	1523	1616	2215	2756	2966	3378	1583
NZL	SLB	New Zealand*	Solomon Islands	141	140	134	103	79	73	71	70	29
NZL	SVK	New Zealand*	Slovakia	1	10	22	25	28	43	63	68	25
NZL	SVN	New Zealand*	Slovenia	0	0	0	0	23	27	28	32	15
NZL	SWZ	New Zealand*	Eswatini	4	2	5	13	21	25	23	23	7
NZL	TJK	New Zealand*	Tajikistan	166	135	117	112	111	109	107	107	55
NZL	TKL	New Zealand*	Tokelau*	103	103	94	94	158	169	166	172	118
NZL	TLS	New Zealand*	Timor-Leste	139	151	165	175	179	72	70	69	24
NZL	VEN	New Zealand*	Venezuela (Bolivarian Republic of)	16	15	15	15	17	18	16	15	7
NZL	VUT	New Zealand*	Vanuatu	154	165	173	251	299	318	325	331	165
NZL	WSM	New Zealand*	Samoa	1041	1468	1885	1775	1551	1290	1218	1164	613
NZL	ZAF	New Zealand*	South Africa	1563	1351	1166	1224	1370	1240	1039	1026	414
OMN	AUS	Oman	Australia*	74	119	343	852	1237	1577	1877	1986	949
OMN	BGR	Oman	Bulgaria	0	1	1	2	2	4	9	12	0
OMN	BOL	Oman	Bolivia (Plurinational State of)	1	1	1	1	0	0	0	0	0
OMN	CHL	Oman	Chile	30	37	49	71	106	179	416	458	378
OMN	CRI	Oman	Costa Rica	2	2	2	2	4	3	3	4	0
OMN	CYP	Oman	Cyprus	16	23	29	44	65	59	60	64	27
OMN	DNK	Oman	Denmark*	1	11	15	14	19	31	35	44	20
OMN	EGY	Oman	Egypt	349	350	350	338	300	0	204	144	52
OMN	EST	Oman	Estonia	0	0	0	0	0	0	3	3	1
OMN	FIN	Oman	Finland*	2	2	2	4	5	10	16	19	11
OMN	GRC	Oman	Greece	3	3	3	4	5	4	2	2	0
OMN	HUN	Oman	Hungary	14	13	11	14	17	20	36	42	21
OMN	ISL	Oman	Iceland	0	0	0	0	0	2	2	3	3
OMN	LBY	Oman	Libya	1246	1236	1247	1374	1508	1688	1806	1909	381
OMN	LKA	Oman	Sri Lanka	3	41	81	161	325	328	331	335	176
OMN	LTU	Oman	Lithuania	2	0	0	0	0	1	5	5	2
OMN	LUX	Oman	Luxembourg	0	0	0	0	0	0	5	6	4
OMN	NOR	Oman	Norway*	10	13	28	26	35	54	45	50	19
OMN	PSE	Oman	State of Palestine	9110	8902	8695	10368	10342	11667	11984	11971	6049
OMN	SVK	Oman	Slovakia	0	0	0	0	0	3	4	4	4
OMN	SVN	Oman	Slovenia	0	0	1	0	2	1	0	0	0
OMN	TJK	Oman	Tajikistan	57	46	40	38	37	36	34	34	16
PAK	AFG	Pakistan	Afghanistan	8107	17225	26343	37163	47984	268369	102500	69788	35753
PAK	ARE	Pakistan	United Arab Emirates	158191	222210	296606	376533	622486	783994	821140	932356	269711
PAK	ATG	Pakistan	Antigua and Barbuda	7	4	0	0	0	0	0	0	0
PAK	AUS	Pakistan	Australia*	5079	7954	11043	16755	30553	62116	95549	127340	49843
PAK	AUT	Pakistan	Austria	812	1275	1976	3335	4328	5664	6013	6739	2345
PAK	BEL	Pakistan	Belgium	2018	2820	3942	6355	9458	12192	13612	15808	6428
PAK	BGR	Pakistan	Bulgaria	23	25	27	33	37	137	290	399	149
PAK	BHR	Pakistan	Bahrain	21404	26242	29629	45023	71918	80701	87909	93973	21092
PAK	BHS	Pakistan	Bahamas	15	13	11	6	0	0	0	0	0
PAK	BLR	Pakistan	Belarus	24	37	49	47	45	47	45	44	0
PAK	BMU	Pakistan	Bermuda*	13	18	19	18	17	26	29	30	12
PAK	BOL	Pakistan	Bolivia (Plurinational State of)	55	42	29	25	20	24	25	28	6
PAK	BRA	Pakistan	Brazil	136	150	184	220	278	1057	2441	922	329
PAK	BRN	Pakistan	Brunei Darussalam	378	574	770	787	804	821	893	957	314
PAK	BTN	Pakistan	Bhutan	10	12	14	17	20	22	21	22	0
PAK	BWA	Pakistan	Botswana	145	175	223	374	402	436	464	490	231
PAK	CAN	Pakistan	Canada	21631	40307	71770	126983	156541	201180	229623	266682	131494
PAK	CHL	Pakistan	Chile	8	56	103	180	300	549	728	845	697
PAK	CHN	Pakistan	China	3780	4486	5339	6460	7670	7768	7663	8464	4496
PAK	CRI	Pakistan	Costa Rica	6	5	7	6	10	9	11	13	0
PAK	CYM	Pakistan	Cayman Islands*	34	66	114	103	102	110	121	132	46
PAK	CYP	Pakistan	Cyprus	129	183	236	1409	544	499	1374	1458	94
PAK	DNK	Pakistan	Denmark*	7574	8614	9895	10454	11287	13418	14208	14908	7196
PAK	DOM	Pakistan	Dominican Republic	166	185	203	139	76	79	81	87	22
PAK	ECU	Pakistan	Ecuador	12	12	25	76	431	243	207	159	40
PAK	EGY	Pakistan	Egypt	373	382	391	386	351	0	251	186	80
PAK	ESP	Pakistan	Spain*	1246	3332	8491	37723	61322	64554	98597	126260	37017
PAK	EST	Pakistan	Estonia	0	0	0	0	32	72	261	266	67
PAK	FIN	Pakistan	Finland*	139	237	334	860	1179	2129	3134	3689	1229
PAK	FJI	Pakistan	Fiji	1294	1382	1456	1650	1771	1824	1867	1903	876
PAK	FRA	Pakistan	France*	9526	10800	12724	16935	20229	26302	31711	36278	13590
PAK	GBR	Pakistan	United Kingdom*	227526	267139	312751	387949	486938	562645	642044	703309	335456
PAK	GEO	Pakistan	Georgia	0	0	86	81	81	85	86	88	5
PAK	GHA	Pakistan	Ghana	47	47	52	73	55	67	76	85	39
PAK	GIN	Pakistan	Guinea	0	0	0	0	0	19	17	16	2
PAK	GRC	Pakistan	Greece	5947	8295	10780	21381	33141	31230	8823	9373	4661
PAK	GTM	Pakistan	Guatemala	17	17	16	20	23	25	26	29	15
PAK	HKG	Pakistan	China, Hong Kong SAR	5062	5650	6237	6809	7398	7560	7882	8150	3623
PAK	HUN	Pakistan	Hungary	205	182	158	194	232	3677	1055	1244	324
PAK	IDN	Pakistan	Indonesia	0	0	8	5	15	485	325	244	85
PAK	IND	Pakistan	India	1826106	1553996	1331798	1120825	940336	873404	814599	768138	394766
PAK	IRL	Pakistan	Ireland	708	1059	2942	5353	7888	12019	14470	16059	6546
PAK	IRN	Pakistan	Iran (Islamic Republic of)	9925	8297	15251	18233	19207	16032	12575	12822	5373
PAK	IRQ	Pakistan	Iraq	525	619	587	683	698	682	688	698	183
PAK	ISL	Pakistan	Iceland	8	10	12	20	26	38	94	142	38
PAK	ITA	Pakistan	Italy	4805	8124	13154	33479	58148	85091	128470	158436	39708
PAK	JPN	Pakistan	Japan	1917	4404	7203	8616	10233	12638	19338	25754	7036
PAK	KAZ	Pakistan	Kazakhstan	881	613	480	483	501	519	538	563	250
PAK	KHM	Pakistan	Cambodia	19	50	81	63	45	41	42	44	21
PAK	KWT	Pakistan	Kuwait	127721	114542	138456	164874	225460	284598	330375	362255	103698
PAK	LBY	Pakistan	Libya	1104	1445	1810	1995	2189	2451	2625	2775	680
PAK	LCA	Pakistan	Saint Lucia	8	10	14	8	3	2	0	0	0
PAK	LIE	Pakistan	Liechtenstein	0	0	0	0	4	7	7	7	2
PAK	LKA	Pakistan	Sri Lanka	173	248	324	482	809	1085	1083	1095	488
PAK	LSO	Pakistan	Lesotho	308	266	215	219	223	318	419	522	231
PAK	LTU	Pakistan	Lithuania	35	40	31	50	63	91	7	7	4
PAK	LUX	Pakistan	Luxembourg	0	0	0	0	0	0	279	322	127
PAK	LVA	Pakistan	Latvia	16	25	34	34	35	24	228	210	22
PAK	MDV	Pakistan	Maldives	79	92	100	104	203	303	329	353	68
PAK	MEX	Pakistan	Mexico	39	49	61	93	145	232	359	546	164
PAK	MLT	Pakistan	Malta	54	64	81	97	149	253	549	954	433
PAK	MMR	Pakistan	Myanmar	5171	4685	3980	3371	3102	2975	3101	3207	875
PAK	MNG	Pakistan	Mongolia	12	13	15	15	17	21	21	22	0
PAK	MOZ	Pakistan	Mozambique	516	711	828	1139	1298	1345	1412	1472	555
PAK	MUS	Pakistan	Mauritius	1	3	7	82	163	187	187	189	106
PAK	MYS	Pakistan	Malaysia	0	1356	3101	13353	29013	74186	79544	79288	8893
PAK	NAM	Pakistan	Namibia	246	235	219	173	166	162	173	184	18
PAK	NLD	Pakistan	Netherlands*	9069	9701	10677	10897	11267	12083	14786	18061	7924
PAK	NOR	Pakistan	Norway*	10470	11567	13283	15081	17152	19283	21140	23507	11439
PAK	NPL	Pakistan	Nepal	2371	2734	2470	2156	1296	1268	1212	1170	421
PAK	NZL	Pakistan	New Zealand*	526	800	1252	2090	2616	4222	6155	6954	3237
PAK	OMN	Pakistan	Oman	64676	66131	67619	74698	98635	224428	216837	280339	49607
PAK	PAN	Pakistan	Panama	43	45	51	55	72	84	99	151	59
PAK	PRK	Pakistan	Dem. People's Republic of Korea	72	90	107	131	154	170	172	175	86
PAK	PRT	Pakistan	Portugal	250	540	852	1395	1708	1935	2217	2494	841
PAK	QAT	Pakistan	Qatar	232	309	413	51530	140477	164972	230830	247227	47917
PAK	SAU	Pakistan	Saudi Arabia	488673	585250	614620	790642	1195820	1824586	1818172	1937044	179308
PAK	SLE	Pakistan	Sierra Leone	0	0	0	122	107	94	86	80	31
PAK	SVK	Pakistan	Slovakia	2	25	93	125	69	90	122	133	13
PAK	SVN	Pakistan	Slovenia	3	5	13	16	18	26	42	48	12
PAK	SWE	Pakistan	Sweden	1604	2528	3030	4425	9818	11304	20142	31536	12938
PAK	SYC	Pakistan	Seychelles	23	17	11	16	22	24	23	23	4
PAK	TJK	Pakistan	Tajikistan	178	144	125	108	107	105	103	103	49
PAK	TLS	Pakistan	Timor-Leste	190	207	226	240	245	306	301	298	103
PAK	TUR	Pakistan	Türkiye	1138	1138	1138	1620	2133	2945	9410	26088	9705
PAK	TZA	Pakistan	United Republic of Tanzania	407	517	545	617	635	668	595	646	260
PAK	USA	Pakistan	United States of America*	89974	102374	219562	262433	309705	390102	412484	452748	228582
PAK	VEN	Pakistan	Venezuela (Bolivarian Republic of)	12	11	11	11	13	14	12	11	0
PAK	ZAF	Pakistan	South Africa	436	1259	3536	16242	14252	23267	24913	17393	3065
PAN	ARG	Panama	Argentina	956	895	835	775	715	651	596	598	340
PAN	AUS	Panama	Australia*	106	128	140	172	218	255	314	344	191
PAN	BGR	Panama	Bulgaria	4	4	4	5	6	7	7	10	3
PAN	BHS	Panama	Bahamas	17	15	14	31	48	52	54	57	38
PAN	BOL	Panama	Bolivia (Plurinational State of)	92	95	97	96	94	110	121	135	63
PAN	BRA	Panama	Brazil	587	560	544	539	508	506	497	592	149
PAN	CHL	Panama	Chile	306	393	487	572	618	738	810	874	720
PAN	CHN	Panama	China	446	527	627	747	885	819	729	800	425
PAN	COL	Panama	Colombia	1797	1813	1734	1670	2055	2566	3113	3506	1623
PAN	CRI	Panama	Costa Rica	8692	7652	10438	6205	11261	11424	13711	16546	7700
PAN	CUB	Panama	Cuba	184	140	98	61	37	21	11	8	6
PAN	CYM	Panama	Cayman Islands*	42	81	140	127	126	136	151	165	75
PAN	CYP	Panama	Cyprus	5	7	9	13	20	18	18	19	1
PAN	DNK	Panama	Denmark*	28	27	36	45	67	88	107	184	110
PAN	DOM	Panama	Dominican Republic	699	777	854	787	721	756	789	851	409
PAN	ECU	Panama	Ecuador	364	388	400	411	426	427	431	422	242
PAN	EST	Panama	Estonia	0	0	0	0	0	1	7	7	1
PAN	FIN	Panama	Finland*	10	11	12	17	20	23	29	34	15
PAN	GRC	Panama	Greece	286	210	137	149	166	155	158	168	86
PAN	GTM	Panama	Guatemala	242	216	190	226	261	286	321	353	167
PAN	HND	Panama	Honduras	190	243	296	290	284	398	406	413	175
PAN	HUN	Panama	Hungary	8	13	18	22	26	28	29	34	17
PAN	ISL	Panama	Iceland	1	2	2	4	6	6	7	11	5
PAN	ITA	Panama	Italy	514	608	694	799	947	984	1127	1170	812
PAN	JAM	Panama	Jamaica	73	77	80	78	76	74	74	75	41
PAN	LCA	Panama	Saint Lucia	12	16	22	15	8	7	5	5	0
PAN	LIE	Panama	Liechtenstein	0	0	0	0	6	7	6	6	4
PAN	LUX	Panama	Luxembourg	0	0	0	0	0	0	24	28	20
PAN	MEX	Panama	Mexico	1606	1650	1645	1704	1767	1842	1968	2241	1098
PAN	NIC	Panama	Nicaragua	442	351	347	352	376	405	423	439	191
PAN	NOR	Panama	Norway*	12	21	27	36	52	60	85	95	62
PAN	PER	Panama	Peru	273	284	296	308	353	436	545	878	452
PAN	PRI	Panama	Puerto Rico*	1873	1661	1454	1104	617	921	589	532	284
PAN	PRT	Panama	Portugal	35	75	119	81	30	35	38	43	24
PAN	SLV	Panama	El Salvador	557	456	354	394	433	451	458	464	251
PAN	SVK	Panama	Slovakia	0	0	2	2	2	14	14	15	7
PAN	SVN	Panama	Slovenia	0	0	0	0	3	2	1	1	0
PAN	USA	Panama	United States of America*	122158	111384	142983	149078	149120	152154	151193	161903	90354
PAN	VEN	Panama	Venezuela (Bolivarian Republic of)	1470	1203	976	925	886	880	828	790	431
PER	ABW	Peru	Aruba*	141	540	939	1019	1079	1134	1268	1739	871
PER	ARG	Peru	Argentina	25881	44370	76091	111594	154521	157001	156455	156019	78743
PER	AUS	Peru	Australia*	4190	5103	5784	6712	9577	11282	12802	14420	8233
PER	BEL	Peru	Belgium	891	1233	1708	2365	3175	3612	4110	4891	3080
PER	BGR	Peru	Bulgaria	7	10	12	16	19	26	33	45	21
PER	BHS	Peru	Bahamas	43	41	39	165	290	314	335	355	198
PER	BOL	Peru	Bolivia (Plurinational State of)	7138	8306	9386	9549	9691	11284	12565	14028	5933
PER	BRA	Peru	Brazil	6355	8101	10477	12776	14651	17141	19436	21594	8615
PER	CAN	Peru	Canada	10999	13521	16524	21505	26783	30711	31394	33504	18845
PER	CHE	Peru	Switzerland	4982	5587	6313	7540	8542	9713	10913	12080	7785
PER	CHL	Peru	Chile	6168	11847	27804	55936	128416	172661	232904	261522	130176
PER	CHN	Peru	China	204	242	288	343	412	528	652	767	407
PER	COL	Peru	Colombia	3349	3711	3881	4062	4556	5124	5716	6178	2366
PER	CPV	Peru	Cabo Verde	4	4	4	4	3	3	2	2	0
PER	CRI	Peru	Costa Rica	2225	2045	2887	1893	3730	3783	4540	5479	2534
PER	CUB	Peru	Cuba	191	145	88	78	65	52	39	28	17
PER	CUW	Peru	Curaçao*	108	108	108	108	98	105	122	171	94
PER	CYM	Peru	Cayman Islands*	4	8	15	14	15	15	16	17	10
PER	CYP	Peru	Cyprus	8	12	15	23	35	31	31	33	21
PER	DNK	Peru	Denmark*	256	400	547	711	969	1067	1227	1405	922
PER	DOM	Peru	Dominican Republic	1991	2212	2432	1897	1360	1428	1489	1606	629
PER	ECU	Peru	Ecuador	2933	3930	5226	8891	20965	16015	15265	14275	6954
PER	ESP	Peru	Spain*	10600	21904	44357	114654	198419	183395	243343	352470	198130
PER	EST	Peru	Estonia	0	0	0	0	15	20	39	40	12
PER	FIN	Peru	Finland*	88	125	161	291	383	471	613	722	396
PER	FRO	Peru	Faroe Islands*	0	0	1	2	5	15	19	23	15
PER	GEO	Peru	Georgia	0	0	22	20	20	20	19	20	18
PER	GRC	Peru	Greece	209	187	168	233	308	290	296	314	216
PER	GTM	Peru	Guatemala	210	249	288	343	397	436	491	540	228
PER	GUF	Peru	French Guiana*	309	344	379	399	419	584	656	720	354
PER	HND	Peru	Honduras	291	288	285	280	274	384	392	399	168
PER	HRV	Peru	Croatia	53	50	41	63	85	86	79	75	46
PER	HTI	Peru	Haiti	351	333	316	300	315	330	345	358	143
PER	HUN	Peru	Hungary	72	111	149	183	219	188	267	315	149
PER	ISL	Peru	Iceland	20	30	39	56	72	75	105	159	100
PER	ISR	Peru	Israel	539	686	1114	1731	2520	2746	2978	3175	1491
PER	ITA	Peru	Italy	10777	18025	29163	56020	89556	106231	114931	127352	79504
PER	JPN	Peru	Japan	8100	32756	45004	55847	55168	48049	48787	47836	22855
PER	LIE	Peru	Liechtenstein	0	0	0	0	14	15	14	15	9
PER	LTU	Peru	Lithuania	5	3	3	3	1	5	11	12	7
PER	LUX	Peru	Luxembourg	96	91	87	75	65	99	528	610	360
PER	LVA	Peru	Latvia	3	5	7	7	8	7	9	8	3
PER	MEX	Peru	Mexico	2773	3300	3850	4761	5908	7209	8821	10394	4667
PER	MLT	Peru	Malta	8	10	12	15	22	38	81	141	78
PER	NIC	Peru	Nicaragua	221	176	185	199	212	228	237	246	102
PER	NOR	Peru	Norway*	277	417	548	785	1161	1476	1669	1856	1151
PER	PAN	Peru	Panama	1781	2170	2697	2888	3666	4290	5155	7864	3326
PER	PRI	Peru	Puerto Rico*	703	916	1132	925	603	686	2094	1892	1010
PER	PRK	Peru	Dem. People's Republic of Korea	87	207	327	401	474	522	533	543	268
PER	PRT	Peru	Portugal	59	127	202	247	252	285	324	364	218
PER	SLV	Peru	El Salvador	246	209	172	198	224	234	237	240	98
PER	SVK	Peru	Slovakia	5	17	35	40	45	59	76	83	23
PER	SVN	Peru	Slovenia	4	7	12	21	36	52	61	69	38
PER	SWE	Peru	Sweden	2646	3267	4434	5406	6643	7454	8069	8735	4777
PER	URY	Peru	Uruguay	555	240	104	96	88	90	106	137	40
PER	USA	Peru	United States of America*	153217	247609	292068	381086	431044	458582	463475	512316	275597
PER	VEN	Peru	Venezuela (Bolivarian Republic of)	29635	32973	36348	39846	44126	47007	44319	42281	19005
PHL	ABW	Philippines	Aruba*	217	486	754	863	955	1004	1121	1537	798
PHL	AND	Philippines	Andorra	146	222	297	392	443	425	457	485	219
PHL	ARE	Philippines	United Arab Emirates	59910	90400	124993	198805	352872	444426	465483	528527	165127
PHL	ASM	Philippines	American Samoa*	379	520	661	889	1117	1115	1118	1122	496
PHL	AUS	Philippines	Australia*	71142	97920	112172	134758	183866	241235	305063	356833	212894
PHL	AUT	Philippines	Austria	5375	6737	8281	10867	11916	12725	13494	14332	9641
PHL	BEL	Philippines	Belgium	1488	2698	4891	6939	8658	10549	12048	13572	10204
PHL	BGR	Philippines	Bulgaria	10	15	20	27	33	72	155	213	187
PHL	BHR	Philippines	Bahrain	8106	10594	12485	23669	40796	45779	49867	53307	13262
PHL	BHS	Philippines	Bahamas	64	103	143	587	1031	1117	1196	1266	651
PHL	BMU	Philippines	Bermuda*	92	142	345	708	1126	1302	1782	1821	974
PHL	BOL	Philippines	Bolivia (Plurinational State of)	14	26	37	39	40	48	52	58	32
PHL	BRA	Philippines	Brazil	5	433	354	385	351	465	955	746	245
PHL	BRN	Philippines	Brunei Darussalam	7837	10226	12614	12895	13176	13457	14664	15708	8998
PHL	BTN	Philippines	Bhutan	9	10	12	15	18	19	18	19	3
PHL	CAN	Philippines	Canada	113359	177292	224039	289111	462997	603495	702144	835779	482107
PHL	CHE	Philippines	Switzerland	6925	7723	8686	10437	11778	13336	14950	16482	12638
PHL	CHL	Philippines	Chile	54	113	169	249	348	535	664	757	624
PHL	CHN	Philippines	China	3875	4577	5447	6484	7635	6531	5348	5817	3091
PHL	CRI	Philippines	Costa Rica	72	71	106	70	138	139	167	202	121
PHL	CYM	Philippines	Cayman Islands*	33	64	111	879	1730	1885	2104	2298	1068
PHL	CYP	Philippines	Cyprus	1793	2535	3277	4927	7560	6941	7165	7606	7067
PHL	CZE	Philippines	Czechia	0	0	11	100	451	998	1997	2690	1462
PHL	DNK	Philippines	Denmark*	2088	2980	3879	5043	9322	11065	11515	12381	9923
PHL	DOM	Philippines	Dominican Republic	115	128	140	94	49	50	51	55	27
PHL	EGY	Philippines	Egypt	241	355	527	761	1009	0	1528	1485	1275
PHL	ESP	Philippines	Spain*	6735	10202	15268	25479	39443	43060	51607	57473	37402
PHL	EST	Philippines	Estonia	0	0	0	0	17	56	106	108	76
PHL	FIN	Philippines	Finland*	299	484	669	1315	1714	3090	4892	5759	3949
PHL	FRO	Philippines	Faroe Islands*	14	15	20	33	61	130	213	253	210
PHL	FSM	Philippines	Micronesia (Fed. States of)	170	154	143	133	128	125	127	130	58
PHL	GBR	Philippines	United Kingdom*	20494	28101	38081	65818	119858	143863	162275	176515	107067
PHL	GHA	Philippines	Ghana	20	20	22	31	23	28	30	34	15
PHL	GIN	Philippines	Guinea	0	0	0	0	0	3	1	1	0
PHL	GRC	Philippines	Greece	11217	8569	6061	7359	8970	8452	8638	9176	6584
PHL	GRL	Philippines	Greenland*	1	5	6	9	50	130	127	125	77
PHL	GTM	Philippines	Guatemala	15	28	41	50	58	64	71	78	59
PHL	GUM	Philippines	Guam*	24527	28576	32625	30827	29028	29289	30994	32415	15702
PHL	HKG	Philippines	China, Hong Kong SAR	79010	88179	97347	106282	115475	118015	123056	127244	124095
PHL	HRV	Philippines	Croatia	53	77	66	38	75	75	69	66	54
PHL	HUN	Philippines	Hungary	0	85	170	209	250	282	533	629	453
PHL	IDN	Philippines	Indonesia	2223	4639	9928	6367	5851	3549	1239	1607	749
PHL	IRL	Philippines	Ireland	1171	1603	4076	8706	13192	14560	18185	21796	13002
PHL	ISL	Philippines	Iceland	135	405	675	1056	1407	1565	2284	3449	2251
PHL	ITA	Philippines	Italy	18884	29114	43433	70868	102451	131756	145508	147183	89683
PHL	JOR	Philippines	Jordan	1123	2194	3264	5090	11190	17290	20375	22618	21577
PHL	JPN	Philippines	Japan	43498	71122	136170	178582	205883	243934	306758	319772	212509
PHL	KHM	Philippines	Cambodia	71	186	301	235	169	152	162	171	74
PHL	KOR	Philippines	Republic of Korea	0	4799	11620	16348	24241	49570	45708	37555	18114
PHL	KWT	Philippines	Kuwait	48371	45914	58347	77508	112797	165295	191881	210397	66971
PHL	LBN	Philippines	Lebanon	0	0	0	0	0	0	0	6816	1772
PHL	LBY	Philippines	Libya	1929	2566	3246	3578	3926	4395	4707	4976	2196
PHL	LCA	Philippines	Saint Lucia	14	14	27	27	25	23	21	20	9
PHL	LIE	Philippines	Liechtenstein	0	0	1	18	37	38	58	62	50
PHL	LTU	Philippines	Lithuania	20	16	12	12	8	0	58	61	17
PHL	LUX	Philippines	Luxembourg	183	173	166	144	124	189	891	1029	793
PHL	LVA	Philippines	Latvia	1	1	2	3	5	108	99	91	7
PHL	MAC	Philippines	China, Macao SAR	1891	2074	5239	6077	14193	28124	30173	31921	20221
PHL	MDV	Philippines	Maldives	303	237	156	525	717	910	991	1062	707
PHL	MEX	Philippines	Mexico	216	266	327	405	502	654	847	999	566
PHL	MHL	Philippines	Marshall Islands	120	209	311	398	509	541	541	543	230
PHL	MLT	Philippines	Malta	94	110	139	165	391	664	1445	2512	1765
PHL	MNG	Philippines	Mongolia	31	33	37	82	138	170	181	192	48
PHL	MNP	Philippines	Northern Mariana Islands*	12836	12905	13757	15233	12330	11045	11150	11230	5889
PHL	MYS	Philippines	Malaysia	262278	253616	244953	213649	231590	241224	249159	255520	124374
PHL	NAM	Philippines	Namibia	364	348	325	256	246	240	256	272	169
PHL	NLD	Philippines	Netherlands*	4138	5279	6908	8805	10819	12741	16246	19667	14935
PHL	NOR	Philippines	Norway*	3552	4686	5698	7939	13124	20512	24388	27118	20830
PHL	NRU	Philippines	Nauru	100	92	85	79	36	57	65	75	19
PHL	NZL	Philippines	New Zealand*	3748	6618	9714	14587	29232	51952	82331	107622	56127
PHL	OMN	Philippines	Oman	14184	14504	14830	16383	21632	49221	47556	61483	40422
PHL	PAN	Philippines	Panama	223	323	444	822	1368	1601	1923	2934	143
PHL	PER	Philippines	Peru	460	411	363	314	262	215	199	423	374
PHL	PLW	Philippines	Palau	1569	2654	2892	3179	3247	2919	3021	3095	1257
PHL	PNG	Philippines	Papua New Guinea	2005	2054	1537	1697	1439	1459	1463	1468	407
PHL	PRI	Philippines	Puerto Rico*	274	289	306	239	143	140	60	54	29
PHL	PRK	Philippines	Dem. People's Republic of Korea	1116	1444	1771	2214	2656	2925	2990	3044	1865
PHL	PRT	Philippines	Portugal	74	160	253	366	419	474	542	610	494
PHL	QAT	Philippines	Qatar	26064	37711	54451	54014	104448	183900	166676	178516	48002
PHL	SAU	Philippines	Saudi Arabia	303735	347810	382545	455823	578608	738497	730715	755432	470137
PHL	SLB	Philippines	Solomon Islands	147	146	140	130	129	120	116	114	49
PHL	SLV	Philippines	El Salvador	31	24	17	18	18	19	19	19	8
PHL	SVK	Philippines	Slovakia	0	8	19	22	24	34	63	68	47
PHL	SVN	Philippines	Slovenia	3	5	6	17	63	114	181	205	165
PHL	SWE	Philippines	Sweden	3079	4054	5323	7024	9552	12191	15468	17955	13909
PHL	SYC	Philippines	Seychelles	61	229	398	514	630	705	718	730	184
PHL	THA	Philippines	Thailand	1125	1109	1652	9362	17072	19500	21554	23402	13537
PHL	TLS	Philippines	Timor-Leste	591	629	673	731	762	377	370	366	125
PHL	TTO	Philippines	Trinidad and Tobago	187	169	184	197	334	346	383	551	235
PHL	TWN	Philippines	China, Taiwan Province of China	4068	52532	104825	92109	69963	119219	153353	151810	90795
PHL	USA	Philippines	United States of America*	974413	1239102	1462860	1695406	1898592	2098753	2159185	2263697	1381375
PHL	VEN	Philippines	Venezuela (Bolivarian Republic of)	143	141	138	144	153	161	150	143	86
PHL	ZAF	Philippines	South Africa	390	486	588	684	782	825	829	824	555
PLW	FIN	Palau	Finland*	0	0	0	0	1	0	0	0	0
PLW	FSM	Palau	Micronesia (Fed. States of)	378	342	318	296	285	280	286	292	137
PLW	GIN	Palau	Guinea	0	0	0	0	0	9	7	7	2
PLW	GRC	Palau	Greece	8	10	12	102	199	186	189	201	34
PLW	GUM	Palau	Guam*	1232	1284	1335	1386	1437	1449	1531	1601	774
PLW	LVA	Palau	Latvia	1	1	1	0	0	0	0	0	0
PLW	MNP	Palau	Northern Mariana Islands*	1332	1198	1138	1032	630	564	568	572	326
PLW	NOR	Palau	Norway*	0	0	0	0	2	2	1	1	1
PNG	AUS	Papua New Guinea	Australia*	24941	26204	25625	26907	30064	33592	33732	34316	19047
PNG	BGR	Papua New Guinea	Bulgaria	1	2	2	3	3	2	1	1	0
PNG	BOL	Papua New Guinea	Bolivia (Plurinational State of)	0	1	1	1	1	2	1	1	0
PNG	COK	Papua New Guinea	Cook Islands*	10	11	11	14	17	17	18	19	13
PNG	DNK	Papua New Guinea	Denmark*	3	5	8	8	7	6	14	14	7
PNG	EST	Papua New Guinea	Estonia	0	0	0	0	1	2	1	1	0
PNG	FIN	Papua New Guinea	Finland*	1	2	3	6	7	10	11	13	6
PNG	GIN	Papua New Guinea	Guinea	0	0	0	0	0	16	14	14	2
PNG	GRC	Papua New Guinea	Greece	3	2	1	3	4	3	1	1	0
PNG	HUN	Papua New Guinea	Hungary	0	1	1	1	1	4	4	5	4
PNG	ISL	Papua New Guinea	Iceland	0	1	1	1	0	1	1	2	2
PNG	LUX	Papua New Guinea	Luxembourg	0	0	0	0	0	0	4	5	1
PNG	NOR	Papua New Guinea	Norway*	1	3	3	4	9	8	12	13	10
PNG	SLB	Papua New Guinea	Solomon Islands	1110	1098	1047	800	603	564	549	538	235
PNG	SVK	Papua New Guinea	Slovakia	0	0	0	0	0	3	2	2	1
PNG	SVN	Papua New Guinea	Slovenia	0	0	0	0	2	2	2	2	1
PNG	VUT	Papua New Guinea	Vanuatu	50	50	50	56	63	67	68	69	34
PNG	WSM	Papua New Guinea	Samoa	24	41	58	54	48	40	36	34	21
POL	ARG	Poland	Argentina	30053	21194	15026	10076	6547	3562	1941	1870	1381
POL	AUS	Poland	Australia*	67785	71775	66880	63306	58900	54501	50819	45945	27196
POL	AUT	Poland	Austria	23062	30615	40217	50013	58650	71159	76451	79557	40448
POL	BEL	Poland	Belgium	19672	19152	18632	26931	54771	74634	77386	79624	45676
POL	BGR	Poland	Bulgaria	423	558	693	895	1085	1444	1946	2676	1737
POL	BHS	Poland	Bahamas	12	10	9	14	18	20	20	21	13
POL	BLR	Poland	Belarus	235	365	495	476	456	478	470	465	250
POL	BMU	Poland	Bermuda*	25	27	24	28	31	36	39	40	25
POL	BOL	Poland	Bolivia (Plurinational State of)	193	182	170	179	187	219	243	271	133
POL	BRA	Poland	Brazil	13329	9722	7266	5126	3349	1323	24	28	7
POL	CAN	Poland	Canada	184063	192650	182439	171592	156702	150280	137366	123819	69596
POL	CHE	Poland	Switzerland	19558	20165	20928	22827	23750	33244	43853	53044	27679
POL	CHL	Poland	Chile	472	447	436	427	398	411	404	599	532
POL	CHN	Poland	China	389	461	549	653	777	764	724	798	424
POL	COL	Poland	Colombia	234	263	233	206	207	211	214	217	121
POL	CRI	Poland	Costa Rica	329	224	231	152	299	302	361	436	236
POL	CUB	Poland	Cuba	211	160	115	69	40	21	11	8	7
POL	CYP	Poland	Cyprus	176	249	322	484	742	680	701	744	561
POL	CZE	Poland	Czechia	23358	23991	24631	25247	25901	23466	20835	18652	11866
POL	DEU	Poland	Germany	989687	1100461	1201741	1299499	1513519	1718230	1797038	1883559	999691
POL	DNK	Poland	Denmark*	8802	9892	10601	12066	26345	36175	41988	49767	23443
POL	DOM	Poland	Dominican Republic	475	528	580	312	43	44	45	49	15
POL	EGY	Poland	Egypt	250	381	587	879	1208	0	1968	1970	1365
POL	ESP	Poland	Spain*	1883	5015	12745	41736	73047	58298	50345	51651	31565
POL	EST	Poland	Estonia	236	366	496	550	599	790	744	758	365
POL	FIN	Poland	Finland*	1027	1007	987	1926	2602	3983	5018	5907	2633
POL	FRA	Poland	France*	135534	118379	105594	101355	102516	99892	90100	84406	54581
POL	FRO	Poland	Faroe Islands*	23	20	49	69	75	72	129	153	31
POL	GBR	Poland	United Kingdom*	74813	67979	61534	165337	558210	728332	826408	902193	423190
POL	GEO	Poland	Georgia	3794	350	175	166	167	175	180	185	132
POL	GHA	Poland	Ghana	34	34	38	53	39	47	52	58	30
POL	GIN	Poland	Guinea	0	0	0	0	0	1	0	0	0
POL	GRC	Poland	Greece	29946	22454	15330	15669	16587	15630	15975	16970	10569
POL	GRL	Poland	Greenland*	8	2	7	5	27	31	29	29	7
POL	HRV	Poland	Croatia	655	660	595	664	732	737	691	658	525
POL	HUN	Poland	Hungary	3647	3200	2752	3378	4033	3018	3383	3991	2522
POL	IRL	Poland	Ireland	489	732	2034	40888	107993	115223	108755	102708	52476
POL	ISL	Poland	Iceland	265	878	1491	5895	10091	10967	21102	31868	12661
POL	ISR	Poland	Israel	112778	106000	85893	67432	51986	55264	59569	62789	35932
POL	ITA	Poland	Italy	11101	18500	29927	59703	97281	107229	101568	92115	72463
POL	JPN	Poland	Japan	340	552	723	840	969	1794	1866	1756	930
POL	KAZ	Poland	Kazakhstan	1123	1050	974	892	817	748	685	631	335
POL	KGZ	Poland	Kyrgyzstan	6934	6242	5368	4539	3647	3212	3126	3060	1905
POL	LBY	Poland	Libya	1163	824	499	551	605	676	723	764	394
POL	LIE	Poland	Liechtenstein	11	13	15	30	47	60	76	81	56
POL	LTU	Poland	Lithuania	4372	4890	3830	3467	2633	2167	1900	2002	1111
POL	LUX	Poland	Luxembourg	722	642	570	1310	2065	3150	5051	5835	3395
POL	LVA	Poland	Latvia	30550	16038	1526	1397	1233	832	767	706	391
POL	MDA	Poland	Republic of Moldova*	471	397	325	252	175	112	46	96	50
POL	MEX	Poland	Mexico	1377	1162	977	905	855	870	890	910	513
POL	MKD	Poland	North Macedonia	101	94	88	90	93	100	99	99	57
POL	MLT	Poland	Malta	20	24	61	97	203	344	749	1302	737
POL	MNE	Poland	Montenegro	95	95	95	95	94	98	97	96	25
POL	MNG	Poland	Mongolia	5	4	5	7	11	13	12	13	3
POL	NAM	Poland	Namibia	249	238	222	175	168	164	175	186	121
POL	NLD	Poland	Netherlands*	10219	13221	16763	27403	62077	113415	159749	210981	108153
POL	NOR	Poland	Norway*	4367	5157	5738	8224	49005	90350	100479	111728	41157
POL	NZL	Poland	New Zealand*	2021	1998	1946	1992	1965	2185	2467	2511	1524
POL	PAN	Poland	Panama	67	71	80	112	168	196	235	359	124
POL	PER	Poland	Peru	91	116	147	173	198	224	257	437	251
POL	PRI	Poland	Puerto Rico*	36	37	40	31	19	18	7	6	3
POL	PRT	Poland	Portugal	104	224	355	661	859	974	1116	1255	909
POL	PRY	Poland	Paraguay	696	842	986	939	894	872	943	1006	470
POL	ROU	Poland	Romania	606	526	454	384	309	235	161	102	55
POL	RUS	Poland	Russian Federation	31333	32973	33418	31362	28747	20491	14463	9615	5026
POL	SMR	Poland	San Marino	18	19	22	23	25	31	32	34	32
POL	SRB	Poland	Serbia*	794	744	728	716	686	657	629	783	574
POL	SVK	Poland	Slovakia	1207	2476	4425	4962	5564	6721	7367	8008	4171
POL	SVN	Poland	Slovenia	62	133	254	244	380	413	399	452	324
POL	SWE	Poland	Sweden	35078	39056	40019	44907	68952	83640	93744	102889	50905
POL	TJK	Poland	Tajikistan	58	47	41	39	38	37	35	35	16
POL	UKR	Poland	Ukraine*	3718	3597	3520	3216	3068	3078	3128	3170	1710
POL	URY	Poland	Uruguay	4067	2465	1318	1220	1130	1166	1390	1792	986
POL	USA	Poland	United States of America*	410180	555299	459971	456004	470032	440335	421348	396647	221065
POL	VEN	Poland	Venezuela (Bolivarian Republic of)	803	793	779	819	870	911	858	819	470
POL	ZAF	Poland	South Africa	5523	5086	4132	4415	5204	3484	1915	1849	1014
PRI	ARG	Puerto Rico*	Argentina	326	316	308	326	357	369	380	389	221
PRI	ATG	Puerto Rico*	Antigua and Barbuda	30	37	44	47	50	53	54	56	28
PRI	AUS	Puerto Rico*	Australia*	72	88	135	166	145	172	220	220	100
PRI	BOL	Puerto Rico*	Bolivia (Plurinational State of)	33	37	41	37	33	39	41	46	23
PRI	CHL	Puerto Rico*	Chile	106	134	163	205	250	336	400	453	379
PRI	COL	Puerto Rico*	Colombia	263	304	365	438	482	526	571	606	157
PRI	CRI	Puerto Rico*	Costa Rica	268	216	272	179	352	356	426	514	192
PRI	CUB	Puerto Rico*	Cuba	272	206	155	84	44	21	10	7	5
PRI	CUW	Puerto Rico*	Curaçao*	16	16	16	16	15	15	17	24	16
PRI	CYM	Puerto Rico*	Cayman Islands*	14	28	49	44	45	48	53	58	30
PRI	CYP	Puerto Rico*	Cyprus	1	2	2	3	3	2	1	1	0
PRI	DMA	Puerto Rico*	Dominica	6	8	10	12	14	16	15	15	0
PRI	DNK	Puerto Rico*	Denmark*	5	0	0	0	0	0	0	0	0
PRI	DOM	Puerto Rico*	Dominican Republic	8767	9738	10708	8253	5789	4578	4780	5156	2285
PRI	ECU	Puerto Rico*	Ecuador	229	220	211	202	193	184	176	173	61
PRI	GRC	Puerto Rico*	Greece	18	19	20	10	0	0	0	0	0
PRI	GTM	Puerto Rico*	Guatemala	69	67	65	77	88	97	107	118	48
PRI	GUM	Puerto Rico*	Guam*	194	194	193	2054	3915	3950	4176	4367	2114
PRI	HND	Puerto Rico*	Honduras	98	97	96	94	92	129	131	133	50
PRI	HTI	Puerto Rico*	Haiti	1546	1468	1394	1324	1390	1459	1526	1582	860
PRI	ISL	Puerto Rico*	Iceland	0	1	1	1	0	0	0	0	0
PRI	LCA	Puerto Rico*	Saint Lucia	7	9	13	11	9	8	6	6	0
PRI	MEX	Puerto Rico*	Mexico	1165	1407	1708	1520	1351	1379	1424	1461	637
PRI	MNP	Puerto Rico*	Northern Mariana Islands*	923	1133	1413	1419	1018	911	918	925	550
PRI	NIC	Puerto Rico*	Nicaragua	54	43	46	51	54	58	59	61	27
PRI	NOR	Puerto Rico*	Norway*	0	0	13	16	0	0	0	0	0
PRI	PAN	Puerto Rico*	Panama	253	285	335	432	616	721	865	1320	455
PRI	PER	Puerto Rico*	Peru	12	12	13	77	161	257	370	527	264
PRI	SLV	Puerto Rico*	El Salvador	109	84	58	59	59	62	62	63	27
PRI	SXM	Puerto Rico*	Sint Maarten (Dutch part)*	22	22	22	12	25	26	25	26	13
PRI	USA	Puerto Rico*	United States of America*	902791	1022698	1158532	1335675	1533366	1687821	1864991	1924799	988965
PRI	VEN	Puerto Rico*	Venezuela (Bolivarian Republic of)	912	701	534	480	437	419	393	375	207
PRI	VGB	Puerto Rico*	British Virgin Islands*	32	38	44	51	469	536	608	673	332
PRI	VIR	Puerto Rico*	United States Virgin Islands*	3974	4141	4316	4190	4065	4067	4067	4069	2030
PRK	ARG	Dem. People's Republic of Korea	Argentina	4562	4422	4310	4570	4994	5163	5318	5447	2863
PRK	BGR	Dem. People's Republic of Korea	Bulgaria	1	1	1	18	33	29	37	51	32
PRK	BLR	Dem. People's Republic of Korea	Belarus	97	80	62	60	57	60	58	57	38
PRK	BOL	Dem. People's Republic of Korea	Bolivia (Plurinational State of)	122	63	3	6	9	11	10	11	3
PRK	CHL	Dem. People's Republic of Korea	Chile	422	132	29	7	7	7	7	7	5
PRK	CHN	Dem. People's Republic of Korea	China	2191	2619	3116	3709	4470	6243	8353	9636	5118
PRK	COL	Dem. People's Republic of Korea	Colombia	154	266	218	160	76	34	13	13	5
PRK	CRI	Dem. People's Republic of Korea	Costa Rica	21	20	28	19	37	36	42	51	25
PRK	CYP	Dem. People's Republic of Korea	Cyprus	8	12	15	23	35	31	31	33	21
PRK	DNK	Dem. People's Republic of Korea	Denmark*	176	218	252	302	341	383	351	328	181
PRK	ECU	Dem. People's Republic of Korea	Ecuador	227	216	205	194	174	44	11	10	5
PRK	EST	Dem. People's Republic of Korea	Estonia	0	0	0	0	6	4	3	3	0
PRK	FIN	Dem. People's Republic of Korea	Finland*	3	2	1	2	2	4	5	6	4
PRK	GAB	Dem. People's Republic of Korea	Gabon	50	67	83	90	105	146	158	171	56
PRK	GIN	Dem. People's Republic of Korea	Guinea	0	0	0	0	0	1232	1183	1144	474
PRK	GRC	Dem. People's Republic of Korea	Greece	541	274	11	23	36	33	33	35	16
PRK	HND	Dem. People's Republic of Korea	Honduras	48	48	47	46	45	62	62	63	19
PRK	HUN	Dem. People's Republic of Korea	Hungary	0	0	0	0	0	16	17	20	15
PRK	ISL	Dem. People's Republic of Korea	Iceland	0	0	0	0	2	0	0	0	0
PRK	JPN	Dem. People's Republic of Korea	Japan	9095	11649	14431	17386	23177	32937	27629	23696	10699
PRK	KGZ	Dem. People's Republic of Korea	Kyrgyzstan	800	1058	1280	1654	2017	1777	1729	1693	946
PRK	KHM	Dem. People's Republic of Korea	Cambodia	20	53	85	66	47	42	43	45	17
PRK	LTU	Dem. People's Republic of Korea	Lithuania	4	2	2	2	1	7	6	6	5
PRK	LUX	Dem. People's Republic of Korea	Luxembourg	0	0	0	0	0	0	15	17	10
PRK	LVA	Dem. People's Republic of Korea	Latvia	204	109	14	14	14	11	10	9	4
PRK	MLI	Dem. People's Republic of Korea	Mali	0	0	0	0	1434	1764	2069	2322	1280
PRK	MNG	Dem. People's Republic of Korea	Mongolia	51	56	62	271	512	633	678	718	231
PRK	NAM	Dem. People's Republic of Korea	Namibia	149	142	133	105	101	98	104	110	0
PRK	NOR	Dem. People's Republic of Korea	Norway*	26	23	25	27	40	37	36	40	19
PRK	PRT	Dem. People's Republic of Korea	Portugal	1	2	5	38	65	73	82	92	55
PRK	RUS	Dem. People's Republic of Korea	Russian Federation	9699	9245	8456	9538	10551	5126	2401	172	39
PRK	SLE	Dem. People's Republic of Korea	Sierra Leone	7	6	5	3	3	3	2	2	0
PRK	SVK	Dem. People's Republic of Korea	Slovakia	0	0	2	2	2	16	14	15	7
PRK	SVN	Dem. People's Republic of Korea	Slovenia	0	0	0	0	2	1	0	0	0
PRK	TJK	Dem. People's Republic of Korea	Tajikistan	238	193	166	159	158	155	154	154	60
PRK	VEN	Dem. People's Republic of Korea	Venezuela (Bolivarian Republic of)	41	40	40	41	44	46	43	41	21
PRK	ZAF	Dem. People's Republic of Korea	South Africa	2492	2102	1727	1352	966	437	172	161	70
PRT	ABW	Portugal	Aruba*	177	183	188	174	157	164	182	250	128
PRT	AGO	Portugal	Angola	5298	6156	7014	6772	6384	5867	5292	5454	2758
PRT	AND	Portugal	Andorra	3957	5364	6771	10722	13686	10697	11534	12251	5662
PRT	ARG	Portugal	Argentina	14509	12020	9973	8275	6831	5075	3768	3723	2120
PRT	AUS	Portugal	Australia*	18619	18638	17987	18160	18485	19148	18631	17637	8724
PRT	BEL	Portugal	Belgium	13618	16837	20900	23054	27915	34788	37583	40781	19541
PRT	BGR	Portugal	Bulgaria	3	24	44	68	90	339	569	782	390
PRT	BHS	Portugal	Bahamas	1	5	9	12	15	16	15	16	2
PRT	BMU	Portugal	Bermuda*	1530	1647	1493	1533	1575	1632	1600	1635	721
PRT	BOL	Portugal	Bolivia (Plurinational State of)	37	38	39	95	150	176	195	218	79
PRT	BRA	Portugal	Brazil	270645	234604	207038	172070	134545	100368	67952	146697	75136
PRT	BWA	Portugal	Botswana	137	132	141	270	402	436	464	490	192
PRT	CAN	Portugal	Canada	161751	159092	154359	150767	141658	142742	131038	120690	62194
PRT	CHE	Portugal	Switzerland	100958	115033	131724	156741	179838	220901	212350	202178	93268
PRT	CHL	Portugal	Chile	117	157	223	307	392	553	678	779	691
PRT	COG	Portugal	Congo	442	511	716	455	1084	1441	1431	1424	604
PRT	COL	Portugal	Colombia	75	86	89	95	163	291	451	557	193
PRT	CPV	Portugal	Cabo Verde	1132	1031	929	1023	1116	1159	1225	1281	668
PRT	CRI	Portugal	Costa Rica	57	46	59	40	78	78	94	113	45
PRT	CUW	Portugal	Curaçao*	945	945	945	945	847	919	1070	1497	748
PRT	CYP	Portugal	Cyprus	16	23	29	44	65	59	60	64	47
PRT	DNK	Portugal	Denmark*	476	588	668	756	1183	2233	3087	4695	2079
PRT	DOM	Portugal	Dominican Republic	160	178	195	149	102	106	110	119	46
PRT	ESP	Portugal	Spain*	41259	47507	54305	86577	132329	106860	96090	93840	43221
PRT	EST	Portugal	Estonia	0	0	0	0	43	138	236	240	104
PRT	FIN	Portugal	Finland*	92	106	119	245	333	521	598	704	235
PRT	FRA	Portugal	France*	603067	590575	582213	589757	615617	648445	621051	585896	293465
PRT	GBR	Portugal	United Kingdom*	18551	25516	34704	53955	86147	119433	162212	193901	89227
PRT	GIN	Portugal	Guinea	237	273	295	206	144	14	12	12	0
PRT	GLP	Portugal	Guadeloupe*	186	248	310	380	450	431	426	423	243
PRT	GNB	Portugal	Guinea-Bissau	528	678	827	802	776	823	601	505	255
PRT	GRC	Portugal	Greece	731	506	289	311	344	323	328	348	221
PRT	GTM	Portugal	Guatemala	14	16	17	21	25	28	29	32	1
PRT	HKG	Portugal	China, Hong Kong SAR	73	82	90	98	107	109	113	117	72
PRT	HRV	Portugal	Croatia	0	13	25	38	50	50	46	44	20
PRT	HUN	Portugal	Hungary	21	123	224	276	330	435	630	743	296
PRT	IND	Portugal	India	412	292	195	146	112	103	96	91	54
PRT	IRL	Portugal	Ireland	143	183	482	1426	2141	3535	5271	6795	2969
PRT	ISL	Portugal	Iceland	45	71	97	358	607	576	1082	1634	541
PRT	ITA	Portugal	Italy	2782	3340	3889	4431	5242	5994	6812	6761	4142
PRT	LIE	Portugal	Liechtenstein	134	390	640	513	387	424	424	453	216
PRT	LKA	Portugal	Sri Lanka	0	0	2	6	13	33	32	32	16
PRT	LTU	Portugal	Lithuania	3	4	3	33	59	65	128	135	33
PRT	LUX	Portugal	Luxembourg	30614	40221	50254	55878	62068	94732	75221	86893	41284
PRT	LVA	Portugal	Latvia	1	1	2	27	52	48	42	39	10
PRT	MAC	Portugal	China, Macao SAR	3489	3827	1594	1848	1790	1960	2101	2223	1038
PRT	MDA	Portugal	Republic of Moldova*	12	12	13	152	363	719	954	529	297
PRT	MEX	Portugal	Mexico	192	237	292	359	443	573	748	869	280
PRT	MLT	Portugal	Malta	3	4	10	19	47	79	170	295	110
PRT	MOZ	Portugal	Mozambique	1667	2294	2669	3665	4178	4331	4549	4741	1682
PRT	NAM	Portugal	Namibia	641	613	570	450	433	423	451	478	194
PRT	NLD	Portugal	Netherlands*	7674	8969	9936	12064	14684	16987	20206	25933	11807
PRT	NOR	Portugal	Norway*	600	630	708	741	1098	2854	3536	3932	1619
PRT	PAN	Portugal	Panama	177	152	137	161	217	254	305	465	150
PRT	PER	Portugal	Peru	12	11	1	69	150	234	347	496	145
PRT	PRI	Portugal	Puerto Rico*	68	71	76	59	36	35	14	13	6
PRT	ROU	Portugal	Romania	42	68	101	198	451	1023	2322	3330	1533
PRT	SLV	Portugal	El Salvador	20	16	11	12	12	13	13	13	3
PRT	STP	Portugal	Sao Tome and Principe	206	212	218	171	134	118	104	95	45
PRT	SVK	Portugal	Slovakia	1	46	104	117	131	172	283	308	92
PRT	SVN	Portugal	Slovenia	3	6	13	19	36	52	64	73	28
PRT	TLS	Portugal	Timor-Leste	258	281	308	327	334	276	271	268	116
PRT	TWN	Portugal	China, Taiwan Province of China	5	7	9	15	32	64	277	295	118
PRT	URY	Portugal	Uruguay	1216	877	633	586	543	560	668	861	405
PRT	USA	Portugal	United States of America*	179332	156677	170180	173644	175747	158080	147101	141889	74393
PRT	VEN	Portugal	Venezuela (Bolivarian Republic of)	71582	62567	54176	53646	53659	54591	51471	49104	20940
PRT	ZAF	Portugal	South Africa	25697	16167	18296	18138	16124	12085	8532	5602	2672
PRY	ARG	Paraguay	Argentina	289831	304808	320467	402421	540951	539157	527081	517429	282463
PRY	AUS	Paraguay	Australia*	272	306	357	411	443	499	572	635	362
PRY	BGR	Paraguay	Bulgaria	0	1	1	2	2	2	3	4	1
PRY	BOL	Paraguay	Bolivia (Plurinational State of)	1173	2216	3236	3462	3681	4286	4772	5328	2588
PRY	BRA	Paraguay	Brazil	18606	22560	27882	33553	38195	44380	49748	53941	29653
PRY	CAN	Paraguay	Canada	4873	4927	4959	7276	7663	8065	6363	6174	3219
PRY	CHL	Paraguay	Chile	527	773	1082	1612	2365	3843	5835	6354	4029
PRY	COL	Paraguay	Colombia	124	142	156	173	199	230	263	287	159
PRY	CRI	Paraguay	Costa Rica	58	48	63	42	83	83	99	119	78
PRY	CYP	Paraguay	Cyprus	2	3	4	6	8	7	6	6	6
PRY	DNK	Paraguay	Denmark*	31	42	54	56	69	83	90	129	81
PRY	DOM	Paraguay	Dominican Republic	61	68	75	50	25	25	25	27	12
PRY	ECU	Paraguay	Ecuador	14	36	85	130	183	209	231	245	180
PRY	ESP	Paraguay	Spain*	2108	2146	2119	21852	80849	66296	104006	144878	95432
PRY	EST	Paraguay	Estonia	0	0	0	0	0	1	0	0	0
PRY	FIN	Paraguay	Finland*	7	7	6	10	12	24	28	33	14
PRY	GRC	Paraguay	Greece	72	63	56	69	84	78	79	84	66
PRY	GTM	Paraguay	Guatemala	72	55	38	45	51	57	62	68	31
PRY	HND	Paraguay	Honduras	27	27	26	26	25	35	35	36	13
PRY	HUN	Paraguay	Hungary	5	10	14	17	20	15	19	22	12
PRY	ISL	Paraguay	Iceland	1	2	2	3	3	4	2	3	3
PRY	ITA	Paraguay	Italy	232	386	624	1190	1940	2476	2799	3107	2248
PRY	JPN	Paraguay	Japan	1278	1411	1537	1657	1806	1882	2180	2201	1047
PRY	LIE	Paraguay	Liechtenstein	0	0	0	0	2	2	2	2	2
PRY	LTU	Paraguay	Lithuania	0	0	0	0	0	3	0	0	0
PRY	LUX	Paraguay	Luxembourg	0	0	0	0	0	0	33	38	30
PRY	LVA	Paraguay	Latvia	1	1	2	1	1	3	0	0	0
PRY	MEX	Paraguay	Mexico	151	186	232	342	498	579	660	736	468
PRY	NOR	Paraguay	Norway*	50	55	74	99	137	149	174	193	120
PRY	PAN	Paraguay	Panama	38	35	35	63	104	122	145	221	129
PRY	PER	Paraguay	Peru	12	12	13	274	647	1067	1574	2205	1239
PRY	PRT	Paraguay	Portugal	6	14	23	38	48	53	58	65	43
PRY	SLV	Paraguay	El Salvador	36	26	15	13	11	11	11	11	4
PRY	SVK	Paraguay	Slovakia	0	0	0	0	1	6	7	8	6
PRY	SVN	Paraguay	Slovenia	0	0	0	0	4	3	3	3	0
PRY	URY	Paraguay	Uruguay	1241	1199	1160	1074	995	1027	1225	1579	1052
PRY	VEN	Paraguay	Venezuela (Bolivarian Republic of)	359	294	239	226	217	214	200	191	99
PSE	ARE	State of Palestine	United Arab Emirates	11564	14635	18425	22396	36432	45884	48057	54566	20240
PSE	ARG	State of Palestine	Argentina	180	174	170	180	197	204	210	215	122
PSE	AUS	State of Palestine	Australia*	3057	3087	3061	3255	3061	3194	3230	3046	1366
PSE	BEL	State of Palestine	Belgium	26	41	66	108	304	715	4387	8383	2936
PSE	BGR	State of Palestine	Bulgaria	3	2	1	1	0	37	83	114	43
PSE	BHR	State of Palestine	Bahrain	1564	1748	1840	2681	4211	4725	5146	5501	1705
PSE	BOL	State of Palestine	Bolivia (Plurinational State of)	0	0	0	6	11	14	14	16	3
PSE	BRA	State of Palestine	Brazil	0	0	11	15	121	480	941	429	148
PSE	CAN	State of Palestine	Canada	3953	4584	5317	6111	7496	8518	8907	9301	4348
PSE	CHL	State of Palestine	Chile	478	772	756	722	656	659	630	927	765
PSE	CYP	State of Palestine	Cyprus	90	128	165	247	3415	2202	2389	2536	1207
PSE	DNK	State of Palestine	Denmark*	62	0	0	0	0	0	0	0	0
PSE	DOM	State of Palestine	Dominican Republic	188	209	230	124	19	18	18	19	8
PSE	DZA	State of Palestine	Algeria	36004	33836	31667	25035	27509	29900	31097	32225	15071
PSE	EGY	State of Palestine	Egypt	24045	26002	28167	100942	100193	70034	95129	89239	42807
PSE	EST	State of Palestine	Estonia	0	0	0	0	1	7	11	11	0
PSE	FIN	State of Palestine	Finland*	0	0	0	15	25	49	67	79	27
PSE	GRC	State of Palestine	Greece	389	387	392	708	1060	998	4286	4553	2254
PSE	GTM	State of Palestine	Guatemala	30	30	29	35	40	44	48	53	34
PSE	HND	State of Palestine	Honduras	116	115	114	112	110	154	156	159	73
PSE	HRV	State of Palestine	Croatia	0	0	0	22	43	43	39	37	2
PSE	HUN	State of Palestine	Hungary	93	83	72	89	105	70	182	215	64
PSE	IDN	State of Palestine	Indonesia	0	0	5	0	0	492	385	206	68
PSE	IRQ	State of Palestine	Iraq	14347	73847	94124	29940	13296	12051	12164	12337	5835
PSE	ISL	State of Palestine	Iceland	0	0	0	0	0	6	27	41	8
PSE	ITA	State of Palestine	Italy	167	214	260	311	362	538	686	848	223
PSE	JOR	State of Palestine	Jordan	929992	1284533	1575672	1802413	1962969	2130871	2289806	2379525	1106743
PSE	KAZ	State of Palestine	Kazakhstan	0	0	351	11	8	0	0	7	4
PSE	KWT	State of Palestine	Kuwait	9336	7719	8599	9522	12412	12983	15070	16524	6597
PSE	LBN	State of Palestine	Lebanon	301697	345968	376774	401675	427871	455535	477795	490636	254046
PSE	LBY	State of Palestine	Libya	152266	179924	210540	232065	254662	285146	305476	322909	88088
PSE	LTU	State of Palestine	Lithuania	5	4	3	3	1	9	8	8	2
PSE	LUX	State of Palestine	Luxembourg	0	0	0	0	0	0	31	36	14
PSE	LVA	State of Palestine	Latvia	0	0	0	0	1	2	3	3	0
PSE	MLT	State of Palestine	Malta	12	15	19	23	53	56	120	209	92
PSE	MRT	State of Palestine	Mauritania	135	144	148	150	112	161	175	188	75
PSE	MYS	State of Palestine	Malaysia	0	0	0	5	242	544	782	613	210
PSE	NOR	State of Palestine	Norway*	702	846	49	679	2659	3305	3423	3806	1539
PSE	PAN	State of Palestine	Panama	56	80	111	116	144	167	199	304	88
PSE	PER	State of Palestine	Peru	50	64	68	89	123	193	280	368	180
PSE	QAT	State of Palestine	Qatar	5270	7140	9721	5383	7007	6929	5583	5980	1503
PSE	SAU	State of Palestine	Saudi Arabia	77251	84669	92070	347939	119868	133482	130741	131779	62676
PSE	SLV	State of Palestine	El Salvador	75	58	41	43	44	46	46	47	31
PSE	SVK	State of Palestine	Slovakia	6	13	24	27	30	44	54	59	7
PSE	SVN	State of Palestine	Slovenia	0	0	0	0	6	2	5	6	1
PSE	SWE	State of Palestine	Sweden	575	941	1008	1962	3330	5438	8242	9407	3895
PSE	SYR	State of Palestine	Syrian Arab Republic	244707	289464	385199	442981	495785	573436	596357	615119	310611
PSE	TUN	State of Palestine	Tunisia	589	627	732	662	414	554	589	619	291
PSE	TUR	State of Palestine	Türkiye	739	739	739	1113	1511	2103	14014	24166	9333
PSE	UKR	State of Palestine	Ukraine*	1828	1768	1731	1581	1508	1513	1537	1558	92
PSE	VEN	State of Palestine	Venezuela (Bolivarian Republic of)	425	419	410	431	459	481	453	432	155
PSE	YEM	State of Palestine	Yemen	2562	3353	2794	3392	3792	3757	3826	3884	1683
PYF	AUS	French Polynesia*	Australia*	212	255	343	392	465	535	543	521	292
PYF	CHL	French Polynesia*	Chile	18	23	30	44	66	110	255	281	232
PYF	COK	French Polynesia*	Cook Islands*	63	66	68	90	112	117	128	138	96
PYF	FIN	French Polynesia*	Finland*	0	0	0	0	0	1	0	0	0
PYF	GRC	French Polynesia*	Greece	17	16	16	13	10	9	7	7	2
PYF	LUX	French Polynesia*	Luxembourg	0	0	0	0	0	0	4	5	2
PYF	MLI	French Polynesia*	Mali	0	0	0	0	278	341	398	447	222
PYF	NCL	French Polynesia*	New Caledonia*	2726	3159	3593	1974	355	532	563	591	121
PYF	NOR	French Polynesia*	Norway*	2	2	2	4	6	13	7	8	3
PYF	SVK	French Polynesia*	Slovakia	0	0	0	0	0	1	0	0	0
PYF	SVN	French Polynesia*	Slovenia	0	0	0	0	1	0	0	0	0
PYF	WLF	French Polynesia*	Wallis and Futuna Islands*	18	23	28	32	19	15	10	10	5
QAT	ARE	Qatar	United Arab Emirates	61	129	204	808	1670	2104	2201	2500	1664
QAT	AUS	Qatar	Australia*	94	152	249	447	654	1111	1993	2716	1303
QAT	BGR	Qatar	Bulgaria	2	3	4	6	8	29	58	80	25
QAT	BHR	Qatar	Bahrain	8	13	19	95	194	217	236	252	154
QAT	BOL	Qatar	Bolivia (Plurinational State of)	6	6	5	3	1	2	1	1	0
QAT	CHL	Qatar	Chile	28	35	46	67	100	168	388	429	354
QAT	CRI	Qatar	Costa Rica	2	2	2	2	4	3	3	4	1
QAT	CYP	Qatar	Cyprus	3	4	5	7	10	9	8	8	1
QAT	DNK	Qatar	Denmark*	4	16	37	49	71	118	181	196	109
QAT	EGY	Qatar	Egypt	444	398	357	313	311	0	273	212	71
QAT	EST	Qatar	Estonia	0	0	0	0	1	1	4	4	0
QAT	FIN	Qatar	Finland*	3	4	4	9	10	16	27	32	11
QAT	GRC	Qatar	Greece	6	9	12	570	1168	1100	1123	1193	621
QAT	HUN	Qatar	Hungary	30	27	23	28	33	53	119	140	58
QAT	ISL	Qatar	Iceland	1	2	2	2	2	2	3	5	3
QAT	KWT	Qatar	Kuwait	48	61	95	144	224	567	657	720	581
QAT	LBY	Qatar	Libya	819	921	1040	1147	1260	1410	1508	1594	347
QAT	LKA	Qatar	Sri Lanka	3	34	67	134	270	273	275	278	124
QAT	LTU	Qatar	Lithuania	3	2	2	1	1	2	8	8	7
QAT	LUX	Qatar	Luxembourg	0	0	0	0	0	0	9	10	3
QAT	LVA	Qatar	Latvia	0	0	0	0	0	1	5	5	3
QAT	NOR	Qatar	Norway*	0	0	12	21	32	68	91	101	49
QAT	PSE	Qatar	State of Palestine	9870	9645	9420	9396	9372	9348	9335	9325	4794
QAT	SVK	Qatar	Slovakia	0	0	0	0	0	2	6	7	3
QAT	SVN	Qatar	Slovenia	0	0	0	0	1	1	1	1	0
REU	AUS	Réunion	Australia*	44	63	87	142	210	222	218	211	116
REU	COM	Réunion	Comoros	957	948	938	898	857	850	845	842	391
REU	DNK	Réunion	Denmark*	6	0	0	0	0	0	0	0	0
REU	EST	Réunion	Estonia	0	0	0	0	1	0	0	0	0
REU	GLP	Réunion	Guadeloupe*	244	294	344	364	383	367	363	361	276
REU	GRC	Réunion	Greece	5	5	6	3	0	0	0	0	0
REU	GUF	Réunion	French Guiana*	365	381	396	374	351	353	396	435	234
REU	MTQ	Réunion	Martinique*	253	309	366	383	400	464	460	457	346
REU	ZAF	Réunion	South Africa	2029	1639	941	460	223	108	54	51	33
ROU	ARG	Romania	Argentina	3654	2595	1852	1321	846	37	10	10	6
ROU	AUS	Romania	Australia*	11598	12708	14188	15707	16639	17054	16766	15735	8469
ROU	AUT	Romania	Austria	18031	26015	37182	47344	62864	95253	131700	160281	83219
ROU	AZE	Romania	Azerbaijan	260	231	204	181	160	142	126	114	61
ROU	BEL	Romania	Belgium	3390	4675	6430	11526	33976	68553	100844	131417	59157
ROU	BGR	Romania	Bulgaria	143	1393	2642	4103	5479	4039	3519	4839	2852
ROU	BHS	Romania	Bahamas	0	12	25	60	94	102	108	114	3
ROU	BIH	Romania	Bosnia and Herzegovina	624	524	424	323	409	406	379	359	284
ROU	BLR	Romania	Belarus	10	17	23	22	20	23	21	21	11
ROU	BMU	Romania	Bermuda*	14	17	16	37	61	89	137	140	55
ROU	BOL	Romania	Bolivia (Plurinational State of)	61	31	0	31	62	73	79	88	50
ROU	BRA	Romania	Brazil	6322	4609	3680	2478	1643	717	27	50	13
ROU	CAN	Romania	Canada	31789	42808	57190	80514	83655	90401	87463	88282	47356
ROU	CHE	Romania	Switzerland	6175	7270	8618	10787	12833	18913	28412	40167	22261
ROU	CHL	Romania	Chile	441	406	378	361	334	341	333	491	410
ROU	COL	Romania	Colombia	210	246	214	186	173	161	150	164	75
ROU	CRI	Romania	Costa Rica	62	55	76	51	99	99	118	142	70
ROU	CUB	Romania	Cuba	153	116	65	68	69	66	60	43	31
ROU	CYP	Romania	Cyprus	1345	1902	2459	3697	5673	5209	5377	5707	4077
ROU	CZE	Romania	Czechia	11107	11508	11911	12302	12715	12202	11573	11061	4782
ROU	DEU	Romania	Germany	321795	443750	399018	373304	440929	654819	865707	968697	469265
ROU	DNK	Romania	Denmark*	868	1422	1986	2591	6998	20518	29826	40659	16938
ROU	DOM	Romania	Dominican Republic	30	34	37	39	42	43	44	47	27
ROU	ESP	Romania	Spain*	0	15388	43435	355092	730550	635020	571347	522578	275612
ROU	EST	Romania	Estonia	0	0	0	0	64	369	306	312	66
ROU	FIN	Romania	Finland*	157	375	593	1156	1480	2478	3871	4557	1910
ROU	FRA	Romania	France*	15808	20568	28298	44562	75414	121011	142701	156668	84325
ROU	FRO	Romania	Faroe Islands*	1	1	11	48	81	62	228	271	59
ROU	GBR	Romania	United Kingdom*	3697	5200	7201	20888	69898	189427	502169	713578	324632
ROU	GEO	Romania	Georgia	390	396	213	202	204	214	220	226	168
ROU	GIN	Romania	Guinea	0	0	0	0	0	5	3	3	0
ROU	GRC	Romania	Greece	5983	16015	26311	36759	48918	46098	47120	50056	27673
ROU	GRL	Romania	Greenland*	0	0	0	8	10	15	14	14	1
ROU	HRV	Romania	Croatia	318	166	314	405	496	499	468	446	295
ROU	HUN	Romania	Hungary	194128	170168	146208	179463	214330	190203	214514	253045	127537
ROU	IRL	Romania	Ireland	1241	1856	5161	8101	16105	26573	37878	47700	21853
ROU	ISL	Romania	Iceland	1	34	66	137	203	400	1675	2529	801
ROU	ISR	Romania	Israel	138204	142141	127017	110169	95551	101985	109973	116289	65128
ROU	ITA	Romania	Italy	31588	52946	85677	386795	775003	953353	947155	880402	535425
ROU	JPN	Romania	Japan	2831	2830	2765	2656	2599	2678	2562	2212	1698
ROU	KGZ	Romania	Kyrgyzstan	713	718	701	628	547	482	468	458	250
ROU	LBY	Romania	Libya	645	537	438	484	531	594	636	672	339
ROU	LIE	Romania	Liechtenstein	2	5	8	13	19	29	37	40	31
ROU	LTU	Romania	Lithuania	35	40	31	130	213	211	360	379	52
ROU	LUX	Romania	Luxembourg	106	203	303	717	1140	1739	5225	6036	3595
ROU	LVA	Romania	Latvia	3562	1815	69	191	310	68	71	65	29
ROU	MDA	Romania	Republic of Moldova*	1494	1571	1649	1727	1804	1884	1914	3545	1739
ROU	MEX	Romania	Mexico	165	203	250	321	409	486	583	655	362
ROU	MKD	Romania	North Macedonia	24	22	21	21	22	23	22	22	12
ROU	MLT	Romania	Malta	76	89	224	351	554	940	2046	3556	1712
ROU	MNE	Romania	Montenegro	103	103	103	103	101	105	104	103	55
ROU	NAM	Romania	Namibia	45	43	41	32	30	29	30	32	14
ROU	NLD	Romania	Netherlands*	1704	2729	4292	6423	11685	17213	34356	55421	26337
ROU	NOR	Romania	Norway*	286	577	1082	1641	4366	12003	14872	16537	7503
ROU	PAN	Romania	Panama	38	52	71	102	155	182	215	328	82
ROU	PER	Romania	Peru	80	104	130	155	180	205	237	404	215
ROU	POL	Romania	Poland	4719	4083	3533	3174	2918	2329	1816	1449	713
ROU	PRT	Romania	Portugal	818	1766	2787	12468	20079	22763	26113	29376	14309
ROU	RUS	Romania	Russian Federation	3936	4284	4477	4200	3848	2782	1993	1359	759
ROU	SMR	Romania	San Marino	43	71	100	104	109	135	145	153	134
ROU	SRB	Romania	Serbia*	3144	3558	4159	4061	3496	3010	2592	2160	1804
ROU	SVK	Romania	Slovakia	1115	2843	5353	6003	6731	8299	9763	10613	3819
ROU	SVN	Romania	Slovenia	63	93	135	194	283	466	442	501	305
ROU	SWE	Romania	Sweden	8795	10879	11700	12649	19134	25499	32526	38394	18377
ROU	TUR	Romania	Türkiye	20736	20736	20736	16981	12981	9448	9612	11400	8884
ROU	URY	Romania	Uruguay	811	748	690	639	592	611	728	939	480
ROU	USA	Romania	United States of America*	90801	92863	139788	172393	169276	162580	177875	178498	95713
ROU	VEN	Romania	Venezuela (Bolivarian Republic of)	774	764	748	786	834	874	823	785	438
ROU	ZAF	Romania	South Africa	529	593	665	742	818	634	435	425	258
RUS	ARG	Russian Federation	Argentina	10662	7046	4680	3526	2810	2503	2267	2271	1474
RUS	ARM	Russian Federation	Armenia	33900	31776	29609	27415	25321	23227	21099	19330	10815
RUS	AUS	Russian Federation	Australia*	15589	16829	16822	18114	20784	25738	28593	30312	19207
RUS	AUT	Russian Federation	Austria	1779	3164	5507	19865	26030	32379	35515	42595	25872
RUS	AZE	Russian Federation	Azerbaijan	38232	35581	35194	35504	28269	24828	22068	19714	12290
RUS	BEL	Russian Federation	Belgium	93	151	241	1313	5930	7027	8436	10232	5316
RUS	BGR	Russian Federation	Bulgaria	6899	8936	10972	14064	16970	21381	32789	45089	30666
RUS	BHS	Russian Federation	Bahamas	4	14	25	39	52	56	58	61	49
RUS	BIH	Russian Federation	Bosnia and Herzegovina	271	228	185	141	179	177	164	155	119
RUS	BLR	Russian Federation	Belarus	791522	749767	708011	698192	688372	682362	672481	664610	367421
RUS	BOL	Russian Federation	Bolivia (Plurinational State of)	106	54	1	142	282	329	364	406	239
RUS	BRA	Russian Federation	Brazil	11355	8238	6170	3040	1160	27	71	486	88
RUS	CAF	Russian Federation	Central African Republic	164	193	207	162	159	136	143	153	70
RUS	CAN	Russian Federation	Canada	31276	38366	46757	62378	73518	81383	81940	85753	49056
RUS	CHE	Russian Federation	Switzerland	4986	6549	8663	12123	16085	21835	26126	30466	20328
RUS	CHL	Russian Federation	Chile	448	488	575	689	791	1003	1148	1273	1105
RUS	CHN	Russian Federation	China	4790	5667	6744	8028	9490	8653	7592	21040	13244
RUS	COG	Russian Federation	Congo	790	913	1280	814	1938	2576	2558	2545	1547
RUS	COL	Russian Federation	Colombia	497	534	556	578	600	622	644	706	448
RUS	CPV	Russian Federation	Cabo Verde	55	74	92	382	672	698	737	771	416
RUS	CRI	Russian Federation	Costa Rica	519	390	457	300	591	599	718	866	541
RUS	CUB	Russian Federation	Cuba	4491	3404	2342	1563	989	593	343	243	177
RUS	CYP	Russian Federation	Cyprus	3235	4574	5913	8891	13644	12530	12935	13731	8088
RUS	CZE	Russian Federation	Czechia	0	670	11932	20264	33478	37621	39953	41778	24691
RUS	DEU	Russian Federation	Germany	230622	273531	423106	683182	857409	954413	1038231	1137448	647018
RUS	DNK	Russian Federation	Denmark*	0	825	2076	3627	4833	6052	6581	8516	5776
RUS	DOM	Russian Federation	Dominican Republic	287	319	351	405	460	482	503	543	320
RUS	DZA	Russian Federation	Algeria	6287	3545	802	634	696	757	785	813	476
RUS	ECU	Russian Federation	Ecuador	458	528	599	679	775	757	752	799	460
RUS	EGY	Russian Federation	Egypt	5073	7299	10589	14882	19242	100	27682	26357	16702
RUS	ESP	Russian Federation	Spain*	666	2770	9927	39115	60123	80381	96587	128600	79609
RUS	EST	Russian Federation	Estonia	283457	236214	188970	172571	154721	129187	119097	121354	76168
RUS	FIN	Russian Federation	Finland*	1945	2115	2602	4366	7339	11542	15212	17907	9854
RUS	FRA	Russian Federation	France*	21810	18969	20002	35664	54203	72194	77376	85277	55623
RUS	FRO	Russian Federation	Faroe Islands*	2	1	9	30	39	30	32	38	28
RUS	GEO	Russian Federation	Georgia	151090	89180	35672	32888	34226	35936	37267	38308	21907
RUS	GHA	Russian Federation	Ghana	47	47	52	73	55	67	76	85	47
RUS	GIN	Russian Federation	Guinea	478	551	596	298	149	39	36	35	6
RUS	GRC	Russian Federation	Greece	28345	49780	72032	63706	57389	54081	55281	58726	36610
RUS	HKG	Russian Federation	China, Hong Kong SAR	59	66	72	79	86	87	90	93	86
RUS	HND	Russian Federation	Honduras	19	19	19	19	18	25	25	25	10
RUS	HRV	Russian Federation	Croatia	951	1349	1169	652	1303	1311	1231	1173	955
RUS	HUN	Russian Federation	Hungary	38081	20575	3069	3768	4500	3462	4583	5406	3298
RUS	IND	Russian Federation	India	902	902	902	902	897	773	668	640	166
RUS	IRL	Russian Federation	Ireland	1070	1275	2812	4460	5759	6328	7431	8466	4902
RUS	IRQ	Russian Federation	Iraq	210	248	235	273	280	273	274	278	84
RUS	ISL	Russian Federation	Iceland	37	273	508	406	298	364	492	743	464
RUS	ISR	Russian Federation	Israel	173372	191651	160830	128720	101590	108084	121455	126688	73110
RUS	ITA	Russian Federation	Italy	5931	9889	15997	34313	57899	73829	81647	85716	65823
RUS	JPN	Russian Federation	Japan	415	1878	4537	6747	7653	10522	12498	11547	7072
RUS	KAZ	Russian Federation	Kazakhstan	2056693	1139515	732103	693306	651023	612650	579845	552258	382202
RUS	KGZ	Russian Federation	Kyrgyzstan	349174	284678	212391	170969	126897	111753	108854	106559	64370
RUS	KHM	Russian Federation	Cambodia	14	37	59	46	33	30	30	32	17
RUS	KOR	Russian Federation	Republic of Korea	220	838	1730	3032	5090	5348	22107	28324	13973
RUS	LBY	Russian Federation	Libya	26586	15828	5331	5876	6450	7221	7734	8175	2859
RUS	LIE	Russian Federation	Liechtenstein	6	13	20	31	44	53	69	74	55
RUS	LKA	Russian Federation	Sri Lanka	1	18	36	72	147	148	150	152	92
RUS	LTU	Russian Federation	Lithuania	158448	121622	95271	88849	70305	58511	51718	54490	31011
RUS	LUX	Russian Federation	Luxembourg	377	358	344	298	256	390	2780	3211	2133
RUS	LVA	Russian Federation	Latvia	473207	354000	234753	201748	163606	136376	116771	107529	67852
RUS	MDA	Russian Federation	Republic of Moldova*	223785	152133	104184	71831	51569	35009	17692	20439	12854
RUS	MEX	Russian Federation	Mexico	862	1058	1305	1437	1592	1940	2405	2995	1951
RUS	MKD	Russian Federation	North Macedonia	217	203	189	194	199	215	214	215	127
RUS	MLI	Russian Federation	Mali	384	240	92	376	311	381	445	499	257
RUS	MLT	Russian Federation	Malta	129	151	382	598	775	1315	2865	4980	2986
RUS	MNE	Russian Federation	Montenegro	891	891	891	891	823	925	927	920	528
RUS	MNG	Russian Federation	Mongolia	2755	3042	3362	2740	2433	3012	3232	3420	2373
RUS	MRT	Russian Federation	Mauritania	56	59	60	61	42	60	64	69	12
RUS	MUS	Russian Federation	Mauritius	34	28	38	39	43	49	48	48	26
RUS	NAM	Russian Federation	Namibia	672	642	597	472	454	444	474	503	206
RUS	NIC	Russian Federation	Nicaragua	387	307	235	169	180	194	202	210	125
RUS	NLD	Russian Federation	Netherlands*	12438	12619	7762	31095	36404	3093	14654	36095	24351
RUS	NOR	Russian Federation	Norway*	61	820	3114	8829	13748	17119	18486	20555	13778
RUS	NZL	Russian Federation	New Zealand*	1452	1452	2718	4355	5142	6582	8127	8732	5138
RUS	PAN	Russian Federation	Panama	408	396	409	571	851	995	1192	1818	633
RUS	PER	Russian Federation	Peru	312	428	476	553	623	697	782	1358	1015
RUS	PNG	Russian Federation	Papua New Guinea	41	42	31	31	26	26	25	25	3
RUS	POL	Russian Federation	Poland	98934	76486	59131	49654	43255	30954	21433	15923	10127
RUS	PRK	Russian Federation	Dem. People's Republic of Korea	43	58	72	102	132	145	146	149	69
RUS	PRT	Russian Federation	Portugal	680	1468	2317	3993	5006	5674	6508	7321	4417
RUS	ROU	Russian Federation	Romania	0	915	4533	6620	5132	4053	3221	2566	1767
RUS	SLE	Russian Federation	Sierra Leone	75	73	71	56	61	67	68	63	21
RUS	SLV	Russian Federation	El Salvador	29	23	16	17	17	18	18	18	10
RUS	SMR	Russian Federation	San Marino	7	16	26	27	29	36	38	40	40
RUS	SRB	Russian Federation	Serbia*	1083	18	975	2547	3981	6139	9427	11961	6502
RUS	SVK	Russian Federation	Slovakia	622	1073	1819	2040	2287	2780	3098	3368	2160
RUS	SVN	Russian Federation	Slovenia	171	372	664	804	928	2082	3572	4050	2284
RUS	SWE	Russian Federation	Sweden	1586	2555	6020	10450	14985	19243	22520	26376	17085
RUS	SYC	Russian Federation	Seychelles	79	45	11	48	86	96	97	99	57
RUS	TJK	Russian Federation	Tajikistan	363565	294449	252099	238699	238142	234154	234998	235636	136211
RUS	TKM	Russian Federation	Turkmenistan	118324	98709	79212	78008	75465	75153	74600	74157	40474
RUS	TUR	Russian Federation	Türkiye	11175	15387	19598	23295	26958	32381	60671	193302	103717
RUS	UKR	Russian Federation	Ukraine*	5018098	4355392	3745842	3422713	3265811	3275758	3330586	3375095	1987068
RUS	USA	Russian Federation	United States of America*	319590	341572	369506	395239	409175	416733	437372	452940	273119
RUS	UZB	Russian Federation	Uzbekistan	1267201	1161963	1067247	980674	913652	877690	871047	865767	466416
RUS	VEN	Russian Federation	Venezuela (Bolivarian Republic of)	597	589	576	605	643	674	635	606	353
RUS	ZAF	Russian Federation	South Africa	2618	1421	1382	1204	939	857	815	805	562
RWA	AGO	Rwanda	Angola	46	115	183	536	879	1186	1260	1299	723
RWA	AUS	Rwanda	Australia*	3	5	50	179	609	981	1183	1338	735
RWA	BDI	Rwanda	Burundi	221943	160197	66415	61104	54794	64363	76567	85969	46977
RWA	BEL	Rwanda	Belgium	3525	4714	6296	9034	12799	14033	14698	15445	8595
RWA	BGR	Rwanda	Bulgaria	0	1	1	2	2	2	1	1	1
RWA	BOL	Rwanda	Bolivia (Plurinational State of)	2	2	1	1	1	2	1	1	1
RWA	CAN	Rwanda	Canada	220	719	1952	3295	5054	6283	7677	9317	5053
RWA	CHN	Rwanda	China	68	87	109	116	144	431	1184	1400	744
RWA	COD	Rwanda	Democratic Republic of the Congo	22972	1132791	85936	82035	123871	275136	251333	286208	143564
RWA	COG	Rwanda	Congo	0	5503	12480	7936	18900	25119	24955	24825	10803
RWA	CRI	Rwanda	Costa Rica	1	1	1	2	2	1	1	1	1
RWA	DNK	Rwanda	Denmark*	12	31	139	255	329	380	417	674	370
RWA	ERI	Rwanda	Eritrea	991	703	414	385	385	467	407	365	189
RWA	EST	Rwanda	Estonia	0	0	0	0	1	1	4	4	1
RWA	FIN	Rwanda	Finland*	2	13	24	137	173	436	524	617	307
RWA	GAB	Rwanda	Gabon	65	87	108	119	137	191	209	226	92
RWA	GHA	Rwanda	Ghana	268	267	299	420	311	382	437	488	315
RWA	GIN	Rwanda	Guinea	0	0	0	0	0	39	36	35	14
RWA	GRC	Rwanda	Greece	174	148	125	112	103	96	97	103	20
RWA	HUN	Rwanda	Hungary	1	7	12	15	18	18	23	27	15
RWA	ISL	Rwanda	Iceland	0	1	1	1	1	2	0	0	0
RWA	ITA	Rwanda	Italy	372	439	498	565	635	732	866	954	556
RWA	KEN	Rwanda	Kenya	3874	5861	3273	4059	6201	6330	5510	5208	2594
RWA	LTU	Rwanda	Lithuania	0	0	0	0	0	2	1	1	0
RWA	LUX	Rwanda	Luxembourg	24	22	22	19	17	25	188	217	123
RWA	LVA	Rwanda	Latvia	1	1	1	0	0	1	1	1	0
RWA	MLI	Rwanda	Mali	0	0	0	0	385	473	553	621	257
RWA	MWI	Rwanda	Malawi	2249	5138	4947	4714	6482	5582	6280	6128	2975
RWA	NAM	Rwanda	Namibia	530	506	471	372	358	350	374	397	173
RWA	NOR	Rwanda	Norway*	6	33	148	316	530	612	662	736	411
RWA	SEN	Rwanda	Senegal	0	300	351	324	297	283	282	289	140
RWA	SLE	Rwanda	Sierra Leone	0	0	0	2	1	0	0	0	0
RWA	SVK	Rwanda	Slovakia	0	0	0	0	0	2	1	1	0
RWA	SVN	Rwanda	Slovenia	0	0	0	0	0	11	1	1	1
RWA	SWZ	Rwanda	Eswatini	2	52	112	195	229	342	387	392	195
RWA	TGO	Rwanda	Togo	880	899	1452	1409	746	665	669	674	347
RWA	TZA	Rwanda	United Republic of Tanzania	68609	600656	49366	13231	5246	581	517	561	198
RWA	UGA	Rwanda	Uganda	257379	187709	104439	92150	84421	80434	76677	79149	44415
RWA	ZAF	Rwanda	South Africa	61	586	1562	3273	3133	3845	3569	3172	1154
RWA	ZMB	Rwanda	Zambia	0	2285	5662	6873	7462	6573	9202	12201	5741
SAU	ARE	Saudi Arabia	United Arab Emirates	463	989	1556	2349	4112	5178	5422	6157	2236
SAU	AUS	Saudi Arabia	Australia*	599	965	1525	2969	12383	14386	14974	14397	6639
SAU	BGR	Saudi Arabia	Bulgaria	1	8	15	23	31	56	139	191	58
SAU	BHR	Saudi Arabia	Bahrain	62	112	156	279	475	532	579	619	187
SAU	BOL	Saudi Arabia	Bolivia (Plurinational State of)	12	9	6	9	11	14	14	16	3
SAU	BRA	Saudi Arabia	Brazil	5	398	326	354	323	345	382	386	172
SAU	CAN	Saudi Arabia	Canada	1426	3403	7439	11205	20892	28250	29531	35996	16732
SAU	CHN	Saudi Arabia	China	483	564	673	800	928	502	261	276	147
SAU	COL	Saudi Arabia	Colombia	46	52	54	58	85	129	178	213	97
SAU	CRI	Saudi Arabia	Costa Rica	6	6	10	8	14	13	16	19	5
SAU	CYP	Saudi Arabia	Cyprus	58	82	106	159	244	223	229	243	110
SAU	DNK	Saudi Arabia	Denmark*	49	116	185	217	244	324	486	563	249
SAU	DOM	Saudi Arabia	Dominican Republic	24	27	29	23	18	17	17	18	3
SAU	DZA	Saudi Arabia	Algeria	3068	3497	3926	3103	3409	3706	3852	3992	1545
SAU	EGY	Saudi Arabia	Egypt	6127	6418	6724	6798	6333	0	4757	3490	1264
SAU	EST	Saudi Arabia	Estonia	0	0	0	0	1	5	18	18	5
SAU	FIN	Saudi Arabia	Finland*	17	93	169	211	237	315	484	570	270
SAU	GIN	Saudi Arabia	Guinea	682	786	523	250	120	31	28	27	9
SAU	GRC	Saudi Arabia	Greece	532	490	456	446	451	424	432	459	217
SAU	GTM	Saudi Arabia	Guatemala	27	24	20	24	28	31	32	35	2
SAU	HUN	Saudi Arabia	Hungary	286	253	220	272	325	373	451	532	180
SAU	IDN	Saudi Arabia	Indonesia	2490	3127	3889	2813	3097	4916	7822	8877	4141
SAU	IND	Saudi Arabia	India	5534	5457	5379	7843	12193	11604	10823	10381	5217
SAU	IRQ	Saudi Arabia	Iraq	519	612	580	675	690	674	680	690	194
SAU	ISL	Saudi Arabia	Iceland	1	2	2	3	3	8	18	27	9
SAU	ITA	Saudi Arabia	Italy	240	327	430	562	757	966	1313	1449	639
SAU	KWT	Saudi Arabia	Kuwait	374	473	726	1105	1713	1892	2194	2406	933
SAU	LBY	Saudi Arabia	Libya	12976	19379	26101	28771	31573	35352	37866	40027	9219
SAU	LKA	Saudi Arabia	Sri Lanka	15	167	321	635	1280	1397	1416	1432	668
SAU	LTU	Saudi Arabia	Lithuania	8	6	4	4	2	8	14	15	12
SAU	LUX	Saudi Arabia	Luxembourg	0	0	0	0	0	0	59	68	18
SAU	LVA	Saudi Arabia	Latvia	0	0	0	1	2	5	13	12	3
SAU	MEX	Saudi Arabia	Mexico	127	122	116	111	108	137	176	204	64
SAU	MLI	Saudi Arabia	Mali	0	0	0	0	1178	1448	1698	1906	1072
SAU	MLT	Saudi Arabia	Malta	11	13	15	20	21	36	77	134	54
SAU	MRT	Saudi Arabia	Mauritania	273	291	300	303	212	305	332	357	138
SAU	NOR	Saudi Arabia	Norway*	36	69	203	237	368	627	964	1072	505
SAU	PAN	Saudi Arabia	Panama	18	25	35	36	44	50	59	90	27
SAU	PSE	Saudi Arabia	State of Palestine	21258	20773	20289	20238	23955	24094	24951	24923	12597
SAU	QAT	Saudi Arabia	Qatar	9870	15156	22946	7026	1020	1111	893	956	234
SAU	SEN	Saudi Arabia	Senegal	1177	1230	1183	1232	1340	1430	1476	1513	776
SAU	SVK	Saudi Arabia	Slovakia	2	10	22	25	28	39	48	52	9
SAU	SVN	Saudi Arabia	Slovenia	0	0	3	1	8	17	26	29	6
SAU	SWE	Saudi Arabia	Sweden	386	564	817	996	1600	3340	6795	8610	3866
SAU	TUR	Saudi Arabia	Türkiye	3312	3838	4363	7122	10027	13612	51517	61221	29297
SAU	VEN	Saudi Arabia	Venezuela (Bolivarian Republic of)	894	1045	1212	1346	1511	1618	1524	1454	461
SAU	ZAF	Saudi Arabia	South Africa	63	134	212	275	339	418	515	577	259
SDN	ARE	Sudan	United Arab Emirates	31983	41469	52959	54868	83242	104839	109805	124677	50506
SDN	AUS	Sudan	Australia*	1375	2214	4204	17942	24613	19698	18588	17709	8895
SDN	BGR	Sudan	Bulgaria	12	17	21	28	34	41	48	66	11
SDN	BHR	Sudan	Bahrain	4327	4941	5289	6590	9605	10778	11740	12550	4343
SDN	BOL	Sudan	Bolivia (Plurinational State of)	0	0	0	1	2	3	2	2	0
SDN	BRA	Sudan	Brazil	0	15	16	29	42	85	212	79	27
SDN	CAF	Sudan	Central African Republic	22179	27015	29587	23093	22680	19539	20695	22100	10381
SDN	CAN	Sudan	Canada	987	2561	5467	11859	13669	11458	15109	19383	9647
SDN	CHN	Sudan	China	613	722	859	1023	1201	956	732	796	423
SDN	COD	Sudan	Democratic Republic of the Congo	15895	15271	16643	16647	2506	5523	5370	6115	5453
SDN	CRI	Sudan	Costa Rica	1	1	1	2	2	1	1	1	0
SDN	CYP	Sudan	Cyprus	129	183	236	355	544	499	514	546	278
SDN	DNK	Sudan	Denmark*	78	138	210	478	642	752	819	858	359
SDN	DZA	Sudan	Algeria	9127	5362	1597	1262	1386	1506	1566	1623	765
SDN	EGY	Sudan	Egypt	0	988	7069	23331	22156	27669	48506	500000	238988
SDN	ERI	Sudan	Eritrea	131	155	180	170	172	208	181	163	55
SDN	EST	Sudan	Estonia	0	0	0	0	4	12	26	26	1
SDN	ETH	Sudan	Ethiopia	59262	10273	12364	13973	5440	38743	44791	88958	45128
SDN	FIN	Sudan	Finland*	144	227	310	0	800	872	1179	1388	619
SDN	FRA	Sudan	France*	552	875	1383	2168	3370	8073	19817	31621	6616
SDN	GHA	Sudan	Ghana	18	18	20	28	21	25	27	30	6
SDN	GIN	Sudan	Guinea	0	0	0	0	0	7	5	5	0
SDN	GRC	Sudan	Greece	1141	1262	1404	1650	1965	1850	1889	2007	779
SDN	HRV	Sudan	Croatia	0	0	0	33	66	66	60	57	14
SDN	HUN	Sudan	Hungary	72	95	117	145	173	167	225	265	53
SDN	IDN	Sudan	Indonesia	0	0	0	0	0	308	500	444	150
SDN	IND	Sudan	India	0	105	56	23	22	114	186	811	356
SDN	IRQ	Sudan	Iraq	2924	3447	3267	3800	3882	3792	3826	3881	508
SDN	ISL	Sudan	Iceland	0	0	0	0	0	0	6	9	0
SDN	ISR	Sudan	Israel	0	0	5	58	6819	5618	6683	4918	1036
SDN	ITA	Sudan	Italy	242	407	658	1204	1954	2580	2984	3304	815
SDN	KEN	Sudan	Kenya	814	41215	56360	76711	26998	10266	9926	9381	4641
SDN	KWT	Sudan	Kuwait	29002	24434	27765	31227	41145	41469	48137	52783	23576
SDN	LBN	Sudan	Lebanon	7560	7560	8368	9521	10674	11828	12981	11539	3000
SDN	LBY	Sudan	Libya	38599	24407	10616	11701	12842	14379	15400	40329	11346
SDN	LTU	Sudan	Lithuania	1	0	0	0	0	2	2	2	0
SDN	LUX	Sudan	Luxembourg	0	0	0	0	0	0	102	118	15
SDN	LVA	Sudan	Latvia	1	1	2	1	1	3	5	5	0
SDN	MLI	Sudan	Mali	0	0	0	0	493	606	709	796	327
SDN	MLT	Sudan	Malta	8	10	12	16	366	186	404	702	314
SDN	MYS	Sudan	Malaysia	0	0	0	39	84	120	308	301	103
SDN	NAM	Sudan	Namibia	294	281	262	207	199	194	207	220	121
SDN	NER	Sudan	Niger	337	418	504	514	523	529	1771	2286	1352
SDN	NOR	Sudan	Norway*	68	138	341	659	1061	3264	4794	5331	2157
SDN	OMN	Sudan	Oman	5169	5285	5404	5970	7883	17937	17330	22405	5711
SDN	QAT	Sudan	Qatar	2211	2936	3923	9023	21547	23013	22950	24580	6730
SDN	SAU	Sudan	Saudi Arabia	142047	183136	193735	255574	453507	814458	821780	895646	159874
SDN	SLE	Sudan	Sierra Leone	0	3	1	5	11	15	7	7	2
SDN	SSD	Sudan	South Sudan	0	0	0	0	0	562381	587668	608817	312582
SDN	SVK	Sudan	Slovakia	0	1	2	3	3	19	18	20	2
SDN	SVN	Sudan	Slovenia	0	0	14	14	13	16	17	19	5
SDN	SWE	Sudan	Sweden	340	527	688	988	1612	3519	6592	10016	4546
SDN	SYR	Sudan	Syrian Arab Republic	0	48	91	222	538	203	209	216	104
SDN	TCD	Sudan	Chad	9529	19071	28613	247573	293205	320988	372594	1071034	599780
SDN	TUR	Sudan	Türkiye	1265	1265	1265	1265	1265	1265	3299	15754	6843
SDN	UGA	Sudan	Uganda	57470	210776	240251	265185	89542	89403	107636	141990	76525
SDN	YEM	Sudan	Yemen	18648	19777	20102	21394	23170	26541	27044	27455	11694
SDN	ZAF	Sudan	South Africa	1423	1215	1219	1083	783	715	521	459	165
SEN	ARG	Senegal	Argentina	12	12	13	147	432	664	975	1267	722
SEN	AUS	Senegal	Australia*	156	191	235	272	370	437	467	509	217
SEN	BEL	Senegal	Belgium	772	997	1286	2123	3549	5571	7260	9114	4256
SEN	BFA	Senegal	Burkina Faso	1983	2466	2965	3417	3857	4033	4191	4283	1953
SEN	BGR	Senegal	Bulgaria	1	3	4	7	9	11	14	19	6
SEN	BOL	Senegal	Bolivia (Plurinational State of)	4	2	0	4	7	9	8	9	1
SEN	BRA	Senegal	Brazil	5	226	184	205	193	3932	6531	637	171
SEN	CAN	Senegal	Canada	421	757	1306	2097	4932	8249	9813	13811	6517
SEN	CHL	Senegal	Chile	19	24	32	46	68	116	268	295	243
SEN	CIV	Senegal	Côte d'Ivoire	28086	28717	29349	29980	30611	31242	31873	32378	7124
SEN	CMR	Senegal	Cameroon	0	0	0	3172	2524	3153	3673	4077	850
SEN	COG	Senegal	Congo	3468	4436	6591	9227	9981	13265	13178	13109	3085
SEN	CPV	Senegal	Cabo Verde	141	384	627	1025	1423	1478	1562	1634	774
SEN	CRI	Senegal	Costa Rica	1	1	1	2	2	1	1	1	1
SEN	CYP	Senegal	Cyprus	2	3	4	6	8	7	6	6	1
SEN	DNK	Senegal	Denmark*	40	49	79	89	130	179	193	214	99
SEN	EGY	Senegal	Egypt	252	276	303	320	312	7	256	201	41
SEN	ESH	Senegal	Western Sahara	905	1006	1108	1311	1514	1745	1831	1899	792
SEN	ESP	Senegal	Spain*	129	1381	7479	28177	56366	55069	77628	101026	19798
SEN	EST	Senegal	Estonia	0	0	0	0	2	2	3	3	0
SEN	FIN	Senegal	Finland*	15	25	34	81	110	168	216	254	39
SEN	FRA	Senegal	France*	69964	77443	86703	101387	115011	135054	160065	176632	84285
SEN	GAB	Senegal	Gabon	9431	12612	15776	17189	19925	27861	30652	33087	5611
SEN	GHA	Senegal	Ghana	53	53	59	83	61	75	85	95	34
SEN	GIN	Senegal	Guinea	6770	7805	8455	5495	3571	2139	2053	1985	778
SEN	GMB	Senegal	Gambia	72943	89990	112746	109499	114379	118452	132678	145276	73511
SEN	GNB	Senegal	Guinea-Bissau	5053	16635	8119	9265	10455	11087	9093	7634	4000
SEN	GRC	Senegal	Greece	81	63	46	350	678	638	651	692	54
SEN	HUN	Senegal	Hungary	5	11	17	21	24	34	51	60	19
SEN	ISL	Senegal	Iceland	3	5	6	10	14	21	29	44	14
SEN	ITA	Senegal	Italy	11365	17707	26297	44658	64404	83601	112978	127427	31088
SEN	JPN	Senegal	Japan	45	73	118	190	308	487	1036	1032	217
SEN	LBR	Senegal	Liberia	243	237	233	216	342	392	302	249	75
SEN	LBY	Senegal	Libya	1096	952	824	909	998	1117	1195	1263	160
SEN	LIE	Senegal	Liechtenstein	0	0	0	0	1	2	2	2	1
SEN	LUX	Senegal	Luxembourg	29	27	26	22	20	30	703	812	375
SEN	MAR	Senegal	Morocco	1233	1132	1193	1266	1376	1774	1947	2113	1023
SEN	MEX	Senegal	Mexico	12	6	14	22	32	34	50	1393	549
SEN	MLI	Senegal	Mali	12899	12540	10719	8569	16797	20671	24257	27227	13640
SEN	MRT	Senegal	Mauritania	94138	36493	37730	38114	26706	17630	19294	20739	8437
SEN	NAM	Senegal	Namibia	45	43	41	32	30	29	30	32	12
SEN	NER	Senegal	Niger	732	910	1096	1116	1135	1150	1468	1895	728
SEN	NIC	Senegal	Nicaragua	83	66	113	164	175	188	195	202	115
SEN	NOR	Senegal	Norway*	36	44	71	98	173	253	310	345	121
SEN	PRT	Senegal	Portugal	183	396	627	1341	1833	2078	2383	2681	551
SEN	SLE	Senegal	Sierra Leone	737	718	700	609	463	353	306	285	122
SEN	SVK	Senegal	Slovakia	0	1	2	2	2	15	19	21	3
SEN	SVN	Senegal	Slovenia	0	0	2	1	3	5	3	3	1
SEN	TGO	Senegal	Togo	483	544	612	689	895	1008	1016	1023	443
SEN	TUN	Senegal	Tunisia	325	323	373	357	317	409	433	455	218
SEN	VEN	Senegal	Venezuela (Bolivarian Republic of)	13	12	12	12	13	14	12	11	5
SEN	ZAF	Senegal	South Africa	748	993	1901	2241	1734	2188	2317	1664	409
SEN	ZMB	Senegal	Zambia	115	138	166	153	142	125	175	232	53
SGP	AUS	Singapore	Australia*	24824	29696	34354	43009	53631	59325	64938	68087	37541
SGP	BGD	Singapore	Bangladesh	10556	9063	7569	8316	9307	9583	9396	12909	8922
SGP	BGR	Singapore	Bulgaria	2	3	4	6	7	15	33	45	24
SGP	BOL	Singapore	Bolivia (Plurinational State of)	6	6	6	4	1	2	1	1	0
SGP	BRN	Singapore	Brunei Darussalam	1499	1472	1445	1477	1509	1541	1678	1798	773
SGP	BTN	Singapore	Bhutan	8	10	11	14	17	18	17	18	8
SGP	CAN	Singapore	Canada	6053	7353	8923	9802	11811	13196	12678	12878	7049
SGP	CHL	Singapore	Chile	23	29	38	55	83	139	321	354	292
SGP	CHN	Singapore	China	6043	7138	8494	10111	11906	10170	8360	9088	4828
SGP	CRI	Singapore	Costa Rica	17	9	6	5	9	8	9	11	1
SGP	CYP	Singapore	Cyprus	8	12	15	23	35	31	31	33	27
SGP	DNK	Singapore	Denmark*	259	303	366	455	657	765	921	1171	661
SGP	EGY	Singapore	Egypt	90	113	141	170	189	0	201	170	90
SGP	EST	Singapore	Estonia	0	0	0	0	3	9	18	18	10
SGP	FIN	Singapore	Finland*	31	41	50	103	142	194	266	313	180
SGP	GBR	Singapore	United Kingdom*	33699	36688	39944	41187	42072	43373	44803	45936	22244
SGP	GRC	Singapore	Greece	65	67	70	77	87	81	83	88	64
SGP	HKG	Singapore	China, Hong Kong SAR	6619	7388	8156	8905	9675	9887	10309	10660	6372
SGP	HUN	Singapore	Hungary	73	65	56	70	83	77	102	120	54
SGP	IDN	Singapore	Indonesia	971	1626	2762	2004	2132	1762	1282	1743	813
SGP	IND	Singapore	India	8768	6787	5225	5744	6682	6294	5870	5575	3443
SGP	ISL	Singapore	Iceland	6	9	11	13	14	17	21	32	24
SGP	ITA	Singapore	Italy	237	288	339	382	460	517	645	713	445
SGP	JPN	Singapore	Japan	1131	1515	1894	2207	2493	13474	12799	3472	2049
SGP	KHM	Singapore	Cambodia	57	150	242	189	136	123	130	138	42
SGP	LBY	Singapore	Libya	198	342	492	543	597	667	714	755	204
SGP	LIE	Singapore	Liechtenstein	0	0	0	0	5	6	8	9	6
SGP	LKA	Singapore	Sri Lanka	8	78	150	296	597	604	612	619	360
SGP	LTU	Singapore	Lithuania	4	3	3	2	2	10	5	5	0
SGP	LUX	Singapore	Luxembourg	0	0	0	0	0	0	149	172	102
SGP	LVA	Singapore	Latvia	2	2	3	4	5	4	1	1	0
SGP	MDV	Singapore	Maldives	42	49	54	55	66	77	82	88	9
SGP	MLI	Singapore	Mali	0	0	0	0	663	815	955	1072	484
SGP	MLT	Singapore	Malta	8	10	12	15	25	42	89	155	52
SGP	MYS	Singapore	Malaysia	51411	55648	59885	64122	68783	72596	76657	79926	35529
SGP	NOR	Singapore	Norway*	268	314	365	454	587	764	866	963	564
SGP	NZL	Singapore	New Zealand*	2841	3404	3851	4729	5182	6032	7124	7784	4275
SGP	PAN	Singapore	Panama	10	14	20	27	40	46	55	84	32
SGP	PNG	Singapore	Papua New Guinea	71	72	53	61	51	51	50	50	16
SGP	PRT	Singapore	Portugal	7	15	25	27	25	28	30	34	21
SGP	SVK	Singapore	Slovakia	0	1	3	3	3	17	20	22	12
SGP	SVN	Singapore	Slovenia	0	0	1	0	8	11	7	8	7
SGP	TLS	Singapore	Timor-Leste	57	62	68	73	75	81	79	78	30
SGP	TWN	Singapore	China, Taiwan Province of China	415	689	964	1163	1143	1442	1578	1903	871
SGP	VEN	Singapore	Venezuela (Bolivarian Republic of)	16	15	15	15	17	18	16	15	7
SGP	ZAF	Singapore	South Africa	216	257	316	360	396	435	478	499	213
SHN	DNK	Saint Helena	Denmark*	1	0	0	0	0	0	0	0	0
SHN	DOM	Saint Helena	Dominican Republic	94	105	115	104	93	97	100	108	54
SHN	FLK	Saint Helena	Falkland Islands (Malvinas)*	31	32	133	153	295	323	402	479	209
SHN	GRC	Saint Helena	Greece	26	19	13	9	4	3	1	1	0
SHN	NOR	Saint Helena	Norway*	0	1	1	1	4	4	3	3	3
SHN	SVK	Saint Helena	Slovakia	0	0	0	0	0	1	0	0	0
SLB	AUS	Solomon Islands	Australia*	1067	1255	1395	1640	1944	2295	2886	7161	3044
SLB	BOL	Solomon Islands	Bolivia (Plurinational State of)	0	0	0	1	1	2	1	1	1
SLB	DNK	Solomon Islands	Denmark*	0	2	2	2	3	4	1	2	1
SLB	FIN	Solomon Islands	Finland*	0	0	0	2	4	5	2	2	1
SLB	FJI	Solomon Islands	Fiji	646	636	634	636	683	703	718	732	336
SLB	GIN	Solomon Islands	Guinea	0	0	0	0	0	12	10	10	2
SLB	GRC	Solomon Islands	Greece	6	12	19	10	0	0	0	0	0
SLB	ISL	Solomon Islands	Iceland	0	0	0	1	1	1	0	0	0
SLB	NOR	Solomon Islands	Norway*	1	1	1	2	3	6	4	4	4
SLB	NRU	Solomon Islands	Nauru	39	36	33	31	41	64	73	85	25
SLB	PNG	Solomon Islands	Papua New Guinea	324	331	247	257	218	221	220	221	64
SLB	SVK	Solomon Islands	Slovakia	0	0	0	0	0	3	2	2	1
SLB	SVN	Solomon Islands	Slovenia	0	0	0	0	0	1	0	0	0
SLB	VUT	Solomon Islands	Vanuatu	83	65	51	75	113	120	122	124	61
SLB	WSM	Solomon Islands	Samoa	5	10	16	14	13	10	8	8	4
SLE	AUS	Sierra Leone	Australia*	97	158	260	1490	3265	3989	4094	4218	2163
SLE	BEL	Sierra Leone	Belgium	117	171	249	747	1415	2006	2507	3018	1104
SLE	BGR	Sierra Leone	Bulgaria	0	0	0	1	1	1	1	1	0
SLE	BOL	Sierra Leone	Bolivia (Plurinational State of)	0	0	0	1	2	3	2	2	0
SLE	BRA	Sierra Leone	Brazil	0	0	108	148	137	266	530	100	25
SLE	CPV	Sierra Leone	Cabo Verde	19	26	32	23	14	15	14	15	8
SLE	CYP	Sierra Leone	Cyprus	1	2	2	3	3	2	1	1	0
SLE	DNK	Sierra Leone	Denmark*	74	173	260	295	319	328	342	344	178
SLE	EGY	Sierra Leone	Egypt	100	83	213	128	51	12	20	22	9
SLE	EST	Sierra Leone	Estonia	0	0	0	0	0	1	8	8	0
SLE	FIN	Sierra Leone	Finland*	21	29	36	74	103	125	145	171	42
SLE	GHA	Sierra Leone	Ghana	119	1180	2385	3354	1939	2386	2740	3061	1531
SLE	GIN	Sierra Leone	Guinea	15985	273125	365828	27115	13557	8683	8342	8065	3341
SLE	GMB	Sierra Leone	Gambia	1435	6835	2218	5956	2250	2330	2608	2856	1337
SLE	GNB	Sierra Leone	Guinea-Bissau	87	524	960	863	766	812	585	491	237
SLE	GRC	Sierra Leone	Greece	436	344	258	219	186	174	176	187	61
SLE	HUN	Sierra Leone	Hungary	6	13	20	25	30	31	30	35	7
SLE	ISL	Sierra Leone	Iceland	5	8	10	12	13	15	19	29	9
SLE	ITA	Sierra Leone	Italy	204	314	462	757	1035	1282	2381	2470	604
SLE	LBR	Sierra Leone	Liberia	7943	124102	71154	26426	12578	14536	16853	13878	6292
SLE	LBY	Sierra Leone	Libya	117	144	175	193	212	237	251	265	81
SLE	LUX	Sierra Leone	Luxembourg	0	0	0	0	0	0	20	23	7
SLE	LVA	Sierra Leone	Latvia	2	2	3	2	1	1	0	0	0
SLE	MLI	Sierra Leone	Mali	1227	1283	1177	4821	1713	2107	2471	2774	1491
SLE	NAM	Sierra Leone	Namibia	242	231	216	170	163	159	170	180	94
SLE	NGA	Sierra Leone	Nigeria	1553	1574	1658	3294	3365	4073	4363	4679	2127
SLE	NOR	Sierra Leone	Norway*	143	153	195	372	468	514	518	576	281
SLE	PRT	Sierra Leone	Portugal	12	26	43	49	48	53	58	65	10
SLE	SEN	Sierra Leone	Senegal	12313	12876	11638	12523	14007	14963	15453	15843	8314
SLE	SVK	Sierra Leone	Slovakia	0	0	0	0	0	2	1	1	0
SLE	SVN	Sierra Leone	Slovenia	0	0	0	0	7	5	4	5	0
SLE	TGO	Sierra Leone	Togo	49	55	62	70	93	105	105	106	56
SLE	ZAF	Sierra Leone	South Africa	190	180	373	336	205	184	168	142	58
SLV	ARG	El Salvador	Argentina	11	10	150	312	465	599	761	901	513
SLV	AUS	El Salvador	Australia*	10849	10890	10670	10750	10945	11360	11260	10898	5698
SLV	BEL	El Salvador	Belgium	137	181	239	317	397	569	2691	2981	1575
SLV	BGR	El Salvador	Bulgaria	1	2	3	5	7	8	11	15	4
SLV	BHS	El Salvador	Bahamas	5	4	4	36	67	73	77	81	4
SLV	BLZ	El Salvador	Belize	6691	6661	6631	7059	7486	8828	10016	11092	5407
SLV	BOL	El Salvador	Bolivia (Plurinational State of)	57	82	107	108	109	128	140	156	87
SLV	BRA	El Salvador	Brazil	487	466	463	338	226	113	73	71	20
SLV	CAN	El Salvador	Canada	27442	32088	37461	42348	44461	48522	49409	49004	25025
SLV	CHL	El Salvador	Chile	209	222	228	311	476	806	1084	1289	1002
SLV	COL	El Salvador	Colombia	133	197	242	307	430	596	778	898	422
SLV	CRI	El Salvador	Costa Rica	56257	26046	8857	6451	13701	13900	16682	20131	10651
SLV	CYP	El Salvador	Cyprus	3	4	5	7	10	9	8	8	1
SLV	DNK	El Salvador	Denmark*	30	38	51	58	75	84	109	125	73
SLV	DOM	El Salvador	Dominican Republic	366	407	447	351	255	267	278	300	158
SLV	ECU	El Salvador	Ecuador	176	197	212	229	253	298	398	433	242
SLV	ESP	El Salvador	Spain*	1223	1765	2507	4191	7426	13781	26018	42228	24994
SLV	EST	El Salvador	Estonia	0	0	0	0	2	1	4	4	1
SLV	FIN	El Salvador	Finland*	4	11	17	34	42	60	74	87	48
SLV	GIN	El Salvador	Guinea	0	0	0	0	0	4	2	2	0
SLV	GRC	El Salvador	Greece	18	26	34	43	53	49	49	52	39
SLV	GTM	El Salvador	Guatemala	236655	124346	12037	14364	16691	18301	20683	22750	17619
SLV	HND	El Salvador	Honduras	114810	60692	6574	6439	6303	8853	9071	9234	4959
SLV	HUN	El Salvador	Hungary	12	11	9	11	13	15	21	25	13
SLV	ISL	El Salvador	Iceland	0	1	1	6	11	13	27	41	26
SLV	ITA	El Salvador	Italy	1494	2357	3600	6014	8795	12473	18402	24538	15009
SLV	JAM	El Salvador	Jamaica	130	137	143	139	135	132	133	135	75
SLV	LBY	El Salvador	Libya	458	485	520	574	631	706	754	797	274
SLV	LIE	El Salvador	Liechtenstein	0	0	0	0	1	1	1	1	1
SLV	LUX	El Salvador	Luxembourg	0	0	0	0	0	0	47	54	31
SLV	MEX	El Salvador	Mexico	7223	7179	7592	8433	8433	14048	38533	55410	25160
SLV	NIC	El Salvador	Nicaragua	12443	2136	2102	2121	2267	2444	2557	2653	1208
SLV	NOR	El Salvador	Norway*	54	81	108	128	155	202	225	250	120
SLV	PAN	El Salvador	Panama	2396	2146	2032	2173	2756	3225	4147	6326	3035
SLV	PER	El Salvador	Peru	12	12	12	33	142	295	476	615	353
SLV	PRI	El Salvador	Puerto Rico*	519	504	492	970	1327	846	130	117	62
SLV	PRT	El Salvador	Portugal	6	14	23	53	76	85	96	108	99
SLV	SVK	El Salvador	Slovakia	0	0	0	0	0	2	1	1	0
SLV	SVN	El Salvador	Slovenia	0	0	0	0	1	0	1	1	1
SLV	USA	El Salvador	United States of America*	474241	725057	802250	992393	1223863	1379162	1463484	1569946	759506
SLV	VEN	El Salvador	Venezuela (Bolivarian Republic of)	1017	965	908	937	978	1015	956	912	525
SMR	BGR	San Marino	Bulgaria	1	2	2	3	4	6	4	6	6
SMR	DNK	San Marino	Denmark*	1	0	0	0	1	3	3	8	6
SMR	FIN	San Marino	Finland*	0	0	0	0	0	1	0	0	0
SMR	GRC	San Marino	Greece	9	9	9	5	1	0	0	0	0
SMR	HUN	San Marino	Hungary	0	0	0	0	0	5	3	4	1
SMR	ISL	San Marino	Iceland	0	0	0	0	0	0	2	3	3
SMR	ITA	San Marino	Italy	2446	2371	2225	2071	1944	1845	2414	1963	1125
SMR	LUX	San Marino	Luxembourg	0	0	0	0	0	0	3	3	2
SMR	NOR	San Marino	Norway*	0	0	1	1	4	4	4	4	2
SMR	SVK	San Marino	Slovakia	0	0	0	0	0	1	0	0	0
SMR	SVN	San Marino	Slovenia	0	0	0	0	0	1	0	0	0
SOM	ARE	Somalia	United Arab Emirates	2570	3252	4094	4086	6083	7661	8023	9109	3377
SOM	AUS	Somalia	Australia*	1273	1768	3767	4504	6155	8686	9268	9578	5096
SOM	AUT	Somalia	Austria	40	71	125	257	1173	3650	5959	9719	3568
SOM	BEL	Somalia	Belgium	138	233	393	1064	1931	4277	8781	12989	6213
SOM	BGR	Somalia	Bulgaria	1	2	2	3	3	16	23	32	15
SOM	BHR	Somalia	Bahrain	347	388	409	491	701	787	856	916	285
SOM	BOL	Somalia	Bolivia (Plurinational State of)	0	0	0	2	3	4	3	3	3
SOM	BRA	Somalia	Brazil	0	11	13	19	44	270	621	196	36
SOM	CAN	Somalia	Canada	4480	8865	16809	19406	22239	27206	31726	34668	19807
SOM	CHN	Somalia	China	185	250	283	320	389	619	620	638	339
SOM	CRI	Somalia	Costa Rica	1	1	1	2	2	1	1	1	1
SOM	CYP	Somalia	Cyprus	3	4	5	7	10	9	8	8	1
SOM	DJI	Somalia	Djibouti	101216	82625	83230	76278	84725	88152	94976	99940	46406
SOM	DNK	Somalia	Denmark*	519	5233	11479	10808	9910	11333	10819	10486	5128
SOM	DZA	Somalia	Algeria	926	6248	11570	9147	10050	10923	11361	11773	5320
SOM	EGY	Somalia	Egypt	4455	10595	12795	19136	28403	7524	47293	50036	25792
SOM	ERI	Somalia	Eritrea	1438	1607	1775	3657	4691	2485	2156	1937	918
SOM	EST	Somalia	Estonia	0	0	0	0	2	2	3	3	0
SOM	ETH	Somalia	Ethiopia	395548	319976	177388	37643	86677	263015	204246	389246	190633
SOM	FIN	Somalia	Finland*	54	1772	3490	5928	7110	9666	12070	14208	6798
SOM	GBR	Somalia	United Kingdom*	0	8528	38752	61984	97125	108244	114673	119728	64767
SOM	GIN	Somalia	Guinea	0	0	0	0	0	6	4	4	0
SOM	GRC	Somalia	Greece	44	55	66	412	785	739	3788	4024	1984
SOM	HUN	Somalia	Hungary	5	139	272	334	399	564	472	557	67
SOM	IDN	Somalia	Indonesia	5	0	10	18	84	964	1396	1170	402
SOM	IND	Somalia	India	0	319	114	128	838	692	827	892	415
SOM	IRQ	Somalia	Iraq	204	377	357	415	424	414	417	423	117
SOM	ISL	Somalia	Iceland	0	1	1	1	1	2	32	48	14
SOM	ITA	Somalia	Italy	4398	5378	6355	7271	8694	10549	11484	12642	4215
SOM	KEN	Somalia	Kenya	7875	172164	159197	208156	392063	488470	425284	401953	194002
SOM	KWT	Somalia	Kuwait	2075	1715	1911	2116	2759	2886	3348	3671	1463
SOM	LBY	Somalia	Libya	3917	40088	76918	84783	93040	104178	111588	117956	31716
SOM	LIE	Somalia	Liechtenstein	0	0	0	0	3	18	24	26	11
SOM	LTU	Somalia	Lithuania	1	0	0	0	0	2	1	1	0
SOM	LUX	Somalia	Luxembourg	0	0	0	0	0	0	77	89	39
SOM	LVA	Somalia	Latvia	0	0	0	2	5	5	3	3	0
SOM	MLT	Somalia	Malta	7	9	10	14	3723	1882	4101	7128	3220
SOM	MWI	Somalia	Malawi	211	61	59	147	87	74	102	100	43
SOM	MYS	Somalia	Malaysia	0	54	28	42	920	1247	3262	2767	950
SOM	NAM	Somalia	Namibia	138	131	123	97	93	91	97	103	30
SOM	NIC	Somalia	Nicaragua	17	14	23	34	36	38	38	39	32
SOM	NLD	Somalia	Netherlands*	4500	16116	21618	14300	21728	27117	24874	25826	12791
SOM	NOR	Somalia	Norway*	1286	3293	6445	12645	17925	27009	29034	32285	15395
SOM	QAT	Somalia	Qatar	76	157	285	652	1557	1539	1239	1327	333
SOM	SAU	Somalia	Saudi Arabia	16223	18856	20532	25011	33910	46289	45963	48099	24090
SOM	SDN	Somalia	Sudan	0	122	43	38	86	130	179	311	158
SOM	SVK	Somalia	Slovakia	0	0	2	2	2	14	17	18	9
SOM	SVN	Somalia	Slovenia	0	0	1	0	1	35	25	28	8
SOM	SWE	Somalia	Sweden	6474	9961	12929	15687	35171	59295	70181	74146	37807
SOM	SWZ	Somalia	Eswatini	2	128	116	156	146	181	305	309	145
SOM	SYC	Somalia	Seychelles	11	13	15	36	58	64	63	64	21
SOM	SYR	Somalia	Syrian Arab Republic	200	345	443	1458	3100	1040	1079	1113	544
SOM	TUR	Somalia	Türkiye	25	25	25	1099	2242	3382	16564	27594	13774
SOM	TZA	Somalia	United Republic of Tanzania	467	4247	3655	3424	2273	2967	2642	2867	1375
SOM	UGA	Somalia	Uganda	1095	4352	5982	8458	22748	41622	53018	65070	35385
SOM	YEM	Somalia	Yemen	36771	61684	69757	92022	194353	275683	280940	285211	120021
SOM	ZAF	Somalia	South Africa	12	488	5109	22346	30960	66062	45539	42516	10359
SPM	CRI	Saint Pierre and Miquelon*	Costa Rica	1	1	1	2	2	1	1	1	0
SPM	DOM	Saint Pierre and Miquelon*	Dominican Republic	38	43	48	55	62	64	66	71	28
SPM	GRC	Saint Pierre and Miquelon*	Greece	11	26	41	21	1	0	0	0	0
SPM	PAN	Saint Pierre and Miquelon*	Panama	11	15	22	28	40	46	55	84	40
SRB	ARG	Serbia*	Argentina	9572	5840	3428	348	20	10	10	10	6
SRB	AUS	Serbia*	Australia*	57213	50798	52020	39229	35147	33796	31787	28629	14939
SRB	AUT	Serbia*	Austria	97183	110208	123129	130253	145202	135871	144429	145580	76429
SRB	BGR	Serbia*	Bulgaria	562	895	1227	1606	2022	1944	3245	4462	2048
SRB	BIH	Serbia*	Bosnia and Herzegovina	16974	21815	26662	14345	10280	10222	9550	9041	4696
SRB	BLR	Serbia*	Belarus	16	27	37	36	34	35	33	33	11
SRB	BOL	Serbia*	Bolivia (Plurinational State of)	0	0	0	9	18	22	22	25	6
SRB	BRA	Serbia*	Brazil	6187	4696	3654	1383	434	103	109	18	9
SRB	CAN	Serbia*	Canada	22579	24772	27129	29709	32553	34134	32290	30355	15825
SRB	CHE	Serbia*	Switzerland	40869	43897	47407	53405	57801	63942	66983	68585	35723
SRB	CHL	Serbia*	Chile	1178	805	499	317	195	130	52	297	267
SRB	CHN	Serbia*	China	64	76	90	109	133	303	664	771	409
SRB	CYP	Serbia*	Cyprus	630	891	1152	1732	2657	2439	2518	2673	1446
SRB	CZE	Serbia*	Czechia	0	0	0	0	1210	2345	4322	5697	1914
SRB	DEU	Serbia*	Germany	4423	8475	16239	31115	43795	181469	227380	303740	153222
SRB	DNK	Serbia*	Denmark*	0	0	0	0	503	1169	1746	2365	1219
SRB	DOM	Serbia*	Dominican Republic	180	200	220	145	70	72	75	81	44
SRB	EST	Serbia*	Estonia	0	0	0	0	13	22	52	53	23
SRB	FIN	Serbia*	Finland*	89	140	192	1296	69	149	252	297	144
SRB	FRA	Serbia*	France*	0	0	612	44511	74404	81883	91340	96840	49393
SRB	FRO	Serbia*	Faroe Islands*	0	0	13	35	35	51	59	70	31
SRB	GIN	Serbia*	Guinea	0	0	0	0	0	2	0	0	0
SRB	GRC	Serbia*	Greece	0	2508	5057	4768	4641	4372	4467	4745	3015
SRB	HRV	Serbia*	Croatia	37560	53252	46230	25928	51856	51185	48170	45887	26685
SRB	HUN	Serbia*	Hungary	0	8421	16841	20672	24689	37115	48194	56850	24387
SRB	ISL	Serbia*	Iceland	312	463	614	466	389	523	752	1136	526
SRB	ITA	Serbia*	Italy	3225	5415	8762	22236	38300	40472	33712	34138	18972
SRB	LIE	Serbia*	Liechtenstein	379	461	536	335	347	397	428	458	227
SRB	LTU	Serbia*	Lithuania	4	3	3	2	2	2	13	14	0
SRB	LUX	Serbia*	Luxembourg	4602	2288	2507	1929	3881	5920	3682	4253	2098
SRB	LVA	Serbia*	Latvia	17	8	0	3	6	10	22	20	6
SRB	MKD	Serbia*	North Macedonia	17950	16803	15656	16097	16538	17930	18009	18073	10560
SRB	MLT	Serbia*	Malta	101	119	302	472	450	764	1663	2890	914
SRB	MNE	Serbia*	Montenegro	11991	11991	11991	11991	17455	9679	8831	8760	5221
SRB	NOR	Serbia*	Norway*	1347	1633	2048	3438	3297	3883	6778	7537	3801
SRB	PAN	Serbia*	Panama	27	29	33	25	23	27	31	47	8
SRB	PER	Serbia*	Peru	152	246	252	229	207	158	82	137	53
SRB	POL	Serbia*	Poland	1779	1578	1400	1242	1102	977	868	727	245
SRB	PRT	Serbia*	Portugal	46	99	158	111	46	51	200	225	134
SRB	SVK	Serbia*	Slovakia	383	709	1230	1380	1547	1917	2463	2677	971
SRB	SVN	Serbia*	Slovenia	24825	24679	29945	34154	32867	39025	47393	53729	20601
SRB	SWE	Serbia*	Sweden	1598	22188	27514	14213	14641	9591	15467	20194	9924
SRB	VEN	Serbia*	Venezuela (Bolivarian Republic of)	730	720	711	746	792	830	781	745	392
SRB	ZAF	Serbia*	South Africa	1515	1389	1086	858	621	506	446	443	190
SSD	ARE	South Sudan	United Arab Emirates	3938	5106	6521	6623	9950	12531	13123	14900	6035
SSD	AUS	South Sudan	Australia*	0	0	0	0	648	7511	9004	9693	4998
SSD	BHR	South Sudan	Bahrain	533	608	651	795	1148	1288	1403	1500	518
SSD	CAF	South Sudan	Central African Republic	0	0	0	0	0	0	2236	2388	1138
SSD	COD	South Sudan	Democratic Republic of the Congo	113409	137306	118742	57568	4465	8596	90971	103594	55896
SSD	DNK	South Sudan	Denmark*	0	0	0	0	0	5	27	50	29
SSD	EGY	South Sudan	Egypt	0	0	0	0	0	3578	19410	37915	18037
SSD	ERI	South Sudan	Eritrea	933	1109	1284	1214	1229	1487	1300	1167	399
SSD	ETH	South Sudan	Ethiopia	349048	64067	72662	79562	33673	281162	365470	443743	223734
SSD	FIN	South Sudan	Finland*	0	0	1	1	2	0	9	11	9
SSD	GIN	South Sudan	Guinea	0	0	0	0	0	3	1	1	0
SSD	IRQ	South Sudan	Iraq	360	268	254	296	302	295	297	301	39
SSD	ISR	South Sudan	Israel	0	0	0	0	0	117	205	122	23
SSD	KEN	South Sudan	Kenya	5801	53996	81156	62546	53218	95765	121553	114885	56851
SSD	KWT	South Sudan	Kuwait	0	0	0	0	0	1572	1823	1999	893
SSD	LBY	South Sudan	Libya	4753	3005	1307	1441	1582	1770	1896	2004	561
SSD	LVA	South Sudan	Latvia	1	1	2	2	2	0	0	0	0
SSD	NOR	South Sudan	Norway*	0	0	0	0	0	65	178	198	85
SSD	QAT	South Sudan	Qatar	423	561	751	1150	2546	2518	2028	2172	593
SSD	SDN	South Sudan	Sudan	0	0	0	0	212948	255959	867593	1507976	763215
SSD	UGA	South Sudan	Uganda	0	0	0	0	0	179082	875322	923658	511117
SSD	YEM	South Sudan	Yemen	0	0	0	0	0	541	551	559	238
STP	AGO	Sao Tome and Principe	Angola	3112	3617	4121	5417	6593	6441	6852	7062	3646
STP	CAF	Sao Tome and Principe	Central African Republic	88	104	111	87	86	73	77	82	42
STP	CPV	Sao Tome and Principe	Cabo Verde	2475	3111	3747	2698	1649	1712	1809	1893	1062
STP	DNK	Sao Tome and Principe	Denmark*	0	0	0	0	0	0	3	9	4
STP	GAB	Sao Tome and Principe	Gabon	2012	2690	3366	3667	4251	5944	6539	7058	3124
STP	GIN	Sao Tome and Principe	Guinea	0	0	0	0	0	33	30	29	11
STP	GNQ	Sao Tome and Principe	Equatorial Guinea	378	501	623	909	1194	1493	1794	1936	748
STP	GRC	Sao Tome and Principe	Greece	3	3	4	6	7	6	4	4	0
STP	LUX	Sao Tome and Principe	Luxembourg	0	0	0	0	0	0	166	192	94
STP	NOR	Sao Tome and Principe	Norway*	0	1	2	2	2	10	5	6	2
STP	PRT	Sao Tome and Principe	Portugal	5581	8820	12417	15388	15804	17915	20552	23121	12879
STP	SVK	Sao Tome and Principe	Slovakia	0	0	0	0	0	2	1	1	0
STP	SVN	Sao Tome and Principe	Slovenia	0	0	0	0	0	1	0	0	0
STP	TGO	Sao Tome and Principe	Togo	19	21	23	26	37	41	40	40	19
SUR	ABW	Suriname	Aruba*	721	997	1273	1285	1272	1337	1494	2049	1110
SUR	ATG	Suriname	Antigua and Barbuda	9	23	37	40	42	45	45	47	24
SUR	AUS	Suriname	Australia*	67	79	87	102	120	165	160	156	94
SUR	BEL	Suriname	Belgium	336	430	551	707	1267	3197	5346	6731	3747
SUR	BGR	Suriname	Bulgaria	0	0	0	1	1	1	2	3	0
SUR	BOL	Suriname	Bolivia (Plurinational State of)	1	1	1	1	0	0	0	0	0
SUR	BRA	Suriname	Brazil	209	215	226	251	266	292	333	356	181
SUR	BRB	Suriname	Barbados	0	0	0	33	45	47	46	46	34
SUR	CRI	Suriname	Costa Rica	13	11	15	11	21	20	23	28	12
SUR	CUW	Suriname	Curaçao*	1925	1925	1925	1925	1723	1871	2180	3049	1685
SUR	CYP	Suriname	Cyprus	1	2	2	3	3	2	1	1	1
SUR	DMA	Suriname	Dominica	7	9	11	13	16	19	18	18	6
SUR	DNK	Suriname	Denmark*	21	23	25	28	29	33	33	33	17
SUR	DOM	Suriname	Dominican Republic	103	115	126	76	27	27	27	29	11
SUR	EST	Suriname	Estonia	0	0	0	0	1	2	2	2	0
SUR	FIN	Suriname	Finland*	0	2	3	3	2	1	1	1	0
SUR	FRA	Suriname	France*	10446	12590	16057	22216	23644	25096	32289	34228	20865
SUR	GLP	Suriname	Guadeloupe*	3	14	24	30	36	34	33	33	18
SUR	GRC	Suriname	Greece	2	2	2	6	9	8	6	6	4
SUR	GUF	Suriname	French Guiana*	15289	15381	15472	20487	25501	23185	26064	28615	15141
SUR	GUY	Suriname	Guyana	1047	1681	2314	3117	2443	2586	2714	4717	2259
SUR	HUN	Suriname	Hungary	0	0	0	0	0	13	12	14	6
SUR	LCA	Suriname	Saint Lucia	18	24	33	29	23	22	20	19	9
SUR	LTU	Suriname	Lithuania	0	0	0	0	0	1	0	0	0
SUR	LUX	Suriname	Luxembourg	0	0	0	0	0	0	21	24	14
SUR	NLD	Suriname	Netherlands*	170264	180929	185665	189795	186582	180157	178623	177165	99054
SUR	NOR	Suriname	Norway*	10	9	17	21	39	41	37	41	27
SUR	SVN	Suriname	Slovenia	0	0	0	0	1	0	0	0	0
SUR	SXM	Suriname	Sint Maarten (Dutch part)*	455	455	455	250	500	521	549	574	311
SUR	VEN	Suriname	Venezuela (Bolivarian Republic of)	106	80	61	54	48	46	43	41	20
SVK	ARG	Slovakia	Argentina	184	179	175	185	202	209	215	220	125
SVK	AUS	Slovakia	Australia*	5576	5741	6360	6055	5998	6701	6999	6753	3873
SVK	AUT	Slovakia	Austria	7481	11313	16963	17569	25797	36752	44353	50437	32015
SVK	BGR	Slovakia	Bulgaria	63	107	151	209	263	299	394	542	376
SVK	BIH	Slovakia	Bosnia and Herzegovina	4681	5736	6791	3961	3409	3389	3165	2996	1541
SVK	BLR	Slovakia	Belarus	25	26	27	26	25	27	25	25	16
SVK	BOL	Slovakia	Bolivia (Plurinational State of)	0	6	11	14	17	21	21	23	6
SVK	BRA	Slovakia	Brazil	5	258	211	229	209	224	235	245	111
SVK	CAN	Slovakia	Canada	17424	13897	10835	14416	13656	15089	13311	12340	6795
SVK	CHE	Slovakia	Switzerland	1736	2638	4034	6511	9986	16181	21120	24437	13036
SVK	CRI	Slovakia	Costa Rica	20	15	17	12	23	22	26	31	11
SVK	CYP	Slovakia	Cyprus	34	48	62	94	144	131	135	143	88
SVK	CZE	Slovakia	Czechia	280923	283009	285112	287174	289319	269996	248783	231387	122860
SVK	DNK	Slovakia	Denmark*	0	34	129	216	869	2063	2968	3199	1613
SVK	EST	Slovakia	Estonia	0	0	0	0	15	121	177	180	83
SVK	FIN	Slovakia	Finland*	0	7	14	68	109	180	334	393	191
SVK	GRC	Slovakia	Greece	699	548	407	645	914	860	876	931	739
SVK	HRV	Slovakia	Croatia	444	279	529	585	640	644	603	574	444
SVK	HUN	Slovakia	Hungary	316	7703	15089	18522	22121	19717	20980	24748	14945
SVK	IRL	Slovakia	Ireland	75	111	310	5289	10467	9626	9510	9573	4917
SVK	ISL	Slovakia	Iceland	1	2	3	120	231	243	517	781	273
SVK	ITA	Slovakia	Italy	926	1543	2496	5434	9008	10187	10952	10301	8255
SVK	LIE	Slovakia	Liechtenstein	18	21	24	26	30	44	55	59	46
SVK	LTU	Slovakia	Lithuania	16	18	14	25	34	38	71	75	36
SVK	LUX	Slovakia	Luxembourg	69	65	63	262	464	707	869	1004	617
SVK	LVA	Slovakia	Latvia	21	19	17	36	56	22	36	33	13
SVK	MKD	Slovakia	North Macedonia	38	35	33	33	34	36	35	35	20
SVK	MLT	Slovakia	Malta	13	16	40	64	83	141	305	530	314
SVK	MNE	Slovakia	Montenegro	55	55	55	55	54	56	55	55	3
SVK	MNG	Slovakia	Mongolia	4	4	5	3	3	3	2	2	0
SVK	NOR	Slovakia	Norway*	6	18	141	486	2025	3815	3779	4202	1668
SVK	PAN	Slovakia	Panama	5	5	6	16	31	36	43	66	39
SVK	POL	Slovakia	Poland	1285	1377	1476	1569	1662	1795	1947	1897	1063
SVK	PRT	Slovakia	Portugal	8	18	29	60	82	92	103	116	94
SVK	SRB	Slovakia	Serbia*	373	272	353	437	512	600	703	755	478
SVK	SVN	Slovakia	Slovenia	35	76	65	59	432	600	577	654	441
SVK	VEN	Slovakia	Venezuela (Bolivarian Republic of)	21	20	20	20	22	24	22	21	13
SVK	ZAF	Slovakia	South Africa	279	257	236	210	187	165	148	146	92
SVN	ARG	Slovenia	Argentina	2087	1833	1586	1338	1090	800	587	580	330
SVN	AUS	Slovenia	Australia*	10038	9611	8622	8786	8382	8068	6627	5483	2883
SVN	AUT	Slovenia	Austria	18809	20886	22837	16333	18764	21691	24792	25669	13673
SVN	BGR	Slovenia	Bulgaria	8	14	19	26	33	83	129	177	73
SVN	BIH	Slovenia	Bosnia and Herzegovina	2796	3080	3363	2072	1973	1961	1831	1733	1063
SVN	BOL	Slovenia	Bolivia (Plurinational State of)	0	4	8	8	8	10	9	10	3
SVN	BRA	Slovenia	Brazil	5	215	175	190	174	186	195	227	96
SVN	CAF	Slovenia	Central African Republic	15	42	66	52	50	43	44	47	21
SVN	CAN	Slovenia	Canada	4692	6414	8792	9443	8604	8388	7154	6412	3530
SVN	COL	Slovenia	Colombia	17	12	12	21	62	149	272	353	192
SVN	CYP	Slovenia	Cyprus	4	6	7	10	15	13	13	14	6
SVN	DNK	Slovenia	Denmark*	0	20	68	95	250	365	451	556	297
SVN	EST	Slovenia	Estonia	0	0	0	0	8	31	40	41	24
SVN	FIN	Slovenia	Finland*	0	2	4	16	26	50	102	120	58
SVN	GIN	Slovenia	Guinea	0	0	0	0	0	28	25	24	9
SVN	GRC	Slovenia	Greece	104	105	107	120	138	129	130	138	103
SVN	HRV	Slovenia	Croatia	29943	26764	20724	20094	19463	19587	18432	17559	11131
SVN	HUN	Slovenia	Hungary	96	189	282	346	413	386	454	536	245
SVN	ISL	Slovenia	Iceland	8	10	11	21	29	32	70	106	56
SVN	ITA	Slovenia	Italy	27632	25455	22694	20526	18094	16033	6689	6049	3666
SVN	LIE	Slovenia	Liechtenstein	53	63	73	92	113	109	107	114	86
SVN	LTU	Slovenia	Lithuania	4	2	2	2	1	3	10	11	2
SVN	LUX	Slovenia	Luxembourg	54	51	49	181	317	483	599	692	397
SVN	LVA	Slovenia	Latvia	2	3	4	7	11	6	12	11	5
SVN	MKD	Slovenia	North Macedonia	258	241	225	231	237	256	255	256	149
SVN	MLT	Slovenia	Malta	6	8	19	32	17	29	61	106	40
SVN	MNE	Slovenia	Montenegro	1557	1557	1557	1557	1438	1617	1622	1609	1037
SVN	NOR	Slovenia	Norway*	0	10	59	109	187	378	438	487	235
SVN	PRT	Slovenia	Portugal	8	18	30	43	50	55	61	69	45
SVN	SRB	Slovenia	Serbia*	14400	27664	16302	12820	11268	10272	9382	9115	5053
SVN	SVK	Slovenia	Slovakia	15	95	203	228	255	311	380	413	128
SVN	VEN	Slovenia	Venezuela (Bolivarian Republic of)	91	89	88	92	98	103	95	91	42
SWE	AND	Sweden	Andorra	54	52	49	55	53	49	51	54	0
SWE	ARG	Sweden	Argentina	511	495	482	512	559	578	595	609	346
SWE	AUS	Sweden	Australia*	5265	6156	7099	8566	10039	11485	11728	11508	7065
SWE	BEL	Sweden	Belgium	2149	2929	4025	3957	3844	3304	3119	3319	1801
SWE	BGR	Sweden	Bulgaria	15	37	58	85	111	274	514	707	344
SWE	BHS	Sweden	Bahamas	11	21	32	30	27	29	29	31	15
SWE	BLR	Sweden	Belarus	190	271	352	338	324	340	333	329	157
SWE	BOL	Sweden	Bolivia (Plurinational State of)	200	177	152	202	252	294	325	363	179
SWE	BRA	Sweden	Brazil	891	783	701	674	620	595	569	715	185
SWE	BTN	Sweden	Bhutan	11	13	14	18	22	23	22	23	9
SWE	BWA	Sweden	Botswana	129	124	133	254	377	410	437	461	179
SWE	CAF	Sweden	Central African Republic	10	15	18	15	15	12	12	13	5
SWE	CAN	Sweden	Canada	7871	7381	6885	6840	7377	7675	6829	6411	3457
SWE	CHE	Sweden	Switzerland	4446	5191	6098	7512	8844	9388	9633	10012	5431
SWE	CHL	Sweden	Chile	538	852	1129	1270	1237	1334	1344	1366	1130
SWE	CHN	Sweden	China	1286	1512	1799	2141	2510	1860	1327	1427	758
SWE	COL	Sweden	Colombia	119	137	142	148	183	232	284	323	143
SWE	CRI	Sweden	Costa Rica	97	80	104	69	136	137	164	198	83
SWE	CYP	Sweden	Cyprus	227	321	415	624	957	878	905	961	633
SWE	DNK	Sweden	Denmark*	17329	17724	19076	18939	20655	22222	24507	26460	14703
SWE	DOM	Sweden	Dominican Republic	369	410	451	261	71	73	76	82	33
SWE	EGY	Sweden	Egypt	328	433	575	738	871	0	1049	930	501
SWE	ESP	Sweden	Spain*	6097	7410	8936	14898	18184	17741	18761	22685	11848
SWE	EST	Sweden	Estonia	90	139	188	321	451	539	952	970	236
SWE	FIN	Sweden	Finland*	26043	24814	23584	27840	30966	30578	33412	39331	18769
SWE	FRO	Sweden	Faroe Islands*	56	39	59	58	68	76	83	99	38
SWE	GIN	Sweden	Guinea	0	0	0	0	0	3	1	1	0
SWE	GRC	Sweden	Greece	3364	4336	5380	5459	5739	5408	5526	5870	3379
SWE	GRL	Sweden	Greenland*	141	64	107	82	90	87	85	84	30
SWE	GTM	Sweden	Guatemala	27	29	30	36	41	45	49	54	14
SWE	HND	Sweden	Honduras	23	23	23	23	22	31	31	32	13
SWE	HRV	Sweden	Croatia	279	276	244	434	624	628	588	560	296
SWE	HUN	Sweden	Hungary	262	653	1043	1281	1530	1500	1858	2192	980
SWE	ISL	Sweden	Iceland	1012	1280	1547	1716	1847	1920	2357	3559	1760
SWE	ISR	Sweden	Israel	1047	1284	1357	1391	1426	1461	1498	1528	764
SWE	ITA	Sweden	Italy	4257	4663	4950	5208	5634	5760	6079	5953	3915
SWE	JPN	Sweden	Japan	578	818	1130	1127	1560	3634	2716	1820	458
SWE	LBR	Sweden	Liberia	1120	1094	1075	488	225	258	199	164	88
SWE	LBY	Sweden	Libya	1021	779	551	608	667	746	797	842	265
SWE	LIE	Sweden	Liechtenstein	22	23	24	23	24	25	25	27	17
SWE	LKA	Sweden	Sri Lanka	29	39	51	76	127	129	130	131	50
SWE	LTU	Sweden	Lithuania	478	308	241	293	307	312	555	585	250
SWE	LUX	Sweden	Luxembourg	456	707	967	1152	1350	2059	1460	1687	812
SWE	LVA	Sweden	Latvia	128	167	206	331	449	324	272	250	83
SWE	MDV	Sweden	Maldives	11	24	36	26	31	36	37	40	3
SWE	MEX	Sweden	Mexico	284	345	422	420	417	433	451	465	224
SWE	MLT	Sweden	Malta	28	33	83	131	380	645	1403	2439	862
SWE	MNE	Sweden	Montenegro	147	147	147	147	144	151	150	149	90
SWE	NAM	Sweden	Namibia	149	142	133	105	101	98	104	110	58
SWE	NIC	Sweden	Nicaragua	55	44	36	29	31	33	33	34	11
SWE	NOR	Sweden	Norway*	20429	23219	33401	32760	41604	49068	48283	53689	26513
SWE	PAN	Sweden	Panama	27	37	51	106	182	212	254	387	99
SWE	PER	Sweden	Peru	349	322	295	268	240	214	197	405	175
SWE	POL	Sweden	Poland	228	368	595	811	1024	2112	4756	6855	3781
SWE	PRT	Sweden	Portugal	216	466	736	787	709	803	920	1035	572
SWE	ROU	Sweden	Romania	207	150	106	61	12	0	0	0	0
SWE	SLV	Sweden	El Salvador	33	29	25	30	34	35	35	35	12
SWE	SRB	Sweden	Serbia*	3059	1450	645	594	785	1036	1368	1572	749
SWE	SVK	Sweden	Slovakia	8	76	167	188	211	270	342	372	152
SWE	SVN	Sweden	Slovenia	248	225	399	387	389	332	339	384	181
SWE	VEN	Sweden	Venezuela (Bolivarian Republic of)	231	180	140	127	117	114	106	101	50
SWE	ZAF	Sweden	South Africa	384	227	135	240	642	779	705	710	351
SWZ	AUS	Eswatini	Australia*	114	146	235	270	340	385	370	359	196
SWZ	BGR	Eswatini	Bulgaria	1	2	2	3	3	2	1	1	1
SWZ	BHS	Eswatini	Bahamas	0	0	0	6	11	12	11	12	7
SWZ	BWA	Eswatini	Botswana	108	174	259	391	526	570	608	642	230
SWZ	CRI	Eswatini	Costa Rica	1	1	1	2	2	1	1	1	0
SWZ	DNK	Eswatini	Denmark*	40	40	39	40	46	54	51	59	23
SWZ	FIN	Eswatini	Finland*	1	2	4	6	11	14	10	12	6
SWZ	GIN	Eswatini	Guinea	0	0	0	0	0	5	3	3	0
SWZ	GRC	Eswatini	Greece	6	9	13	18	22	20	19	20	3
SWZ	HUN	Eswatini	Hungary	0	0	0	0	0	1	2	2	2
SWZ	LSO	Eswatini	Lesotho	51	44	36	36	36	51	67	84	42
SWZ	LUX	Eswatini	Luxembourg	0	0	0	0	0	0	1	1	1
SWZ	NAM	Eswatini	Namibia	290	277	259	204	196	191	204	216	117
SWZ	NOR	Eswatini	Norway*	3	4	6	7	14	15	19	21	8
SWZ	PRT	Eswatini	Portugal	48	103	164	368	511	578	660	742	306
SWZ	SVK	Eswatini	Slovakia	0	0	0	0	0	1	0	0	0
SWZ	TZA	Eswatini	United Republic of Tanzania	51	69	74	83	86	88	77	84	25
SWZ	ZAF	Eswatini	South Africa	30617	27333	28729	31889	35488	26393	16929	9302	5246
SXM	ABW	Sint Maarten (Dutch part)*	Aruba*	125	313	500	589	667	701	784	1075	515
SXM	ATG	Sint Maarten (Dutch part)*	Antigua and Barbuda	8	14	19	21	22	23	22	23	10
SXM	BOL	Sint Maarten (Dutch part)*	Bolivia (Plurinational State of)	32	39	79	39	43	49	53	59	28
SXM	CUW	Sint Maarten (Dutch part)*	Curaçao*	514	514	514	514	461	499	581	813	452
SXM	LCA	Sint Maarten (Dutch part)*	Saint Lucia	33	33	62	61	57	54	51	49	23
SXM	VCT	Sint Maarten (Dutch part)*	Saint Vincent and the Grenadines	87	90	98	100	105	112	117	119	59
SXM	VEN	Sint Maarten (Dutch part)*	Venezuela (Bolivarian Republic of)	226	224	218	230	244	256	240	229	123
SXM	VIR	Sint Maarten (Dutch part)*	United States Virgin Islands*	83	93	104	101	99	99	97	97	47
SYC	AUS	Seychelles	Australia*	2894	2918	2774	2895	2977	3025	2831	2623	1462
SYC	BGR	Seychelles	Bulgaria	0	0	0	0	0	0	1	1	1
SYC	BWA	Seychelles	Botswana	45	67	95	147	11	10	9	10	0
SYC	CYP	Seychelles	Cyprus	2	3	4	6	8	7	6	6	1
SYC	DNK	Seychelles	Denmark*	15	19	22	18	17	21	21	18	13
SYC	FIN	Seychelles	Finland*	0	1	2	4	6	6	6	7	7
SYC	GIN	Seychelles	Guinea	0	0	0	0	0	3	1	1	0
SYC	GRC	Seychelles	Greece	41	37	33	29	26	24	23	24	21
SYC	HUN	Seychelles	Hungary	0	0	0	0	0	7	8	9	5
SYC	ITA	Seychelles	Italy	588	670	741	832	918	941	885	777	623
SYC	LIE	Seychelles	Liechtenstein	0	0	0	0	1	1	0	0	0
SYC	LKA	Seychelles	Sri Lanka	0	2	5	12	26	25	24	24	11
SYC	LUX	Seychelles	Luxembourg	0	0	0	0	0	0	9	10	8
SYC	MOZ	Seychelles	Mozambique	6212	8545	9939	13647	15553	16123	16940	17655	9617
SYC	MUS	Seychelles	Mauritius	43	39	58	80	108	124	124	125	78
SYC	NAM	Seychelles	Namibia	84	80	75	59	56	54	57	60	37
SYC	NOR	Seychelles	Norway*	2	3	4	5	12	12	13	14	7
SYC	SVK	Seychelles	Slovakia	0	0	0	0	0	7	6	7	3
SYC	TZA	Seychelles	United Republic of Tanzania	214	286	305	345	355	374	332	360	122
SYC	ZAF	Seychelles	South Africa	357	372	289	285	325	377	426	460	139
SYR	ARE	Syrian Arab Republic	United Arab Emirates	13418	16981	21375	21907	33069	41648	43621	49529	18433
SYR	ARG	Syrian Arab Republic	Argentina	4976	3571	2573	1870	1377	1333	1327	1338	639
SYR	ARM	Syrian Arab Republic	Armenia	7557	6552	5580	4525	3605	18490	16528	6993	3776
SYR	ATG	Syrian Arab Republic	Antigua and Barbuda	142	171	200	215	229	244	254	263	135
SYR	AUS	Syrian Arab Republic	Australia*	5630	6443	7350	8269	9358	13864	31180	37008	18844
SYR	AUT	Syrian Arab Republic	Austria	501	866	1475	2296	3007	22831	50684	90968	34308
SYR	BEL	Syrian Arab Republic	Belgium	1011	1467	2130	3093	5121	15951	35717	50068	20878
SYR	BGR	Syrian Arab Republic	Bulgaria	473	606	738	942	1134	15502	17848	24543	9449
SYR	BHR	Syrian Arab Republic	Bahrain	1816	2029	2135	2631	3815	4280	4663	4984	1546
SYR	BLR	Syrian Arab Republic	Belarus	40	63	86	83	79	83	80	79	0
SYR	BOL	Syrian Arab Republic	Bolivia (Plurinational State of)	23	12	0	1	2	3	2	2	1
SYR	BRA	Syrian Arab Republic	Brazil	5120	4021	3220	2617	2013	4068	8923	8237	3342
SYR	CAN	Syrian Arab Republic	Canada	10608	12724	15201	18440	22001	48224	89562	125767	62036
SYR	CHE	Syrian Arab Republic	Switzerland	417	669	1080	1802	2913	9288	21652	29396	13387
SYR	CHL	Syrian Arab Republic	Chile	355	341	331	364	411	515	585	644	504
SYR	CHN	Syrian Arab Republic	China	361	430	511	609	729	896	1068	1147	609
SYR	CRI	Syrian Arab Republic	Costa Rica	9	7	8	6	12	11	13	16	1
SYR	CYP	Syrian Arab Republic	Cyprus	810	1146	1481	2228	3418	6949	11446	12150	5546
SYR	CZE	Syrian Arab Republic	Czechia	1	195	409	585	825	1098	1451	1713	612
SYR	DEU	Syrian Arab Republic	Germany	20052	27420	35902	39393	41261	203711	687147	860697	346559
SYR	DMA	Syrian Arab Republic	Dominica	6	8	10	12	14	16	15	15	4
SYR	DNK	Syrian Arab Republic	Denmark*	531	1023	1301	1620	2193	17492	35386	34528	15373
SYR	DOM	Syrian Arab Republic	Dominican Republic	76	85	93	59	25	25	25	27	10
SYR	DZA	Syrian Arab Republic	Algeria	3550	3312	3073	2429	2669	6211	7757	8038	3810
SYR	ECU	Syrian Arab Republic	Ecuador	27	41	42	27	36	63	269	283	123
SYR	EGY	Syrian Arab Republic	Egypt	4313	4509	4703	4744	4406	128008	133163	156146	74710
SYR	EST	Syrian Arab Republic	Estonia	0	0	0	0	6	10	174	177	76
SYR	ETH	Syrian Arab Republic	Ethiopia	0	0	0	0	0	16	420	679	276
SYR	FIN	Syrian Arab Republic	Finland*	49	105	161	296	384	1326	6223	7325	3177
SYR	FRA	Syrian Arab Republic	France*	12740	12842	13417	15471	16231	27304	45399	60670	30219
SYR	GAB	Syrian Arab Republic	Gabon	9	12	15	16	18	26	27	29	10
SYR	GHA	Syrian Arab Republic	Ghana	37	37	41	58	43	52	58	65	28
SYR	GIN	Syrian Arab Republic	Guinea	30	34	36	20	15	8	6	6	0
SYR	GLP	Syrian Arab Republic	Guadeloupe*	117	157	196	241	285	273	270	268	153
SYR	GRC	Syrian Arab Republic	Greece	6547	6220	5996	6597	7459	9549	42861	45531	22575
SYR	GTM	Syrian Arab Republic	Guatemala	52	51	49	59	68	75	83	91	27
SYR	HRV	Syrian Arab Republic	Croatia	0	0	0	90	179	180	167	159	20
SYR	HUN	Syrian Arab Republic	Hungary	482	664	846	1039	1241	19083	2693	3177	940
SYR	IRQ	Syrian Arab Republic	Iraq	4778	5633	5338	6209	6342	252036	254441	258068	123139
SYR	ISL	Syrian Arab Republic	Iceland	8	11	14	17	19	35	280	423	160
SYR	ISR	Syrian Arab Republic	Israel	11925	12124	11095	9886	8839	9443	10179	10778	6030
SYR	ITA	Syrian Arab Republic	Italy	1421	1940	2539	3260	4246	5832	8206	8712	3381
SYR	JOR	Syrian Arab Republic	Jordan	29096	32266	35436	120637	669685	1218732	1440562	1593643	803027
SYR	JPN	Syrian Arab Republic	Japan	42	69	111	179	288	482	977	1451	497
SYR	KWT	Syrian Arab Republic	Kuwait	10834	8957	9977	11049	14403	19439	22565	24742	9881
SYR	LBN	Syrian Arab Republic	Lebanon	0	0	0	0	198	1105309	887943	784884	406404
SYR	LBY	Syrian Arab Republic	Libya	15014	17576	20428	22517	24709	27666	44450	46987	13280
SYR	LCA	Syrian Arab Republic	Saint Lucia	12	16	22	86	144	137	130	126	27
SYR	LIE	Syrian Arab Republic	Liechtenstein	0	0	0	0	3	7	32	34	16
SYR	LKA	Syrian Arab Republic	Sri Lanka	0	8	17	35	73	73	72	73	38
SYR	LTU	Syrian Arab Republic	Lithuania	168	131	103	96	76	20	431	454	206
SYR	LUX	Syrian Arab Republic	Luxembourg	0	0	0	0	0	0	1839	2124	909
SYR	LVA	Syrian Arab Republic	Latvia	5	7	10	15	20	22	63	58	14
SYR	MAR	Syrian Arab Republic	Morocco	1399	1284	1353	1436	1560	2619	3676	3989	1929
SYR	MDA	Syrian Arab Republic	Republic of Moldova*	12	12	26	97	134	395	433	359	182
SYR	MEX	Syrian Arab Republic	Mexico	211	254	307	244	196	227	269	327	123
SYR	MLT	Syrian Arab Republic	Malta	101	119	151	179	215	1488	3242	5635	2543
SYR	MRT	Syrian Arab Republic	Mauritania	125	133	137	139	97	322	606	651	269
SYR	MTQ	Syrian Arab Republic	Martinique*	68	102	137	143	150	174	172	171	99
SYR	MYS	Syrian Arab Republic	Malaysia	0	0	0	0	5	1140	3272	2759	947
SYR	NLD	Syrian Arab Republic	Netherlands*	1571	2540	4493	6674	7027	26792	94377	153160	65356
SYR	NOR	Syrian Arab Republic	Norway*	194	420	582	969	1423	13249	31197	34690	14084
SYR	PAN	Syrian Arab Republic	Panama	83	119	164	177	227	265	329	502	194
SYR	POL	Syrian Arab Republic	Poland	368	436	517	614	728	881	1070	1142	282
SYR	PRT	Syrian Arab Republic	Portugal	10	21	34	31	23	26	531	597	261
SYR	PSE	Syrian Arab Republic	State of Palestine	5224	5105	4986	6134	5653	5739	5731	5725	3105
SYR	QAT	Syrian Arab Republic	Qatar	366	486	648	3264	8405	8852	24258	25981	6530
SYR	ROU	Syrian Arab Republic	Romania	0	96	2452	4832	2516	2642	3535	4280	1436
SYR	RUS	Syrian Arab Republic	Russian Federation	5464	4479	3332	3301	3133	3642	4225	4697	732
SYR	SAU	Syrian Arab Republic	Saudi Arabia	73889	98128	106039	137460	246106	446037	456607	496044	209828
SYR	SRB	Syrian Arab Republic	Serbia*	82	78	75	72	67	191	118	119	58
SYR	SVK	Syrian Arab Republic	Slovakia	37	81	148	167	187	237	289	314	66
SYR	SVN	Syrian Arab Republic	Slovenia	1	1	27	30	35	61	247	280	109
SYR	SWE	Syrian Arab Republic	Sweden	5643	8971	13819	16479	20163	81758	192662	243388	102856
SYR	TUN	Syrian Arab Republic	Tunisia	375	377	437	418	829	1228	1382	1452	679
SYR	TUR	Syrian Arab Republic	Türkiye	5234	5339	5357	25453	46891	2102261	3830526	3563983	1708374
SYR	UKR	Syrian Arab Republic	Ukraine*	4494	4347	4255	3887	3708	3720	3781	3832	147
SYR	VEN	Syrian Arab Republic	Venezuela (Bolivarian Republic of)	13833	13662	13367	14055	14929	15632	14737	14059	5620
SYR	YEM	Syrian Arab Republic	Yemen	2238	2318	2411	2578	2822	3943	4013	4074	1741
TCA	ATG	Turks and Caicos Islands*	Antigua and Barbuda	4	5	5	6	6	6	5	5	2
TCA	BGR	Turks and Caicos Islands*	Bulgaria	1	2	2	3	3	3	1	1	0
TCA	BHS	Turks and Caicos Islands*	Bahamas	2080	1284	488	957	1426	1545	1655	1751	1046
TCA	BMU	Turks and Caicos Islands*	Bermuda*	158	136	96	54	4	2	1	1	0
TCA	DOM	Turks and Caicos Islands*	Dominican Republic	3	4	4	19	34	34	35	38	22
TCA	FIN	Turks and Caicos Islands*	Finland*	0	0	0	0	0	1	0	0	0
TCA	MLI	Turks and Caicos Islands*	Mali	0	0	0	0	536	659	771	865	483
TCA	NOR	Turks and Caicos Islands*	Norway*	0	0	0	0	0	1	2	2	1
TCD	AGO	Chad	Angola	12	14	16	22	27	31	1889	1947	786
TCD	ARE	Chad	United Arab Emirates	1060	1340	1687	2054	3344	4211	4409	5007	1852
TCD	AUS	Chad	Australia*	7	10	40	40	57	68	94	110	48
TCD	BEN	Chad	Benin	143	198	253	514	780	969	1042	1105	410
TCD	BGR	Chad	Bulgaria	1	2	3	4	5	5	4	6	1
TCD	BHR	Chad	Bahrain	143	160	169	246	387	433	472	504	153
TCD	BOL	Chad	Bolivia (Plurinational State of)	6	4	1	1	0	0	0	0	0
TCD	CAF	Chad	Central African Republic	10048	13169	15183	11850	11638	10026	10608	11328	5066
TCD	CMR	Chad	Cameroon	95527	88874	82221	70899	49629	33968	27852	30917	14556
TCD	COG	Chad	Congo	3239	3743	5249	3338	7949	10565	10494	10439	3615
TCD	DNK	Chad	Denmark*	1	1	2	9	14	18	26	25	15
TCD	DOM	Chad	Dominican Republic	3	4	4	4	4	3	3	3	0
TCD	EGY	Chad	Egypt	169	179	191	190	197	111	208	225	103
TCD	FIN	Chad	Finland*	1	2	3	5	7	7	11	13	4
TCD	GAB	Chad	Gabon	1398	1870	2339	2550	2955	4132	4543	4904	1625
TCD	GHA	Chad	Ghana	8	8	9	13	13	15	15	17	2
TCD	GIN	Chad	Guinea	0	0	0	0	0	389	372	360	103
TCD	GRC	Chad	Greece	18	21	24	22	19	17	16	17	8
TCD	HUN	Chad	Hungary	2	2	1	1	1	1	5	6	0
TCD	ISL	Chad	Iceland	0	0	0	0	0	0	1	2	2
TCD	ITA	Chad	Italy	42	68	105	152	225	493	498	531	134
TCD	KWT	Chad	Kuwait	855	707	787	872	1136	1189	1378	1511	603
TCD	LBY	Chad	Libya	871	744	631	697	766	858	918	970	240
TCD	LUX	Chad	Luxembourg	0	0	0	0	0	0	12	14	6
TCD	MLI	Chad	Mali	0	0	0	0	482	593	694	779	396
TCD	MRT	Chad	Mauritania	47	50	51	52	36	51	54	58	18
TCD	NER	Chad	Niger	1443	1077	720	734	746	756	1459	1883	857
TCD	NGA	Chad	Nigeria	11111	11265	11871	23593	24099	29175	31261	33524	15240
TCD	NOR	Chad	Norway*	7	9	7	16	23	24	31	34	11
TCD	QAT	Chad	Qatar	7294	7850	8055	2570	641	634	510	546	135
TCD	SDN	Chad	Sudan	196164	85807	72615	80942	80202	74514	103065	179139	89982
TCD	SLE	Chad	Sierra Leone	0	3	1	1	1	0	0	0	0
TCD	SSD	Chad	South Sudan	0	0	0	0	5327	5184	5315	5506	2191
TCD	SVK	Chad	Slovakia	8	43	91	103	116	139	133	145	83
TCD	SVN	Chad	Slovenia	0	0	0	1	0	1	0	0	0
TCD	TGO	Chad	Togo	342	385	433	487	633	713	718	723	232
TGO	AUS	Togo	Australia*	3	5	20	32	278	370	347	351	192
TGO	BEL	Togo	Belgium	228	404	708	1859	4319	5595	6598	7579	3364
TGO	BEN	Togo	Benin	16968	23369	29771	77597	85781	105441	113502	120390	76734
TGO	BFA	Togo	Burkina Faso	6131	7625	10415	13040	14721	15393	15999	16349	10485
TGO	BGR	Togo	Bulgaria	0	0	0	0	1	1	3	4	4
TGO	BOL	Togo	Bolivia (Plurinational State of)	1	2	2	2	1	2	1	1	0
TGO	BRA	Togo	Brazil	0	0	0	0	0	168	687	310	69
TGO	CAF	Togo	Central African Republic	5	9	13	11	11	9	8	9	3
TGO	CIV	Togo	Côte d'Ivoire	34478	43424	52370	61316	70261	79207	88153	95310	40202
TGO	COG	Togo	Congo	747	863	1211	770	1834	2437	2419	2406	1301
TGO	DNK	Togo	Denmark*	34	68	101	125	137	141	149	145	53
TGO	EST	Togo	Estonia	0	0	0	0	0	0	2	2	0
TGO	FIN	Togo	Finland*	3	8	12	33	46	75	93	109	19
TGO	GAB	Togo	Gabon	7116	9517	11905	12971	15035	21023	23129	24966	10469
TGO	GHA	Togo	Ghana	61553	144121	72060	86196	73412	90343	103799	115972	54059
TGO	GIN	Togo	Guinea	1468	1692	1833	1354	935	533	510	493	133
TGO	GRC	Togo	Greece	11	12	14	14	14	11	21	22	10
TGO	HUN	Togo	Hungary	2	4	6	7	8	11	27	32	9
TGO	ISL	Togo	Iceland	0	1	1	2	2	5	11	17	6
TGO	ITA	Togo	Italy	258	435	703	1902	3426	4777	6371	6576	2153
TGO	LBR	Togo	Liberia	250	244	240	227	365	418	321	264	91
TGO	LTU	Togo	Lithuania	0	0	0	0	0	1	0	0	0
TGO	LUX	Togo	Luxembourg	0	0	0	0	0	0	460	531	218
TGO	LVA	Togo	Latvia	1	1	1	0	0	0	0	0	0
TGO	MLI	Togo	Mali	893	934	856	3508	3116	3833	4498	5049	2220
TGO	MRT	Togo	Mauritania	104	111	114	140	113	144	156	168	86
TGO	NER	Togo	Niger	5521	7356	9253	9423	9574	9702	12392	15994	11159
TGO	NGA	Togo	Nigeria	46886	52442	60095	119442	122002	147698	158262	169717	77156
TGO	NOR	Togo	Norway*	53	39	63	67	95	115	113	126	59
TGO	PRT	Togo	Portugal	8	18	29	51	66	74	83	93	27
TGO	SEN	Togo	Senegal	1380	1443	1308	1405	1570	1677	1739	1783	586
TGO	SLE	Togo	Sierra Leone	43	41	39	33	29	27	22	20	8
TGO	SVK	Togo	Slovakia	0	0	0	0	0	3	2	2	0
TGO	SVN	Togo	Slovenia	0	0	0	0	0	3	0	0	0
THA	ARE	Thailand	United Arab Emirates	2221	2810	3538	4750	8011	10089	10565	11996	4448
THA	AUS	Thailand	Australia*	13659	18987	23113	31615	51298	66376	88230	109845	77552
THA	AUT	Thailand	Austria	1126	1648	2358	3946	4861	5732	6472	7083	6029
THA	BEL	Thailand	Belgium	1103	1813	2980	4899	7449	8829	10100	10952	8585
THA	BGD	Thailand	Bangladesh	15503	11945	8386	9181	10259	10548	10343	14210	9819
THA	BGR	Thailand	Bulgaria	3	5	7	10	12	30	57	78	66
THA	BHR	Thailand	Bahrain	300	335	352	567	926	1039	1131	1209	374
THA	BOL	Thailand	Bolivia (Plurinational State of)	2	6	10	9	8	10	9	10	8
THA	BRA	Thailand	Brazil	5	558	456	496	453	508	552	566	246
THA	BRN	Thailand	Brunei Darussalam	6612	10047	13482	13782	14083	14384	15674	16790	4860
THA	BTN	Thailand	Bhutan	28	33	38	48	58	61	62	64	29
THA	CAN	Thailand	Canada	5608	6677	7900	9505	14035	17353	17471	19110	12476
THA	CHE	Thailand	Switzerland	11237	12270	13520	15966	17656	19538	21339	22654	18297
THA	CHN	Thailand	China	3197	3765	4482	5334	6266	4966	3787	5498	2811
THA	CRI	Thailand	Costa Rica	4	4	5	4	8	7	8	10	10
THA	CYM	Thailand	Cayman Islands*	16	32	56	51	51	55	60	66	5
THA	CYP	Thailand	Cyprus	65	92	119	179	273	250	256	272	228
THA	CZE	Thailand	Czechia	0	0	8	100	586	911	1170	1363	1197
THA	DNK	Thailand	Denmark*	2038	3583	5670	7822	10654	12622	14266	15432	12172
THA	EGY	Thailand	Egypt	297	399	538	703	844	0	1051	945	319
THA	EST	Thailand	Estonia	0	0	0	0	15	44	109	111	83
THA	FIN	Thailand	Finland*	411	960	1509	4256	6108	8884	11110	13078	10318
THA	FRO	Thailand	Faroe Islands*	5	10	17	47	72	112	138	164	135
THA	GIN	Thailand	Guinea	0	0	0	0	0	51	47	45	17
THA	GRC	Thailand	Greece	326	321	322	354	400	376	383	407	352
THA	GRL	Thailand	Greenland*	3	12	35	62	126	157	153	151	96
THA	HKG	Thailand	China, Hong Kong SAR	12860	14353	15845	17299	18795	19208	20028	20710	19670
THA	HUN	Thailand	Hungary	631	559	487	599	715	762	1408	1661	1368
THA	IDN	Thailand	Indonesia	2941	3693	4592	3323	3658	5806	9238	10481	4889
THA	ISL	Thailand	Iceland	83	322	560	822	1062	1196	1500	2265	1661
THA	ITA	Thailand	Italy	1707	2515	3609	5341	7760	9318	11293	11785	10099
THA	JPN	Thailand	Japan	6047	14769	27682	35980	40980	76083	83234	61263	43557
THA	KHM	Thailand	Cambodia	14149	37488	60844	47494	34143	30806	33048	34957	16189
THA	KOR	Thailand	Republic of Korea	15	548	3879	9883	15278	73878	171058	199861	118036
THA	KWT	Thailand	Kuwait	1792	1481	1650	1829	2384	3420	3969	4352	1737
THA	LAO	Thailand	Lao People's Democratic Republic	2277	2060	1648	1538	2415	3293	3522	3718	739
THA	LBY	Thailand	Libya	2762	2410	2098	2312	2537	2841	3041	3215	501
THA	LIE	Thailand	Liechtenstein	0	1	2	40	79	88	86	92	76
THA	LKA	Thailand	Sri Lanka	3	34	67	134	271	274	276	279	125
THA	LTU	Thailand	Lithuania	7	5	4	3	3	2	20	21	14
THA	LUX	Thailand	Luxembourg	168	159	153	132	114	173	644	744	611
THA	LVA	Thailand	Latvia	1	1	2	7	13	8	29	27	22
THA	MAC	Thailand	China, Macao SAR	1923	2109	974	1129	1287	1519	1628	1722	1284
THA	MDV	Thailand	Maldives	67	78	84	87	193	299	325	348	250
THA	MLI	Thailand	Mali	0	0	0	0	364	447	523	587	360
THA	MLT	Thailand	Malta	42	50	63	75	87	148	320	556	394
THA	MYS	Thailand	Malaysia	51373	54713	58053	61394	64841	68074	69539	70718	58767
THA	NAM	Thailand	Namibia	109	104	98	77	74	72	76	81	46
THA	NLD	Thailand	Netherlands*	3350	4550	6341	10054	12271	14061	16051	17831	13888
THA	NOR	Thailand	Norway*	1291	2238	3584	7206	13026	18017	22304	24801	20234
THA	NZL	Thailand	New Zealand*	3348	3348	4907	6022	7149	8944	11043	12405	8212
THA	PAN	Thailand	Panama	3	3	4	57	123	144	171	261	24
THA	PRI	Thailand	Puerto Rico*	35	36	39	30	18	18	7	6	3
THA	PRK	Thailand	Dem. People's Republic of Korea	232	300	368	440	511	563	574	584	337
THA	PRT	Thailand	Portugal	18	39	63	165	241	272	1676	1885	561
THA	QAT	Thailand	Qatar	958	1981	3584	1717	1854	2837	2285	2447	613
THA	SVK	Thailand	Slovakia	1	18	40	45	50	71	107	116	98
THA	SVN	Thailand	Slovenia	5	10	15	76	197	220	314	356	317
THA	SWE	Thailand	Sweden	4957	7550	10001	17201	30107	38465	43969	47636	37652
THA	SYC	Thailand	Seychelles	5	237	469	341	214	239	242	246	122
THA	TLS	Thailand	Timor-Leste	119	130	143	152	155	62	60	59	31
THA	TWN	Thailand	China, Taiwan Province of China	5197	69248	138370	106320	65344	69831	63793	80032	19400
THA	USA	Thailand	United States of America*	115752	176243	168186	194540	240660	271800	283039	307741	188248
THA	VEN	Thailand	Venezuela (Bolivarian Republic of)	62	61	60	62	66	70	65	62	30
THA	ZAF	Thailand	South Africa	12	20	230	525	1063	1037	786	737	602
TJK	AFG	Tajikistan	Afghanistan	40537	36733	32929	28460	23991	15031	4422	3011	1830
TJK	AUS	Tajikistan	Australia*	19	29	48	65	100	158	208	241	152
TJK	AZE	Tajikistan	Azerbaijan	389	349	310	276	230	188	153	138	88
TJK	BGR	Tajikistan	Bulgaria	5	29	53	82	109	133	169	232	141
TJK	BLR	Tajikistan	Belarus	6587	6240	5892	5811	5729	5679	5595	5530	2700
TJK	BOL	Tajikistan	Bolivia (Plurinational State of)	0	2	3	2	1	2	1	1	1
TJK	CHN	Tajikistan	China	268	317	377	450	537	576	597	651	346
TJK	CYP	Tajikistan	Cyprus	2	3	4	6	8	7	6	6	1
TJK	DNK	Tajikistan	Denmark*	0	0	8	17	25	29	40	57	32
TJK	EST	Tajikistan	Estonia	853	604	355	381	403	362	373	380	195
TJK	FIN	Tajikistan	Finland*	0	2	3	20	27	42	63	74	29
TJK	GEO	Tajikistan	Georgia	3306	2690	145	137	138	144	148	152	94
TJK	GIN	Tajikistan	Guinea	0	0	0	0	0	1	0	0	0
TJK	GRC	Tajikistan	Greece	15	40	66	83	103	96	97	103	67
TJK	HUN	Tajikistan	Hungary	16	14	12	15	18	15	17	20	6
TJK	ISL	Tajikistan	Iceland	97	50	3	4	4	2	2	3	3
TJK	ISR	Tajikistan	Israel	4152	4924	3517	2368	1468	1549	1675	1761	982
TJK	KAZ	Tajikistan	Kazakhstan	21385	24045	23886	21832	22204	24162	26306	27922	14064
TJK	KGZ	Tajikistan	Kyrgyzstan	6041	13311	9937	2320	2503	2205	2146	2101	1086
TJK	LBY	Tajikistan	Libya	133	313	499	551	605	676	723	764	160
TJK	LTU	Tajikistan	Lithuania	1481	659	516	487	392	338	361	380	194
TJK	LUX	Tajikistan	Luxembourg	0	0	0	0	0	0	22	25	19
TJK	LVA	Tajikistan	Latvia	47	434	821	754	669	536	565	520	253
TJK	MDA	Tajikistan	Republic of Moldova*	1245	864	602	432	328	249	168	177	75
TJK	NOR	Tajikistan	Norway*	0	0	10	52	91	108	121	135	78
TJK	RUS	Tajikistan	Russian Federation	424727	410349	381090	423794	449225	439437	426230	415676	169322
TJK	SVK	Tajikistan	Slovakia	0	0	1	2	2	12	13	14	7
TJK	SVN	Tajikistan	Slovenia	0	0	0	0	3	3	11	12	7
TJK	TKM	Tajikistan	Turkmenistan	1456	21432	15478	12089	3401	1478	1465	1456	728
TJK	TUR	Tajikistan	Türkiye	267	267	267	954	1685	2417	5017	11341	5893
TJK	UKR	Tajikistan	Ukraine*	34861	34009	33574	30677	29270	29367	29857	30256	15222
TJK	UZB	Tajikistan	Uzbekistan	4971	8292	32002	42216	11945	11496	11408	11339	5345
TKL	ASM	Tokelau*	American Samoa*	30	29	27	24	21	20	19	19	9
TKL	AUS	Tokelau*	Australia*	131	188	277	423	570	668	610	588	273
TKL	BGR	Tokelau*	Bulgaria	0	0	0	1	1	0	0	0	0
TKL	GRC	Tokelau*	Greece	3	2	2	1	0	0	0	0	0
TKL	WSM	Tokelau*	Samoa	131	133	135	127	111	91	85	81	41
TKM	ARM	Turkmenistan	Armenia	1707	1550	1398	1238	1089	941	791	723	393
TKM	AUS	Turkmenistan	Australia*	6	10	30	60	88	102	135	153	107
TKM	AZE	Turkmenistan	Azerbaijan	3033	2659	2299	1944	1557	1167	868	747	439
TKM	BGR	Turkmenistan	Bulgaria	7	61	115	179	239	250	317	436	276
TKM	BLR	Turkmenistan	Belarus	6339	6005	5670	5592	5513	5464	5382	5319	2723
TKM	BOL	Turkmenistan	Bolivia (Plurinational State of)	0	1	1	1	0	0	0	0	0
TKM	CHN	Turkmenistan	China	226	270	322	384	464	705	1031	1169	621
TKM	CYP	Turkmenistan	Cyprus	3	4	5	7	10	9	8	8	6
TKM	DNK	Turkmenistan	Denmark*	0	0	3	9	16	19	22	41	29
TKM	EST	Turkmenistan	Estonia	996	684	371	366	358	345	332	338	219
TKM	FIN	Turkmenistan	Finland*	0	2	4	12	20	21	34	40	27
TKM	GEO	Turkmenistan	Georgia	1609	1335	197	187	188	197	203	209	135
TKM	GRC	Turkmenistan	Greece	40196	19982	97	108	123	115	116	123	71
TKM	HUN	Turkmenistan	Hungary	0	0	0	0	0	19	44	52	22
TKM	IRN	Turkmenistan	Iran (Islamic Republic of)	237	238	944	2990	2999	2344	1954	1992	808
TKM	ISL	Turkmenistan	Iceland	0	0	0	1	1	1	1	2	2
TKM	ISR	Turkmenistan	Israel	414	528	932	1551	2379	2598	2806	2996	1518
TKM	KAZ	Turkmenistan	Kazakhstan	29949	60063	100768	103963	107312	110768	114337	117117	103590
TKM	KGZ	Turkmenistan	Kyrgyzstan	2941	2427	1846	1502	1136	1001	973	952	551
TKM	LBY	Turkmenistan	Libya	58	115	175	193	212	237	251	265	55
TKM	LTU	Turkmenistan	Lithuania	3341	479	375	356	289	236	207	218	124
TKM	LUX	Turkmenistan	Luxembourg	0	0	0	0	0	0	19	22	13
TKM	LVA	Turkmenistan	Latvia	23	475	928	831	714	589	552	508	275
TKM	MDA	Turkmenistan	Republic of Moldova*	1788	1276	915	660	491	350	207	210	88
TKM	NOR	Turkmenistan	Norway*	0	0	9	42	57	76	87	97	57
TKM	RUS	Turkmenistan	Russian Federation	165923	173279	174352	180124	179136	143230	112339	87585	45626
TKM	SVK	Turkmenistan	Slovakia	0	0	1	1	1	11	13	14	10
TKM	SVN	Turkmenistan	Slovenia	0	0	0	0	4	5	11	12	6
TKM	TJK	Turkmenistan	Tajikistan	1084	744	473	456	454	446	446	447	228
TKM	TUR	Turkmenistan	Türkiye	2034	2034	2034	7936	14222	22420	116963	119955	63894
TKM	UKR	Turkmenistan	Ukraine*	31201	28347	25840	23610	22527	22602	22979	23286	12376
TKM	UZB	Turkmenistan	Uzbekistan	330	551	796	810	792	763	756	751	305
TLS	AUS	Timor-Leste	Australia*	0	0	1991	10733	10587	9992	10247	11546	5640
TLS	CPV	Timor-Leste	Cabo Verde	11	14	17	13	8	8	7	7	2
TLS	DNK	Timor-Leste	Denmark*	0	0	0	0	0	0	1	2	0
TLS	GRC	Timor-Leste	Greece	0	3	6	114	230	215	217	231	129
TLS	IDN	Timor-Leste	Indonesia	26838	33706	184250	30324	33385	52987	84310	95603	44602
TLS	ISL	Timor-Leste	Iceland	0	0	0	0	0	1	0	0	0
TLS	NOR	Timor-Leste	Norway*	2	3	4	5	14	15	8	9	3
TLS	PRT	Timor-Leste	Portugal	654	1411	2227	2040	1516	1717	1969	2215	1212
TON	ASM	Tonga	American Samoa*	1304	1223	1142	1217	1291	1288	1292	1296	616
TON	AUS	Tonga	Australia*	7089	7731	8114	8716	10092	11862	15295	19464	8301
TON	BGR	Tonga	Bulgaria	0	1	1	2	2	1	0	0	0
TON	BOL	Tonga	Bolivia (Plurinational State of)	0	1	1	1	0	0	0	0	0
TON	DNK	Tonga	Denmark*	4	4	8	14	11	20	20	18	8
TON	EST	Tonga	Estonia	0	0	0	0	1	1	0	0	0
TON	FIN	Tonga	Finland*	0	1	1	1	1	2	0	0	0
TON	FJI	Tonga	Fiji	1221	1203	1199	1204	1293	1332	1362	1389	638
TON	FSM	Tonga	Micronesia (Fed. States of)	7	8	9	14	15	18	17	17	8
TON	GIN	Tonga	Guinea	0	0	0	0	0	972	932	901	373
TON	HUN	Tonga	Hungary	0	0	0	0	0	0	2	2	2
TON	ISL	Tonga	Iceland	0	1	1	1	1	1	1	2	0
TON	NIU	Tonga	Niue*	48	79	106	112	49	48	47	47	21
TON	NOR	Tonga	Norway*	0	1	1	1	5	5	5	6	5
TON	NZL	Tonga	New Zealand*	10170	13577	17509	20188	21722	24561	28005	29981	14377
TON	PNG	Tonga	Papua New Guinea	40	40	29	33	27	27	26	26	8
TON	VUT	Tonga	Vanuatu	24	25	27	27	29	30	30	31	14
TON	WSM	Tonga	Samoa	47	72	97	91	80	65	60	57	27
TTO	ATG	Trinidad and Tobago	Antigua and Barbuda	356	474	591	634	677	720	752	780	402
TTO	AUS	Trinidad and Tobago	Australia*	1220	1324	1413	1558	1693	1905	1850	1830	929
TTO	BGR	Trinidad and Tobago	Bulgaria	0	0	0	1	1	4	4	6	0
TTO	BHS	Trinidad and Tobago	Bahamas	278	299	321	341	360	390	418	442	238
TTO	BMU	Trinidad and Tobago	Bermuda*	34	41	163	200	241	218	219	224	104
TTO	BOL	Trinidad and Tobago	Bolivia (Plurinational State of)	4	9	14	9	4	6	5	6	2
TTO	BRA	Trinidad and Tobago	Brazil	5	228	187	203	185	198	215	244	103
TTO	BRB	Trinidad and Tobago	Barbados	1750	1910	2070	1740	1419	1490	1506	1520	964
TTO	CAN	Trinidad and Tobago	Canada	48270	54973	62768	65375	68351	66728	65223	62401	34563
TTO	CRI	Trinidad and Tobago	Costa Rica	26	21	27	18	35	34	40	48	32
TTO	CUW	Trinidad and Tobago	Curaçao*	99	99	99	99	90	96	112	157	86
TTO	CYM	Trinidad and Tobago	Cayman Islands*	112	211	363	312	289	314	350	382	199
TTO	CYP	Trinidad and Tobago	Cyprus	4	6	7	10	15	13	13	14	12
TTO	DMA	Trinidad and Tobago	Dominica	111	147	175	215	262	306	312	318	126
TTO	DNK	Trinidad and Tobago	Denmark*	110	139	145	141	159	162	178	183	108
TTO	DOM	Trinidad and Tobago	Dominican Republic	100	111	122	72	23	23	23	25	10
TTO	EST	Trinidad and Tobago	Estonia	0	0	0	0	2	3	2	2	2
TTO	FIN	Trinidad and Tobago	Finland*	7	10	13	20	26	35	44	52	30
TTO	GRC	Trinidad and Tobago	Greece	9	9	10	14	18	16	15	16	12
TTO	GRD	Trinidad and Tobago	Grenada	1647	1813	1980	2075	2170	2196	2291	2331	1638
TTO	GUY	Trinidad and Tobago	Guyana	189	310	430	591	468	495	519	902	382
TTO	HUN	Trinidad and Tobago	Hungary	0	5	9	12	14	8	16	19	7
TTO	ISL	Trinidad and Tobago	Iceland	1	2	3	3	3	3	6	9	7
TTO	JAM	Trinidad and Tobago	Jamaica	1775	2126	2476	2413	2349	2299	2343	2380	1200
TTO	KNA	Trinidad and Tobago	Saint Kitts and Nevis	115	152	210	239	259	266	275	283	121
TTO	LCA	Trinidad and Tobago	Saint Lucia	325	438	602	598	549	526	504	488	259
TTO	LIE	Trinidad and Tobago	Liechtenstein	0	0	0	0	0	1	1	1	1
TTO	LUX	Trinidad and Tobago	Luxembourg	0	0	0	0	0	0	22	25	16
TTO	LVA	Trinidad and Tobago	Latvia	0	0	0	1	2	1	0	0	0
TTO	MLT	Trinidad and Tobago	Malta	9	11	13	17	10	17	35	61	26
TTO	MSR	Trinidad and Tobago	Montserrat*	66	52	39	40	42	43	42	43	15
TTO	NOR	Trinidad and Tobago	Norway*	221	223	265	297	334	345	356	396	231
TTO	PAN	Trinidad and Tobago	Panama	64	53	46	67	102	119	141	215	93
TTO	PRI	Trinidad and Tobago	Puerto Rico*	337	357	378	295	176	174	75	68	36
TTO	SVK	Trinidad and Tobago	Slovakia	0	0	0	1	1	6	8	9	2
TTO	SVN	Trinidad and Tobago	Slovenia	0	0	0	0	3	4	5	6	2
TTO	SXM	Trinidad and Tobago	Sint Maarten (Dutch part)*	182	182	182	100	200	208	218	228	146
TTO	USA	Trinidad and Tobago	United States of America*	117075	116213	200590	208257	228377	238007	226400	241541	138771
TTO	VCT	Trinidad and Tobago	Saint Vincent and the Grenadines	837	871	907	935	966	976	1011	1029	502
TTO	VEN	Trinidad and Tobago	Venezuela (Bolivarian Republic of)	3611	3174	2765	2746	2756	2808	2646	2524	1362
TTO	VGB	Trinidad and Tobago	British Virgin Islands*	206	243	279	320	462	528	599	663	244
TTO	VIR	Trinidad and Tobago	United States Virgin Islands*	2475	2300	2130	1943	1758	1759	1758	1759	918
TUN	ARE	Tunisia	United Arab Emirates	1171	1481	1864	2259	3671	4623	4841	5497	2036
TUN	AUS	Tunisia	Australia*	461	493	497	542	572	658	762	788	350
TUN	AUT	Tunisia	Austria	1063	1434	1909	2809	3222	3774	4329	4909	1768
TUN	BEL	Tunisia	Belgium	6367	6994	7676	9431	11744	14221	16730	19761	8051
TUN	BGR	Tunisia	Bulgaria	18	30	41	58	72	97	150	206	52
TUN	BHR	Tunisia	Bahrain	158	176	186	270	425	476	519	555	171
TUN	BOL	Tunisia	Bolivia (Plurinational State of)	0	1	1	1	1	2	1	1	0
TUN	BRA	Tunisia	Brazil	106	99	91	92	78	104	221	446	103
TUN	CAN	Tunisia	Canada	2351	3292	4519	7065	11178	18189	23538	30350	13910
TUN	CHE	Tunisia	Switzerland	4998	5835	6838	8247	9678	11363	13030	14494	5549
TUN	CHL	Tunisia	Chile	26	32	43	62	93	157	362	398	328
TUN	CRI	Tunisia	Costa Rica	3	2	3	3	5	4	4	5	4
TUN	CYP	Tunisia	Cyprus	9	13	16	25	38	34	34	36	12
TUN	CZE	Tunisia	Czechia	0	0	126	290	613	822	1032	1190	160
TUN	DNK	Tunisia	Denmark*	432	570	713	791	856	903	984	1089	387
TUN	EGY	Tunisia	Egypt	398	468	551	628	663	0	628	507	297
TUN	EST	Tunisia	Estonia	0	0	0	0	7	15	26	26	2
TUN	FIN	Tunisia	Finland*	163	208	252	415	527	625	808	951	225
TUN	FRA	Tunisia	France*	357940	349040	346578	364524	375588	400786	429918	444223	210345
TUN	FRO	Tunisia	Faroe Islands*	9	2	3	7	6	11	17	20	5
TUN	GAB	Tunisia	Gabon	69	93	116	126	146	204	223	241	89
TUN	GIN	Tunisia	Guinea	0	0	0	0	0	533	510	493	216
TUN	GRC	Tunisia	Greece	529	407	291	471	674	634	647	687	144
TUN	HUN	Tunisia	Hungary	34	82	129	159	189	273	573	676	215
TUN	IRQ	Tunisia	Iraq	241	284	269	313	320	312	314	318	46
TUN	ISL	Tunisia	Iceland	6	9	12	14	16	28	41	62	20
TUN	ISR	Tunisia	Israel	35765	43896	46383	47551	48740	49959	51208	52231	26116
TUN	ITA	Tunisia	Italy	34201	44490	55575	71634	90041	97845	107338	117917	44790
TUN	KWT	Tunisia	Kuwait	945	780	870	964	1257	1625	1886	2068	825
TUN	LBY	Tunisia	Libya	1414	1826	2270	2502	2746	3074	3292	3480	1279
TUN	LIE	Tunisia	Liechtenstein	0	0	0	8	18	24	22	24	12
TUN	LTU	Tunisia	Lithuania	6	5	4	3	3	12	8	8	2
TUN	LUX	Tunisia	Luxembourg	114	115	118	102	88	134	1212	1400	496
TUN	LVA	Tunisia	Latvia	0	0	0	1	2	2	4	4	0
TUN	MAR	Tunisia	Morocco	1763	1618	1704	1808	1964	2533	2781	3018	1463
TUN	MLT	Tunisia	Malta	161	188	239	281	263	446	969	1684	614
TUN	MRT	Tunisia	Mauritania	221	236	243	246	172	248	270	290	125
TUN	NCL	Tunisia	New Caledonia*	546	633	720	767	814	625	663	696	345
TUN	NOR	Tunisia	Norway*	375	447	530	644	855	1003	1133	1260	439
TUN	POL	Tunisia	Poland	37	60	98	209	512	683	833	898	117
TUN	PRT	Tunisia	Portugal	15	32	52	94	121	137	155	174	36
TUN	PSE	Tunisia	State of Palestine	850	830	811	808	805	803	801	800	443
TUN	QAT	Tunisia	Qatar	193	255	342	421	880	1211	974	1043	260
TUN	SVK	Tunisia	Slovakia	6	43	94	106	118	153	200	217	17
TUN	SVN	Tunisia	Slovenia	2	4	9	14	37	53	86	97	17
TUN	VEN	Tunisia	Venezuela (Bolivarian Republic of)	13	12	12	12	13	14	12	11	5
TUR	ABW	Türkiye	Aruba*	115	63	11	11	11	10	11	15	5
TUR	ALB	Türkiye	Albania	2489	2690	2892	2441	1990	1961	1838	1746	547
TUR	ARE	Türkiye	United Arab Emirates	9749	12337	15568	15845	23859	30050	31473	35736	13255
TUR	ARG	Türkiye	Argentina	1386	1262	1140	1017	895	762	650	650	370
TUR	ARM	Türkiye	Armenia	6238	4823	3519	1844	762	12	36	52	26
TUR	AUS	Türkiye	Australia*	29111	31349	34021	37467	39756	39817	42286	42544	20381
TUR	AUT	Türkiye	Austria	82084	99778	119611	150522	157722	160104	159347	161487	78347
TUR	AZE	Türkiye	Azerbaijan	2528	2400	2279	2148	2020	1892	1769	1602	551
TUR	BEL	Türkiye	Belgium	52855	59967	67990	82419	95423	98267	101992	110089	51783
TUR	BGR	Türkiye	Bulgaria	743	1377	2010	2822	3587	8130	14454	19877	6803
TUR	BHR	Türkiye	Bahrain	1319	1474	1550	1903	2753	3089	3364	3597	1117
TUR	BLR	Türkiye	Belarus	11	18	25	24	23	25	23	23	0
TUR	BMU	Türkiye	Bermuda*	26	43	51	30	7	9	6	6	1
TUR	BOL	Türkiye	Bolivia (Plurinational State of)	2	8	13	23	32	38	40	45	17
TUR	BRA	Türkiye	Brazil	1100	853	673	503	350	213	316	524	69
TUR	CAF	Türkiye	Central African Republic	6	8	10	9	9	7	6	6	4
TUR	CAN	Türkiye	Canada	11796	13765	15971	20976	26230	28928	34204	37802	17298
TUR	CHE	Türkiye	Switzerland	65429	67011	68983	73866	76194	78454	82295	86906	41203
TUR	CHL	Türkiye	Chile	170	197	241	286	317	391	438	479	391
TUR	CHN	Türkiye	China	871	1028	1223	1456	1711	1370	1065	1152	612
TUR	COL	Türkiye	Colombia	30	35	37	39	71	133	250	276	76
TUR	CRI	Türkiye	Costa Rica	6	5	6	5	9	8	9	11	5
TUR	CYP	Türkiye	Cyprus	152	215	278	418	641	587	605	642	339
TUR	CZE	Türkiye	Czechia	0	0	140	490	1329	1825	2268	2604	699
TUR	DEU	Türkiye	Germany	1004022	1428166	1561548	1392656	1354238	1303078	1326045	1504743	725809
TUR	DNK	Türkiye	Denmark*	21075	25164	29379	30960	32303	32210	33006	35075	16806
TUR	DOM	Türkiye	Dominican Republic	73	81	89	59	30	30	31	33	10
TUR	EGY	Türkiye	Egypt	530	547	564	561	514	0	759	595	231
TUR	EST	Türkiye	Estonia	0	0	0	0	87	205	468	477	99
TUR	FIN	Türkiye	Finland*	457	1133	1808	3569	4890	6082	7644	8998	2830
TUR	FRA	Türkiye	France*	171382	176383	189941	234092	256503	259457	259787	260167	122846
TUR	GBR	Türkiye	United Kingdom*	24544	35627	51027	68250	90269	108907	129595	145391	65303
TUR	GEO	Türkiye	Georgia	455	513	455	432	436	457	472	485	146
TUR	GIN	Türkiye	Guinea	0	0	0	0	0	35	32	31	9
TUR	GRC	Türkiye	Greece	34502	54741	75879	55051	35395	33420	34081	36204	19656
TUR	GTM	Türkiye	Guatemala	16	16	15	19	22	24	25	27	15
TUR	HRV	Türkiye	Croatia	0	0	0	43	85	86	79	75	30
TUR	HUN	Türkiye	Hungary	385	919	1452	1782	2128	2075	3391	4000	1152
TUR	IND	Türkiye	India	334	212	133	92	65	60	73	58	38
TUR	IRN	Türkiye	Iran (Islamic Republic of)	393	590	1110	1099	1558	910	384	392	156
TUR	IRQ	Türkiye	Iraq	938	17439	13885	17586	17961	17514	20677	20972	9921
TUR	ISL	Türkiye	Iceland	18	27	35	49	61	73	104	157	53
TUR	ISR	Türkiye	Israel	33135	34679	32110	28990	26387	27954	30532	32098	16875
TUR	ITA	Türkiye	Italy	3415	5098	7325	11174	16199	18435	20964	21689	9366
TUR	JPN	Türkiye	Japan	336	547	883	1422	2297	4425	7147	6403	1351
TUR	KAZ	Türkiye	Kazakhstan	6225	6295	6364	6433	6502	6572	6643	6713	3567
TUR	KGZ	Türkiye	Kyrgyzstan	833	928	993	1098	1193	1051	1021	999	525
TUR	KWT	Türkiye	Kuwait	7871	6508	7249	8028	10465	11201	13001	14256	5691
TUR	LBY	Türkiye	Libya	2197	2014	1865	2056	2257	2527	2704	2858	699
TUR	LIE	Türkiye	Liechtenstein	820	997	1158	870	585	608	581	621	304
TUR	LKA	Türkiye	Sri Lanka	0	4	10	22	45	45	44	44	20
TUR	LTU	Türkiye	Lithuania	40	45	35	59	75	64	233	245	76
TUR	LUX	Türkiye	Luxembourg	194	184	177	153	132	201	1435	1658	758
TUR	LVA	Türkiye	Latvia	12	18	25	66	106	108	229	211	44
TUR	MDA	Türkiye	Republic of Moldova*	12	13	79	259	413	623	831	533	217
TUR	MEX	Türkiye	Mexico	164	201	246	263	281	378	520	645	189
TUR	MKD	Türkiye	North Macedonia	11417	13247	18717	19250	19770	19922	20011	20082	11311
TUR	MLT	Türkiye	Malta	79	93	117	139	188	318	692	1203	325
TUR	MNE	Türkiye	Montenegro	83	83	83	83	79	87	86	85	80
TUR	MNG	Türkiye	Mongolia	109	120	133	148	180	222	236	250	134
TUR	NAM	Türkiye	Namibia	52	49	48	37	35	34	35	37	14
TUR	NLD	Türkiye	Netherlands*	156544	166756	179820	195962	197120	191653	199017	217388	105612
TUR	NOR	Türkiye	Norway*	4977	5974	7300	9038	10429	11106	12238	13608	6031
TUR	PAN	Türkiye	Panama	33	35	40	62	97	112	134	204	40
TUR	PER	Türkiye	Peru	12	12	12	21	69	132	297	359	143
TUR	POL	Türkiye	Poland	169	248	363	665	1350	1599	1748	1726	401
TUR	PRI	Türkiye	Puerto Rico*	42	44	47	36	22	21	8	7	4
TUR	PRT	Türkiye	Portugal	31	66	105	200	262	296	789	888	433
TUR	QAT	Türkiye	Qatar	1606	2133	2851	3039	6046	6249	5035	5393	1354
TUR	ROU	Türkiye	Romania	1032	1821	2610	3324	4149	4692	5130	5484	1687
TUR	RUS	Türkiye	Russian Federation	13032	11200	8962	9602	9942	9633	9332	9091	1916
TUR	SEN	Türkiye	Senegal	0	0	0	0	0	0	87	89	42
TUR	SRB	Türkiye	Serbia*	42	13	42	204	345	579	1106	1442	309
TUR	SVK	Türkiye	Slovakia	10	92	201	226	253	322	405	440	72
TUR	SVN	Türkiye	Slovenia	5	10	26	41	91	116	237	269	73
TUR	SWE	Türkiye	Sweden	25216	29357	31652	35388	41662	46256	52174	58113	25678
TUR	TJK	Türkiye	Tajikistan	1175	955	822	792	790	776	777	779	361
TUR	UKR	Türkiye	Ukraine*	1637	1583	1550	1416	1351	1355	1376	1394	195
TUR	USA	Türkiye	United States of America*	61806	53870	93599	107137	115130	136192	144779	176490	81175
TUR	VEN	Türkiye	Venezuela (Bolivarian Republic of)	115	113	111	116	124	132	123	117	49
TUR	ZAF	Türkiye	South Africa	484	464	562	747	979	874	680	675	273
TUV	AUS	Tuvalu	Australia*	70	83	117	140	147	195	245	290	143
TUV	BGR	Tuvalu	Bulgaria	4	6	8	11	14	2	0	0	0
TUV	DNK	Tuvalu	Denmark*	0	0	0	0	0	2	3	2	1
TUV	FIN	Tuvalu	Finland*	0	0	0	1	2	2	0	0	0
TUV	FJI	Tuvalu	Fiji	378	372	371	372	399	411	420	428	195
TUV	GIN	Tuvalu	Guinea	0	0	0	0	0	1	0	0	0
TUV	GRC	Tuvalu	Greece	20	48	77	44	11	10	8	8	2
TUV	KIR	Tuvalu	Kiribati	377	339	302	295	288	292	311	329	142
TUV	NIU	Tuvalu	Niue*	40	57	73	74	37	36	35	35	12
TUV	NOR	Tuvalu	Norway*	0	0	0	0	1	1	0	0	0
TUV	NRU	Tuvalu	Nauru	316	292	268	252	21	33	37	43	14
TUV	SVK	Tuvalu	Slovakia	0	0	0	0	0	1	0	0	0
TUV	TKL	Tuvalu	Tokelau*	21	20	25	24	39	45	47	49	18
TUV	WSM	Tuvalu	Samoa	39	66	93	87	76	63	58	55	25
TWN	ARG	China, Taiwan Province of China	Argentina	3786	3664	3544	3419	3295	3176	3068	3096	1763
TWN	AUS	China, Taiwan Province of China	Australia*	14440	17876	22681	25888	31501	52135	55039	61011	36547
TWN	BRA	China, Taiwan Province of China	Brazil	5	4751	4429	4237	4081	4139	4341	4505	2042
TWN	CAN	China, Taiwan Province of China	Canada	14135	45154	55904	64473	66360	63968	65090	64617	36440
TWN	CHN	China, Taiwan Province of China	China	82618	98007	116806	139228	166008	164372	155299	170422	64067
TWN	COL	China, Taiwan Province of China	Colombia	68	26	54	85	112	144	179	205	94
TWN	DNK	China, Taiwan Province of China	Denmark*	95	99	137	197	283	389	496	635	430
TWN	ECU	China, Taiwan Province of China	Ecuador	1002	894	789	662	544	447	366	290	130
TWN	ITA	China, Taiwan Province of China	Italy	280	378	495	673	890	1062	1103	1227	955
TWN	JPN	China, Taiwan Province of China	Japan	5990	9835	15861	25235	40731	91853	87536	62144	40476
TWN	MEX	China, Taiwan Province of China	Mexico	188	231	286	394	536	613	690	762	372
TWN	NZL	China, Taiwan Province of China	New Zealand*	10932	10932	10432	9854	9277	9458	10396	11147	6158
TWN	SGP	China, Taiwan Province of China	Singapore	4327	5089	5762	5960	8004	9637	9991	11137	7009
TWN	USA	China, Taiwan Province of China	United States of America*	244340	224461	347217	354084	379339	386212	401823	404256	231779
TWN	VNM	China, Taiwan Province of China	Viet Nam	2265	3883	5621	7356	9095	11029	13275	35177	18524
TWN	ZAF	China, Taiwan Province of China	South Africa	4284	3977	3657	3349	3054	2464	1917	1876	1002
TZA	AUS	United Republic of Tanzania	Australia*	1358	1723	1958	2328	3820	4495	4885	4926	2409
TZA	BDI	United Republic of Tanzania	Burundi	11912	9780	5692	13732	22974	28008	33318	37409	19966
TZA	BGR	United Republic of Tanzania	Bulgaria	7	8	9	11	13	10	13	18	1
TZA	BOL	United Republic of Tanzania	Bolivia (Plurinational State of)	1	1	0	2	4	6	5	6	4
TZA	BRA	United Republic of Tanzania	Brazil	116	108	104	109	91	151	220	150	55
TZA	BWA	United Republic of Tanzania	Botswana	460	743	1104	1664	702	763	814	859	379
TZA	CAN	United Republic of Tanzania	Canada	17690	18417	19178	19723	19881	21034	21535	21068	10785
TZA	CHL	United Republic of Tanzania	Chile	26	32	43	62	93	157	362	398	328
TZA	CHN	United Republic of Tanzania	China	220	265	316	375	459	902	1708	1967	1045
TZA	COM	United Republic of Tanzania	Comoros	163	162	160	153	146	145	143	142	71
TZA	CRI	United Republic of Tanzania	Costa Rica	3	2	3	3	5	4	4	5	4
TZA	CYM	United Republic of Tanzania	Cayman Islands*	4	8	15	14	15	15	16	17	14
TZA	CYP	United Republic of Tanzania	Cyprus	36	51	66	99	152	138	142	151	78
TZA	DNK	United Republic of Tanzania	Denmark*	471	640	773	873	971	1025	1064	1349	696
TZA	ERI	United Republic of Tanzania	Eritrea	218	296	375	394	434	525	459	412	195
TZA	EST	United Republic of Tanzania	Estonia	0	0	0	0	4	4	5	5	1
TZA	FIN	United Republic of Tanzania	Finland*	86	116	145	294	394	508	561	660	263
TZA	GHA	United Republic of Tanzania	Ghana	6	6	7	10	7	8	8	9	3
TZA	GIN	United Republic of Tanzania	Guinea	0	0	0	0	0	2	0	0	0
TZA	GRC	United Republic of Tanzania	Greece	268	330	398	401	419	394	401	426	188
TZA	HUN	United Republic of Tanzania	Hungary	28	34	40	49	57	62	78	92	22
TZA	ISL	United Republic of Tanzania	Iceland	9	10	10	16	21	28	24	36	24
TZA	ITA	United Republic of Tanzania	Italy	630	774	920	1074	1292	1506	1805	1958	1110
TZA	KEN	United Republic of Tanzania	Kenya	66464	73119	51289	42082	39120	39935	34767	32860	16379
TZA	LBY	United Republic of Tanzania	Libya	445	317	196	216	236	264	281	297	74
TZA	LIE	United Republic of Tanzania	Liechtenstein	0	0	0	0	3	3	2	2	1
TZA	LSO	United Republic of Tanzania	Lesotho	116	100	81	82	83	118	155	193	94
TZA	LTU	United Republic of Tanzania	Lithuania	0	0	0	0	0	3	1	1	1
TZA	LUX	United Republic of Tanzania	Luxembourg	0	0	0	0	0	0	24	28	19
TZA	LVA	United Republic of Tanzania	Latvia	0	0	0	0	1	2	2	2	0
TZA	MLI	United Republic of Tanzania	Mali	0	0	0	0	717	881	1033	1160	710
TZA	MOZ	United Republic of Tanzania	Mozambique	2722	3744	4355	5981	6816	7067	7423	7736	3731
TZA	MWI	United Republic of Tanzania	Malawi	3279	10676	10278	9794	9620	8285	7041	6870	3823
TZA	NAM	United Republic of Tanzania	Namibia	1624	1553	1442	1140	1098	1074	1148	1218	614
TZA	NOR	United Republic of Tanzania	Norway*	248	350	507	647	832	931	935	1040	544
TZA	OMN	United Republic of Tanzania	Oman	4813	4921	5032	5558	7340	16700	16135	20860	5318
TZA	PNG	United Republic of Tanzania	Papua New Guinea	38	38	28	34	28	28	27	27	5
TZA	PRT	United Republic of Tanzania	Portugal	48	104	165	123	61	68	77	87	43
TZA	RWA	United Republic of Tanzania	Rwanda	15825	24121	36766	43346	43060	42776	42713	42664	20934
TZA	SVK	United Republic of Tanzania	Slovakia	0	0	0	0	0	1	0	0	0
TZA	SVN	United Republic of Tanzania	Slovenia	0	0	3	0	1	2	2	2	1
TZA	UGA	United Republic of Tanzania	Uganda	57459	51666	45872	40687	35977	31267	26558	22790	12520
TZA	ZAF	United Republic of Tanzania	South Africa	994	331	1122	6322	5320	7582	7019	6344	1519
TZA	ZMB	United Republic of Tanzania	Zambia	6930	6172	4322	5057	5918	4726	6617	8773	4595
UGA	AUS	Uganda	Australia*	995	1295	1407	1864	2859	3800	4582	5079	2654
UGA	BDI	Uganda	Burundi	1833	1546	949	805	731	891	1058	1188	493
UGA	BGR	Uganda	Bulgaria	1	2	3	4	5	7	9	12	4
UGA	BHS	Uganda	Bahamas	0	0	0	6	11	12	11	12	9
UGA	BOL	Uganda	Bolivia (Plurinational State of)	2	1	0	0	0	0	0	0	0
UGA	BWA	Uganda	Botswana	295	411	570	901	281	305	324	342	133
UGA	CAN	Uganda	Canada	8811	9640	10551	10969	11961	13438	14870	15355	8167
UGA	CHN	Uganda	China	148	178	212	252	305	520	833	917	486
UGA	COD	Uganda	Democratic Republic of the Congo	18418	19780	24177	30118	33	6115	5950	6776	5634
UGA	CRI	Uganda	Costa Rica	8	6	7	6	10	9	11	13	4
UGA	CYP	Uganda	Cyprus	5	7	9	13	20	18	18	19	1
UGA	DNK	Uganda	Denmark*	284	682	932	1094	1340	1537	1711	2226	1197
UGA	ERI	Uganda	Eritrea	175	682	1190	1187	1257	1521	1331	1195	404
UGA	EST	Uganda	Estonia	0	0	0	0	2	6	9	9	1
UGA	ETH	Uganda	Ethiopia	0	110	94	62	36	24	18	18	8
UGA	FIN	Uganda	Finland*	10	16	22	80	121	183	271	319	177
UGA	GIN	Uganda	Guinea	0	0	0	0	0	1	0	0	0
UGA	GRC	Uganda	Greece	107	99	93	118	148	138	140	149	88
UGA	HUN	Uganda	Hungary	6	14	22	27	32	36	97	114	44
UGA	IND	Uganda	India	1973	1334	894	830	812	764	714	718	446
UGA	ISL	Uganda	Iceland	3	5	6	14	22	37	60	91	61
UGA	ISR	Uganda	Israel	0	0	0	0	0	0	161	329	71
UGA	ITA	Uganda	Italy	281	385	506	689	890	1083	1132	1205	685
UGA	KEN	Uganda	Kenya	83355	134005	261491	291776	326978	333789	290597	274655	143338
UGA	LIE	Uganda	Liechtenstein	0	0	0	0	1	1	0	0	0
UGA	LSO	Uganda	Lesotho	185	160	130	132	134	191	251	313	138
UGA	LTU	Uganda	Lithuania	0	0	0	0	0	1	0	0	0
UGA	LUX	Uganda	Luxembourg	0	0	0	0	0	0	35	40	22
UGA	LVA	Uganda	Latvia	1	1	2	2	2	0	1	1	1
UGA	NAM	Uganda	Namibia	712	680	633	500	481	470	502	532	258
UGA	NOR	Uganda	Norway*	242	325	459	629	824	1126	1586	1764	944
UGA	PRT	Uganda	Portugal	17	36	58	44	24	27	29	33	21
UGA	RWA	Uganda	Rwanda	34106	48486	79241	93430	92808	92195	92061	91955	43645
UGA	SDN	Uganda	Sudan	74433	57771	47612	26103	2079	1250	1728	3003	1500
UGA	SSD	Uganda	South Sudan	0	0	0	0	125406	145607	151003	156437	75731
UGA	SVK	Uganda	Slovakia	0	0	1	1	1	8	11	12	8
UGA	SVN	Uganda	Slovenia	0	0	2	1	2	4	6	7	5
UGA	SWZ	Uganda	Eswatini	1	8	30	39	48	55	54	55	28
UGA	SYC	Uganda	Seychelles	5	5	6	15	25	28	27	27	13
UGA	TZA	Uganda	United Republic of Tanzania	19706	15546	12286	9484	6938	4857	4326	4695	2250
UGA	ZAF	Uganda	South Africa	808	1282	2526	5979	5396	8609	10155	7678	2299
UGA	ZMB	Uganda	Zambia	349	359	370	355	456	401	559	741	278
UKR	ARG	Ukraine*	Argentina	7203	6610	6028	5447	4863	4237	3704	3706	2111
UKR	ARM	Ukraine*	Armenia	5553	4986	4432	3846	3311	2864	2354	2668	1614
UKR	AUS	Ukraine*	Australia*	17544	17194	17041	16828	16347	17064	17109	20391	12406
UKR	AUT	Ukraine*	Austria	1163	1934	3193	5610	7757	11342	15119	100164	82402
UKR	AZE	Ukraine*	Azerbaijan	4596	4086	3591	3096	2575	2065	1630	8108	4211
UKR	BEL	Ukraine*	Belgium	40	65	104	319	770	1524	3464	82974	49146
UKR	BGR	Ukraine*	Bulgaria	1671	2451	3230	4311	5327	6164	11275	61074	40185
UKR	BHS	Ukraine*	Bahamas	0	0	0	9	17	18	18	19	14
UKR	BLR	Ukraine*	Belarus	261845	248032	234219	230971	227722	225734	222436	219832	113460
UKR	BOL	Ukraine*	Bolivia (Plurinational State of)	0	57	114	106	98	115	126	141	103
UKR	BRA	Ukraine*	Brazil	5	890	726	791	721	806	909	2004	849
UKR	CAN	Ukraine*	Canada	30980	39250	49600	58589	66034	75713	80459	83861	46388
UKR	CHE	Ukraine*	Switzerland	1406	1978	2803	4242	6034	8928	11515	80919	51395
UKR	CHL	Ukraine*	Chile	16	44	71	111	164	269	342	393	324
UKR	CHN	Ukraine*	China	663	795	946	1125	1363	2172	3330	9603	6044
UKR	CPV	Ukraine*	Cabo Verde	28	37	46	34	21	22	22	23	9
UKR	CRI	Ukraine*	Costa Rica	135	102	119	79	154	155	186	224	137
UKR	CUB	Ukraine*	Cuba	1367	1036	694	493	332	212	131	93	70
UKR	CYP	Ukraine*	Cyprus	815	1153	1490	2240	3437	3156	3257	3457	2334
UKR	CZE	Ukraine*	Czechia	0	0	26895	60468	125560	146067	156128	515214	275075
UKR	DEU	Ukraine*	Germany	124109	138900	175431	209291	212008	235921	269725	1416521	929480
UKR	DNK	Ukraine*	Denmark*	0	207	770	2314	6152	7832	12306	43532	25761
UKR	DOM	Ukraine*	Dominican Republic	121	135	148	110	73	75	77	83	55
UKR	ECU	Ukraine*	Ecuador	79	116	155	192	233	277	345	456	314
UKR	EGY	Ukraine*	Egypt	2043	2208	2393	2608	2562	0	2135	1643	798
UKR	ESP	Ukraine*	Spain*	0	6243	16958	61704	80130	85802	110708	217765	135934
UKR	EST	Ukraine*	Estonia	43063	33755	24457	24004	23350	21770	24170	24628	12020
UKR	FIN	Ukraine*	Finland*	256	92	183	589	857	1540	2851	63352	34394
UKR	FRA	Ukraine*	France*	2901	4434	7158	12336	16539	23467	31996	99261	67483
UKR	GBR	Ukraine*	United Kingdom*	1122	6105	11115	15293	20844	26701	33920	274187	112853
UKR	GEO	Ukraine*	Georgia	46581	23412	11706	11120	11231	11792	12203	12544	7130
UKR	GIN	Ukraine*	Guinea	84	96	104	50	25	9	7	7	1
UKR	GRC	Ukraine*	Greece	189	8282	16512	18198	20604	19416	19846	21082	15900
UKR	HRV	Ukraine*	Croatia	549	779	675	377	753	758	711	25475	19944
UKR	HUN	Ukraine*	Hungary	3040	11454	19867	24333	29075	39189	70944	83688	39954
UKR	IRL	Ukraine*	Ireland	375	550	1503	3171	4039	4527	11086	125016	77886
UKR	ISL	Ukraine*	Iceland	11	17	22	118	210	274	437	660	397
UKR	ISR	Ukraine*	Israel	152501	184246	165697	143632	124513	132896	146707	151855	85086
UKR	ITA	Ukraine*	Italy	4692	7821	12653	83824	171779	212992	243390	396128	301573
UKR	JPN	Ukraine*	Japan	636	811	1013	1245	1556	1915	2217	4229	3058
UKR	KAZ	Ukraine*	Kazakhstan	231701	140170	95692	90897	86297	81949	77786	74585	65858
UKR	KGZ	Ukraine*	Kyrgyzstan	85115	69408	51798	41421	30395	26771	26066	25517	15574
UKR	LBY	Ukraine*	Libya	189	413	644	710	779	871	933	986	453
UKR	LIE	Ukraine*	Liechtenstein	3	6	9	14	20	38	61	65	47
UKR	LTU	Ukraine*	Lithuania	43228	25598	20051	18521	14475	12347	20566	43908	12837
UKR	LUX	Ukraine*	Luxembourg	169	160	154	133	115	175	1471	1699	1188
UKR	LVA	Ukraine*	Latvia	46572	49867	53157	47145	39933	34080	32262	29708	15578
UKR	MDA	Ukraine*	Republic of Moldova*	240070	163612	112167	77412	55084	37012	17902	143623	84788
UKR	MEX	Ukraine*	Mexico	146	180	229	271	335	499	743	1099	763
UKR	MKD	Ukraine*	North Macedonia	65	61	57	58	60	64	63	19187	10659
UKR	MLT	Ukraine*	Malta	30	36	92	145	235	399	868	1509	956
UKR	MNE	Ukraine*	Montenegro	141	141	141	141	135	150	140	21948	7580
UKR	NAM	Ukraine*	Namibia	380	363	338	267	257	251	267	283	37
UKR	NIC	Ukraine*	Nicaragua	80	64	65	69	73	78	80	83	48
UKR	NLD	Ukraine*	Netherlands*	28	45	122	443	720	1567	8677	120222	81744
UKR	NOR	Ukraine*	Norway*	6	77	314	1110	2432	4223	5693	71094	50967
UKR	NZL	Ukraine*	New Zealand*	840	840	840	1112	1279	1635	2182	2597	1557
UKR	PAN	Ukraine*	Panama	66	94	128	253	430	502	603	920	150
UKR	PER	Ukraine*	Peru	28	78	135	191	244	308	384	638	389
UKR	POL	Ukraine*	Poland	439668	378964	326638	279623	238636	207016	180211	1102774	709329
UKR	PRT	Ukraine*	Portugal	3196	6899	10882	28315	41047	46533	53384	60056	25448
UKR	ROU	Ukraine*	Romania	17456	15920	14477	11610	8707	10487	14868	182364	99068
UKR	RUS	Ukraine*	Russian Federation	3301922	3485074	3541839	3293929	2958843	2318723	1800051	2872612	1500575
UKR	SMR	Ukraine*	San Marino	4	25	48	50	53	65	68	72	60
UKR	SRB	Ukraine*	Serbia*	1028	745	972	1206	1417	1670	1967	10681	6067
UKR	SVK	Ukraine*	Slovakia	2619	4039	6561	7325	8258	10092	11582	122257	101474
UKR	SVN	Ukraine*	Slovenia	89	193	438	943	1382	1803	2806	3181	2047
UKR	SWE	Ukraine*	Sweden	360	580	1341	2629	4482	7072	11494	45259	37499
UKR	TJK	Ukraine*	Tajikistan	3990	2520	1279	1233	1230	1209	1212	1215	473
UKR	TKM	Ukraine*	Turkmenistan	12676	10354	8394	8325	8078	8012	7952	7905	3870
UKR	TUR	Ukraine*	Türkiye	4179	4179	4179	8150	12380	18377	29379	72339	52000
UKR	USA	Ukraine*	United States of America*	192985	231015	273704	329983	331493	348685	387590	448198	243489
UKR	UZB	Ukraine*	Uzbekistan	180213	153360	131027	132963	129604	124602	123658	122908	64964
UKR	VEN	Ukraine*	Venezuela (Bolivarian Republic of)	187	184	180	189	201	211	197	188	114
UKR	ZAF	Ukraine*	South Africa	2179	1903	1636	1285	975	755	570	556	343
URY	AND	Uruguay	Andorra	78	78	77	105	122	102	108	115	51
URY	ARG	Uruguay	Argentina	115685	116507	117337	117169	116525	107516	98600	91485	50400
URY	AUS	Uruguay	Australia*	11124	11053	10563	10804	10621	10589	10470	9951	5248
URY	BGR	Uruguay	Bulgaria	2	5	8	12	16	16	17	23	7
URY	BHS	Uruguay	Bahamas	2	2	2	9	16	17	17	18	7
URY	BLR	Uruguay	Belarus	21	25	28	27	26	28	26	26	22
URY	BOL	Uruguay	Bolivia (Plurinational State of)	402	430	453	445	437	510	565	631	259
URY	BRA	Uruguay	Brazil	21682	22589	23987	24399	23497	23712	23583	27225	13614
URY	CAN	Uruguay	Canada	5171	5576	6010	6581	6860	6796	6484	6231	3112
URY	CHL	Uruguay	Chile	1251	1593	2047	2678	3364	4679	6112	5963	2578
URY	COL	Uruguay	Colombia	278	319	334	351	433	542	659	746	228
URY	CRI	Uruguay	Costa Rica	252	196	239	158	310	313	374	451	208
URY	CYP	Uruguay	Cyprus	1	2	2	3	3	2	1	1	1
URY	DNK	Uruguay	Denmark*	182	183	196	198	210	230	229	304	134
URY	DOM	Uruguay	Dominican Republic	1625	1805	1985	1082	174	182	189	204	98
URY	ECU	Uruguay	Ecuador	256	316	379	439	507	499	488	487	203
URY	ESP	Uruguay	Spain*	1251	5016	17607	68829	83513	73106	82123	89340	45160
URY	EST	Uruguay	Estonia	0	0	0	0	4	5	6	6	1
URY	FIN	Uruguay	Finland*	34	39	43	64	75	99	126	148	65
URY	GIN	Uruguay	Guinea	0	0	0	0	0	1	0	0	0
URY	GRC	Uruguay	Greece	56	87	119	117	119	111	112	119	70
URY	GTM	Uruguay	Guatemala	95	92	89	106	122	134	149	164	57
URY	HND	Uruguay	Honduras	51	51	50	49	48	66	67	68	24
URY	HTI	Uruguay	Haiti	286	271	257	244	256	268	279	289	174
URY	HUN	Uruguay	Hungary	60	53	46	57	68	62	56	66	38
URY	ISL	Uruguay	Iceland	3	5	6	7	8	9	11	17	5
URY	ISR	Uruguay	Israel	3812	4709	5281	5776	6296	6790	7318	7774	4135
URY	ITA	Uruguay	Italy	3299	4014	4716	5651	6758	6921	7114	6681	3821
URY	LIE	Uruguay	Liechtenstein	0	0	0	0	0	2	0	0	0
URY	LTU	Uruguay	Lithuania	22	25	19	24	26	25	17	18	12
URY	LUX	Uruguay	Luxembourg	0	0	0	0	0	0	91	105	55
URY	LVA	Uruguay	Latvia	3	4	5	3	2	3	3	3	2
URY	MEX	Uruguay	Mexico	1363	1363	1366	1794	2340	2538	2734	2946	1275
URY	MLI	Uruguay	Mali	0	0	0	0	407	500	585	657	345
URY	MNG	Uruguay	Mongolia	7	6	7	3	1	1	0	0	0
URY	NIC	Uruguay	Nicaragua	11	9	21	34	36	38	38	39	23
URY	NOR	Uruguay	Norway*	145	145	163	154	186	234	248	276	133
URY	PAN	Uruguay	Panama	147	199	264	415	650	762	914	1394	558
URY	PER	Uruguay	Peru	366	418	469	526	642	842	1065	1224	527
URY	PRT	Uruguay	Portugal	39	84	134	181	198	225	256	288	90
URY	PRY	Uruguay	Paraguay	3293	3303	3303	3146	2997	2925	3168	3379	1451
URY	SLV	Uruguay	El Salvador	120	94	67	70	72	75	76	77	25
URY	SVK	Uruguay	Slovakia	0	0	2	2	2	12	18	20	11
URY	SVN	Uruguay	Slovenia	0	0	5	7	18	11	13	15	8
URY	VEN	Uruguay	Venezuela (Bolivarian Republic of)	6076	5364	4692	4672	4700	4795	4519	4311	2072
USA	ABW	United States of America*	Aruba*	425	553	681	638	583	612	683	937	487
USA	AIA	United States of America*	Anguilla*	215	277	339	390	424	454	473	490	349
USA	ALB	United States of America*	Albania	3011	3255	3498	2953	2408	2373	2225	2114	785
USA	AND	United States of America*	Andorra	100	95	89	101	100	105	112	119	50
USA	ARE	United States of America*	United Arab Emirates	3420	4327	5446	6174	9761	12293	12874	14618	5422
USA	ARG	United States of America*	Argentina	12177	13605	15210	17003	18756	16861	14822	14917	8496
USA	ASM	United States of America*	American Samoa*	3510	3544	3578	3066	2553	2548	2557	2565	1289
USA	ATG	United States of America*	Antigua and Barbuda	1308	1733	2157	2313	2469	2626	2747	2850	1424
USA	AUS	United States of America*	Australia*	48950	54904	59703	70697	85523	104434	112841	114202	59745
USA	AUT	United States of America*	Austria	4531	5693	7056	8091	9410	10711	12166	14035	7074
USA	BEL	United States of America*	Belgium	12619	13220	13850	14244	15396	16025	16216	16645	8285
USA	BGD	United States of America*	Bangladesh	28559	30085	31610	37560	43455	46008	45115	61983	42838
USA	BGR	United States of America*	Bulgaria	139	352	565	826	1071	2129	3454	4750	2163
USA	BHR	United States of America*	Bahrain	463	517	544	740	1128	1265	1378	1473	457
USA	BHS	United States of America*	Bahamas	4247	4294	4300	6587	8919	9664	10359	10962	5637
USA	BLR	United States of America*	Belarus	42	66	90	86	82	87	84	83	47
USA	BLZ	United States of America*	Belize	1901	1908	1914	2694	3474	4097	4647	5146	2455
USA	BMU	United States of America*	Bermuda*	3468	3454	2916	3157	3428	3572	3606	3685	2126
USA	BOL	United States of America*	Bolivia (Plurinational State of)	3078	3385	3656	3935	4206	4897	5453	6088	2921
USA	BRA	United States of America*	Brazil	11303	12331	13715	18037	22784	28195	32451	27764	12140
USA	BRB	United States of America*	Barbados	1112	1213	1315	1147	985	1034	1044	1054	569
USA	BRN	United States of America*	Brunei Darussalam	113	129	144	147	150	153	165	177	50
USA	BTN	United States of America*	Bhutan	63	74	85	107	129	136	141	147	69
USA	BWA	United States of America*	Botswana	603	313	55	507	793	861	920	971	514
USA	CAF	United States of America*	Central African Republic	478	683	831	649	637	548	579	618	82
USA	CAN	United States of America*	Canada	249582	245474	238914	248125	304650	334930	267441	256571	137657
USA	CHE	United States of America*	Switzerland	19694	22161	25079	29640	33615	36430	39454	42809	22138
USA	CHL	United States of America*	Chile	5175	6140	7287	8515	9374	11633	16025	14042	7284
USA	CHN	United States of America*	China	35269	41721	49655	59103	69836	63341	55280	60434	32102
USA	CMR	United States of America*	Cameroon	0	0	0	823	655	819	952	1057	562
USA	COG	United States of America*	Congo	51	59	83	53	125	166	164	163	66
USA	COK	United States of America*	Cook Islands*	17	18	18	24	29	30	32	35	13
USA	COL	United States of America*	Colombia	12877	14057	14559	15108	16846	18862	20944	22519	9909
USA	CPV	United States of America*	Cabo Verde	188	232	275	307	338	351	370	387	195
USA	CRI	United States of America*	Costa Rica	8586	7301	9667	6336	12492	12673	15209	18354	7512
USA	CUB	United States of America*	Cuba	1186	899	569	459	349	253	176	125	65
USA	CUW	United States of America*	Curaçao*	340	340	340	340	305	330	384	537	250
USA	CYM	United States of America*	Cayman Islands*	1619	1541	1821	2133	2640	2878	3212	3507	1733
USA	CYP	United States of America*	Cyprus	791	1119	1446	2174	3335	3063	3161	3355	1760
USA	CZE	United States of America*	Czechia	0	0	1797	3485	6447	7129	7315	7462	3105
USA	DEU	United States of America*	Germany	78103	102820	113573	103815	110310	128204	144138	152501	70789
USA	DMA	United States of America*	Dominica	226	299	356	439	534	623	637	649	249
USA	DNK	United States of America*	Denmark*	6976	7722	8317	9086	10851	12483	14036	16584	8363
USA	DOM	United States of America*	Dominican Republic	9115	10124	11133	17831	24567	14010	14626	15776	7488
USA	DZA	United States of America*	Algeria	4509	2802	1094	865	950	1032	1072	1111	591
USA	ECU	United States of America*	Ecuador	9134	9947	10832	13095	16612	15816	14744	13588	6602
USA	EGY	United States of America*	Egypt	2596	2940	3332	3646	3673	0	3217	2512	1081
USA	ESP	United States of America*	Spain*	14378	17151	20329	29672	35560	40176	53484	68613	36680
USA	EST	United States of America*	Estonia	91	141	191	409	624	642	1181	1203	465
USA	FIN	United States of America*	Finland*	2545	2494	2442	3335	3907	4427	5445	6410	2699
USA	FLK	United States of America*	Falkland Islands (Malvinas)*	15	20	21	30	17	19	23	27	14
USA	FRA	United States of America*	France*	34346	37755	41969	48080	51938	54702	57596	59171	32372
USA	FRO	United States of America*	Faroe Islands*	21	22	26	31	39	41	45	54	29
USA	FSM	United States of America*	Micronesia (Fed. States of)	234	212	197	183	176	172	175	179	80
USA	GAB	United States of America*	Gabon	169	226	283	310	359	502	550	594	227
USA	GBR	United States of America*	United Kingdom*	144531	150798	157282	173804	194269	211556	229523	243570	114438
USA	GEO	United States of America*	Georgia	0	0	107	101	102	107	109	112	41
USA	GHA	United States of America*	Ghana	437	435	487	685	508	625	716	800	427
USA	GIN	United States of America*	Guinea	552	636	689	550	472	301	288	278	108
USA	GLP	United States of America*	Guadeloupe*	197	263	329	404	478	458	452	449	257
USA	GNB	United States of America*	Guinea-Bissau	200	257	313	303	293	311	226	190	108
USA	GRC	United States of America*	Greece	43336	32841	22885	23058	24186	22792	23297	24748	13702
USA	GRL	United States of America*	Greenland*	29	26	26	27	30	39	38	37	14
USA	GTM	United States of America*	Guatemala	5822	5639	5456	6473	7514	8239	9299	10228	4552
USA	GUM	United States of America*	Guam*	27990	23543	19095	18719	18343	18508	19572	20469	9910
USA	GUY	United States of America*	Guyana	285	459	632	852	667	706	740	1286	556
USA	HKG	United States of America*	China, Hong Kong SAR	7599	10698	13796	13370	12976	13261	13827	14298	6793
USA	HND	United States of America*	Honduras	2692	3877	5061	4946	4851	6799	6954	7079	3173
USA	HRV	United States of America*	Croatia	1187	1068	835	1221	1606	1616	1519	1447	774
USA	HTI	United States of America*	Haiti	1607	1526	1449	1376	1444	1516	1586	1644	766
USA	HUN	United States of America*	Hungary	2956	3967	4977	6109	7295	7273	9362	11044	5158
USA	IDN	United States of America*	Indonesia	6950	7124	7346	5444	6317	3081	1459	1917	894
USA	IMN	United States of America*	Isle of Man*	242	210	178	223	265	227	230	233	127
USA	IND	United States of America*	India	5077	4221	3441	7443	19105	18489	17244	16671	8349
USA	IRL	United States of America*	Ireland	14625	15417	23490	31600	28327	28482	32488	36363	20545
USA	ISL	United States of America*	Iceland	1077	1190	1392	1606	1851	2019	2604	3932	1845
USA	ISR	United States of America*	Israel	41745	51752	60641	69328	78596	84882	91494	97258	50548
USA	ITA	United States of America*	Italy	47389	49414	49777	48758	49346	50236	53577	50957	28652
USA	JAM	United States of America*	Jamaica	4575	5615	6668	6493	6329	6193	6349	6452	3143
USA	JPN	United States of America*	Japan	37134	42757	44602	48380	50876	82623	89237	62509	20234
USA	KAZ	United States of America*	Kazakhstan	726	718	710	702	694	686	678	672	356
USA	KHM	United States of America*	Cambodia	91	239	386	301	216	195	208	220	85
USA	KIR	United States of America*	Kiribati	43	40	38	39	40	40	42	44	11
USA	KOR	United States of America*	Republic of Korea	3953	6818	11611	13495	39891	54293	65941	53226	34015
USA	KWT	United States of America*	Kuwait	2760	2282	2543	2815	3670	4339	5035	5521	2203
USA	LBR	United States of America*	Liberia	2959	2891	2837	1236	451	517	399	329	153
USA	LBY	United States of America*	Libya	19067	13063	7274	8018	8799	9851	10550	11152	3536
USA	LCA	United States of America*	Saint Lucia	276	372	511	742	916	877	851	824	389
USA	LIE	United States of America*	Liechtenstein	20	40	60	91	124	129	147	157	81
USA	LKA	United States of America*	Sri Lanka	18	87	158	302	598	605	613	620	303
USA	LSO	United States of America*	Lesotho	95	91	85	86	87	124	163	203	95
USA	LTU	United States of America*	Lithuania	1170	1310	1026	936	719	554	588	619	307
USA	LUX	United States of America*	Luxembourg	1098	1066	965	836	718	1095	2972	3433	1661
USA	LVA	United States of America*	Latvia	167	323	479	603	712	426	543	500	195
USA	MAR	United States of America*	Morocco	1250	1147	1208	1281	1392	1795	1971	2139	1036
USA	MDA	United States of America*	Republic of Moldova*	12	12	13	55	111	195	252	230	129
USA	MDV	United States of America*	Maldives	24	20	16	32	38	44	46	49	3
USA	MEX	United States of America*	Mexico	225566	280285	353209	511789	731017	768225	799179	823502	406036
USA	MHL	United States of America*	Marshall Islands	633	716	856	1053	1346	1430	1441	1446	563
USA	MLI	United States of America*	Mali	233	242	223	911	1156	1421	1666	1870	693
USA	MLT	United States of America*	Malta	832	974	1051	1087	1053	1667	3632	6313	2628
USA	MNE	United States of America*	Montenegro	310	310	310	310	302	317	317	314	244
USA	MNG	United States of America*	Mongolia	247	272	301	447	646	799	856	906	486
USA	MNP	United States of America*	Northern Mariana Islands*	1203	1530	1951	1953	1395	1249	1259	1268	611
USA	MRT	United States of America*	Mauritania	99	105	108	109	76	108	116	125	47
USA	MSR	United States of America*	Montserrat*	173	138	104	109	115	120	121	123	57
USA	MUS	United States of America*	Mauritius	37	30	41	40	43	49	48	48	24
USA	NAM	United States of America*	Namibia	1553	1485	1379	1090	1050	1027	1098	1165	671
USA	NIC	United States of America*	Nicaragua	3721	2952	3006	3085	3298	3606	3775	3918	1823
USA	NIU	United States of America*	Niue*	11	14	18	19	11	10	9	9	1
USA	NLD	United States of America*	Netherlands*	14784	17286	20867	22688	24594	28357	36718	43208	22936
USA	NOR	United States of America*	Norway*	15827	15407	14956	14369	15975	17500	18657	20746	10610
USA	NZL	United States of America*	New Zealand*	9207	11338	13112	17151	20519	24806	29584	32863	17611
USA	PAN	United States of America*	Panama	3318	4134	5212	7807	11993	14040	16867	25732	10031
USA	PER	United States of America*	Peru	4896	5987	7033	8261	9277	10026	10796	11392	5327
USA	PHL	United States of America*	Philippines	19620	22271	24922	27574	29729	17899	6469	6469	746
USA	PLW	United States of America*	Palau	315	535	516	377	361	324	333	341	175
USA	PNG	United States of America*	Papua New Guinea	1110	1137	851	851	721	731	733	735	129
USA	POL	United States of America*	Poland	4615	6144	8180	9688	10896	16179	25274	29646	14660
USA	PRI	United States of America*	Puerto Rico*	227483	230426	233924	223949	185814	165147	159515	144149	77187
USA	PRK	United States of America*	Dem. People's Republic of Korea	672	661	649	792	934	1028	1049	1068	498
USA	PRT	United States of America*	Portugal	5467	6236	7258	7303	6137	6957	7980	8977	4674
USA	PRY	United States of America*	Paraguay	1582	1684	1781	1696	1615	1576	1706	1819	844
USA	PSE	United States of America*	State of Palestine	8436	8244	8052	8032	8012	7992	8179	8170	4126
USA	PYF	United States of America*	French Polynesia*	372	408	437	457	441	419	419	419	184
USA	QAT	United States of America*	Qatar	563	748	1000	1144	2333	2824	4231	4532	1138
USA	ROU	United States of America*	Romania	443	880	1317	1710	2166	3626	6683	9431	4194
USA	RUS	United States of America*	Russian Federation	3077	3051	2915	3747	4429	4763	5120	5408	2442
USA	SEN	United States of America*	Senegal	662	692	626	672	752	802	826	847	426
USA	SGP	United States of America*	Singapore	3272	4989	7372	10173	17952	22252	23638	26705	12486
USA	SLB	United States of America*	Solomon Islands	135	134	128	77	31	29	28	27	11
USA	SLE	United States of America*	Sierra Leone	506	493	480	330	243	179	152	141	53
USA	SLV	United States of America*	El Salvador	8033	6306	4603	4871	5176	5397	5488	5562	2804
USA	SPM	United States of America*	Saint Pierre and Miquelon*	72	87	98	74	65	63	60	68	34
USA	SRB	United States of America*	Serbia*	1972	1128	617	633	882	1229	1713	2032	968
USA	SVK	United States of America*	Slovakia	290	743	1402	1573	1764	2181	2646	2876	1307
USA	SVN	United States of America*	Slovenia	734	564	668	655	666	702	866	982	438
USA	SWE	United States of America*	Sweden	12959	13765	14296	15450	16874	19543	23047	26172	12614
USA	SWZ	United States of America*	Eswatini	281	112	146	190	228	256	259	262	157
USA	SXM	United States of America*	Sint Maarten (Dutch part)*	273	273	273	150	300	312	329	344	189
USA	TCA	United States of America*	Turks and Caicos Islands*	454	565	676	695	715	925	1046	1156	530
USA	TGO	United States of America*	Togo	179	179	179	179	182	182	182	183	94
USA	THA	United States of America*	Thailand	2267	2563	5263	22201	39140	44243	48509	52400	12932
USA	TJK	United States of America*	Tajikistan	417	338	291	280	279	274	273	274	127
USA	TLS	United States of America*	Timor-Leste	64	64	66	70	72	59	57	56	21
USA	TTO	United States of America*	Trinidad and Tobago	2430	2205	3501	3757	5597	5798	6439	9267	3763
USA	TUN	United States of America*	Tunisia	236	234	279	259	470	607	644	677	323
USA	TUR	United States of America*	Türkiye	12846	13202	13557	16731	20088	23570	27054	33577	16689
USA	TUV	United States of America*	Tuvalu	41	21	11	7	4	4	3	3	0
USA	TWN	United States of America*	China, Taiwan Province of China	6957	8758	9967	10506	9891	9669	10462	10072	3121
USA	TZA	United States of America*	United Republic of Tanzania	808	1027	1082	1204	1234	1291	1149	1247	609
USA	UGA	United States of America*	Uganda	263	492	721	899	1037	1174	1312	1422	750
USA	UKR	United States of America*	Ukraine*	3308	3200	3132	2861	2729	2738	2782	2819	1287
USA	URY	United States of America*	Uruguay	1525	1036	705	652	604	623	743	958	442
USA	VCT	United States of America*	Saint Vincent and the Grenadines	291	303	318	328	337	342	346	352	160
USA	VEN	United States of America*	Venezuela (Bolivarian Republic of)	11639	10925	10159	10445	10848	11242	10598	10111	5129
USA	VGB	United States of America*	British Virgin Islands*	674	792	910	1042	1537	1758	1994	2206	1206
USA	VIR	United States of America*	United States Virgin Islands*	14246	14965	15712	16281	16851	16861	16886	16895	8695
USA	WSM	United States of America*	Samoa	266	365	463	436	381	316	297	284	148
USA	ZAF	United States of America*	South Africa	4463	4006	4071	4313	4568	5226	6143	6729	3721
USA	ZMB	United States of America*	Zambia	459	460	462	662	949	836	1169	1550	709
UZB	AFG	Uzbekistan	Afghanistan	2027	1836	1646	1422	1199	751	219	149	90
UZB	ARM	Uzbekistan	Armenia	2621	2296	1983	1644	1344	1043	748	789	498
UZB	AUS	Uzbekistan	Australia*	193	305	492	777	1303	1838	2292	2546	1458
UZB	AZE	Uzbekistan	Azerbaijan	28421	54181	38615	18840	15505	12151	9458	8122	4299
UZB	BGR	Uzbekistan	Bulgaria	24	163	302	465	619	675	925	1272	839
UZB	BLR	Uzbekistan	Belarus	17154	16225	15344	15108	14919	14788	14570	14400	7435
UZB	BOL	Uzbekistan	Bolivia (Plurinational State of)	0	3	5	5	4	6	5	6	2
UZB	CAN	Uzbekistan	Canada	2871	2115	1466	2441	4491	6315	6990	7652	4120
UZB	CHL	Uzbekistan	Chile	37	48	63	92	138	232	537	592	488
UZB	CHN	Uzbekistan	China	377	450	536	638	769	1058	1397	1611	856
UZB	CRI	Uzbekistan	Costa Rica	1	1	1	2	2	1	1	1	1
UZB	CYP	Uzbekistan	Cyprus	18	26	33	50	77	69	70	74	41
UZB	CZE	Uzbekistan	Czechia	0	0	60	508	2214	2611	2555	2510	986
UZB	DNK	Uzbekistan	Denmark*	0	13	46	185	242	302	319	484	237
UZB	EST	Uzbekistan	Estonia	2614	1848	1082	1133	1174	1091	1096	1117	613
UZB	FIN	Uzbekistan	Finland*	0	6	11	50	76	127	382	450	132
UZB	GEO	Uzbekistan	Georgia	10078	9342	736	699	705	740	765	786	504
UZB	GIN	Uzbekistan	Guinea	0	0	0	0	0	1	0	0	0
UZB	GRC	Uzbekistan	Greece	1284	3199	5167	6778	8784	8277	8459	8986	5018
UZB	HUN	Uzbekistan	Hungary	102	91	79	98	117	129	170	201	107
UZB	ISL	Uzbekistan	Iceland	2	2	2	4	5	10	13	20	14
UZB	ISR	Uzbekistan	Israel	28344	34138	29476	24460	20175	21497	23687	24744	13324
UZB	ITA	Uzbekistan	Italy	325	505	766	1314	2005	2335	2703	2832	2244
UZB	JPN	Uzbekistan	Japan	121	197	318	510	823	1501	3856	6912	1496
UZB	KAZ	Uzbekistan	Kazakhstan	164039	284732	439439	491694	550703	616254	689957	744161	352923
UZB	KGZ	Uzbekistan	Kyrgyzstan	18416	16955	14993	12800	10426	9183	8940	8752	4924
UZB	KOR	Uzbekistan	Republic of Korea	222	1018	2127	5261	10823	36989	59358	59361	20545
UZB	LBY	Uzbekistan	Libya	243	257	277	306	336	375	2122	2243	892
UZB	LIE	Uzbekistan	Liechtenstein	0	0	0	0	1	4	3	3	1
UZB	LTU	Uzbekistan	Lithuania	4197	2077	1626	1480	1133	945	809	852	442
UZB	LUX	Uzbekistan	Luxembourg	0	0	0	0	0	0	119	137	87
UZB	LVA	Uzbekistan	Latvia	309	1614	2919	2641	2296	2052	2569	2366	1068
UZB	MDA	Uzbekistan	Republic of Moldova*	5245	3236	2013	1280	907	607	294	358	184
UZB	MLT	Uzbekistan	Malta	7	9	10	14	16	27	56	97	62
UZB	NOR	Uzbekistan	Norway*	3	4	30	110	302	488	660	734	394
UZB	POL	Uzbekistan	Poland	178	235	312	429	602	768	965	1108	592
UZB	PRT	Uzbekistan	Portugal	5	11	18	432	776	879	1006	1132	348
UZB	RUS	Uzbekistan	Russian Federation	890893	918869	913322	1030041	1100803	987806	871154	778041	368966
UZB	SVK	Uzbekistan	Slovakia	8	16	29	33	37	46	59	64	30
UZB	SVN	Uzbekistan	Slovenia	2	4	4	8	31	32	78	88	52
UZB	TJK	Uzbekistan	Tajikistan	18848	12829	7984	7688	7669	7539	7563	7583	3914
UZB	TKM	Uzbekistan	Turkmenistan	110271	87778	71162	70180	67903	67505	67003	66605	35152
UZB	TUR	Uzbekistan	Türkiye	7909	7909	7909	15094	22748	32875	75318	128061	81466
UZB	UKR	Uzbekistan	Ukraine*	131997	190478	251285	229608	219081	219814	223491	226478	113866
VAT	BGR	Holy See*	Bulgaria	0	0	0	0	0	1	0	0	0
VAT	CHL	Holy See*	Chile	20	25	33	48	72	122	282	311	257
VAT	EST	Holy See*	Estonia	0	0	0	0	1	1	0	0	0
VAT	FIN	Holy See*	Finland*	0	0	0	0	1	1	0	0	0
VAT	GRC	Holy See*	Greece	2	5	8	4	0	0	0	0	0
VAT	SVK	Holy See*	Slovakia	0	0	0	0	0	3	2	2	1
VCT	ABW	Saint Vincent and the Grenadines	Aruba*	225	178	131	120	108	113	126	173	136
VCT	ATG	Saint Vincent and the Grenadines	Antigua and Barbuda	478	616	754	809	863	918	959	994	399
VCT	AUS	Saint Vincent and the Grenadines	Australia*	53	55	80	88	56	70	68	57	21
VCT	BHS	Saint Vincent and the Grenadines	Bahamas	20	21	22	30	37	40	41	43	11
VCT	BRB	Saint Vincent and the Grenadines	Barbados	3676	4014	4350	3648	2964	3114	3148	3177	1898
VCT	CAN	Saint Vincent and the Grenadines	Canada	4263	5793	7829	8721	12168	13757	13930	14817	9388
VCT	CRI	Saint Vincent and the Grenadines	Costa Rica	1	1	1	2	2	1	1	1	0
VCT	CUW	Saint Vincent and the Grenadines	Curaçao*	300	300	300	300	269	291	339	474	382
VCT	CYM	Saint Vincent and the Grenadines	Cayman Islands*	9	18	32	29	30	32	34	37	9
VCT	DMA	Saint Vincent and the Grenadines	Dominica	45	60	72	88	107	125	126	128	56
VCT	DNK	Saint Vincent and the Grenadines	Denmark*	0	0	4	3	4	4	6	4	1
VCT	FIN	Saint Vincent and the Grenadines	Finland*	1	2	2	3	2	2	1	1	0
VCT	GIN	Saint Vincent and the Grenadines	Guinea	0	0	0	0	0	30	27	26	9
VCT	GRC	Saint Vincent and the Grenadines	Greece	92	102	114	61	7	6	4	4	3
VCT	GRD	Saint Vincent and the Grenadines	Grenada	325	333	341	357	373	377	398	405	322
VCT	GUY	Saint Vincent and the Grenadines	Guyana	103	154	205	260	195	206	216	375	160
VCT	HUN	Saint Vincent and the Grenadines	Hungary	0	2	3	4	5	3	1	1	1
VCT	ISL	Saint Vincent and the Grenadines	Iceland	0	0	0	0	0	2	0	0	0
VCT	JAM	Saint Vincent and the Grenadines	Jamaica	176	209	242	236	229	224	226	230	117
VCT	KNA	Saint Vincent and the Grenadines	Saint Kitts and Nevis	74	97	136	152	166	168	173	178	84
VCT	LCA	Saint Vincent and the Grenadines	Saint Lucia	182	245	336	345	329	315	314	304	184
VCT	LUX	Saint Vincent and the Grenadines	Luxembourg	0	0	0	0	0	0	1	1	1
VCT	MSR	Saint Vincent and the Grenadines	Montserrat*	45	35	26	28	28	29	28	28	8
VCT	NOR	Saint Vincent and the Grenadines	Norway*	1	3	3	4	23	5	4	4	1
VCT	SXM	Saint Vincent and the Grenadines	Sint Maarten (Dutch part)*	61	61	61	33	67	70	73	76	36
VCT	TTO	Saint Vincent and the Grenadines	Trinidad and Tobago	11629	10556	8384	8998	6207	6430	7141	10277	4846
VCT	VEN	Saint Vincent and the Grenadines	Venezuela (Bolivarian Republic of)	107	105	103	108	115	121	113	108	43
VCT	VGB	Saint Vincent and the Grenadines	British Virgin Islands*	1046	1230	1414	1619	1968	2251	2553	2824	1245
VCT	VIR	Saint Vincent and the Grenadines	United States Virgin Islands*	432	485	539	528	518	518	517	517	256
VEN	ABW	Venezuela (Bolivarian Republic of)	Aruba*	1144	2000	2856	3074	3232	3399	17000	23312	11493
VEN	ARG	Venezuela (Bolivarian Republic of)	Argentina	12	12	12	15	3401	27857	103540	192595	109693
VEN	ATG	Venezuela (Bolivarian Republic of)	Antigua and Barbuda	11	22	32	35	37	39	39	40	20
VEN	AUS	Venezuela (Bolivarian Republic of)	Australia*	501	796	1181	1595	3324	5771	7349	8402	4272
VEN	BEL	Venezuela (Bolivarian Republic of)	Belgium	371	493	656	871	1141	1559	3227	4270	2314
VEN	BGR	Venezuela (Bolivarian Republic of)	Bulgaria	1	7	12	19	24	34	52	72	39
VEN	BHS	Venezuela (Bolivarian Republic of)	Bahamas	16	20	24	26	28	30	30	32	21
VEN	BOL	Venezuela (Bolivarian Republic of)	Bolivia (Plurinational State of)	369	458	543	604	664	774	5707	6372	2938
VEN	BRA	Venezuela (Bolivarian Republic of)	Brazil	1619	1829	2105	2485	2792	3780	278304	571919	228557
VEN	CAN	Venezuela (Bolivarian Republic of)	Canada	3202	4650	6631	9843	16668	23221	26756	33298	18335
VEN	CHL	Venezuela (Bolivarian Republic of)	Chile	1901	2806	3864	8132	20690	58302	444618	427821	210934
VEN	CHN	Venezuela (Bolivarian Republic of)	China	977	1172	1394	1659	2012	3287	5168	5886	3127
VEN	COL	Venezuela (Bolivarian Republic of)	Colombia	43199	42734	39993	37452	35157	33080	1796066	2904873	1473294
VEN	CRI	Venezuela (Bolivarian Republic of)	Costa Rica	1030	834	1054	691	1362	1381	28214	34048	16565
VEN	CUB	Venezuela (Bolivarian Republic of)	Cuba	431	327	176	206	228	241	245	174	107
VEN	CUW	Venezuela (Bolivarian Republic of)	Curaçao*	6644	6644	6644	6644	1646	1787	16500	23078	12220
VEN	CYM	Venezuela (Bolivarian Republic of)	Cayman Islands*	10	21	37	34	34	36	52	57	24
VEN	CYP	Venezuela (Bolivarian Republic of)	Cyprus	16	23	29	44	65	59	60	64	37
VEN	DMA	Venezuela (Bolivarian Republic of)	Dominica	11	14	17	21	26	30	29	30	26
VEN	DNK	Venezuela (Bolivarian Republic of)	Denmark*	207	234	399	459	600	719	974	1315	726
VEN	DOM	Venezuela (Bolivarian Republic of)	Dominican Republic	14235	15811	17386	11282	5155	3561	34063	124140	74951
VEN	ECU	Venezuela (Bolivarian Republic of)	Ecuador	2279	2811	3467	4141	4933	7068	412755	487871	252331
VEN	ESP	Venezuela (Bolivarian Republic of)	Spain*	40749	51079	63341	112740	149945	166705	398098	602539	328589
VEN	EST	Venezuela (Bolivarian Republic of)	Estonia	0	0	0	0	8	11	46	47	14
VEN	FIN	Venezuela (Bolivarian Republic of)	Finland*	34	41	47	90	108	201	290	341	176
VEN	GRC	Venezuela (Bolivarian Republic of)	Greece	585	716	859	954	1087	1023	1046	1111	647
VEN	GRD	Venezuela (Bolivarian Republic of)	Grenada	43	175	308	322	337	341	324	330	41
VEN	GTM	Venezuela (Bolivarian Republic of)	Guatemala	113	144	175	211	246	270	303	333	169
VEN	GUY	Venezuela (Bolivarian Republic of)	Guyana	478	768	1057	1424	1116	1181	23326	40545	22939
VEN	HND	Venezuela (Bolivarian Republic of)	Honduras	75	74	73	73	73	102	103	105	54
VEN	HRV	Venezuela (Bolivarian Republic of)	Croatia	0	13	24	40	55	55	49	47	27
VEN	HTI	Venezuela (Bolivarian Republic of)	Haiti	2510	2384	2264	2150	2257	2369	2488	2579	1224
VEN	HUN	Venezuela (Bolivarian Republic of)	Hungary	169	150	131	161	193	203	828	977	503
VEN	ISL	Venezuela (Bolivarian Republic of)	Iceland	6	9	12	25	36	39	103	156	88
VEN	ISR	Venezuela (Bolivarian Republic of)	Israel	553	691	897	1131	1418	1537	1662	1769	883
VEN	ITA	Venezuela (Bolivarian Republic of)	Italy	26078	30614	34695	39128	44619	47291	61258	64313	37794
VEN	LCA	Venezuela (Bolivarian Republic of)	Saint Lucia	27	35	49	41	31	29	27	26	13
VEN	LIE	Venezuela (Bolivarian Republic of)	Liechtenstein	0	0	0	0	13	16	20	21	15
VEN	LTU	Venezuela (Bolivarian Republic of)	Lithuania	11	9	6	6	4	9	24	25	7
VEN	LUX	Venezuela (Bolivarian Republic of)	Luxembourg	25	23	22	19	17	25	548	633	317
VEN	LVA	Venezuela (Bolivarian Republic of)	Latvia	6	9	12	23	35	22	34	31	14
VEN	MEX	Venezuela (Bolivarian Republic of)	Mexico	2261	2534	2947	5475	10247	24059	73310	111191	56093
VEN	NIC	Venezuela (Bolivarian Republic of)	Nicaragua	146	116	125	139	148	159	165	171	83
VEN	NOR	Venezuela (Bolivarian Republic of)	Norway*	80	133	178	259	626	1059	1225	1362	768
VEN	PAN	Venezuela (Bolivarian Republic of)	Panama	487	715	989	4276	8441	9883	119553	182386	83170
VEN	PER	Venezuela (Bolivarian Republic of)	Peru	1185	1648	2081	2626	6301	26036	1016263	1596667	868579
VEN	PRI	Venezuela (Bolivarian Republic of)	Puerto Rico*	1264	1617	1974	2198	2147	2302	994	898	481
VEN	PRT	Venezuela (Bolivarian Republic of)	Portugal	14959	18220	22222	23744	21323	24174	27732	31198	16753
VEN	SLV	Venezuela (Bolivarian Republic of)	El Salvador	258	219	179	206	232	242	245	248	133
VEN	SVK	Venezuela (Bolivarian Republic of)	Slovakia	0	1	3	3	4	19	25	27	8
VEN	SVN	Venezuela (Bolivarian Republic of)	Slovenia	0	0	0	0	41	46	90	102	56
VEN	SXM	Venezuela (Bolivarian Republic of)	Sint Maarten (Dutch part)*	36	36	36	20	40	41	42	44	20
VEN	TTO	Venezuela (Bolivarian Republic of)	Trinidad and Tobago	1337	1213	1413	1516	1672	1870	24001	34543	22635
VEN	URY	Venezuela (Bolivarian Republic of)	Uruguay	773	713	659	610	565	583	14908	39689	19692
VEN	USA	Venezuela (Bolivarian Republic of)	United States of America*	43505	50791	112873	162176	193941	271836	526853	763915	406396
VEN	ZAF	Venezuela (Bolivarian Republic of)	South Africa	244	181	193	266	385	443	467	476	203
VGB	ATG	British Virgin Islands*	Antigua and Barbuda	66	73	80	86	92	98	100	104	52
VGB	BGR	British Virgin Islands*	Bulgaria	21	34	46	63	79	59	60	83	34
VGB	BHS	British Virgin Islands*	Bahamas	5	8	12	8	3	3	2	2	2
VGB	CUW	British Virgin Islands*	Curaçao*	102	102	102	102	93	99	115	161	132
VGB	DMA	British Virgin Islands*	Dominica	31	41	49	60	73	85	85	87	43
VGB	DOM	British Virgin Islands*	Dominican Republic	12	14	15	43	72	74	76	82	40
VGB	GRC	British Virgin Islands*	Greece	12	10	8	5	1	0	0	0	0
VGB	GRD	British Virgin Islands*	Grenada	8	10	13	13	14	14	14	14	8
VGB	KNA	British Virgin Islands*	Saint Kitts and Nevis	106	140	193	219	237	243	250	258	127
VGB	LCA	British Virgin Islands*	Saint Lucia	2	2	4	6	9	8	6	6	0
VGB	MLI	British Virgin Islands*	Mali	0	0	0	0	407	500	585	657	380
VGB	NOR	British Virgin Islands*	Norway*	0	1	1	1	4	5	4	4	1
VGB	SVK	British Virgin Islands*	Slovakia	0	0	0	0	0	1	1	1	0
VGB	SXM	British Virgin Islands*	Sint Maarten (Dutch part)*	790	790	790	434	868	904	953	996	541
VGB	VIR	British Virgin Islands*	United States Virgin Islands*	2665	2693	2727	2594	2463	2464	2464	2465	1411
VGB	ZAF	British Virgin Islands*	South Africa	12	12	13	44	119	317	828	1265	739
VIR	AIA	United States Virgin Islands*	Anguilla*	192	247	302	348	379	406	422	437	282
VIR	ATG	United States Virgin Islands*	Antigua and Barbuda	295	440	584	627	669	711	743	770	396
VIR	COL	United States Virgin Islands*	Colombia	5	12	12	5	26	93	208	276	113
VIR	CPV	United States Virgin Islands*	Cabo Verde	20	30	39	54	68	71	73	76	36
VIR	CRI	United States Virgin Islands*	Costa Rica	6	4	5	4	8	7	8	10	5
VIR	CUW	United States Virgin Islands*	Curaçao*	29	29	29	29	27	28	32	45	31
VIR	DOM	United States Virgin Islands*	Dominican Republic	472	524	576	328	79	82	84	91	41
VIR	GRC	United States Virgin Islands*	Greece	14	14	15	8	0	0	0	0	0
VIR	GRD	United States Virgin Islands*	Grenada	7	321	635	665	696	704	658	670	5
VIR	KNA	United States Virgin Islands*	Saint Kitts and Nevis	265	350	483	550	596	613	634	653	342
VIR	LCA	United States Virgin Islands*	Saint Lucia	9	11	16	59	99	94	89	86	54
VIR	MLI	United States Virgin Islands*	Mali	0	0	0	0	375	461	540	606	310
VIR	PRI	United States Virgin Islands*	Puerto Rico*	936	939	945	740	443	433	256	231	123
VIR	SXM	United States Virgin Islands*	Sint Maarten (Dutch part)*	61	61	61	33	67	70	73	76	37
VIR	TJK	United States Virgin Islands*	Tajikistan	37	30	26	24	23	22	20	20	9
VNM	ASM	Viet Nam	American Samoa*	1	102	203	208	212	211	210	211	103
VNM	AUS	Viet Nam	Australia*	121046	150852	163672	174625	203426	235732	273771	294435	167708
VNM	AUT	Viet Nam	Austria	1586	1913	2272	2695	2841	3009	3543	3837	2250
VNM	BEL	Viet Nam	Belgium	4821	5744	6846	7617	7976	8228	8495	8790	5153
VNM	BGD	Viet Nam	Bangladesh	40088	29184	18280	22153	25830	27521	26986	37076	25623
VNM	BGR	Viet Nam	Bulgaria	346	381	416	494	566	557	709	975	382
VNM	BLR	Viet Nam	Belarus	182	282	381	366	351	366	359	355	188
VNM	BOL	Viet Nam	Bolivia (Plurinational State of)	1	3	4	7	10	13	13	15	2
VNM	BRA	Viet Nam	Brazil	170	179	166	143	130	140	147	1357	264
VNM	CAN	Viet Nam	Canada	109618	136705	146870	158946	167113	174495	180973	179690	99997
VNM	CHE	Viet Nam	Switzerland	7658	8191	8813	9943	10724	11518	12489	12927	7785
VNM	CHN	Viet Nam	China	16874	20194	24034	28607	34576	52155	75187	88254	46880
VNM	CRI	Viet Nam	Costa Rica	2	1	1	2	2	1	1	1	0
VNM	CYP	Viet Nam	Cyprus	16	23	29	44	65	59	60	64	56
VNM	CZE	Viet Nam	Czechia	0	0	12310	25046	48431	44191	36263	29508	14262
VNM	DEU	Viet Nam	Germany	17817	73278	87179	88430	91671	95193	112160	140939	79432
VNM	DNK	Viet Nam	Denmark*	5342	7550	8430	8967	9560	9917	10408	11473	6383
VNM	EST	Viet Nam	Estonia	0	0	0	0	11	32	53	54	30
VNM	FIN	Viet Nam	Finland*	1645	2035	2424	3535	4251	5754	8677	10214	5629
VNM	FRA	Viet Nam	France*	112690	114250	116022	119345	119051	117595	117857	116008	68277
VNM	GIN	Viet Nam	Guinea	0	0	0	0	0	5	3	3	0
VNM	GRC	Viet Nam	Greece	713	465	224	220	223	209	212	225	113
VNM	GUM	Viet Nam	Guam*	352	352	351	351	351	354	373	390	187
VNM	HKG	Viet Nam	China, Hong Kong SAR	7324	8174	9023	9852	10704	10939	11406	11794	7984
VNM	HUN	Viet Nam	Hungary	653	1499	2345	2880	3440	3091	5272	6219	2956
VNM	IDN	Viet Nam	Indonesia	1189	58	0	9	0	0	20	15	5
VNM	IND	Viet Nam	India	2613	1441	737	650	625	584	545	520	450
VNM	ISL	Viet Nam	Iceland	76	148	220	355	480	613	916	1384	775
VNM	ITA	Viet Nam	Italy	1323	1784	2321	2761	3831	5042	6218	6580	4022
VNM	JPN	Viet Nam	Japan	5917	8743	15884	27028	40627	124232	437740	589874	271155
VNM	KGZ	Viet Nam	Kyrgyzstan	372	278	178	150	122	107	102	100	36
VNM	KHM	Viet Nam	Cambodia	16771	44367	71963	56174	40384	36436	39098	41357	19619
VNM	KOR	Viet Nam	Republic of Korea	61	3162	8368	16275	56508	122422	199080	260609	125389
VNM	LAO	Viet Nam	Lao People's Democratic Republic	13852	13368	11611	10717	14827	18938	20270	21400	8562
VNM	LIE	Viet Nam	Liechtenstein	0	0	0	0	11	12	13	14	10
VNM	LTU	Viet Nam	Lithuania	66	74	57	52	40	35	40	42	18
VNM	LUX	Viet Nam	Luxembourg	70	66	63	54	47	71	570	658	399
VNM	LVA	Viet Nam	Latvia	3	5	7	8	10	7	83	76	42
VNM	MNG	Viet Nam	Mongolia	11	11	13	112	225	278	297	314	15
VNM	MYS	Viet Nam	Malaysia	17668	2	0	36	17	7	5	5	2
VNM	NCL	Viet Nam	New Caledonia*	499	578	658	706	753	583	617	647	384
VNM	NLD	Viet Nam	Netherlands*	8919	9624	10529	12164	12171	12745	15002	16343	9841
VNM	NOR	Viet Nam	Norway*	7522	10594	11177	11993	12919	13682	14596	16230	9160
VNM	NZL	Viet Nam	New Zealand*	2936	3400	3882	4749	5685	7669	10533	12670	7037
VNM	PAN	Viet Nam	Panama	5	6	8	27	51	59	69	105	40
VNM	PER	Viet Nam	Peru	12	12	12	12	10	34	75	5527	2997
VNM	PHL	Viet Nam	Philippines	145	235	325	415	517	962	1391	1391	702
VNM	POL	Viet Nam	Poland	1018	1224	1473	2194	3620	3539	3196	3330	1517
VNM	PRI	Viet Nam	Puerto Rico*	124	130	138	108	65	64	27	24	12
VNM	PRK	Viet Nam	Dem. People's Republic of Korea	716	699	681	682	682	751	766	780	350
VNM	PRT	Viet Nam	Portugal	5	12	20	37	48	53	58	65	34
VNM	RUS	Viet Nam	Russian Federation	32251	28489	23695	18748	13472	9253	6280	3881	1446
VNM	SLE	Viet Nam	Sierra Leone	0	1	1	1	1	0	0	0	0
VNM	SVK	Viet Nam	Slovakia	241	713	1381	1546	1737	2145	2373	2580	1032
VNM	SVN	Viet Nam	Slovenia	0	0	0	1	6	15	24	27	24
VNM	SWE	Viet Nam	Sweden	6087	5727	10714	12197	14283	16853	20925	23055	12583
VNM	THA	Viet Nam	Thailand	3441	3176	8558	12965	17372	17687	17713	17986	8436
VNM	TLS	Viet Nam	Timor-Leste	162	176	192	204	209	208	204	202	80
VNM	TWN	Viet Nam	China, Taiwan Province of China	59	1520	14644	132971	87633	160749	236734	263078	110733
VNM	UKR	Viet Nam	Ukraine*	14964	14476	14166	12943	12349	12390	12596	12764	5418
VNM	USA	Viet Nam	United States of America*	539749	646490	981280	1088252	1256778	1350067	1396246	1434631	790002
VNM	VEN	Viet Nam	Venezuela (Bolivarian Republic of)	10	10	10	10	11	12	10	10	5
VNM	YEM	Viet Nam	Yemen	706	0	9	0	28	15	14	14	6
VNM	ZAF	Viet Nam	South Africa	12	12	17	61	110	192	331	435	217
VUT	AUS	Vanuatu	Australia*	921	1002	1057	1183	1283	1390	3750	10208	2967
VUT	BGR	Vanuatu	Bulgaria	0	0	0	1	1	15	15	21	7
VUT	BOL	Vanuatu	Bolivia (Plurinational State of)	2	1	0	0	0	0	0	0	0
VUT	COL	Vanuatu	Colombia	157	267	221	166	88	41	4	4	1
VUT	DNK	Vanuatu	Denmark*	0	0	4	4	3	4	5	5	2
VUT	FIN	Vanuatu	Finland*	0	0	0	1	1	1	0	0	0
VUT	FJI	Vanuatu	Fiji	170	167	167	167	179	184	186	190	88
VUT	GRC	Vanuatu	Greece	3	4	5	39	75	70	70	74	2
VUT	HUN	Vanuatu	Hungary	0	0	0	0	0	1	0	0	0
VUT	NCL	Vanuatu	New Caledonia*	3153	3654	4156	4427	4698	3611	3833	4021	2080
VUT	NOR	Vanuatu	Norway*	0	0	0	0	2	2	0	0	0
VUT	PNG	Vanuatu	Papua New Guinea	152	155	116	116	98	99	98	98	46
VUT	PYF	Vanuatu	French Polynesia*	187	205	220	230	222	210	210	210	92
VUT	SLB	Vanuatu	Solomon Islands	9	9	9	38	71	66	64	63	26
VUT	SVK	Vanuatu	Slovakia	0	0	0	0	0	1	0	0	0
VUT	WLF	Vanuatu	Wallis and Futuna Islands*	152	165	195	197	138	72	67	67	28
VUT	WSM	Vanuatu	Samoa	9	15	22	20	17	14	12	11	3
VUT	ZAF	Vanuatu	South Africa	12	12	12	8	22	59	151	230	96
WLF	BGR	Wallis and Futuna Islands*	Bulgaria	0	0	0	0	0	1	0	0	0
WLF	DOM	Wallis and Futuna Islands*	Dominican Republic	12	14	15	13	12	11	11	12	7
WLF	GRC	Wallis and Futuna Islands*	Greece	884	451	26	14	1	0	0	0	0
WLF	NCL	Wallis and Futuna Islands*	New Caledonia*	5558	6446	7325	7373	7413	11177	11867	12450	6518
WLF	PYF	Wallis and Futuna Islands*	French Polynesia*	30	32	35	36	35	35	35	35	23
WLF	SVN	Wallis and Futuna Islands*	Slovenia	0	0	0	0	0	1	0	0	0
WLF	ZAF	Wallis and Futuna Islands*	South Africa	166	124	131	181	263	302	318	325	139
WSM	ASM	Samoa	American Samoa*	14674	16157	17642	16738	15842	15813	15880	15931	7939
WSM	AUS	Samoa	Australia*	7863	10039	13171	16595	20554	27802	33647	38964	18850
WSM	BGR	Samoa	Bulgaria	1	2	3	5	6	5	5	7	6
WSM	COK	Samoa	Cook Islands*	5	5	5	7	9	9	9	10	9
WSM	DNK	Samoa	Denmark*	6	7	10	10	18	20	25	29	18
WSM	FIN	Samoa	Finland*	1	1	0	2	3	3	2	2	2
WSM	FJI	Samoa	Fiji	271	267	266	267	287	296	302	308	139
WSM	FSM	Samoa	Micronesia (Fed. States of)	11	14	16	17	22	21	20	20	10
WSM	GIN	Samoa	Guinea	0	0	0	0	0	28	25	24	9
WSM	GRC	Samoa	Greece	2	4	6	233	476	447	455	483	251
WSM	HUN	Samoa	Hungary	0	0	0	0	0	2	1	1	1
WSM	LTU	Samoa	Lithuania	0	0	0	0	0	1	0	0	0
WSM	NIU	Samoa	Niue*	37	27	16	18	46	45	44	44	18
WSM	NOR	Samoa	Norway*	0	1	1	1	3	6	3	3	3
WSM	NZL	Samoa	New Zealand*	41467	42238	46450	50170	50657	53004	58292	63075	31963
WSM	SVK	Samoa	Slovakia	0	0	0	0	0	1	0	0	0
WSM	TKL	Samoa	Tokelau*	114	114	98	98	165	187	195	202	111
WSM	TON	Samoa	Tonga	170	192	215	251	268	230	217	208	122
WSM	TUV	Samoa	Tuvalu	21	11	6	4	3	3	2	2	0
YEM	ARE	Yemen	United Arab Emirates	44368	56149	70674	80922	128472	161805	169470	192423	71385
YEM	AUS	Yemen	Australia*	203	263	390	520	595	715	1011	1189	520
YEM	BGR	Yemen	Bulgaria	28	30	32	38	43	46	93	128	37
YEM	BHR	Yemen	Bahrain	6004	6710	7059	9700	14841	16653	18140	19392	6016
YEM	BLR	Yemen	Belarus	14	24	33	32	30	33	31	31	4
YEM	BOL	Yemen	Bolivia (Plurinational State of)	1	1	0	0	0	0	0	0	0
YEM	CHN	Yemen	China	987	1175	1399	1665	2007	2826	3812	4407	2340
YEM	CYP	Yemen	Cyprus	4	6	7	10	15	13	13	14	6
YEM	DJI	Yemen	Djibouti	289	236	238	219	242	6157	5322	5600	2870
YEM	DNK	Yemen	Denmark*	50	114	136	142	147	168	188	220	112
YEM	DZA	Yemen	Algeria	2593	2480	2366	1870	2054	2232	2320	2404	1021
YEM	EGY	Yemen	Egypt	2840	3193	4019	3893	3771	898	12181	10716	5086
YEM	EST	Yemen	Estonia	0	0	0	0	1	5	19	19	7
YEM	ETH	Yemen	Ethiopia	0	33	67	15	11	734	2110	2503	1264
YEM	FIN	Yemen	Finland*	4	12	19	28	31	63	223	263	88
YEM	GRC	Yemen	Greece	69	47	25	27	29	32	279	296	147
YEM	HUN	Yemen	Hungary	241	214	186	229	274	271	370	436	136
YEM	IDN	Yemen	Indonesia	0	0	0	0	0	92	441	448	139
YEM	IND	Yemen	India	0	0	0	0	0	118	837	665	314
YEM	IRQ	Yemen	Iraq	1543	1819	1724	2005	2049	2001	2020	2049	418
YEM	ISL	Yemen	Iceland	0	0	0	1	1	0	1	2	0
YEM	ISR	Yemen	Israel	32799	39687	36451	32312	28707	30665	33053	34979	20163
YEM	JOR	Yemen	Jordan	2235	2358	2481	4506	17290	30074	35268	38858	15582
YEM	KWT	Yemen	Kuwait	35822	29620	32991	36532	47623	59326	68867	75513	30160
YEM	LBY	Yemen	Libya	10956	13236	15734	17283	18983	21266	6323	6684	2635
YEM	LUX	Yemen	Luxembourg	0	0	0	0	0	0	19	22	7
YEM	LVA	Yemen	Latvia	1	1	1	0	0	1	0	0	0
YEM	MYS	Yemen	Malaysia	0	0	0	0	18	654	3662	3228	1108
YEM	NIC	Yemen	Nicaragua	13	11	18	27	28	30	30	31	21
YEM	NOR	Yemen	Norway*	13	22	35	68	170	352	611	679	294
YEM	PSE	Yemen	State of Palestine	1486	1452	1419	1415	1411	1407	1413	1411	681
YEM	QAT	Yemen	Qatar	7309	9713	12975	15651	32491	43192	34812	37285	9376
YEM	SAU	Yemen	Saudi Arabia	238364	321876	342915	458347	896775	1779422	1809639	1999619	520892
YEM	SOM	Yemen	Somalia	0	0	0	0	0	5883	13285	17680	8254
YEM	SVK	Yemen	Slovakia	6	12	22	25	28	34	41	45	8
YEM	SVN	Yemen	Slovenia	0	0	6	5	7	13	14	16	6
YEM	TUR	Yemen	Türkiye	69	69	69	863	1709	2555	14003	21256	9012
YEM	ZAF	Yemen	South Africa	12	12	9	31	61	102	183	223	81
ZAF	AGO	South Africa	Angola	2437	2832	3226	4241	5162	5917	6295	6487	3318
ZAF	ARG	South Africa	Argentina	369	358	349	370	405	418	431	441	251
ZAF	ATG	South Africa	Antigua and Barbuda	19	28	37	40	42	45	45	47	24
ZAF	AUS	South Africa	Australia*	46167	59022	80607	114035	156200	177482	199994	213447	107486
ZAF	AUT	South Africa	Austria	1250	1525	1829	2171	2323	2471	3122	3710	1973
ZAF	BEL	South Africa	Belgium	1814	2157	2562	2937	3428	3631	4370	5259	2746
ZAF	BGR	South Africa	Bulgaria	9	35	61	92	121	188	335	461	230
ZAF	BHS	South Africa	Bahamas	21	54	88	92	96	104	110	116	54
ZAF	BMU	South Africa	Bermuda*	33	62	76	140	212	227	287	293	123
ZAF	BOL	South Africa	Bolivia (Plurinational State of)	11	6	0	8	15	18	18	20	9
ZAF	BRA	South Africa	Brazil	5	1922	1575	1712	1563	1876	2193	1941	847
ZAF	BWA	South Africa	Botswana	5780	9329	13860	9376	4933	5359	5733	6052	2776
ZAF	CAF	South Africa	Central African Republic	81	84	80	63	61	52	53	57	13
ZAF	CAN	South Africa	Canada	23897	28514	33976	37929	42621	47223	50957	52600	26441
ZAF	CHL	South Africa	Chile	119	151	187	233	276	359	412	455	360
ZAF	CHN	South Africa	China	888	1064	1266	1507	1825	2925	4509	5129	2724
ZAF	CRI	South Africa	Costa Rica	47	37	44	30	58	57	67	81	45
ZAF	CYM	South Africa	Cayman Islands*	11	22	40	36	36	38	41	45	21
ZAF	CYP	South Africa	Cyprus	1235	1747	2258	3395	5210	4784	4937	5240	2872
ZAF	DNK	South Africa	Denmark*	662	735	980	1116	1612	1925	2413	2999	1398
ZAF	DOM	South Africa	Dominican Republic	242	269	296	154	11	10	10	11	8
ZAF	EGY	South Africa	Egypt	126	157	196	236	261	0	278	304	164
ZAF	ERI	South Africa	Eritrea	97	143	189	136	101	122	106	95	40
ZAF	EST	South Africa	Estonia	0	0	0	0	23	31	59	60	18
ZAF	FIN	South Africa	Finland*	115	145	175	411	564	805	1022	1203	473
ZAF	FRO	South Africa	Faroe Islands*	1	2	1	6	14	20	22	26	10
ZAF	GAB	South Africa	Gabon	4	5	7	7	8	12	11	12	0
ZAF	GBR	South Africa	United Kingdom*	63164	92386	133401	164846	198360	216440	232701	245446	116277
ZAF	GIN	South Africa	Guinea	0	0	0	0	0	1251	1201	1161	451
ZAF	GRC	South Africa	Greece	1755	3596	5497	6279	7317	6894	7045	7484	4110
ZAF	HRV	South Africa	Croatia	146	208	181	101	202	203	189	180	95
ZAF	HUN	South Africa	Hungary	44	137	230	283	337	332	604	712	331
ZAF	IMN	South Africa	Isle of Man*	303	345	387	485	577	807	821	833	422
ZAF	IND	South Africa	India	5784	5784	5784	5784	5753	4927	4196	3709	1919
ZAF	IRL	South Africa	Ireland	2904	3190	6468	7871	8116	8088	13073	18857	9625
ZAF	ISL	South Africa	Iceland	65	64	63	65	66	81	104	157	91
ZAF	ISR	South Africa	Israel	7554	9306	10159	10810	11505	12381	13837	14535	7807
ZAF	ITA	South Africa	Italy	3807	4219	4512	4818	5179	5429	5960	6245	3581
ZAF	JPN	South Africa	Japan	112	172	263	397	606	960	1359	1415	649
ZAF	KEN	South Africa	Kenya	197	185	101	98	110	112	96	91	47
ZAF	LBY	South Africa	Libya	543	505	476	525	576	645	690	729	206
ZAF	LCA	South Africa	Saint Lucia	4	5	8	7	6	5	3	3	0
ZAF	LIE	South Africa	Liechtenstein	0	0	1	15	30	34	30	32	20
ZAF	LKA	South Africa	Sri Lanka	3	33	64	127	257	260	262	265	158
ZAF	LSO	South Africa	Lesotho	2777	2528	2441	2492	2544	3629	4782	5964	2890
ZAF	LTU	South Africa	Lithuania	12	9	7	6	5	8	25	26	11
ZAF	LUX	South Africa	Luxembourg	45	42	41	35	30	45	659	761	356
ZAF	LVA	South Africa	Latvia	2	2	3	8	13	13	23	21	8
ZAF	MEX	South Africa	Mexico	51	63	79	123	190	238	302	355	183
ZAF	MLI	South Africa	Mali	0	0	0	0	449	553	646	725	241
ZAF	MLT	South Africa	Malta	45	53	67	80	142	241	523	909	381
ZAF	MOZ	South Africa	Mozambique	7397	10175	11835	16250	18519	19198	20171	21022	10529
ZAF	MUS	South Africa	Mauritius	184	192	307	412	541	622	627	632	342
ZAF	MWI	South Africa	Malawi	1276	9179	8837	8421	8272	7124	6054	5907	3270
ZAF	NAM	South Africa	Namibia	12536	11988	11132	8802	8481	8300	8883	9422	4696
ZAF	NLD	South Africa	Netherlands*	8562	9458	10949	12250	12881	13669	20331	31024	15460
ZAF	NOR	South Africa	Norway*	629	641	744	833	1160	1450	1741	1936	883
ZAF	NZL	South Africa	New Zealand*	7375	10863	24072	39560	49660	62541	82625	101970	51940
ZAF	PAN	South Africa	Panama	12	17	24	28	40	46	55	84	40
ZAF	PER	South Africa	Peru	63	74	86	101	139	203	292	406	195
ZAF	POL	South Africa	Poland	140	182	238	311	407	529	689	783	346
ZAF	PRT	South Africa	Portugal	6464	8622	11131	11373	9728	11028	12651	14232	7591
ZAF	SHN	South Africa	Saint Helena	32	21	20	29	44	66	76	86	27
ZAF	SLE	South Africa	Sierra Leone	239	233	227	112	97	85	77	72	28
ZAF	SVK	South Africa	Slovakia	6	33	70	79	88	112	154	167	48
ZAF	SVN	South Africa	Slovenia	5	9	27	28	35	47	83	94	45
ZAF	SWZ	South Africa	Eswatini	20848	9097	12272	12415	12260	12511	12712	12870	7794
ZAF	SYC	South Africa	Seychelles	83	224	366	297	228	255	258	262	103
ZAF	TZA	South Africa	United Republic of Tanzania	409	547	582	659	678	712	633	687	270
ZAF	USA	South Africa	United States of America*	36551	35154	68904	94837	89542	102856	129545	161507	80607
ZAF	VEN	South Africa	Venezuela (Bolivarian Republic of)	70	67	65	67	69	71	66	63	31
ZAF	ZMB	South Africa	Zambia	6328	2660	1535	2170	3072	2706	3788	5022	2404
ZAF	ZWE	South Africa	Zimbabwe	11426	15313	17024	19010	18910	19013	19731	20346	8787
ZMB	AGO	Zambia	Angola	119	139	158	209	254	290	307	316	196
ZMB	AUS	Zambia	Australia*	2262	2855	3428	4548	6165	7323	7609	8060	4122
ZMB	BGR	Zambia	Bulgaria	3	5	6	9	11	10	13	18	8
ZMB	BOL	Zambia	Bolivia (Plurinational State of)	0	2	3	3	2	3	2	2	1
ZMB	BWA	Zambia	Botswana	1991	3213	4773	7193	3800	4128	4415	4661	2065
ZMB	CHN	Zambia	China	130	158	188	223	274	651	1491	1737	923
ZMB	CYM	Zambia	Cayman Islands*	2	6	11	10	10	9	10	11	3
ZMB	CYP	Zambia	Cyprus	34	48	62	94	144	131	135	143	93
ZMB	DNK	Zambia	Denmark*	185	244	338	421	526	605	693	726	466
ZMB	ERI	Zambia	Eritrea	91	121	151	172	199	241	209	188	65
ZMB	EST	Zambia	Estonia	0	0	0	0	1	2	3	3	0
ZMB	FIN	Zambia	Finland*	45	52	59	107	138	184	341	401	200
ZMB	GRC	Zambia	Greece	189	213	240	242	252	237	241	256	140
ZMB	HRV	Zambia	Croatia	0	0	0	23	46	46	42	40	16
ZMB	HUN	Zambia	Hungary	2	7	12	15	18	16	30	35	18
ZMB	IND	Zambia	India	920	872	799	486	276	253	236	221	171
ZMB	ISL	Zambia	Iceland	2	3	4	6	7	8	12	18	15
ZMB	ITA	Zambia	Italy	495	565	622	680	761	807	890	911	503
ZMB	LIE	Zambia	Liechtenstein	0	0	0	0	0	1	0	0	0
ZMB	LSO	Zambia	Lesotho	77	72	66	67	68	97	127	158	74
ZMB	LTU	Zambia	Lithuania	0	0	0	0	0	1	0	0	0
ZMB	LUX	Zambia	Luxembourg	0	0	0	0	0	0	21	24	15
ZMB	LVA	Zambia	Latvia	0	0	0	0	0	1	0	0	0
ZMB	MLI	Zambia	Mali	0	0	0	0	471	579	678	761	447
ZMB	MOZ	Zambia	Mozambique	1948	2680	3118	4281	4880	5059	5315	5539	2891
ZMB	MWI	Zambia	Malawi	5637	47571	45797	43640	42865	36918	31375	30614	18151
ZMB	NAM	Zambia	Namibia	4473	4277	3971	3139	3024	2959	3167	3359	1174
ZMB	NOR	Zambia	Norway*	115	140	184	252	463	537	558	620	329
ZMB	SLE	Zambia	Sierra Leone	0	0	0	0	0	18	17	16	5
ZMB	SVK	Zambia	Slovakia	0	0	1	1	1	11	11	12	3
ZMB	SVN	Zambia	Slovenia	0	0	6	5	6	5	6	7	3
ZMB	TJK	Zambia	Tajikistan	38	31	27	25	24	23	21	21	9
ZMB	TZA	Zambia	United Republic of Tanzania	18188	14501	13584	11845	10265	8573	7637	8289	4192
ZMB	ZAF	Zambia	South Africa	17949	15413	21074	26127	29149	28326	25677	22946	10918
ZMB	ZWE	Zambia	Zimbabwe	18966	22815	26337	29759	30373	30538	31692	32680	14151
ZWE	AUS	Zimbabwe	Australia*	6744	9840	12139	21657	33653	40243	44036	47195	24015
ZWE	BGR	Zimbabwe	Bulgaria	4	9	14	20	27	27	41	56	25
ZWE	BHS	Zimbabwe	Bahamas	0	0	0	7	14	15	14	15	8
ZWE	BOL	Zimbabwe	Bolivia (Plurinational State of)	1	6	10	7	3	4	3	3	1
ZWE	BWA	Zimbabwe	Botswana	4905	7917	11763	33411	55306	60080	64301	67878	28902
ZWE	CAN	Zimbabwe	Canada	2204	2717	3298	6109	9576	11429	11982	14291	7531
ZWE	CHN	Zimbabwe	China	72	88	105	129	156	637	2471	2913	1548
ZWE	CRI	Zimbabwe	Costa Rica	2	1	1	2	2	1	1	1	0
ZWE	CYM	Zimbabwe	Cayman Islands*	5	11	19	18	18	18	19	21	5
ZWE	CYP	Zimbabwe	Cyprus	76	108	139	208	320	292	299	317	186
ZWE	DNK	Zimbabwe	Denmark*	162	204	263	280	341	402	451	486	256
ZWE	ERI	Zimbabwe	Eritrea	82	125	168	215	268	324	282	253	72
ZWE	EST	Zimbabwe	Estonia	0	0	0	0	6	4	10	10	1
ZWE	FIN	Zimbabwe	Finland*	10	15	19	42	54	88	143	168	67
ZWE	GBR	Zimbabwe	United Kingdom*	19291	30162	46161	72839	116367	126584	130091	132869	70226
ZWE	GIN	Zimbabwe	Guinea	0	0	0	0	0	4	2	2	0
ZWE	GRC	Zimbabwe	Greece	61	253	450	440	445	418	425	451	245
ZWE	HUN	Zimbabwe	Hungary	9	18	27	33	39	33	97	114	52
ZWE	ISL	Zimbabwe	Iceland	4	6	8	9	10	11	13	20	14
ZWE	ITA	Zimbabwe	Italy	511	580	638	702	770	808	966	975	549
ZWE	LCA	Zimbabwe	Saint Lucia	1	0	1	0	0	0	0	0	0
ZWE	LIE	Zimbabwe	Liechtenstein	0	0	0	0	5	3	4	4	3
ZWE	LSO	Zimbabwe	Lesotho	77	72	66	67	68	97	127	158	74
ZWE	LTU	Zimbabwe	Lithuania	1	1	0	0	0	1	5	5	2
ZWE	LUX	Zimbabwe	Luxembourg	0	0	0	0	0	0	71	82	44
ZWE	LVA	Zimbabwe	Latvia	1	1	2	3	4	3	2	2	0
ZWE	MLT	Zimbabwe	Malta	15	18	23	28	29	49	106	184	54
ZWE	MOZ	Zimbabwe	Mozambique	35711	49118	57131	78441	89389	92671	97379	101486	53153
ZWE	MWI	Zimbabwe	Malawi	3851	41271	39732	37861	37189	32030	27221	26561	14984
ZWE	NAM	Zimbabwe	Namibia	21364	20430	18964	14995	14449	14141	15135	16053	7876
ZWE	NOR	Zimbabwe	Norway*	70	90	148	180	228	291	319	355	173
ZWE	NZL	Zimbabwe	New Zealand*	1118	1404	2691	7435	8118	8383	8852	9140	4707
ZWE	PRT	Zimbabwe	Portugal	395	852	1344	1283	1010	1145	1312	1476	145
ZWE	SVK	Zimbabwe	Slovakia	0	0	0	0	0	6	6	7	5
ZWE	SVN	Zimbabwe	Slovenia	0	0	4	9	15	12	18	20	9
ZWE	TZA	Zimbabwe	United Republic of Tanzania	488	652	693	753	809	852	759	824	494
ZWE	VEN	Zimbabwe	Venezuela (Bolivarian Republic of)	14	13	13	13	15	15	13	12	5
ZWE	ZAF	Zimbabwe	South Africa	89371	82695	116489	253785	545405	833530	966487	1072620	508634
ZWE	ZMB	Zimbabwe	Zambia	34829	23707	9056	12444	17226	13175	16816	22297	12039
