# UNHCR Refugee Data Finder, 2024 (api.unhcr.org/population/v1/population).
# origin = country of origin, asylum = country of asylum. IDPs and returns sit on the origin==asylum rows.
origin	asylum	origin_name	asylum_name	refugees	asylum_seekers	returned_refugees	idps	returned_idps	stateless	other_of_concern	host_community
AFG	AFG	Afghanistan	Afghanistan	0	0	0	3199710	22687	0	72886	600000
AFG	ALB	Afghanistan	Albania	5	0	0	0	0	0	0	0
AFG	ARE	Afghanistan	United Arab Emirates	5	11	0	0	0	0	0	0
AFG	ARG	Afghanistan	Argentina	28	0	0	0	0	0	0	0
AFG	ARM	Afghanistan	Armenia	12	10	0	0	0	0	0	0
AFG	AUS	Afghanistan	Australia	4885	1450	0	0	0	0	0	0
AFG	AUT	Afghanistan	Austria	44714	4308	0	0	0	0	0	0
AFG	AZE	Afghanistan	Azerbaijan	1080	0	6	0	0	0	18	0
AFG	BEL	Afghanistan	Belgium	10382	5570	0	0	0	0	0	0
AFG	BEN	Afghanistan	Benin	0	12	0	0	0	0	0	0
AFG	BGD	Afghanistan	Bangladesh	5	0	0	0	0	0	0	0
AFG	BGR	Afghanistan	Bulgaria	311	1295	0	0	0	0	0	0
AFG	BIH	Afghanistan	Bosnia and Herzegovina	14	11	0	0	0	0	127	0
AFG	BLR	Afghanistan	Belarus	115	6	0	0	0	0	0	0
AFG	BRA	Afghanistan	Brazil	7170	97	0	0	0	0	0	0
AFG	CAN	Afghanistan	Canada	3563	2584	0	0	0	0	0	0
AFG	CHE	Afghanistan	Switzerland	22327	1388	42	0	0	0	0	0
AFG	CHL	Afghanistan	Chile	218	10	0	0	0	0	0	0
AFG	CHN	Afghanistan	China	27	24	0	0	0	0	0	0
AFG	COL	Afghanistan	Colombia	7	0	0	0	0	0	0	0
AFG	CUB	Afghanistan	Cuba	8	0	0	0	0	0	0	0
AFG	CYP	Afghanistan	Cyprus	360	1379	0	0	0	0	0	0
AFG	CZE	Afghanistan	Czechia	262	0	0	0	0	0	0	0
AFG	DEU	Afghanistan	Germany	279737	44659	0	0	0	0	0	0
AFG	DNK	Afghanistan	Denmark	5176	151	0	0	0	0	0	0
AFG	DOM	Afghanistan	Dominican Rep.	0	9	0	0	0	0	0	0
AFG	ECU	Afghanistan	Ecuador	68	6	0	0	0	0	0	0
AFG	EGY	Afghanistan	Egypt	45	408	0	0	0	0	0	0
AFG	ESP	Afghanistan	Spain	4575	955	0	0	0	0	0	0
AFG	EST	Afghanistan	Estonia	45	0	0	0	0	0	0	0
AFG	ETH	Afghanistan	Ethiopia	0	5	0	0	0	0	0	0
AFG	FIN	Afghanistan	Finland	3939	259	0	0	0	0	0	0
AFG	FRA	Afghanistan	France	93482	6400	0	0	0	0	0	0
AFG	GBR	Afghanistan	United Kingdom of Great Britain and Northern Ireland	54908	10999	0	0	0	0	0	0
AFG	GEO	Afghanistan	Georgia	76	9	0	0	0	0	0	0
AFG	GHA	Afghanistan	Ghana	27	0	0	0	0	0	0	0
AFG	GIN	Afghanistan	Guinea	0	11	0	0	0	0	0	0
AFG	GMB	Afghanistan	Gambia	5	0	0	0	0	0	0	0
AFG	GRC	Afghanistan	Greece	24970	4270	0	0	0	0	0	0
AFG	GUY	Afghanistan	Guyana	7	0	0	0	0	0	0	0
AFG	HKG	Afghanistan	China, Hong Kong SAR	13	0	0	0	0	0	0	0
AFG	HRV	Afghanistan	Croatia	102	128	0	0	0	0	5	0
AFG	HUN	Afghanistan	Hungary	1437	0	0	0	0	0	0	0
AFG	IDN	Afghanistan	Indonesia	4350	848	6	0	0	0	0	0
AFG	IND	Afghanistan	India	8671	1093	43	0	0	0	0	0
AFG	IRL	Afghanistan	Ireland	2705	1260	0	0	0	0	0	0
AFG	IRN	Afghanistan	Iran (Islamic Rep. of)	3477082	0	237452	0	0	0	0	0
AFG	IRQ	Afghanistan	Iraq	22	3026	0	0	0	0	6	0
AFG	ISL	Afghanistan	Iceland	356	17	0	0	0	0	0	0
AFG	ITA	Afghanistan	Italy	18451	2428	0	0	0	0	0	0
AFG	JOR	Afghanistan	Jordan	10	10	0	0	0	0	0	0
AFG	JPN	Afghanistan	Japan	873	0	0	0	0	0	0	0
AFG	KAZ	Afghanistan	Kazakhstan	202	118	0	0	0	0	0	0
AFG	KEN	Afghanistan	Kenya	87	372	0	0	0	0	0	0
AFG	KGZ	Afghanistan	Kyrgyzstan	183	177	0	0	0	0	0	0
AFG	KOR	Afghanistan	Rep. of Korea	79	98	0	0	0	0	0	0
AFG	KWT	Afghanistan	Kuwait	0	17	0	0	0	0	0	0
AFG	LBN	Afghanistan	Lebanon	33	11	0	0	0	0	0	0
AFG	LBY	Afghanistan	Libya	0	5	0	0	0	0	0	0
AFG	LKA	Afghanistan	Sri Lanka	27	0	0	0	0	0	0	0
AFG	LTU	Afghanistan	Lithuania	278	5	0	0	0	0	0	0
AFG	LUX	Afghanistan	Luxembourg	562	215	0	0	0	0	0	0
AFG	LVA	Afghanistan	Latvia	306	36	0	0	0	0	0	0
AFG	MAR	Afghanistan	Morocco	13	24	0	0	0	0	0	0
AFG	MDA	Afghanistan	Rep. of Moldova	17	0	0	0	0	0	0	0
AFG	MEX	Afghanistan	Mexico	12	2179	0	0	0	0	0	0
AFG	MKD	Afghanistan	North Macedonia	0	0	0	0	0	0	8	0
AFG	MNG	Afghanistan	Mongolia	6	5	0	0	0	0	0	0
AFG	MYS	Afghanistan	Malaysia	1193	1555	0	0	0	0	0	0
AFG	NGA	Afghanistan	Nigeria	5	0	0	0	0	0	0	0
AFG	NLD	Afghanistan	Netherlands (Kingdom of the)	8714	707	0	0	0	0	0	0
AFG	NOR	Afghanistan	Norway	4136	192	0	0	0	0	0	0
AFG	NPL	Afghanistan	Nepal	34	0	0	0	0	0	0	0
AFG	NZL	Afghanistan	New Zealand	104	65	0	0	0	0	0	0
AFG	OMN	Afghanistan	Oman	5	0	0	0	0	0	0	0
AFG	PAK	Afghanistan	Pakistan	1559964	198610	126812	0	0	0	798348	0
AFG	PAN	Afghanistan	Panama	7	0	0	0	0	0	0	0
AFG	PER	Afghanistan	Peru	0	117	0	0	0	0	0	0
AFG	PHL	Afghanistan	Philippines	50	6	0	0	0	0	0	0
AFG	PNG	Afghanistan	Papua New Guinea	6	0	0	0	0	0	0	0
AFG	POL	Afghanistan	Poland	893	275	0	0	0	0	0	0
AFG	PRT	Afghanistan	Portugal	916	386	0	0	0	0	0	0
AFG	PRY	Afghanistan	Paraguay	15	0	0	0	0	0	0	0
AFG	ROU	Afghanistan	Romania	300	5	0	0	0	0	0	0
AFG	RUS	Afghanistan	Russian Federation	996	179	16	0	0	0	0	0
AFG	RWA	Afghanistan	Rwanda	61	0	0	0	0	0	0	0
AFG	SDN	Afghanistan	Sudan	0	0	0	0	0	0	5	0
AFG	SEN	Afghanistan	Senegal	0	5	0	0	0	0	0	0
AFG	SRB	Afghanistan	Serbia and Kosovo: S/RES/1244 (1999)	101	8	0	0	0	0	118	0
AFG	SSD	Afghanistan	South Sudan	5	0	0	0	0	0	0	0
AFG	SUR	Afghanistan	Suriname	0	5	0	0	0	0	0	0
AFG	SVK	Afghanistan	Slovakia	423	14	0	0	0	0	0	0
AFG	SVN	Afghanistan	Slovenia	114	25	0	0	0	0	0	0
AFG	SWE	Afghanistan	Sweden	25499	412	0	0	0	0	0	0
AFG	SWZ	Afghanistan	Eswatini	0	5	0	0	0	0	0	0
AFG	SYR	Afghanistan	Syrian Arab Rep.	1228	180	0	0	0	0	0	0
AFG	TGO	Afghanistan	Togo	0	7	0	0	0	0	0	0
AFG	THA	Afghanistan	Thailand	95	91	0	0	0	0	0	0
AFG	TJK	Afghanistan	Tajikistan	9902	3029	66	0	0	0	0	0
AFG	TKM	Afghanistan	Turkmenistan	3409	0	0	0	0	0	0	0
AFG	TUN	Afghanistan	Tunisia	5	0	0	0	0	0	0	0
AFG	TUR	Afghanistan	Türkiye	14145	69484	0	0	0	0	0	0
AFG	TZA	Afghanistan	United Rep. of Tanzania	0	7	0	0	0	0	0	0
AFG	UGA	Afghanistan	Uganda	234	81	0	0	0	0	0	0
AFG	UKR	Afghanistan	Ukraine	912	5	0	0	0	0	0	0
AFG	URY	Afghanistan	Uruguay	6	0	0	0	0	0	0	0
AFG	USA	Afghanistan	United States of America	46137	10897	0	0	0	0	0	0
AFG	UZB	Afghanistan	Uzbekistan	8505	0	0	0	0	0	0	0
AFG	VEN	Afghanistan	Venezuela (Bolivarian Republic of)	10	0	0	0	0	0	0	0
AFG	ZAF	Afghanistan	South Africa	5	5	0	0	0	0	0	0
AFG	ZMB	Afghanistan	Zambia	17	7	0	0	0	0	0	0
AGO	AGO	Angola	Angola	0	0	0	0	0	0	142	0
AGO	ARG	Angola	Argentina	14	0	0	0	0	0	0	0
AGO	AUS	Angola	Australia	0	7	0	0	0	0	0	0
AGO	AUT	Angola	Austria	28	8	0	0	0	0	0	0
AGO	BEL	Angola	Belgium	68	516	0	0	0	0	0	0
AGO	BRA	Angola	Brazil	142	3599	0	0	0	0	0	0
AGO	BWA	Angola	Botswana	0	0	0	0	0	0	5	0
AGO	CAF	Angola	Central African Rep.	12	0	0	0	0	0	0	0
AGO	CAN	Angola	Canada	1295	1464	0	0	0	0	0	0
AGO	CHE	Angola	Switzerland	578	92	5	0	0	0	0	0
AGO	CHL	Angola	Chile	0	5	0	0	0	0	0	0
AGO	CMR	Angola	Cameroon	5	0	0	0	0	0	0	0
AGO	COD	Angola	Dem. Rep. of the Congo	396	27	17	0	0	0	0	0
AGO	COG	Angola	Congo	25	54	0	0	0	0	0	0
AGO	CRI	Angola	Costa Rica	0	47	0	0	0	0	0	0
AGO	CUB	Angola	Cuba	0	10	0	0	0	0	0	0
AGO	CYP	Angola	Cyprus	0	12	0	0	0	0	0	0
AGO	CZE	Angola	Czechia	5	0	0	0	0	0	0	0
AGO	DEU	Angola	Germany	892	948	0	0	0	0	0	0
AGO	DNK	Angola	Denmark	8	0	0	0	0	0	0	0
AGO	ECU	Angola	Ecuador	5	0	0	0	0	0	0	0
AGO	ESP	Angola	Spain	116	95	0	0	0	0	0	0
AGO	FIN	Angola	Finland	18	15	0	0	0	0	0	0
AGO	FRA	Angola	France	7438	1830	0	0	0	0	0	0
AGO	GBR	Angola	United Kingdom of Great Britain and Northern Ireland	179	95	0	0	0	0	0	0
AGO	GRC	Angola	Greece	24	10	0	0	0	0	0	0
AGO	HUN	Angola	Hungary	5	0	0	0	0	0	0	0
AGO	IDN	Angola	Indonesia	7	0	0	0	0	0	0	0
AGO	IRL	Angola	Ireland	53	67	0	0	0	0	0	0
AGO	ITA	Angola	Italy	46	17	0	0	0	0	0	0
AGO	LUX	Angola	Luxembourg	6	10	0	0	0	0	0	0
AGO	MEX	Angola	Mexico	15	2430	0	0	0	0	0	0
AGO	NAM	Angola	Namibia	5	0	0	0	0	0	10	0
AGO	NLD	Angola	Netherlands (Kingdom of the)	201	30	0	0	0	0	0	0
AGO	NOR	Angola	Norway	24	0	0	0	0	0	0	0
AGO	PER	Angola	Peru	0	42	0	0	0	0	0	0
AGO	POL	Angola	Poland	5	5	0	0	0	0	0	0
AGO	PRT	Angola	Portugal	116	178	0	0	0	0	0	0
AGO	ROU	Angola	Romania	6	5	0	0	0	0	0	0
AGO	SVK	Angola	Slovakia	24	0	0	0	0	0	0	0
AGO	SWE	Angola	Sweden	64	0	0	0	0	0	0	0
AGO	SWZ	Angola	Eswatini	11	0	0	0	0	0	0	0
AGO	UKR	Angola	Ukraine	17	0	0	0	0	0	0	0
AGO	URY	Angola	Uruguay	14	0	0	0	0	0	0	0
AGO	USA	Angola	United States of America	654	9807	0	0	0	0	0	0
AGO	ZAF	Angola	South Africa	24	5	0	0	0	0	0	0
AGO	ZMB	Angola	Zambia	0	0	0	0	0	0	13763	0
AGO	ZWE	Angola	Zimbabwe	0	10	0	0	0	0	0	0
AIA	PER	Anguilla	Peru	0	5	0	0	0	0	0	0
ALB	ARG	Albania	Argentina	18	0	0	0	0	0	0	0
ALB	AUS	Albania	Australia	9	86	0	0	0	0	0	0
ALB	AUT	Albania	Austria	28	15	0	0	0	0	0	0
ALB	BEL	Albania	Belgium	360	274	0	0	0	0	0	0
ALB	BRA	Albania	Brazil	0	5	0	0	0	0	0	0
ALB	CAN	Albania	Canada	365	342	0	0	0	0	0	0
ALB	CHE	Albania	Switzerland	99	48	37	0	0	0	0	0
ALB	DEU	Albania	Germany	1261	728	0	0	0	0	0	0
ALB	DNK	Albania	Denmark	36	0	0	0	0	0	0	0
ALB	ESP	Albania	Spain	23	85	0	0	0	0	0	0
ALB	FIN	Albania	Finland	5	0	0	0	0	0	0	0
ALB	FRA	Albania	France	11873	803	0	0	0	0	0	0
ALB	GBR	Albania	United Kingdom of Great Britain and Northern Ireland	5139	3765	0	0	0	0	0	0
ALB	GRC	Albania	Greece	55	360	0	0	0	0	0	0
ALB	IRL	Albania	Ireland	165	295	0	0	0	0	0	0
ALB	ISR	Albania	Israel	0	5	0	0	0	0	0	0
ALB	ITA	Albania	Italy	687	1573	0	0	0	0	0	0
ALB	LUX	Albania	Luxembourg	15	20	0	0	0	0	0	0
ALB	MEX	Albania	Mexico	5	0	0	0	0	0	0	0
ALB	MLT	Albania	Malta	0	5	0	0	0	0	0	0
ALB	NLD	Albania	Netherlands (Kingdom of the)	22	5	0	0	0	0	0	0
ALB	NOR	Albania	Norway	19	15	0	0	0	0	0	0
ALB	PER	Albania	Peru	0	10	0	0	0	0	0	0
ALB	POL	Albania	Poland	5	0	0	0	0	0	0	0
ALB	PRT	Albania	Portugal	5	0	0	0	0	0	0	0
ALB	SWE	Albania	Sweden	64	21	0	0	0	0	0	0
ALB	USA	Albania	United States of America	1617	3038	0	0	0	0	0	0
AND	BRA	Andorra	Brazil	0	7	0	0	0	0	0	0
AND	NOR	Andorra	Norway	5	0	0	0	0	0	0	0
AND	PER	Andorra	Peru	0	9	0	0	0	0	0	0
ARE	AUS	United Arab Emirates	Australia	5	5	0	0	0	0	0	0
ARE	BEL	United Arab Emirates	Belgium	9	0	0	0	0	0	0	0
ARE	CAN	United Arab Emirates	Canada	16	18	0	0	0	0	0	0
ARE	DEU	United Arab Emirates	Germany	22	0	0	0	0	0	0	0
ARE	DNK	United Arab Emirates	Denmark	27	0	0	0	0	0	0	0
ARE	FRA	United Arab Emirates	France	8	0	0	0	0	0	0	0
ARE	GBR	United Arab Emirates	United Kingdom of Great Britain and Northern Ireland	40	0	0	0	0	0	0	0
ARE	LTU	United Arab Emirates	Lithuania	7	0	0	0	0	0	0	0
ARE	NLD	United Arab Emirates	Netherlands (Kingdom of the)	5	5	0	0	0	0	0	0
ARE	NOR	United Arab Emirates	Norway	5	0	0	0	0	0	0	0
ARE	USA	United Arab Emirates	United States of America	117	131	0	0	0	0	0	0
ARG	AUS	Argentina	Australia	0	66	0	0	0	0	0	0
ARG	BEL	Argentina	Belgium	0	15	0	0	0	0	0	0
ARG	BOL	Argentina	Bolivia (Plurinational State of)	13	9	0	0	0	0	0	0
ARG	BRA	Argentina	Brazil	5	165	0	0	0	0	0	0
ARG	CAN	Argentina	Canada	103	173	0	0	0	0	0	0
ARG	CRI	Argentina	Costa Rica	0	82	0	0	0	0	0	0
ARG	DEU	Argentina	Germany	21	18	0	0	0	0	0	0
ARG	DNK	Argentina	Denmark	5	0	0	0	0	0	0	0
ARG	ECU	Argentina	Ecuador	5	0	0	0	0	0	0	0
ARG	ESP	Argentina	Spain	183	2410	0	0	0	0	0	0
ARG	FIN	Argentina	Finland	5	0	0	0	0	0	0	0
ARG	FRA	Argentina	France	25	18	0	0	0	0	0	0
ARG	GBR	Argentina	United Kingdom of Great Britain and Northern Ireland	5	26	0	0	0	0	0	0
ARG	GTM	Argentina	Guatemala	0	6	0	0	0	0	0	0
ARG	IRL	Argentina	Ireland	0	20	0	0	0	0	0	0
ARG	ISR	Argentina	Israel	0	5	0	0	0	0	0	0
ARG	ITA	Argentina	Italy	12	387	0	0	0	0	0	0
ARG	LUX	Argentina	Luxembourg	0	5	0	0	0	0	0	0
ARG	MEX	Argentina	Mexico	26	284	0	0	0	0	0	0
ARG	NLD	Argentina	Netherlands (Kingdom of the)	10	0	0	0	0	0	0	0
ARG	NZL	Argentina	New Zealand	0	5	0	0	0	0	0	0
ARG	PER	Argentina	Peru	0	75	0	0	0	0	0	0
ARG	POL	Argentina	Poland	5	0	0	0	0	0	0	0
ARG	PRY	Argentina	Paraguay	0	5	0	0	0	0	0	0
ARG	SDN	Argentina	Sudan	0	0	0	0	0	0	5	0
ARG	SWE	Argentina	Sweden	15	0	0	0	0	0	0	0
ARG	URY	Argentina	Uruguay	0	38	0	0	0	0	0	0
ARG	USA	Argentina	United States of America	26	2377	0	0	0	0	0	0
ARM	ARG	Armenia	Argentina	77	68	0	0	0	0	0	0
ARM	AUS	Armenia	Australia	0	8	0	0	0	0	0	0
ARM	AUT	Armenia	Austria	279	159	0	0	0	0	0	0
ARM	BEL	Armenia	Belgium	309	947	0	0	0	0	0	0
ARM	BGR	Armenia	Bulgaria	13	0	0	0	0	0	0	0
ARM	BRA	Armenia	Brazil	0	11	0	0	0	0	0	0
ARM	CAN	Armenia	Canada	31	61	0	0	0	0	0	0
ARM	CHE	Armenia	Switzerland	175	26	18	0	0	0	0	0
ARM	CYP	Armenia	Cyprus	36	12	0	0	0	0	0	0
ARM	CZE	Armenia	Czechia	42	5	0	0	0	0	0	0
ARM	DEU	Armenia	Germany	4834	3342	0	0	0	0	0	0
ARM	DNK	Armenia	Denmark	169	19	0	0	0	0	0	0
ARM	ESP	Armenia	Spain	306	320	0	0	0	0	0	0
ARM	FIN	Armenia	Finland	6	0	0	0	0	0	0	0
ARM	FRA	Armenia	France	6567	1260	0	0	0	0	0	0
ARM	GBR	Armenia	United Kingdom of Great Britain and Northern Ireland	48	26	0	0	0	0	0	0
ARM	GRC	Armenia	Greece	8	17	0	0	0	0	0	0
ARM	HRV	Armenia	Croatia	5	0	0	0	0	0	0	0
ARM	HUN	Armenia	Hungary	46	0	0	0	0	0	0	0
ARM	IRL	Armenia	Ireland	24	0	0	0	0	0	0	0
ARM	ITA	Armenia	Italy	206	59	0	0	0	0	0	0
ARM	LBN	Armenia	Lebanon	0	8	0	0	0	0	7	0
ARM	LTU	Armenia	Lithuania	11	5	0	0	0	0	0	0
ARM	LUX	Armenia	Luxembourg	15	5	0	0	0	0	0	0
ARM	LVA	Armenia	Latvia	12	0	0	0	0	0	0	0
ARM	MDA	Armenia	Rep. of Moldova	11	7	0	0	0	0	0	0
ARM	MNE	Armenia	Montenegro	5	0	0	0	0	0	0	0
ARM	NLD	Armenia	Netherlands (Kingdom of the)	213	45	0	0	0	0	0	0
ARM	NOR	Armenia	Norway	32	5	0	0	0	0	0	0
ARM	POL	Armenia	Poland	190	54	0	0	0	0	0	0
ARM	PRT	Armenia	Portugal	16	5	0	0	0	0	0	0
ARM	ROU	Armenia	Romania	58	0	0	0	0	0	0	0
ARM	RUS	Armenia	Russian Federation	50	19	0	0	0	0	0	0
ARM	SRB	Armenia	Serbia and Kosovo: S/RES/1244 (1999)	5	5	0	0	0	0	0	0
ARM	SVK	Armenia	Slovakia	64	0	0	0	0	0	0	0
ARM	SVN	Armenia	Slovenia	0	5	0	0	0	0	0	0
ARM	SWE	Armenia	Sweden	218	45	0	0	0	0	0	0
ARM	UKR	Armenia	Ukraine	40	0	0	0	0	0	0	0
ARM	USA	Armenia	United States of America	1812	13911	0	0	0	0	0	0
ATG	AUS	Antigua and Barbuda	Australia	5	0	0	0	0	0	0	0
ATG	CAN	Antigua and Barbuda	Canada	66	22	0	0	0	0	0	0
ATG	GBR	Antigua and Barbuda	United Kingdom of Great Britain and Northern Ireland	13	21	0	0	0	0	0	0
ATG	IRL	Antigua and Barbuda	Ireland	0	6	0	0	0	0	0	0
ATG	USA	Antigua and Barbuda	United States of America	7	31	0	0	0	0	0	0
AUS	CAN	Australia	Canada	5	7	0	0	0	0	0	0
AUS	CRI	Australia	Costa Rica	0	5	0	0	0	0	0	0
AUS	DEU	Australia	Germany	8	0	0	0	0	0	0	0
AUS	ESP	Australia	Spain	8	0	0	0	0	0	0	0
AUS	GBR	Australia	United Kingdom of Great Britain and Northern Ireland	0	8	0	0	0	0	0	0
AUS	NOR	Australia	Norway	5	0	0	0	0	0	0	0
AUS	POL	Australia	Poland	5	0	0	0	0	0	0	0
AUS	RUS	Australia	Russian Federation	0	5	0	0	0	0	0	0
AUS	USA	Australia	United States of America	0	58	0	0	0	0	0	0
AUT	AUS	Austria	Australia	0	5	0	0	0	0	0	0
AUT	CAN	Austria	Canada	5	21	0	0	0	0	0	0
AUT	DEU	Austria	Germany	5	0	0	0	0	0	0	0
AUT	DNK	Austria	Denmark	5	0	0	0	0	0	0	0
AUT	USA	Austria	United States of America	18	14	0	0	0	0	0	0
AZE	ARM	Azerbaijan	Armenia	137147	5	0	0	0	0	0	0
AZE	AUS	Azerbaijan	Australia	6	17	0	0	0	0	0	0
AZE	AUT	Azerbaijan	Austria	158	33	0	0	0	0	0	0
AZE	AZE	Azerbaijan	Azerbaijan	0	0	0	655212	0	0	0	0
AZE	BEL	Azerbaijan	Belgium	101	240	0	0	0	0	0	0
AZE	BGR	Azerbaijan	Bulgaria	7	0	0	0	0	0	0	0
AZE	BIH	Azerbaijan	Bosnia and Herzegovina	5	0	0	0	0	0	0	0
AZE	BLR	Azerbaijan	Belarus	5	0	0	0	0	0	0	0
AZE	CAN	Azerbaijan	Canada	289	615	0	0	0	0	0	0
AZE	CHE	Azerbaijan	Switzerland	292	67	71	0	0	0	0	0
AZE	CYP	Azerbaijan	Cyprus	5	0	0	0	0	0	0	0
AZE	CZE	Azerbaijan	Czechia	104	19	0	0	0	0	0	0
AZE	DEU	Azerbaijan	Germany	7275	2595	0	0	0	0	0	0
AZE	DNK	Azerbaijan	Denmark	116	5	0	0	0	0	0	0
AZE	ESP	Azerbaijan	Spain	118	55	0	0	0	0	0	0
AZE	EST	Azerbaijan	Estonia	14	0	0	0	0	0	0	0
AZE	FIN	Azerbaijan	Finland	95	8	0	0	0	0	0	0
AZE	FRA	Azerbaijan	France	4883	322	0	0	0	0	0	0
AZE	GBR	Azerbaijan	United Kingdom of Great Britain and Northern Ireland	231	197	0	0	0	0	0	0
AZE	GEO	Azerbaijan	Georgia	0	5	0	0	0	0	0	0
AZE	GRC	Azerbaijan	Greece	5	16	0	0	0	0	0	0
AZE	HRV	Azerbaijan	Croatia	9	9	0	0	0	0	0	0
AZE	HUN	Azerbaijan	Hungary	19	0	0	0	0	0	0	0
AZE	IRL	Azerbaijan	Ireland	20	21	0	0	0	0	0	0
AZE	ISL	Azerbaijan	Iceland	5	0	0	0	0	0	0	0
AZE	ISR	Azerbaijan	Israel	0	54	0	0	0	0	0	0
AZE	ITA	Azerbaijan	Italy	128	62	0	0	0	0	0	0
AZE	LTU	Azerbaijan	Lithuania	29	5	0	0	0	0	0	0
AZE	LUX	Azerbaijan	Luxembourg	12	0	0	0	0	0	0	0
AZE	LVA	Azerbaijan	Latvia	24	5	0	0	0	0	0	0
AZE	MDA	Azerbaijan	Rep. of Moldova	5	21	0	0	0	0	0	0
AZE	NLD	Azerbaijan	Netherlands (Kingdom of the)	374	154	0	0	0	0	0	0
AZE	NOR	Azerbaijan	Norway	64	20	0	0	0	0	0	0
AZE	POL	Azerbaijan	Poland	267	29	0	0	0	0	0	0
AZE	PRT	Azerbaijan	Portugal	22	0	0	0	0	0	0	0
AZE	ROU	Azerbaijan	Romania	75	0	0	0	0	0	0	0
AZE	RUS	Azerbaijan	Russian Federation	32	6	0	0	0	0	0	0
AZE	SVK	Azerbaijan	Slovakia	25	0	0	0	0	0	0	0
AZE	SVN	Azerbaijan	Slovenia	5	10	0	0	0	0	0	0
AZE	SWE	Azerbaijan	Sweden	430	116	0	0	0	0	0	0
AZE	UKR	Azerbaijan	Ukraine	43	5	0	0	0	0	0	0
AZE	USA	Azerbaijan	United States of America	710	2910	0	0	0	0	0	0
BDI	AGO	Burundi	Angola	17	97	0	0	0	0	0	0
BDI	ARG	Burundi	Argentina	5	0	0	0	0	0	0	0
BDI	AUS	Burundi	Australia	8	32	0	0	0	0	0	0
BDI	AUT	Burundi	Austria	32	17	0	0	0	0	0	0
BDI	BDI	Burundi	Burundi	0	0	0	6877	0	0	1281	0
BDI	BEL	Burundi	Belgium	4098	1490	0	0	0	0	0	0
BDI	BEN	Burundi	Benin	5	5	0	0	0	0	0	0
BDI	BFA	Burundi	Burkina Faso	22	5	0	0	0	0	0	0
BDI	BRA	Burundi	Brazil	5	5	0	0	0	0	0	0
BDI	BWA	Burundi	Botswana	46	0	7	0	0	0	0	0
BDI	CAF	Burundi	Central African Rep.	26	0	0	0	0	0	0	0
BDI	CAN	Burundi	Canada	1299	1813	0	0	0	0	0	0
BDI	CHE	Burundi	Switzerland	311	610	6	0	0	0	0	0
BDI	CIV	Burundi	Cote d'Ivoire	34	0	0	0	0	0	0	0
BDI	CMR	Burundi	Cameroon	50	20	5	0	0	0	0	0
BDI	COD	Burundi	Dem. Rep. of the Congo	50716	162	2268	0	0	0	0	0
BDI	COG	Burundi	Congo	93	5	0	0	0	0	18	0
BDI	CYP	Burundi	Cyprus	5	98	0	0	0	0	0	0
BDI	CZE	Burundi	Czechia	5	0	0	0	0	0	0	0
BDI	DEU	Burundi	Germany	189	1507	0	0	0	0	0	0
BDI	DNK	Burundi	Denmark	184	0	0	0	0	0	0	0
BDI	EGY	Burundi	Egypt	57	176	0	0	0	0	0	0
BDI	ESP	Burundi	Spain	10	10	0	0	0	0	0	0
BDI	ETH	Burundi	Ethiopia	77	53	0	0	0	0	0	0
BDI	FIN	Burundi	Finland	11	0	0	0	0	0	0	0
BDI	FRA	Burundi	France	2445	112	0	0	0	0	0	0
BDI	GBR	Burundi	United Kingdom of Great Britain and Northern Ireland	68	19	0	0	0	0	0	0
BDI	GHA	Burundi	Ghana	14	10	0	0	0	0	0	0
BDI	GIN	Burundi	Guinea	5	0	0	0	0	0	0	0
BDI	GRC	Burundi	Greece	53	0	0	0	0	0	0	0
BDI	HRV	Burundi	Croatia	8	52	0	0	0	0	0	0
BDI	IRL	Burundi	Ireland	21	30	0	0	0	0	0	0
BDI	ITA	Burundi	Italy	25	7	0	0	0	0	0	0
BDI	JPN	Burundi	Japan	9	0	0	0	0	0	0	0
BDI	KAZ	Burundi	Kazakhstan	0	5	0	0	0	0	0	0
BDI	KEN	Burundi	Kenya	9605	22775	2459	0	0	0	0	0
BDI	KOR	Burundi	Rep. of Korea	56	193	0	0	0	0	0	0
BDI	LUX	Burundi	Luxembourg	0	20	0	0	0	0	0	0
BDI	MAR	Burundi	Morocco	6	0	0	0	0	0	0	0
BDI	MDA	Burundi	Rep. of Moldova	0	11	0	0	0	0	0	0
BDI	MLI	Burundi	Mali	17	0	0	0	0	0	0	0
BDI	MOZ	Burundi	Mozambique	1083	7476	12	0	0	0	799	0
BDI	MRT	Burundi	Mauritania	0	5	0	0	0	0	0	0
BDI	MUS	Burundi	Mauritius	0	20	0	0	0	0	0	0
BDI	MWI	Burundi	Malawi	6662	5751	90	0	0	0	0	0
BDI	NAM	Burundi	Namibia	361	55	0	0	0	0	0	0
BDI	NER	Burundi	Niger	0	9	0	0	0	0	0	0
BDI	NLD	Burundi	Netherlands (Kingdom of the)	180	19	0	0	0	0	0	0
BDI	NOR	Burundi	Norway	75	5	0	0	0	0	0	0
BDI	PHL	Burundi	Philippines	12	54	0	0	0	0	0	0
BDI	POL	Burundi	Poland	0	19	0	0	0	0	0	0
BDI	ROU	Burundi	Romania	8	0	0	0	0	0	0	0
BDI	RWA	Burundi	Rwanda	49597	32	125	0	0	0	2120	0
BDI	SDN	Burundi	Sudan	8	7	0	0	0	0	0	0
BDI	SEN	Burundi	Senegal	0	5	0	0	0	0	0	0
BDI	SRB	Burundi	Serbia and Kosovo: S/RES/1244 (1999)	11	7	0	0	0	0	31	0
BDI	SSD	Burundi	South Sudan	1064	534	0	0	0	0	0	0
BDI	SVK	Burundi	Slovakia	5	0	0	0	0	0	0	0
BDI	SVN	Burundi	Slovenia	85	22	0	0	0	0	0	0
BDI	SWE	Burundi	Sweden	562	13	0	0	0	0	0	0
BDI	SWZ	Burundi	Eswatini	201	231	0	0	0	0	0	0
BDI	TCD	Burundi	Chad	6	0	0	0	0	0	0	0
BDI	TGO	Burundi	Togo	5	0	0	0	0	0	0	0
BDI	TUN	Burundi	Tunisia	8	0	0	0	0	0	0	0
BDI	TZA	Burundi	United Rep. of Tanzania	136494	6001	13852	0	0	0	2024	0
BDI	UGA	Burundi	Uganda	41693	1277	2248	0	0	0	0	0
BDI	UKR	Burundi	Ukraine	5	0	0	0	0	0	0	0
BDI	USA	Burundi	United States of America	729	803	0	0	0	0	0	0
BDI	ZAF	Burundi	South Africa	2554	5621	64	0	0	0	0	0
BDI	ZMB	Burundi	Zambia	10912	3159	0	0	0	0	0	0
BDI	ZWE	Burundi	Zimbabwe	505	267	0	0	0	0	59	0
BEL	AUS	Belgium	Australia	0	19	0	0	0	0	0	0
BEL	BRA	Belgium	Brazil	0	8	0	0	0	0	0	0
BEL	CAN	Belgium	Canada	33	39	0	0	0	0	0	0
BEL	DEU	Belgium	Germany	7	0	0	0	0	0	0	0
BEL	GBR	Belgium	United Kingdom of Great Britain and Northern Ireland	47	0	0	0	0	0	0	0
BEL	NOR	Belgium	Norway	6	0	0	0	0	0	0	0
BEL	PER	Belgium	Peru	0	5	0	0	0	0	0	0
BEL	USA	Belgium	United States of America	0	116	0	0	0	0	0	0
BEN	AUT	Benin	Austria	8	21	0	0	0	0	0	0
BEN	BEL	Benin	Belgium	25	276	0	0	0	0	0	0
BEN	BEN	Benin	Benin	0	0	0	8785	0	0	0	0
BEN	BFA	Benin	Burkina Faso	11	11	0	0	0	0	0	0
BEN	BRA	Benin	Brazil	6	174	0	0	0	0	0	0
BEN	CAN	Benin	Canada	114	389	0	0	0	0	0	0
BEN	CHE	Benin	Switzerland	29	16	5	0	0	0	0	0
BEN	CIV	Benin	Cote d'Ivoire	0	5	0	0	0	0	0	0
BEN	DEU	Benin	Germany	148	852	0	0	0	0	0	0
BEN	DZA	Benin	Algeria	0	147	0	0	0	0	0	0
BEN	ESP	Benin	Spain	5	30	0	0	0	0	0	0
BEN	FRA	Benin	France	429	313	0	0	0	0	0	0
BEN	GBR	Benin	United Kingdom of Great Britain and Northern Ireland	22	41	0	0	0	0	0	0
BEN	GHA	Benin	Ghana	12	0	0	0	0	0	0	0
BEN	IRL	Benin	Ireland	5	0	0	0	0	0	0	0
BEN	ISR	Benin	Israel	0	23	0	0	0	0	0	0
BEN	ITA	Benin	Italy	133	672	0	0	0	0	0	0
BEN	LUX	Benin	Luxembourg	0	5	0	0	0	0	0	0
BEN	MAR	Benin	Morocco	0	17	0	0	0	0	0	0
BEN	MEX	Benin	Mexico	6	40	0	0	0	0	0	0
BEN	MRT	Benin	Mauritania	0	23	0	0	0	0	0	0
BEN	NLD	Benin	Netherlands (Kingdom of the)	6	30	0	0	0	0	0	0
BEN	POL	Benin	Poland	0	5	0	0	0	0	0	0
BEN	PRT	Benin	Portugal	5	5	0	0	0	0	0	0
BEN	SWE	Benin	Sweden	5	0	0	0	0	0	0	0
BEN	TCD	Benin	Chad	0	5	0	0	0	0	0	0
BEN	TGO	Benin	Togo	23	5	0	0	0	0	0	0
BEN	TUN	Benin	Tunisia	0	6	0	0	0	0	0	0
BEN	USA	Benin	United States of America	67	603	0	0	0	0	0	0
BEN	ZAF	Benin	South Africa	5	11	0	0	0	0	0	0
BFA	AUT	Burkina Faso	Austria	11	0	0	0	0	0	0	0
BFA	BEL	Burkina Faso	Belgium	94	282	0	0	0	0	0	0
BFA	BEN	Burkina Faso	Benin	8609	5152	0	0	0	0	0	0
BFA	BFA	Burkina Faso	Burkina Faso	0	0	0	2062534	0	0	0	0
BFA	BRA	Burkina Faso	Brazil	404	8	0	0	0	0	0	0
BFA	CAN	Burkina Faso	Canada	249	1028	0	0	0	0	0	0
BFA	CHE	Burkina Faso	Switzerland	28	38	0	0	0	0	0	0
BFA	CIV	Burkina Faso	Cote d'Ivoire	0	64486	0	0	0	0	0	0
BFA	CMR	Burkina Faso	Cameroon	16	66	0	0	0	0	0	0
BFA	COG	Burkina Faso	Congo	0	7	0	0	0	0	0	0
BFA	DEU	Burkina Faso	Germany	201	287	0	0	0	0	0	0
BFA	DZA	Burkina Faso	Algeria	16	197	0	0	0	0	0	0
BFA	ECU	Burkina Faso	Ecuador	5	0	0	0	0	0	0	0
BFA	ESP	Burkina Faso	Spain	536	185	0	0	0	0	0	0
BFA	FIN	Burkina Faso	Finland	0	5	0	0	0	0	0	0
BFA	FRA	Burkina Faso	France	1083	257	0	0	0	0	0	0
BFA	GBR	Burkina Faso	United Kingdom of Great Britain and Northern Ireland	26	18	0	0	0	0	0	0
BFA	GHA	Burkina Faso	Ghana	0	9443	0	0	0	0	0	0
BFA	GRC	Burkina Faso	Greece	29	17	0	0	0	0	0	0
BFA	ISR	Burkina Faso	Israel	0	11	0	0	0	0	0	0
BFA	ITA	Burkina Faso	Italy	5031	5294	0	0	0	0	0	0
BFA	JPN	Burkina Faso	Japan	5	0	0	0	0	0	0	0
BFA	LBR	Burkina Faso	Liberia	0	5	0	0	0	0	0	0
BFA	LUX	Burkina Faso	Luxembourg	0	5	0	0	0	0	0	0
BFA	MAR	Burkina Faso	Morocco	8	69	0	0	0	0	0	0
BFA	MEX	Burkina Faso	Mexico	19	124	0	0	0	0	0	0
BFA	MLI	Burkina Faso	Mali	93445	0	0	0	0	0	0	0
BFA	MLT	Burkina Faso	Malta	0	5	0	0	0	0	0	0
BFA	MRT	Burkina Faso	Mauritania	49	97	0	0	0	0	0	0
BFA	NER	Burkina Faso	Niger	0	38262	0	0	0	0	0	0
BFA	NLD	Burkina Faso	Netherlands (Kingdom of the)	9	18	0	0	0	0	0	0
BFA	PER	Burkina Faso	Peru	0	5	0	0	0	0	0	0
BFA	POL	Burkina Faso	Poland	0	5	0	0	0	0	0	0
BFA	PRT	Burkina Faso	Portugal	0	5	0	0	0	0	0	0
BFA	SEN	Burkina Faso	Senegal	0	9	0	0	0	0	0	0
BFA	SWE	Burkina Faso	Sweden	11	0	0	0	0	0	0	0
BFA	SYR	Burkina Faso	Syrian Arab Rep.	0	5	0	0	0	0	0	0
BFA	TGO	Burkina Faso	Togo	38535	969	0	0	0	0	0	0
BFA	TUN	Burkina Faso	Tunisia	15	40	0	0	0	0	0	0
BFA	USA	Burkina Faso	United States of America	1647	4276	0	0	0	0	0	0
BFA	ZAF	Burkina Faso	South Africa	0	15	0	0	0	0	0	0
BGD	AFG	Bangladesh	Afghanistan	0	5	0	0	0	0	0	0
BGD	ARG	Bangladesh	Argentina	5	22	0	0	0	0	0	0
BGD	AUS	Bangladesh	Australia	165	1614	0	0	0	0	6	0
BGD	AUT	Bangladesh	Austria	366	149	0	0	0	0	0	0
BGD	BEL	Bangladesh	Belgium	11	32	0	0	0	0	0	0
BGD	BGD	Bangladesh	Bangladesh	0	0	0	0	0	0	0	544641
BGD	BGR	Bangladesh	Bulgaria	5	24	0	0	0	0	0	0
BGD	BIH	Bangladesh	Bosnia and Herzegovina	0	0	0	0	0	0	23	0
BGD	BRA	Bangladesh	Brazil	47	449	0	0	0	0	0	0
BGD	CAN	Bangladesh	Canada	2918	19043	0	0	0	0	0	0
BGD	CHE	Bangladesh	Switzerland	44	13	0	0	0	0	0	0
BGD	CHL	Bangladesh	Chile	0	7	0	0	0	0	0	0
BGD	CMR	Bangladesh	Cameroon	0	5	0	0	0	0	0	0
BGD	COL	Bangladesh	Colombia	0	0	0	0	0	0	18	0
BGD	CRI	Bangladesh	Costa Rica	0	6	0	0	0	0	0	0
BGD	CYP	Bangladesh	Cyprus	20	70	0	0	0	0	0	0
BGD	CZE	Bangladesh	Czechia	0	5	0	0	0	0	0	0
BGD	DEU	Bangladesh	Germany	754	268	0	0	0	0	0	0
BGD	DNK	Bangladesh	Denmark	25	8	0	0	0	0	0	0
BGD	EGY	Bangladesh	Egypt	0	5	0	0	0	0	0	0
BGD	ESP	Bangladesh	Spain	43	460	0	0	0	0	0	0
BGD	FIN	Bangladesh	Finland	37	16	0	0	0	0	0	0
BGD	FRA	Bangladesh	France	11895	4960	0	0	0	0	0	0
BGD	GBR	Bangladesh	United Kingdom of Great Britain and Northern Ireland	3681	8023	0	0	0	0	0	0
BGD	GEO	Bangladesh	Georgia	5	5	0	0	0	0	0	0
BGD	GRC	Bangladesh	Greece	176	294	0	0	0	0	0	0
BGD	HKG	Bangladesh	China, Hong Kong SAR	20	0	0	0	0	0	0	0
BGD	HRV	Bangladesh	Croatia	10	25	0	0	0	0	7	0
BGD	HUN	Bangladesh	Hungary	11	0	0	0	0	0	0	0
BGD	IND	Bangladesh	India	9	0	0	0	0	0	0	0
BGD	IRL	Bangladesh	Ireland	103	1506	0	0	0	0	0	0
BGD	IRQ	Bangladesh	Iraq	0	5	0	0	0	0	0	0
BGD	ISL	Bangladesh	Iceland	5	0	0	0	0	0	0	0
BGD	ITA	Bangladesh	Italy	2899	41127	0	0	0	0	0	0
BGD	JPN	Bangladesh	Japan	21	0	0	0	0	0	0	0
BGD	KOR	Bangladesh	Rep. of Korea	132	1008	0	0	0	0	0	0
BGD	LBN	Bangladesh	Lebanon	0	263	0	0	0	0	23	0
BGD	LUX	Bangladesh	Luxembourg	5	0	0	0	0	0	0	0
BGD	LVA	Bangladesh	Latvia	0	11	0	0	0	0	0	0
BGD	MAR	Bangladesh	Morocco	0	10	0	0	0	0	0	0
BGD	MDA	Bangladesh	Rep. of Moldova	0	36	0	0	0	0	0	0
BGD	MEX	Bangladesh	Mexico	9	246	0	0	0	0	0	0
BGD	MLT	Bangladesh	Malta	12	25	0	0	0	0	0	0
BGD	MYS	Bangladesh	Malaysia	47	25	0	0	0	0	0	0
BGD	NLD	Bangladesh	Netherlands (Kingdom of the)	69	48	0	0	0	0	0	0
BGD	NOR	Bangladesh	Norway	32	10	0	0	0	0	0	0
BGD	NPL	Bangladesh	Nepal	0	16	0	0	0	0	0	0
BGD	NRU	Bangladesh	Nauru	0	72	0	0	0	0	0	0
BGD	NZL	Bangladesh	New Zealand	16	51	0	0	0	0	0	0
BGD	PER	Bangladesh	Peru	26	79	0	0	0	0	0	0
BGD	PNG	Bangladesh	Papua New Guinea	5	6	0	0	0	0	0	0
BGD	POL	Bangladesh	Poland	7	20	0	0	0	0	0	0
BGD	PRT	Bangladesh	Portugal	144	14	0	0	0	0	0	0
BGD	ROU	Bangladesh	Romania	8	11	0	0	0	0	0	0
BGD	RUS	Bangladesh	Russian Federation	5	7	0	0	0	0	0	0
BGD	SOM	Bangladesh	Somalia	6	0	0	0	0	0	0	0
BGD	SRB	Bangladesh	Serbia and Kosovo: S/RES/1244 (1999)	0	0	0	0	0	0	18	0
BGD	SWE	Bangladesh	Sweden	158	43	0	0	0	0	0	0
BGD	SYR	Bangladesh	Syrian Arab Rep.	0	5	0	0	0	0	0	0
BGD	TTO	Bangladesh	Trinidad and Tobago	7	44	0	0	0	0	0	0
BGD	UKR	Bangladesh	Ukraine	0	10	0	0	0	0	0	0
BGD	URY	Bangladesh	Uruguay	0	49	0	0	0	0	0	0
BGD	USA	Bangladesh	United States of America	4335	18480	0	0	0	0	0	0
BGD	ZAF	Bangladesh	South Africa	175	9396	0	0	0	0	0	0
BGR	AUS	Bulgaria	Australia	0	17	0	0	0	0	0	0
BGR	BEL	Bulgaria	Belgium	17	0	0	0	0	0	0	0
BGR	BRA	Bulgaria	Brazil	0	6	0	0	0	0	0	0
BGR	CAN	Bulgaria	Canada	94	63	0	0	0	0	0	0
BGR	CHE	Bulgaria	Switzerland	5	0	0	0	0	0	0	0
BGR	CRI	Bulgaria	Costa Rica	7	5	0	0	0	0	0	0
BGR	DEU	Bulgaria	Germany	109	0	0	0	0	0	0	0
BGR	DNK	Bulgaria	Denmark	5	0	0	0	0	0	0	0
BGR	FIN	Bulgaria	Finland	5	0	0	0	0	0	0	0
BGR	FRA	Bulgaria	France	61	0	0	0	0	0	0	0
BGR	GBR	Bulgaria	United Kingdom of Great Britain and Northern Ireland	0	15	0	0	0	0	0	0
BGR	JOR	Bulgaria	Jordan	0	0	0	0	0	0	5	0
BGR	NLD	Bulgaria	Netherlands (Kingdom of the)	8	0	0	0	0	0	0	0
BGR	NOR	Bulgaria	Norway	24	5	0	0	0	0	0	0
BGR	SVK	Bulgaria	Slovakia	8	0	0	0	0	0	0	0
BGR	SWE	Bulgaria	Sweden	23	0	0	0	0	0	0	0
BGR	USA	Bulgaria	United States of America	132	310	0	0	0	0	0	0
BGR	ZAF	Bulgaria	South Africa	0	5	0	0	0	0	0	0
BHR	AUS	Bahrain	Australia	7	11	0	0	0	0	0	0
BHR	CAN	Bahrain	Canada	23	31	0	0	0	0	0	0
BHR	DEU	Bahrain	Germany	43	12	0	0	0	0	0	0
BHR	FRA	Bahrain	France	31	0	0	0	0	0	0	0
BHR	GBR	Bahrain	United Kingdom of Great Britain and Northern Ireland	105	179	0	0	0	0	0	0
BHR	IRL	Bahrain	Ireland	11	0	0	0	0	0	0	0
BHR	IRQ	Bahrain	Iraq	0	5	0	0	0	0	0	0
BHR	LBN	Bahrain	Lebanon	12	6	0	0	0	0	0	0
BHR	NLD	Bahrain	Netherlands (Kingdom of the)	18	5	0	0	0	0	0	0
BHR	NZL	Bahrain	New Zealand	10	0	0	0	0	0	0	0
BHR	SWE	Bahrain	Sweden	5	0	0	0	0	0	0	0
BHR	SYR	Bahrain	Syrian Arab Rep.	6	0	0	0	0	0	0	0
BHR	USA	Bahrain	United States of America	18	76	0	0	0	0	0	0
BHS	CAN	Bahamas	Canada	1274	839	0	0	0	0	0	0
BHS	GBR	Bahamas	United Kingdom of Great Britain and Northern Ireland	0	5	0	0	0	0	0	0
BHS	USA	Bahamas	United States of America	175	1758	0	0	0	0	0	0
BHS	ZAF	Bahamas	South Africa	0	5	0	0	0	0	0	0
BIH	ARG	Bosnia and Herzegovina	Argentina	6	0	0	0	0	0	0	0
BIH	AUS	Bosnia and Herzegovina	Australia	0	7	0	0	0	0	0	0
BIH	AUT	Bosnia and Herzegovina	Austria	32	5	0	0	0	0	0	0
BIH	BEL	Bosnia and Herzegovina	Belgium	32	64	0	0	0	0	0	0
BIH	BIH	Bosnia and Herzegovina	Bosnia and Herzegovina	0	0	0	94796	0	0	0	0
BIH	CAN	Bosnia and Herzegovina	Canada	5	12	0	0	0	0	0	0
BIH	CHE	Bosnia and Herzegovina	Switzerland	1245	8	10	0	0	0	0	0
BIH	CYP	Bosnia and Herzegovina	Cyprus	15	0	0	0	0	0	0	0
BIH	CZE	Bosnia and Herzegovina	Czechia	5	0	0	0	0	0	0	0
BIH	DEU	Bosnia and Herzegovina	Germany	1202	384	0	0	0	0	0	0
BIH	DNK	Bosnia and Herzegovina	Denmark	5734	0	0	0	0	0	0	0
BIH	ESP	Bosnia and Herzegovina	Spain	485	5	0	0	0	0	0	0
BIH	FRA	Bosnia and Herzegovina	France	6876	43	0	0	0	0	0	0
BIH	GBR	Bosnia and Herzegovina	United Kingdom of Great Britain and Northern Ireland	6	0	0	0	0	0	0	0
BIH	ITA	Bosnia and Herzegovina	Italy	84	178	0	0	0	0	0	0
BIH	JOR	Bosnia and Herzegovina	Jordan	9	0	0	0	0	0	0	0
BIH	LUX	Bosnia and Herzegovina	Luxembourg	5	0	0	0	0	0	0	0
BIH	NLD	Bosnia and Herzegovina	Netherlands (Kingdom of the)	1081	0	0	0	0	0	0	0
BIH	NOR	Bosnia and Herzegovina	Norway	934	0	0	0	0	0	0	0
BIH	POL	Bosnia and Herzegovina	Poland	5	0	0	0	0	0	0	0
BIH	SRB	Bosnia and Herzegovina	Serbia and Kosovo: S/RES/1244 (1999)	7810	0	0	0	0	0	0	0
BIH	SVK	Bosnia and Herzegovina	Slovakia	36	0	0	0	0	0	0	0
BIH	SVN	Bosnia and Herzegovina	Slovenia	7	0	0	0	0	0	0	0
BIH	SWE	Bosnia and Herzegovina	Sweden	1121	6	0	0	0	0	0	0
BIH	USA	Bosnia and Herzegovina	United States of America	86	249	0	0	0	0	0	0
BLR	ARG	Belarus	Argentina	5	81	0	0	0	0	0	0
BLR	ARM	Belarus	Armenia	5	5	0	0	0	0	0	0
BLR	AUS	Belarus	Australia	0	15	0	0	0	0	0	0
BLR	AUT	Belarus	Austria	79	17	0	0	0	0	0	0
BLR	BEL	Belarus	Belgium	130	151	0	0	0	0	0	0
BLR	BGR	Belarus	Bulgaria	20	5	0	0	0	0	0	0
BLR	BRA	Belarus	Brazil	5	17	0	0	0	0	0	0
BLR	CAN	Belarus	Canada	26	55	0	0	0	0	0	0
BLR	CHE	Belarus	Switzerland	172	28	24	0	0	0	0	0
BLR	CHN	Belarus	China	0	5	0	0	0	0	0	0
BLR	CRI	Belarus	Costa Rica	5	5	0	0	0	0	0	0
BLR	CYP	Belarus	Cyprus	27	0	0	0	0	0	0	0
BLR	CZE	Belarus	Czechia	245	26	0	0	0	0	0	0
BLR	DEU	Belarus	Germany	1327	463	0	0	0	0	0	0
BLR	DNK	Belarus	Denmark	21	25	0	0	0	0	0	0
BLR	ESP	Belarus	Spain	439	415	0	0	0	0	0	0
BLR	EST	Belarus	Estonia	45	7	0	0	0	0	0	0
BLR	FIN	Belarus	Finland	45	10	0	0	0	0	0	0
BLR	FRA	Belarus	France	1086	109	0	0	0	0	0	0
BLR	GBR	Belarus	United Kingdom of Great Britain and Northern Ireland	88	41	0	0	0	0	0	0
BLR	GEO	Belarus	Georgia	0	19	0	0	0	0	0	0
BLR	GRC	Belarus	Greece	11	0	0	0	0	0	0	0
BLR	HRV	Belarus	Croatia	19	5	0	0	0	0	0	0
BLR	HUN	Belarus	Hungary	9	0	0	0	0	0	0	0
BLR	IRL	Belarus	Ireland	44	26	0	0	0	0	0	0
BLR	ISL	Belarus	Iceland	13	5	0	0	0	0	0	0
BLR	ISR	Belarus	Israel	5	1085	0	0	0	0	0	0
BLR	ITA	Belarus	Italy	201	210	0	0	0	0	0	0
BLR	KOR	Belarus	Rep. of Korea	0	12	0	0	0	0	0	0
BLR	LKA	Belarus	Sri Lanka	0	5	0	0	0	0	0	0
BLR	LTU	Belarus	Lithuania	702	166	0	0	0	0	0	0
BLR	LUX	Belarus	Luxembourg	5	10	0	0	0	0	0	0
BLR	LVA	Belarus	Latvia	173	13	0	0	0	0	0	0
BLR	MDA	Belarus	Rep. of Moldova	5	24	0	0	0	0	0	0
BLR	MEX	Belarus	Mexico	0	5	0	0	0	0	0	0
BLR	MNE	Belarus	Montenegro	12	7	0	0	0	0	0	0
BLR	NLD	Belarus	Netherlands (Kingdom of the)	145	60	0	0	0	0	0	0
BLR	NOR	Belarus	Norway	36	11	0	0	0	0	0	0
BLR	PAN	Belarus	Panama	7	0	0	0	0	0	0	0
BLR	PER	Belarus	Peru	0	5	0	0	0	0	0	0
BLR	POL	Belarus	Poland	10035	2085	0	0	0	0	0	0
BLR	PRT	Belarus	Portugal	429	5	0	0	0	0	0	0
BLR	ROU	Belarus	Romania	65	0	0	0	0	0	0	0
BLR	RUS	Belarus	Russian Federation	11	5	0	0	0	0	0	0
BLR	SRB	Belarus	Serbia and Kosovo: S/RES/1244 (1999)	0	7	0	0	0	0	0	0
BLR	SVK	Belarus	Slovakia	60	9	0	0	0	0	0	0
BLR	SVN	Belarus	Slovenia	10	0	0	0	0	0	0	0
BLR	SWE	Belarus	Sweden	113	24	0	0	0	0	0	0
BLR	UKR	Belarus	Ukraine	55	37	0	0	0	0	0	0
BLR	USA	Belarus	United States of America	1769	7467	0	0	0	0	0	0
BLZ	CAN	Belize	Canada	8	7	0	0	0	0	0	0
BLZ	CRI	Belize	Costa Rica	0	5	0	0	0	0	0	0
BLZ	GBR	Belize	United Kingdom of Great Britain and Northern Ireland	0	5	0	0	0	0	0	0
BLZ	GTM	Belize	Guatemala	0	5	0	0	0	0	0	0
BLZ	IRL	Belize	Ireland	0	5	0	0	0	0	0	0
BLZ	MEX	Belize	Mexico	47	82	0	0	0	0	0	0
BLZ	USA	Belize	United States of America	49	1291	0	0	0	0	0	0
BMU	USA	Bermuda	United States of America	5	94	0	0	0	0	0	0
BOL	ARG	Bolivia (Plurinational State of)	Argentina	55	18	0	0	0	0	0	0
BOL	AUS	Bolivia (Plurinational State of)	Australia	0	7	0	0	0	0	0	0
BOL	BRA	Bolivia (Plurinational State of)	Brazil	38	161	0	0	0	0	0	0
BOL	CAN	Bolivia (Plurinational State of)	Canada	67	107	0	0	0	0	0	0
BOL	CHE	Bolivia (Plurinational State of)	Switzerland	5	0	0	0	0	0	0	0
BOL	CHL	Bolivia (Plurinational State of)	Chile	0	8	0	0	0	0	0	0
BOL	COL	Bolivia (Plurinational State of)	Colombia	5	0	0	0	0	0	0	0
BOL	CRI	Bolivia (Plurinational State of)	Costa Rica	8	27	0	0	0	0	0	0
BOL	DEU	Bolivia (Plurinational State of)	Germany	7	5	0	0	0	0	0	0
BOL	ECU	Bolivia (Plurinational State of)	Ecuador	5	0	0	0	0	0	0	0
BOL	ESP	Bolivia (Plurinational State of)	Spain	14	225	0	0	0	0	0	0
BOL	FRA	Bolivia (Plurinational State of)	France	70	7	0	0	0	0	0	0
BOL	GBR	Bolivia (Plurinational State of)	United Kingdom of Great Britain and Northern Ireland	26	146	0	0	0	0	0	0
BOL	IRL	Bolivia (Plurinational State of)	Ireland	53	139	0	0	0	0	0	0
BOL	ITA	Bolivia (Plurinational State of)	Italy	8	29	0	0	0	0	0	0
BOL	MEX	Bolivia (Plurinational State of)	Mexico	5	76	0	0	0	0	0	0
BOL	NLD	Bolivia (Plurinational State of)	Netherlands (Kingdom of the)	5	0	0	0	0	0	0	0
BOL	PER	Bolivia (Plurinational State of)	Peru	20	94	0	0	0	0	0	0
BOL	PRY	Bolivia (Plurinational State of)	Paraguay	21	36	0	0	0	0	0	0
BOL	RUS	Bolivia (Plurinational State of)	Russian Federation	5	0	0	0	0	0	0	0
BOL	SWE	Bolivia (Plurinational State of)	Sweden	58	5	0	0	0	0	0	0
BOL	SXM	Bolivia (Plurinational State of)	Sint Maarten (Dutch part)	0	5	0	0	0	0	0	0
BOL	URY	Bolivia (Plurinational State of)	Uruguay	6	16	0	0	0	0	0	0
BOL	USA	Bolivia (Plurinational State of)	United States of America	131	5969	0	0	0	0	0	0
BRA	ARG	Brazil	Argentina	0	198	0	0	0	0	0	0
BRA	AUS	Brazil	Australia	7	357	0	0	0	0	0	0
BRA	AUT	Brazil	Austria	0	6	0	0	0	0	0	0
BRA	BEL	Brazil	Belgium	27	87	0	0	0	0	0	0
BRA	BOL	Brazil	Bolivia (Plurinational State of)	0	5	0	0	0	0	0	0
BRA	CAN	Brazil	Canada	941	1729	0	0	0	0	0	0
BRA	CHE	Brazil	Switzerland	18	0	39	0	0	0	0	0
BRA	CRI	Brazil	Costa Rica	0	155	0	0	0	0	0	0
BRA	DEU	Brazil	Germany	40	106	0	0	0	0	0	0
BRA	DNK	Brazil	Denmark	5	0	0	0	0	0	0	0
BRA	ECU	Brazil	Ecuador	7	0	0	0	0	0	0	0
BRA	ESP	Brazil	Spain	94	1015	0	0	0	0	0	0
BRA	FRA	Brazil	France	154	132	0	0	0	0	0	0
BRA	GBR	Brazil	United Kingdom of Great Britain and Northern Ireland	90	2304	0	0	0	0	0	0
BRA	GRC	Brazil	Greece	0	13	0	0	0	0	0	0
BRA	GTM	Brazil	Guatemala	0	5	0	0	0	0	0	0
BRA	IRL	Brazil	Ireland	60	355	0	0	0	0	0	0
BRA	ISR	Brazil	Israel	0	16	0	0	0	0	0	0
BRA	ITA	Brazil	Italy	382	1066	0	0	0	0	0	0
BRA	KOR	Brazil	Rep. of Korea	0	14	0	0	0	0	0	0
BRA	LUX	Brazil	Luxembourg	0	5	0	0	0	0	0	0
BRA	MEX	Brazil	Mexico	560	7870	0	0	0	0	0	0
BRA	NLD	Brazil	Netherlands (Kingdom of the)	9	15	0	0	0	0	0	0
BRA	NOR	Brazil	Norway	6	5	0	0	0	0	0	0
BRA	PER	Brazil	Peru	5	63	0	0	0	0	0	0
BRA	POL	Brazil	Poland	5	0	0	0	0	0	0	0
BRA	PRT	Brazil	Portugal	20	31	0	0	0	0	0	0
BRA	PRY	Brazil	Paraguay	5	16	0	0	0	0	0	0
BRA	SWE	Brazil	Sweden	12	13	0	0	0	0	0	0
BRA	TTO	Brazil	Trinidad and Tobago	0	5	0	0	0	0	0	0
BRA	URY	Brazil	Uruguay	6	56	0	0	0	0	0	0
BRA	USA	Brazil	United States of America	2619	70508	0	0	0	0	0	0
BRB	CAN	Barbados	Canada	397	604	0	0	0	0	0	0
BRB	GBR	Barbados	United Kingdom of Great Britain and Northern Ireland	18	11	0	0	0	0	0	0
BRB	USA	Barbados	United States of America	0	5	0	0	0	0	0	0
BRN	AUS	Brunei Darussalam	Australia	0	71	0	0	0	0	0	0
BTN	AUS	Bhutan	Australia	5	14	0	0	0	0	0	0
BTN	BRA	Bhutan	Brazil	21	0	0	0	0	0	0	0
BTN	CAN	Bhutan	Canada	5	10	0	0	0	0	0	0
BTN	DEU	Bhutan	Germany	18	0	0	0	0	0	0	0
BTN	DNK	Bhutan	Denmark	719	0	0	0	0	0	0	0
BTN	FRA	Bhutan	France	180	10	0	0	0	0	0	0
BTN	GBR	Bhutan	United Kingdom of Great Britain and Northern Ireland	6	5	0	0	0	0	0	0
BTN	NLD	Bhutan	Netherlands (Kingdom of the)	27	0	0	0	0	0	0	0
BTN	NOR	Bhutan	Norway	45	0	0	0	0	0	0	0
BTN	NPL	Bhutan	Nepal	6365	0	0	0	0	0	0	0
BTN	USA	Bhutan	United States of America	42	484	0	0	0	0	0	0
BWA	AUS	Botswana	Australia	0	12	0	0	0	0	0	0
BWA	BRA	Botswana	Brazil	0	5	0	0	0	0	0	0
BWA	BWA	Botswana	Botswana	0	0	0	0	0	0	29	0
BWA	CAN	Botswana	Canada	8	20	0	0	0	0	0	0
BWA	DEU	Botswana	Germany	5	8	0	0	0	0	0	0
BWA	GBR	Botswana	United Kingdom of Great Britain and Northern Ireland	87	535	0	0	0	0	0	0
BWA	IRL	Botswana	Ireland	144	662	0	0	0	0	0	0
BWA	ISR	Botswana	Israel	0	7	0	0	0	0	0	0
BWA	NLD	Botswana	Netherlands (Kingdom of the)	5	0	0	0	0	0	0	0
BWA	USA	Botswana	United States of America	0	82	0	0	0	0	0	0
CAF	AGO	Central African Rep.	Angola	7	77	0	0	0	0	0	0
CAF	BDI	Central African Rep.	Burundi	10	0	0	0	0	0	0	0
CAF	BEL	Central African Rep.	Belgium	70	20	0	0	0	0	0	0
CAF	BEN	Central African Rep.	Benin	1271	216	0	0	0	0	0	0
CAF	BFA	Central African Rep.	Burkina Faso	127	24	5	0	0	0	0	0
CAF	CAF	Central African Rep.	Central African Rep.	0	0	0	469342	151765	0	0	0
CAF	CAN	Central African Rep.	Canada	59	86	0	0	0	0	0	0
CAF	CHE	Central African Rep.	Switzerland	21	5	0	0	0	0	0	0
CAF	CIV	Central African Rep.	Cote d'Ivoire	604	88	8	0	0	0	0	0
CAF	CMR	Central African Rep.	Cameroon	292488	5130	8675	0	0	0	724	0
CAF	COD	Central African Rep.	Dem. Rep. of the Congo	206177	77	9321	0	0	0	11	0
CAF	COG	Central African Rep.	Congo	29975	5246	46	0	0	0	2906	0
CAF	CYP	Central African Rep.	Cyprus	5	5	0	0	0	0	0	0
CAF	DEU	Central African Rep.	Germany	48	14	0	0	0	0	0	0
CAF	DNK	Central African Rep.	Denmark	18	0	0	0	0	0	0	0
CAF	DZA	Central African Rep.	Algeria	95	100	0	0	0	0	0	0
CAF	EGY	Central African Rep.	Egypt	40	52	0	0	0	0	0	0
CAF	ESP	Central African Rep.	Spain	171	225	0	0	0	0	0	0
CAF	ETH	Central African Rep.	Ethiopia	0	7	0	0	0	0	0	0
CAF	FIN	Central African Rep.	Finland	5	0	0	0	0	0	0	0
CAF	FRA	Central African Rep.	France	7088	282	0	0	0	0	0	0
CAF	GAB	Central African Rep.	Gabon	17	12	0	0	0	0	0	0
CAF	GBR	Central African Rep.	United Kingdom of Great Britain and Northern Ireland	18	0	0	0	0	0	0	0
CAF	GHA	Central African Rep.	Ghana	202	26	0	0	0	0	0	0
CAF	GIN	Central African Rep.	Guinea	36	0	0	0	0	0	0	0
CAF	GMB	Central African Rep.	Gambia	13	0	0	0	0	0	0	0
CAF	GRC	Central African Rep.	Greece	5	0	0	0	0	0	0	0
CAF	HKG	Central African Rep.	China, Hong Kong SAR	5	0	0	0	0	0	0	0
CAF	ISR	Central African Rep.	Israel	0	15	0	0	0	0	0	0
CAF	ITA	Central African Rep.	Italy	94	24	0	0	0	0	0	0
CAF	JOR	Central African Rep.	Jordan	9	0	0	0	0	0	0	0
CAF	KEN	Central African Rep.	Kenya	0	14	0	0	0	0	0	0
CAF	LBR	Central African Rep.	Liberia	5	0	0	0	0	0	0	0
CAF	MAR	Central African Rep.	Morocco	478	815	0	0	0	0	0	0
CAF	MLI	Central African Rep.	Mali	1385	117	16	0	0	0	0	0
CAF	MOZ	Central African Rep.	Mozambique	0	8	0	0	0	0	0	0
CAF	MRT	Central African Rep.	Mauritania	449	84	8	0	0	0	0	0
CAF	MUS	Central African Rep.	Mauritius	5	0	0	0	0	0	0	0
CAF	MYS	Central African Rep.	Malaysia	5	0	0	0	0	0	0	0
CAF	NER	Central African Rep.	Niger	140	86	0	0	0	0	0	0
CAF	NGA	Central African Rep.	Nigeria	981	218	0	0	0	0	0	0
CAF	NLD	Central African Rep.	Netherlands (Kingdom of the)	11	12	0	0	0	0	0	0
CAF	NOR	Central African Rep.	Norway	68	0	0	0	0	0	0	0
CAF	PHL	Central African Rep.	Philippines	0	6	0	0	0	0	0	0
CAF	POL	Central African Rep.	Poland	5	0	0	0	0	0	0	0
CAF	PRT	Central African Rep.	Portugal	6	0	0	0	0	0	0	0
CAF	ROU	Central African Rep.	Romania	5	0	0	0	0	0	0	0
CAF	SDN	Central African Rep.	Sudan	10053	5	1565	0	0	0	0	0
CAF	SEN	Central African Rep.	Senegal	252	509	0	0	0	0	0	0
CAF	SSD	Central African Rep.	South Sudan	2756	5	0	0	0	0	0	0
CAF	SWE	Central African Rep.	Sweden	179	0	0	0	0	0	0	0
CAF	TCD	Central African Rep.	Chad	137683	4111	225	0	0	0	0	0
CAF	TGO	Central African Rep.	Togo	129	78	6	0	0	0	0	0
CAF	TUN	Central African Rep.	Tunisia	18	89	0	0	0	0	0	0
CAF	UGA	Central African Rep.	Uganda	28	21	0	0	0	0	0	0
CAF	USA	Central African Rep.	United States of America	160	157	0	0	0	0	0	0
CAF	ZAF	Central African Rep.	South Africa	9	5	0	0	0	0	0	0
CAF	ZMB	Central African Rep.	Zambia	0	5	0	0	0	0	0	0
CAF	ZWE	Central African Rep.	Zimbabwe	0	6	0	0	0	0	0	0
CAN	AUS	Canada	Australia	0	14	0	0	0	0	0	0
CAN	AUT	Canada	Austria	7	0	0	0	0	0	0	0
CAN	BEL	Canada	Belgium	0	5	0	0	0	0	0	0
CAN	BRA	Canada	Brazil	0	8	0	0	0	0	0	0
CAN	CHE	Canada	Switzerland	5	0	0	0	0	0	0	0
CAN	CRI	Canada	Costa Rica	0	8	0	0	0	0	0	0
CAN	DEU	Canada	Germany	65	0	0	0	0	0	0	0
CAN	ESP	Canada	Spain	41	5	0	0	0	0	0	0
CAN	FIN	Canada	Finland	5	0	0	0	0	0	0	0
CAN	FRA	Canada	France	5	0	0	0	0	0	0	0
CAN	GBR	Canada	United Kingdom of Great Britain and Northern Ireland	17	26	0	0	0	0	0	0
CAN	HRV	Canada	Croatia	5	0	0	0	0	0	0	0
CAN	HUN	Canada	Hungary	8	0	0	0	0	0	0	0
CAN	IRL	Canada	Ireland	5	0	0	0	0	0	0	0
CAN	LVA	Canada	Latvia	6	0	0	0	0	0	0	0
CAN	MEX	Canada	Mexico	0	12	0	0	0	0	0	0
CAN	NLD	Canada	Netherlands (Kingdom of the)	7	0	0	0	0	0	0	0
CAN	NOR	Canada	Norway	9	0	0	0	0	0	0	0
CAN	PER	Canada	Peru	0	6	0	0	0	0	0	0
CAN	POL	Canada	Poland	20	0	0	0	0	0	0	0
CAN	PRT	Canada	Portugal	25	5	0	0	0	0	0	0
CAN	ROU	Canada	Romania	16	0	0	0	0	0	0	0
CAN	RUS	Canada	Russian Federation	21	0	0	0	0	0	0	0
CAN	SVN	Canada	Slovenia	5	0	0	0	0	0	0	0
CAN	SWE	Canada	Sweden	8	0	0	0	0	0	0	0
CAN	USA	Canada	United States of America	29	262	0	0	0	0	0	0
CHE	BRA	Switzerland	Brazil	0	12	0	0	0	0	0	0
CHE	CAN	Switzerland	Canada	5	5	0	0	0	0	0	0
CHE	PER	Switzerland	Peru	0	5	0	0	0	0	0	0
CHE	USA	Switzerland	United States of America	0	28	0	0	0	0	0	0
CHL	ARG	Chile	Argentina	34	6	0	0	0	0	0	0
CHL	AUS	Chile	Australia	12	97	0	0	0	0	0	0
CHL	BEL	Chile	Belgium	39	0	0	0	0	0	0	0
CHL	BOL	Chile	Bolivia (Plurinational State of)	0	5	0	0	0	0	0	0
CHL	BRA	Chile	Brazil	0	73	0	0	0	0	0	0
CHL	CAN	Chile	Canada	1412	2777	0	0	0	0	0	0
CHL	CHE	Chile	Switzerland	10	0	5	0	0	0	0	0
CHL	CRI	Chile	Costa Rica	0	62	0	0	0	0	0	0
CHL	DEU	Chile	Germany	147	34	0	0	0	0	0	0
CHL	DNK	Chile	Denmark	48	0	0	0	0	0	0	0
CHL	ECU	Chile	Ecuador	8	5	0	0	0	0	0	0
CHL	ESP	Chile	Spain	351	660	0	0	0	0	0	0
CHL	FRA	Chile	France	165	13	0	0	0	0	0	0
CHL	GBR	Chile	United Kingdom of Great Britain and Northern Ireland	5	7	0	0	0	0	0	0
CHL	GTM	Chile	Guatemala	0	9	0	0	0	0	0	0
CHL	IRL	Chile	Ireland	5	24	0	0	0	0	0	0
CHL	ISL	Chile	Iceland	5	0	0	0	0	0	0	0
CHL	ITA	Chile	Italy	21	135	0	0	0	0	0	0
CHL	LUX	Chile	Luxembourg	0	5	0	0	0	0	0	0
CHL	MEX	Chile	Mexico	725	7764	0	0	0	0	0	0
CHL	NLD	Chile	Netherlands (Kingdom of the)	105	7	0	0	0	0	0	0
CHL	NOR	Chile	Norway	424	0	0	0	0	0	0	0
CHL	NZL	Chile	New Zealand	5	5	0	0	0	0	0	0
CHL	PER	Chile	Peru	0	62	0	0	0	0	547	0
CHL	PRY	Chile	Paraguay	0	6	0	0	0	0	0	0
CHL	SWE	Chile	Sweden	1131	5	0	0	0	0	0	0
CHL	URY	Chile	Uruguay	0	20	0	0	0	0	0	0
CHL	USA	Chile	United States of America	147	12653	0	0	0	0	0	0
CHL	VEN	Chile	Venezuela (Bolivarian Republic of)	10	0	0	0	0	0	0	0
CHN	ALB	China	Albania	14	0	0	0	0	0	0	0
CHN	ARG	China	Argentina	0	28	0	0	0	0	0	0
CHN	ARM	China	Armenia	0	5	0	0	0	0	0	0
CHN	AUS	China	Australia	847	14003	0	0	0	0	0	0
CHN	AUT	China	Austria	664	275	0	0	0	0	0	0
CHN	BEL	China	Belgium	831	10	0	0	0	0	0	0
CHN	BIH	China	Bosnia and Herzegovina	0	5	0	0	0	0	8	0
CHN	BRA	China	Brazil	43	1220	0	0	0	0	0	0
CHN	CAN	China	Canada	4958	4959	0	0	0	0	0	0
CHN	CHE	China	Switzerland	1921	105	16	0	0	0	0	0
CHN	CRI	China	Costa Rica	0	587	0	0	0	0	0	0
CHN	CYP	China	Cyprus	5	5	0	0	0	0	0	0
CHN	CZE	China	Czechia	85	5	0	0	0	0	0	0
CHN	DEU	China	Germany	2325	1238	0	0	0	0	0	0
CHN	DNK	China	Denmark	80	10	0	0	0	0	0	0
CHN	EGY	China	Egypt	11	37	0	0	0	0	0	0
CHN	ESP	China	Spain	197	380	0	0	0	0	0	0
CHN	FIN	China	Finland	199	52	0	0	0	0	0	0
CHN	FRA	China	France	14101	568	0	0	0	0	0	0
CHN	GBR	China	United Kingdom of Great Britain and Northern Ireland	1081	2471	0	0	0	0	0	0
CHN	GRC	China	Greece	63	172	0	0	0	0	0	0
CHN	GTM	China	Guatemala	5	0	0	0	0	0	0	0
CHN	HRV	China	Croatia	0	6	0	0	0	0	0	0
CHN	HUN	China	Hungary	18	0	0	0	0	0	0	0
CHN	IDN	China	Indonesia	7	10	0	0	0	0	0	0
CHN	IND	China	India	63169	0	0	0	0	0	0	0
CHN	IRL	China	Ireland	64	92	0	0	0	0	0	0
CHN	ISR	China	Israel	0	159	0	0	0	0	0	0
CHN	ITA	China	Italy	585	2641	0	0	0	0	0	0
CHN	JPN	China	Japan	97	0	0	0	0	0	0	0
CHN	KAZ	China	Kazakhstan	5	5	0	0	0	0	0	0
CHN	KOR	China	Rep. of Korea	55	2441	0	0	0	0	0	0
CHN	LIE	China	Liechtenstein	25	0	0	0	0	0	0	0
CHN	LUX	China	Luxembourg	7	5	0	0	0	0	0	0
CHN	LVA	China	Latvia	5	0	0	0	0	0	0	0
CHN	MAR	China	Morocco	5	0	0	0	0	0	0	0
CHN	MEX	China	Mexico	0	90	0	0	0	0	0	0
CHN	MKD	China	North Macedonia	0	5	0	0	0	0	0	0
CHN	MLT	China	Malta	6	5	0	0	0	0	0	0
CHN	MNG	China	Mongolia	5	5	0	0	0	0	0	0
CHN	MRT	China	Mauritania	5	0	0	0	0	0	0	0
CHN	MYS	China	Malaysia	16	13	0	0	0	0	0	0
CHN	NLD	China	Netherlands (Kingdom of the)	910	509	0	0	0	0	0	0
CHN	NOR	China	Norway	202	60	0	0	0	0	0	0
CHN	NRU	China	Nauru	0	7	0	0	0	0	0	0
CHN	NZL	China	New Zealand	388	574	0	0	0	0	0	0
CHN	PAK	China	Pakistan	0	17	0	0	0	0	0	0
CHN	PER	China	Peru	0	29	0	0	0	0	0	0
CHN	PHL	China	Philippines	8	24	0	0	0	0	0	0
CHN	POL	China	Poland	59	5	0	0	0	0	0	0
CHN	PRT	China	Portugal	57	68	0	0	0	0	0	0
CHN	ROU	China	Romania	39	0	0	0	0	0	0	0
CHN	RUS	China	Russian Federation	5	5	0	0	0	0	0	0
CHN	SAU	China	Saudi Arabia	14	14	0	0	0	0	0	0
CHN	SVK	China	Slovakia	15	0	0	0	0	0	0	0
CHN	SWE	China	Sweden	191	19	0	0	0	0	0	0
CHN	THA	China	Thailand	128	64	0	0	0	0	0	0
CHN	TTO	China	Trinidad and Tobago	0	32	0	0	0	0	0	0
CHN	UKR	China	Ukraine	0	5	0	0	0	0	0	0
CHN	USA	China	United States of America	60044	147909	0	0	0	0	0	0
CHN	ZAF	China	South Africa	0	7	0	0	0	0	0	0
CIV	AGO	Cote d'Ivoire	Angola	417	5940	0	0	0	0	0	0
CIV	ARG	Cote d'Ivoire	Argentina	18	0	0	0	0	0	0	0
CIV	ARM	Cote d'Ivoire	Armenia	6	0	0	0	0	0	0	0
CIV	AUS	Cote d'Ivoire	Australia	0	5	0	0	0	0	0	0
CIV	AUT	Cote d'Ivoire	Austria	36	7	0	0	0	0	0	0
CIV	BEL	Cote d'Ivoire	Belgium	291	617	0	0	0	0	0	0
CIV	BEN	Cote d'Ivoire	Benin	0	29	0	0	0	0	0	0
CIV	BFA	Cote d'Ivoire	Burkina Faso	5	0	0	0	0	0	0	0
CIV	BGR	Cote d'Ivoire	Bulgaria	6	0	0	0	0	0	0	0
CIV	BOL	Cote d'Ivoire	Bolivia (Plurinational State of)	5	0	0	0	0	0	0	0
CIV	BRA	Cote d'Ivoire	Brazil	55	54	0	0	0	0	0	0
CIV	CAN	Cote d'Ivoire	Canada	417	1723	0	0	0	0	0	0
CIV	CHE	Cote d'Ivoire	Switzerland	239	270	0	0	0	0	0	0
CIV	CHN	Cote d'Ivoire	China	0	13	0	0	0	0	0	0
CIV	CMR	Cote d'Ivoire	Cameroon	33	31	0	0	0	0	0	0
CIV	COD	Cote d'Ivoire	Dem. Rep. of the Congo	9	0	0	0	0	0	0	0
CIV	COG	Cote d'Ivoire	Congo	5	20	0	0	0	0	0	0
CIV	CRI	Cote d'Ivoire	Costa Rica	0	6	0	0	0	0	0	0
CIV	CYP	Cote d'Ivoire	Cyprus	15	50	0	0	0	0	0	0
CIV	DEU	Cote d'Ivoire	Germany	924	1621	0	0	0	0	0	0
CIV	DNK	Cote d'Ivoire	Denmark	36	0	0	0	0	0	0	0
CIV	DZA	Cote d'Ivoire	Algeria	22	178	0	0	0	0	0	0
CIV	ESP	Cote d'Ivoire	Spain	682	425	0	0	0	0	0	0
CIV	FIN	Cote d'Ivoire	Finland	5	5	0	0	0	0	0	0
CIV	FRA	Cote d'Ivoire	France	19320	6666	0	0	0	0	0	0
CIV	GBR	Cote d'Ivoire	United Kingdom of Great Britain and Northern Ireland	171	70	0	0	0	0	0	0
CIV	GHA	Cote d'Ivoire	Ghana	680	0	0	0	0	0	0	0
CIV	GIN	Cote d'Ivoire	Guinea	21	0	0	0	0	0	0	0
CIV	GNB	Cote d'Ivoire	Guinea-Bissau	6	6	0	0	0	0	0	0
CIV	GRC	Cote d'Ivoire	Greece	52	21	0	0	0	0	0	0
CIV	HRV	Cote d'Ivoire	Croatia	15	0	0	0	0	0	0	0
CIV	HUN	Cote d'Ivoire	Hungary	15	0	0	0	0	0	0	0
CIV	IND	Cote d'Ivoire	India	0	71	0	0	0	0	0	0
CIV	IRL	Cote d'Ivoire	Ireland	18	5	0	0	0	0	0	0
CIV	ISL	Cote d'Ivoire	Iceland	5	0	0	0	0	0	0	0
CIV	ISR	Cote d'Ivoire	Israel	7	46	0	0	0	0	0	0
CIV	ITA	Cote d'Ivoire	Italy	3523	3930	0	0	0	0	0	0
CIV	KEN	Cote d'Ivoire	Kenya	0	5	0	0	0	0	0	0
CIV	KOR	Cote d'Ivoire	Rep. of Korea	39	37	0	0	0	0	0	0
CIV	LBR	Cote d'Ivoire	Liberia	970	545	0	0	0	0	0	0
CIV	LUX	Cote d'Ivoire	Luxembourg	10	45	0	0	0	0	0	0
CIV	MAR	Cote d'Ivoire	Morocco	200	1402	0	0	0	0	0	0
CIV	MEX	Cote d'Ivoire	Mexico	5	45	0	0	0	0	0	0
CIV	MLT	Cote d'Ivoire	Malta	0	15	0	0	0	0	0	0
CIV	MOZ	Cote d'Ivoire	Mozambique	0	428	0	0	0	0	0	0
CIV	MRT	Cote d'Ivoire	Mauritania	16	60	0	0	0	0	0	0
CIV	MYS	Cote d'Ivoire	Malaysia	5	5	0	0	0	0	0	0
CIV	NER	Cote d'Ivoire	Niger	0	9	0	0	0	0	0	0
CIV	NGA	Cote d'Ivoire	Nigeria	59	7	0	0	0	0	0	0
CIV	NLD	Cote d'Ivoire	Netherlands (Kingdom of the)	77	57	0	0	0	0	0	0
CIV	NOR	Cote d'Ivoire	Norway	11	0	0	0	0	0	0	0
CIV	PER	Cote d'Ivoire	Peru	0	5	0	0	0	0	0	0
CIV	PHL	Cote d'Ivoire	Philippines	31	54	0	0	0	0	0	0
CIV	POL	Cote d'Ivoire	Poland	5	5	0	0	0	0	0	0
CIV	PRT	Cote d'Ivoire	Portugal	49	10	0	0	0	0	0	0
CIV	ROU	Cote d'Ivoire	Romania	0	10	0	0	0	0	0	0
CIV	SEN	Cote d'Ivoire	Senegal	6	10	0	0	0	0	0	0
CIV	SLE	Cote d'Ivoire	Sierra Leone	0	0	0	0	0	0	10	0
CIV	SWE	Cote d'Ivoire	Sweden	49	0	0	0	0	0	0	0
CIV	SYR	Cote d'Ivoire	Syrian Arab Rep.	5	0	0	0	0	0	0	0
CIV	TGO	Cote d'Ivoire	Togo	36	0	0	0	0	0	0	0
CIV	THA	Cote d'Ivoire	Thailand	17	0	0	0	0	0	0	0
CIV	TUN	Cote d'Ivoire	Tunisia	28	351	0	0	0	0	0	0
CIV	UKR	Cote d'Ivoire	Ukraine	0	8	0	0	0	0	0	0
CIV	USA	Cote d'Ivoire	United States of America	728	1792	0	0	0	0	0	0
CIV	ZAF	Cote d'Ivoire	South Africa	26	44	0	0	0	0	0	0
CIV	ZWE	Cote d'Ivoire	Zimbabwe	11	27	0	0	0	0	0	0
CMR	ARG	Cameroon	Argentina	11	14	0	0	0	0	0	0
CMR	AUS	Cameroon	Australia	28	34	0	0	0	0	0	0
CMR	AUT	Cameroon	Austria	180	47	0	0	0	0	0	0
CMR	BEL	Cameroon	Belgium	882	1967	0	0	0	0	0	0
CMR	BEN	Cameroon	Benin	163	97	0	0	0	0	0	0
CMR	BFA	Cameroon	Burkina Faso	5	0	0	0	0	0	0	0
CMR	BHS	Cameroon	Bahamas	5	0	0	0	0	0	0	0
CMR	BLR	Cameroon	Belarus	5	0	0	0	0	0	0	0
CMR	BRA	Cameroon	Brazil	115	101	0	0	0	0	0	0
CMR	CAF	Cameroon	Central African Rep.	109	27	0	0	0	0	0	0
CMR	CAN	Cameroon	Canada	1542	3414	0	0	0	0	0	0
CMR	CHE	Cameroon	Switzerland	253	235	5	0	0	0	0	0
CMR	CHN	Cameroon	China	15	228	0	0	0	0	0	0
CMR	CIV	Cameroon	Cote d'Ivoire	18	26	0	0	0	0	0	0
CMR	CMR	Cameroon	Cameroon	0	0	0	1036775	12811	0	9	0
CMR	COD	Cameroon	Dem. Rep. of the Congo	0	5	0	0	0	0	0	0
CMR	COG	Cameroon	Congo	6	73	0	0	0	0	12	0
CMR	CRI	Cameroon	Costa Rica	5	18	0	0	0	0	0	0
CMR	CYP	Cameroon	Cyprus	563	2133	0	0	0	0	0	0
CMR	CZE	Cameroon	Czechia	5	5	0	0	0	0	0	0
CMR	DEU	Cameroon	Germany	1635	2736	0	0	0	0	0	0
CMR	DNK	Cameroon	Denmark	20	0	0	0	0	0	0	0
CMR	DZA	Cameroon	Algeria	85	518	0	0	0	0	0	0
CMR	ECU	Cameroon	Ecuador	21	5	0	0	0	0	0	0
CMR	EGY	Cameroon	Egypt	19	25	0	0	0	0	0	0
CMR	ESP	Cameroon	Spain	268	210	0	0	0	0	0	0
CMR	ETH	Cameroon	Ethiopia	0	7	0	0	0	0	0	0
CMR	FIN	Cameroon	Finland	148	58	0	0	0	0	0	0
CMR	FRA	Cameroon	France	4072	1650	0	0	0	0	0	0
CMR	GAB	Cameroon	Gabon	5	9	0	0	0	0	0	0
CMR	GBR	Cameroon	United Kingdom of Great Britain and Northern Ireland	1242	733	0	0	0	0	0	0
CMR	GHA	Cameroon	Ghana	619	122	0	0	0	0	0	0
CMR	GMB	Cameroon	Gambia	5	0	0	0	0	0	0	0
CMR	GNQ	Cameroon	Equatorial Guinea	5	0	0	0	0	0	0	0
CMR	GRC	Cameroon	Greece	859	331	0	0	0	0	0	0
CMR	GTM	Cameroon	Guatemala	0	12	0	0	0	0	0	0
CMR	HKG	Cameroon	China, Hong Kong SAR	5	0	0	0	0	0	0	0
CMR	HRV	Cameroon	Croatia	8	7	0	0	0	0	0	0
CMR	HUN	Cameroon	Hungary	42	0	0	0	0	0	0	0
CMR	IDN	Cameroon	Indonesia	0	20	0	0	0	0	0	0
CMR	IND	Cameroon	India	80	133	0	0	0	0	0	0
CMR	IRL	Cameroon	Ireland	104	70	0	0	0	0	0	0
CMR	ISL	Cameroon	Iceland	5	0	0	0	0	0	0	0
CMR	ISR	Cameroon	Israel	0	79	0	0	0	0	0	0
CMR	ITA	Cameroon	Italy	1891	2389	0	0	0	0	0	0
CMR	JPN	Cameroon	Japan	47	0	0	0	0	0	0	0
CMR	KAZ	Cameroon	Kazakhstan	0	5	0	0	0	0	0	0
CMR	KEN	Cameroon	Kenya	0	59	0	0	0	0	0	0
CMR	KOR	Cameroon	Rep. of Korea	23	191	0	0	0	0	0	0
CMR	LBN	Cameroon	Lebanon	7	8	0	0	0	0	0	0
CMR	LBR	Cameroon	Liberia	6	0	0	0	0	0	0	0
CMR	LBY	Cameroon	Libya	0	6	0	0	0	0	0	0
CMR	LSO	Cameroon	Lesotho	12	19	0	0	0	0	0	0
CMR	LTU	Cameroon	Lithuania	9	5	0	0	0	0	0	0
CMR	LUX	Cameroon	Luxembourg	25	105	0	0	0	0	0	0
CMR	LVA	Cameroon	Latvia	0	10	0	0	0	0	0	0
CMR	MAR	Cameroon	Morocco	75	470	0	0	0	0	0	0
CMR	MDA	Cameroon	Rep. of Moldova	0	23	0	0	0	0	0	0
CMR	MEX	Cameroon	Mexico	47	468	0	0	0	0	0	0
CMR	MLI	Cameroon	Mali	18	7	0	0	0	0	0	0
CMR	MLT	Cameroon	Malta	0	30	0	0	0	0	0	0
CMR	MRT	Cameroon	Mauritania	20	108	0	0	0	0	0	0
CMR	MUS	Cameroon	Mauritius	0	5	0	0	0	0	0	0
CMR	MYS	Cameroon	Malaysia	9	28	0	0	0	0	0	0
CMR	NAM	Cameroon	Namibia	30	5	0	0	0	0	0	0
CMR	NER	Cameroon	Niger	17	131	0	0	0	0	0	0
CMR	NGA	Cameroon	Nigeria	78356	28370	0	0	0	0	304	0
CMR	NLD	Cameroon	Netherlands (Kingdom of the)	80	87	0	0	0	0	0	0
CMR	NOR	Cameroon	Norway	20	14	0	0	0	0	0	0
CMR	NZL	Cameroon	New Zealand	5	0	0	0	0	0	0	0
CMR	PAN	Cameroon	Panama	5	0	0	0	0	0	0	0
CMR	PER	Cameroon	Peru	20	38	0	0	0	0	0	0
CMR	PHL	Cameroon	Philippines	46	137	0	0	0	0	0	0
CMR	POL	Cameroon	Poland	17	42	0	0	0	0	0	0
CMR	PRT	Cameroon	Portugal	178	32	0	0	0	0	0	0
CMR	PRY	Cameroon	Paraguay	0	5	0	0	0	0	0	0
CMR	ROU	Cameroon	Romania	35	16	0	0	0	0	0	0
CMR	RUS	Cameroon	Russian Federation	0	20	0	0	0	0	0	0
CMR	RWA	Cameroon	Rwanda	0	7	0	0	0	0	0	0
CMR	SDN	Cameroon	Sudan	7	0	0	0	0	0	0	0
CMR	SEN	Cameroon	Senegal	0	17	0	0	0	0	0	0
CMR	SOM	Cameroon	Somalia	5	0	0	0	0	0	0	0
CMR	SRB	Cameroon	Serbia and Kosovo: S/RES/1244 (1999)	5	0	0	0	0	0	0	0
CMR	SVK	Cameroon	Slovakia	10	0	0	0	0	0	0	0
CMR	SVN	Cameroon	Slovenia	13	6	0	0	0	0	0	0
CMR	SWE	Cameroon	Sweden	222	52	0	0	0	0	0	0
CMR	SWZ	Cameroon	Eswatini	5	36	0	0	0	0	0	0
CMR	TCD	Cameroon	Chad	9059	68	17648	0	0	0	0	0
CMR	TGO	Cameroon	Togo	0	16	0	0	0	0	0	0
CMR	THA	Cameroon	Thailand	89	45	0	0	0	0	0	0
CMR	TUN	Cameroon	Tunisia	43	278	0	0	0	0	0	0
CMR	UGA	Cameroon	Uganda	6	6	0	0	0	0	0	0
CMR	UKR	Cameroon	Ukraine	5	9	0	0	0	0	0	0
CMR	URY	Cameroon	Uruguay	14	5	0	0	0	0	0	0
CMR	USA	Cameroon	United States of America	5898	10269	0	0	0	0	0	0
CMR	YEM	Cameroon	Yemen	0	5	0	0	0	0	0	0
CMR	ZAF	Cameroon	South Africa	314	790	0	0	0	0	0	0
CMR	ZMB	Cameroon	Zambia	29	24	0	0	0	0	0	0
CMR	ZWE	Cameroon	Zimbabwe	0	12	0	0	0	0	0	0
COD	AGO	Dem. Rep. of the Congo	Angola	22407	499	126	0	0	0	14	0
COD	ARG	Dem. Rep. of the Congo	Argentina	26	5	0	0	0	0	0	0
COD	ARM	Dem. Rep. of the Congo	Armenia	5	0	0	0	0	0	0	0
COD	AUS	Dem. Rep. of the Congo	Australia	26	64	0	0	0	0	0	0
COD	AUT	Dem. Rep. of the Congo	Austria	255	78	0	0	0	0	0	0
COD	BDI	Dem. Rep. of the Congo	Burundi	88199	1946	5	0	0	0	20	0
COD	BEL	Dem. Rep. of the Congo	Belgium	1604	2513	0	0	0	0	0	0
COD	BEN	Dem. Rep. of the Congo	Benin	43	61	0	0	0	0	0	0
COD	BFA	Dem. Rep. of the Congo	Burkina Faso	22	0	0	0	0	0	0	0
COD	BGR	Dem. Rep. of the Congo	Bulgaria	0	5	0	0	0	0	0	0
COD	BIH	Dem. Rep. of the Congo	Bosnia and Herzegovina	0	0	0	0	0	0	16	0
COD	BRA	Dem. Rep. of the Congo	Brazil	1137	170	0	0	0	0	0	0
COD	BWA	Dem. Rep. of the Congo	Botswana	353	7	0	0	0	0	0	0
COD	CAF	Dem. Rep. of the Congo	Central African Rep.	6501	292	0	0	0	0	0	0
COD	CAN	Dem. Rep. of the Congo	Canada	5748	6476	0	0	0	0	0	0
COD	CHE	Dem. Rep. of the Congo	Switzerland	1129	288	6	0	0	0	0	0
COD	CHL	Dem. Rep. of the Congo	Chile	5	0	0	0	0	0	0	0
COD	CHN	Dem. Rep. of the Congo	China	19	7	0	0	0	0	0	0
COD	CIV	Dem. Rep. of the Congo	Cote d'Ivoire	124	84	0	0	0	0	0	0
COD	CMR	Dem. Rep. of the Congo	Cameroon	467	206	0	0	0	0	5	0
COD	COD	Dem. Rep. of the Congo	Dem. Rep. of the Congo	0	0	0	6905511	2361409	0	0	0
COD	COG	Dem. Rep. of the Congo	Congo	29005	1441	0	0	0	0	3019	0
COD	COM	Dem. Rep. of the Congo	Comoros	0	5	0	0	0	0	0	0
COD	CRI	Dem. Rep. of the Congo	Costa Rica	11	51	0	0	0	0	0	0
COD	CYP	Dem. Rep. of the Congo	Cyprus	177	3259	0	0	0	0	0	0
COD	CZE	Dem. Rep. of the Congo	Czechia	9	0	0	0	0	0	0	0
COD	DEU	Dem. Rep. of the Congo	Germany	1538	1149	0	0	0	0	0	0
COD	DJI	Dem. Rep. of the Congo	Djibouti	5	30	0	0	0	0	0	0
COD	DNK	Dem. Rep. of the Congo	Denmark	1811	11	0	0	0	0	0	0
COD	DZA	Dem. Rep. of the Congo	Algeria	43	121	0	0	0	0	0	0
COD	ECU	Dem. Rep. of the Congo	Ecuador	8	0	0	0	0	0	0	0
COD	EGY	Dem. Rep. of the Congo	Egypt	45	60	0	0	0	0	0	0
COD	ESP	Dem. Rep. of the Congo	Spain	177	175	0	0	0	0	0	0
COD	EST	Dem. Rep. of the Congo	Estonia	0	5	0	0	0	0	0	0
COD	ETH	Dem. Rep. of the Congo	Ethiopia	749	204	0	0	0	0	5	0
COD	FIN	Dem. Rep. of the Congo	Finland	58	33	0	0	0	0	0	0
COD	FRA	Dem. Rep. of the Congo	France	38982	6544	0	0	0	0	0	0
COD	GAB	Dem. Rep. of the Congo	Gabon	61	22	0	0	0	0	0	0
COD	GBR	Dem. Rep. of the Congo	United Kingdom of Great Britain and Northern Ireland	792	244	0	0	0	0	0	0
COD	GEO	Dem. Rep. of the Congo	Georgia	5	0	0	0	0	0	0	0
COD	GHA	Dem. Rep. of the Congo	Ghana	70	5	0	0	0	0	0	0
COD	GIN	Dem. Rep. of the Congo	Guinea	54	16	0	0	0	0	0	0
COD	GMB	Dem. Rep. of the Congo	Gambia	55	5	0	0	0	0	0	0
COD	GRC	Dem. Rep. of the Congo	Greece	1346	502	0	0	0	0	0	0
COD	HKG	Dem. Rep. of the Congo	China, Hong Kong SAR	8	0	0	0	0	0	0	0
COD	HRV	Dem. Rep. of the Congo	Croatia	12	30	0	0	0	0	0	0
COD	HTI	Dem. Rep. of the Congo	Haiti	0	0	0	0	0	0	5	0
COD	HUN	Dem. Rep. of the Congo	Hungary	25	0	0	0	0	0	0	0
COD	IDN	Dem. Rep. of the Congo	Indonesia	10	5	0	0	0	0	0	0
COD	IND	Dem. Rep. of the Congo	India	80	115	0	0	0	0	0	0
COD	IRL	Dem. Rep. of the Congo	Ireland	395	396	0	0	0	0	0	0
COD	ISL	Dem. Rep. of the Congo	Iceland	5	0	0	0	0	0	0	0
COD	ISR	Dem. Rep. of the Congo	Israel	0	242	0	0	0	0	209	0
COD	ITA	Dem. Rep. of the Congo	Italy	715	192	0	0	0	0	0	0
COD	JPN	Dem. Rep. of the Congo	Japan	31	0	0	0	0	0	0	0
COD	KEN	Dem. Rep. of the Congo	Kenya	40223	22980	0	0	0	0	0	0
COD	KOR	Dem. Rep. of the Congo	Rep. of Korea	82	89	0	0	0	0	0	0
COD	LBN	Dem. Rep. of the Congo	Lebanon	5	11	0	0	0	0	0	0
COD	LBR	Dem. Rep. of the Congo	Liberia	36	10	0	0	0	0	0	0
COD	LIE	Dem. Rep. of the Congo	Liechtenstein	0	5	0	0	0	0	0	0
COD	LSO	Dem. Rep. of the Congo	Lesotho	262	37	0	0	0	0	6	0
COD	LUX	Dem. Rep. of the Congo	Luxembourg	42	30	0	0	0	0	0	0
COD	LVA	Dem. Rep. of the Congo	Latvia	5	8	0	0	0	0	0	0
COD	MAR	Dem. Rep. of the Congo	Morocco	112	220	0	0	0	0	0	0
COD	MEX	Dem. Rep. of the Congo	Mexico	19	844	0	0	0	0	0	0
COD	MLI	Dem. Rep. of the Congo	Mali	301	50	0	0	0	0	0	0
COD	MLT	Dem. Rep. of the Congo	Malta	0	5	0	0	0	0	0	0
COD	MOZ	Dem. Rep. of the Congo	Mozambique	2936	6404	0	0	0	0	780	0
COD	MRT	Dem. Rep. of the Congo	Mauritania	34	35	0	0	0	0	0	0
COD	MUS	Dem. Rep. of the Congo	Mauritius	5	27	0	0	0	0	0	0
COD	MWI	Dem. Rep. of the Congo	Malawi	25649	11128	0	0	0	0	0	0
COD	MYS	Dem. Rep. of the Congo	Malaysia	9	0	0	0	0	0	0	0
COD	NAM	Dem. Rep. of the Congo	Namibia	4655	1208	0	0	0	0	5	0
COD	NER	Dem. Rep. of the Congo	Niger	49	18	5	0	0	0	0	0
COD	NGA	Dem. Rep. of the Congo	Nigeria	535	98	0	0	0	0	5	0
COD	NLD	Dem. Rep. of the Congo	Netherlands (Kingdom of the)	814	43	0	0	0	0	0	0
COD	NOR	Dem. Rep. of the Congo	Norway	5191	19	0	0	0	0	0	0
COD	NZL	Dem. Rep. of the Congo	New Zealand	5	0	0	0	0	0	0	0
COD	PAN	Dem. Rep. of the Congo	Panama	5	0	0	0	0	0	0	0
COD	PER	Dem. Rep. of the Congo	Peru	8	0	0	0	0	0	0	0
COD	PHL	Dem. Rep. of the Congo	Philippines	17	19	0	0	0	0	0	0
COD	POL	Dem. Rep. of the Congo	Poland	12	17	0	0	0	0	0	0
COD	PRT	Dem. Rep. of the Congo	Portugal	131	58	0	0	0	0	0	0
COD	ROU	Dem. Rep. of the Congo	Romania	24	5	0	0	0	0	0	0
COD	RUS	Dem. Rep. of the Congo	Russian Federation	11	10	0	0	0	0	0	0
COD	RWA	Dem. Rep. of the Congo	Rwanda	63977	13899	0	0	0	0	4215	0
COD	SDN	Dem. Rep. of the Congo	Sudan	331	260	0	0	0	0	0	0
COD	SEN	Dem. Rep. of the Congo	Senegal	0	35	0	0	0	0	0	0
COD	SRB	Dem. Rep. of the Congo	Serbia and Kosovo: S/RES/1244 (1999)	0	11	0	0	0	0	0	0
COD	SSD	Dem. Rep. of the Congo	South Sudan	14075	29	0	0	0	0	0	0
COD	SVK	Dem. Rep. of the Congo	Slovakia	16	0	0	0	0	0	0	0
COD	SVN	Dem. Rep. of the Congo	Slovenia	10	5	0	0	0	0	0	0
COD	SWE	Dem. Rep. of the Congo	Sweden	5494	76	0	0	0	0	0	0
COD	SWZ	Dem. Rep. of the Congo	Eswatini	569	442	11	0	0	0	0	0
COD	SYR	Dem. Rep. of the Congo	Syrian Arab Rep.	5	0	0	0	0	0	0	0
COD	TCD	Dem. Rep. of the Congo	Chad	207	18	0	0	0	0	0	0
COD	TGO	Dem. Rep. of the Congo	Togo	68	46	0	0	0	0	0	0
COD	THA	Dem. Rep. of the Congo	Thailand	12	5	0	0	0	0	0	0
COD	TUN	Dem. Rep. of the Congo	Tunisia	9	141	0	0	0	0	0	0
COD	TZA	Dem. Rep. of the Congo	United Rep. of Tanzania	40064	34971	0	0	0	0	10511	0
COD	UGA	Dem. Rep. of the Congo	Uganda	556998	4882	0	0	0	0	0	0
COD	UKR	Dem. Rep. of the Congo	Ukraine	10	0	0	0	0	0	0	0
COD	USA	Dem. Rep. of the Congo	United States of America	1704	4654	0	0	0	0	0	0
COD	ZAF	Dem. Rep. of the Congo	South Africa	21120	25258	253	0	0	0	0	0
COD	ZMB	Dem. Rep. of the Congo	Zambia	61843	5681	169	0	0	0	0	0
COD	ZWE	Dem. Rep. of the Congo	Zimbabwe	8045	4102	0	0	0	0	666	0
COG	AGO	Congo	Angola	65	58	0	0	0	0	0	0
COG	ARM	Congo	Armenia	5	0	0	0	0	0	0	0
COG	AUT	Congo	Austria	72	13	0	0	0	0	0	0
COG	BEL	Congo	Belgium	26	62	0	0	0	0	0	0
COG	BEN	Congo	Benin	0	13	0	0	0	0	0	0
COG	BFA	Congo	Burkina Faso	19	0	0	0	0	0	0	0
COG	BGR	Congo	Bulgaria	6	0	0	0	0	0	0	0
COG	BIH	Congo	Bosnia and Herzegovina	0	0	0	0	0	0	5	0
COG	BRA	Congo	Brazil	0	348	0	0	0	0	0	0
COG	CAF	Congo	Central African Rep.	17	12	0	0	0	0	0	0
COG	CAN	Congo	Canada	395	930	0	0	0	0	0	0
COG	CHE	Congo	Switzerland	32	6	0	0	0	0	0	0
COG	CHL	Congo	Chile	8	5	0	0	0	0	0	0
COG	CHN	Congo	China	0	7	0	0	0	0	0	0
COG	CIV	Congo	Cote d'Ivoire	75	14	0	0	0	0	5	0
COG	CMR	Congo	Cameroon	45	23	0	0	0	0	0	0
COG	COD	Congo	Dem. Rep. of the Congo	407	21	0	0	0	0	0	0
COG	COG	Congo	Congo	0	0	0	0	0	0	100	0
COG	CRI	Congo	Costa Rica	5	22	0	0	0	0	0	0
COG	CYP	Congo	Cyprus	22	138	0	0	0	0	0	0
COG	DEU	Congo	Germany	330	116	0	0	0	0	0	0
COG	DNK	Congo	Denmark	66	0	0	0	0	0	0	0
COG	DZA	Congo	Algeria	0	11	0	0	0	0	0	0
COG	ECU	Congo	Ecuador	5	0	0	0	0	0	0	0
COG	EGY	Congo	Egypt	12	126	0	0	0	0	0	0
COG	ESP	Congo	Spain	98	65	0	0	0	0	0	0
COG	FIN	Congo	Finland	6	10	0	0	0	0	0	0
COG	FRA	Congo	France	6282	1026	0	0	0	0	0	0
COG	GAB	Congo	Gabon	55	5	0	0	0	0	0	0
COG	GBR	Congo	United Kingdom of Great Britain and Northern Ireland	96	63	0	0	0	0	0	0
COG	GHA	Congo	Ghana	10	5	0	0	0	0	0	0
COG	GIN	Congo	Guinea	11	0	0	0	0	0	0	0
COG	GMB	Congo	Gambia	5	11	0	0	0	0	0	0
COG	GRC	Congo	Greece	54	23	0	0	0	0	0	0
COG	HRV	Congo	Croatia	5	6	0	0	0	0	0	0
COG	HUN	Congo	Hungary	10	0	0	0	0	0	0	0
COG	IND	Congo	India	0	17	0	0	0	0	0	0
COG	IRL	Congo	Ireland	9	9	0	0	0	0	0	0
COG	ISL	Congo	Iceland	6	0	0	0	0	0	0	0
COG	ISR	Congo	Israel	5	25	0	0	0	0	0	0
COG	ITA	Congo	Italy	297	81	0	0	0	0	0	0
COG	KEN	Congo	Kenya	62	45	0	0	0	0	0	0
COG	LBN	Congo	Lebanon	0	5	0	0	0	0	5	0
COG	LBY	Congo	Libya	0	5	0	0	0	0	0	0
COG	LSO	Congo	Lesotho	5	5	0	0	0	0	0	0
COG	LUX	Congo	Luxembourg	5	0	0	0	0	0	0	0
COG	MAR	Congo	Morocco	19	91	0	0	0	0	0	0
COG	MEX	Congo	Mexico	18	67	0	0	0	0	0	0
COG	MKD	Congo	North Macedonia	5	0	0	0	0	0	0	0
COG	MLI	Congo	Mali	54	13	0	0	0	0	0	0
COG	MOZ	Congo	Mozambique	19	14	0	0	0	0	0	0
COG	MRT	Congo	Mauritania	7	23	0	0	0	0	0	0
COG	NAM	Congo	Namibia	5	0	0	0	0	0	5	0
COG	NER	Congo	Niger	5	6	0	0	0	0	0	0
COG	NGA	Congo	Nigeria	6	10	0	0	0	0	0	0
COG	NLD	Congo	Netherlands (Kingdom of the)	260	47	0	0	0	0	0	0
COG	NOR	Congo	Norway	10	11	0	0	0	0	0	0
COG	PER	Congo	Peru	0	41	0	0	0	0	0	0
COG	PHL	Congo	Philippines	7	34	0	0	0	0	0	0
COG	POL	Congo	Poland	11	10	0	0	0	0	0	0
COG	PRT	Congo	Portugal	45	16	0	0	0	0	0	0
COG	ROU	Congo	Romania	5	5	0	0	0	0	0	0
COG	RUS	Congo	Russian Federation	8	0	0	0	0	0	0	0
COG	SDN	Congo	Sudan	10	5	0	0	0	0	0	0
COG	SEN	Congo	Senegal	0	40	0	0	0	0	0	0
COG	SRB	Congo	Serbia and Kosovo: S/RES/1244 (1999)	5	0	0	0	0	0	0	0
COG	SWE	Congo	Sweden	75	5	0	0	0	0	0	0
COG	SWZ	Congo	Eswatini	16	27	0	0	0	0	0	0
COG	TCD	Congo	Chad	6	5	0	0	0	0	0	0
COG	TGO	Congo	Togo	22	32	0	0	0	0	0	0
COG	TUN	Congo	Tunisia	0	19	0	0	0	0	0	0
COG	UGA	Congo	Uganda	40	0	0	0	0	0	0	0
COG	UKR	Congo	Ukraine	22	0	0	0	0	0	0	0
COG	URY	Congo	Uruguay	5	0	0	0	0	0	0	0
COG	USA	Congo	United States of America	880	4176	0	0	0	0	0	0
COG	VEN	Congo	Venezuela (Bolivarian Republic of)	5	0	0	0	0	0	0	0
COG	ZAF	Congo	South Africa	3887	4250	0	0	0	0	0	0
COG	ZWE	Congo	Zimbabwe	20	0	0	0	0	0	0	0
COL	ABW	Colombia	Aruba	0	0	0	0	0	0	522	0
COL	ARG	Colombia	Argentina	568	130	0	0	0	0	0	0
COL	AUS	Colombia	Australia	43	1115	0	0	0	0	0	0
COL	AUT	Colombia	Austria	9	46	0	0	0	0	0	0
COL	BEL	Colombia	Belgium	229	1008	0	0	0	0	0	0
COL	BOL	Colombia	Bolivia (Plurinational State of)	200	0	0	0	0	0	2184	0
COL	BRA	Colombia	Brazil	391	1297	0	0	0	0	0	0
COL	CAN	Colombia	Canada	11249	10598	0	0	0	0	0	0
COL	CHE	Colombia	Switzerland	352	306	111	0	0	0	0	0
COL	CHL	Colombia	Chile	1235	3224	0	0	0	0	0	0
COL	COL	Colombia	Colombia	0	0	0	7031498	0	0	43	807700
COL	CRI	Colombia	Costa Rica	7190	4490	0	0	0	0	0	0
COL	CUW	Colombia	Curacao 	0	0	0	0	0	0	1278	0
COL	CYP	Colombia	Cyprus	0	5	0	0	0	0	0	0
COL	CZE	Colombia	Czechia	5	5	0	0	0	0	0	0
COL	DEU	Colombia	Germany	198	6237	0	0	0	0	0	0
COL	DNK	Colombia	Denmark	221	43	0	0	0	0	0	0
COL	DOM	Colombia	Dominican Rep.	0	20	0	0	0	0	0	0
COL	ECU	Colombia	Ecuador	19710	3626	0	0	0	0	0	0
COL	ESP	Colombia	Spain	4063	92460	0	0	0	0	0	0
COL	FIN	Colombia	Finland	23	32	0	0	0	0	0	0
COL	FRA	Colombia	France	2218	693	0	0	0	0	0	0
COL	GBR	Colombia	United Kingdom of Great Britain and Northern Ireland	117	2006	0	0	0	0	0	0
COL	GRC	Colombia	Greece	0	8	0	0	0	0	0	0
COL	GTM	Colombia	Guatemala	13	164	0	0	0	0	9396	0
COL	HND	Colombia	Honduras	5	17	0	0	0	0	16665	0
COL	HRV	Colombia	Croatia	0	7	0	0	0	0	0	0
COL	IRL	Colombia	Ireland	8	11	0	0	0	0	0	0
COL	ISL	Colombia	Iceland	20	40	0	0	0	0	0	0
COL	ISR	Colombia	Israel	0	282	0	0	0	0	0	0
COL	ITA	Colombia	Italy	1516	4725	0	0	0	0	0	0
COL	LUX	Colombia	Luxembourg	0	190	0	0	0	0	0	0
COL	MEX	Colombia	Mexico	710	5131	0	0	0	0	4577	0
COL	MLT	Colombia	Malta	0	60	0	0	0	0	0	0
COL	NLD	Colombia	Netherlands (Kingdom of the)	378	1055	0	0	0	0	0	0
COL	NOR	Colombia	Norway	165	278	0	0	0	0	0	0
COL	NZL	Colombia	New Zealand	37	41	0	0	0	0	0	0
COL	PAN	Colombia	Panama	1622	780	0	0	0	0	0	0
COL	PER	Colombia	Peru	739	4894	0	0	0	0	7861	0
COL	POL	Colombia	Poland	7	24	0	0	0	0	0	0
COL	PRT	Colombia	Portugal	13	335	0	0	0	0	0	0
COL	PRY	Colombia	Paraguay	22	137	0	0	0	0	0	0
COL	ROU	Colombia	Romania	0	5	0	0	0	0	0	0
COL	SLV	Colombia	El Salvador	16	14	0	0	0	0	0	0
COL	SUR	Colombia	Suriname	0	5	0	0	0	0	0	0
COL	SVK	Colombia	Slovakia	0	5	0	0	0	0	0	0
COL	SVN	Colombia	Slovenia	0	5	0	0	0	0	0	0
COL	SWE	Colombia	Sweden	278	117	0	0	0	0	0	0
COL	SXM	Colombia	Sint Maarten (Dutch part)	7	15	0	0	0	0	0	0
COL	TTO	Colombia	Trinidad and Tobago	8	62	0	0	0	0	0	0
COL	URY	Colombia	Uruguay	175	292	0	0	0	0	0	0
COL	USA	Colombia	United States of America	4842	250260	0	0	0	0	0	0
COL	VEN	Colombia	Venezuela (Bolivarian Republic of)	19173	1572	5	0	0	0	0	0
COM	CAF	Comoros	Central African Rep.	8	0	0	0	0	0	0	0
COM	CAN	Comoros	Canada	5	16	0	0	0	0	0	0
COM	CRI	Comoros	Costa Rica	5	0	0	0	0	0	0	0
COM	DEU	Comoros	Germany	9	0	0	0	0	0	0	0
COM	ESP	Comoros	Spain	0	5	0	0	0	0	0	0
COM	FRA	Comoros	France	2285	185	0	0	0	0	0	0
COM	GRC	Comoros	Greece	0	5	0	0	0	0	0	0
COM	ITA	Comoros	Italy	0	5	0	0	0	0	0	0
COM	POL	Comoros	Poland	0	5	0	0	0	0	0	0
COM	PRT	Comoros	Portugal	0	5	0	0	0	0	0	0
COM	SEN	Comoros	Senegal	0	12	0	0	0	0	0	0
COM	USA	Comoros	United States of America	5	222	0	0	0	0	0	0
COM	ZAF	Comoros	South Africa	0	8	0	0	0	0	0	0
COM	ZMB	Comoros	Zambia	5	0	0	0	0	0	0	0
CPV	BRA	Cabo Verde	Brazil	0	10	0	0	0	0	0	0
CPV	CAN	Cabo Verde	Canada	0	6	0	0	0	0	0	0
CPV	CRI	Cabo Verde	Costa Rica	0	5	0	0	0	0	0	0
CPV	DEU	Cabo Verde	Germany	5	0	0	0	0	0	0	0
CPV	ESP	Cabo Verde	Spain	0	5	0	0	0	0	0	0
CPV	FRA	Cabo Verde	France	9	5	0	0	0	0	0	0
CPV	ISR	Cabo Verde	Israel	0	5	0	0	0	0	0	0
CPV	ITA	Cabo Verde	Italy	0	5	0	0	0	0	0	0
CPV	MEX	Cabo Verde	Mexico	0	5	0	0	0	0	0	0
CPV	PER	Cabo Verde	Peru	0	5	0	0	0	0	0	0
CPV	PRT	Cabo Verde	Portugal	0	5	0	0	0	0	0	0
CPV	USA	Cabo Verde	United States of America	0	216	0	0	0	0	0	0
CRI	ARG	Costa Rica	Argentina	5	0	0	0	0	0	0	0
CRI	BRA	Costa Rica	Brazil	0	15	0	0	0	0	0	0
CRI	CAN	Costa Rica	Canada	94	111	0	0	0	0	0	0
CRI	CHL	Costa Rica	Chile	5	0	0	0	0	0	0	0
CRI	CRI	Costa Rica	Costa Rica	0	0	0	0	0	0	0	3115
CRI	ESP	Costa Rica	Spain	54	150	0	0	0	0	0	0
CRI	FIN	Costa Rica	Finland	0	5	0	0	0	0	0	0
CRI	GBR	Costa Rica	United Kingdom of Great Britain and Northern Ireland	6	8	0	0	0	0	0	0
CRI	GTM	Costa Rica	Guatemala	0	5	0	0	0	0	0	0
CRI	IRL	Costa Rica	Ireland	5	5	0	0	0	0	0	0
CRI	ITA	Costa Rica	Italy	6	23	0	0	0	0	0	0
CRI	MEX	Costa Rica	Mexico	70	163	0	0	0	0	0	0
CRI	PAN	Costa Rica	Panama	0	5	0	0	0	0	0	0
CRI	PER	Costa Rica	Peru	0	5	0	0	0	0	0	0
CRI	SLV	Costa Rica	El Salvador	0	8	0	0	0	0	0	0
CRI	USA	Costa Rica	United States of America	71	1878	0	0	0	0	0	0
CUB	ARG	Cuba	Argentina	265	318	0	0	0	0	0	0
CUB	ARM	Cuba	Armenia	5	24	0	0	0	0	0	0
CUB	AUS	Cuba	Australia	0	31	0	0	0	0	0	0
CUB	AUT	Cuba	Austria	17	19	0	0	0	0	0	0
CUB	BEL	Cuba	Belgium	7	49	0	0	0	0	0	0
CUB	BHS	Cuba	Bahamas	5	7	0	0	0	0	723	0
CUB	BLZ	Cuba	Belize	0	5	0	0	0	0	0	0
CUB	BOL	Cuba	Bolivia (Plurinational State of)	48	0	0	0	0	0	0	0
CUB	BRA	Cuba	Brazil	1095	33855	0	0	0	0	0	0
CUB	CAN	Cuba	Canada	919	1349	0	0	0	0	0	0
CUB	CHE	Cuba	Switzerland	58	23	0	0	0	0	0	0
CUB	CHL	Cuba	Chile	19	134	0	0	0	0	0	0
CUB	COL	Cuba	Colombia	96	525	0	0	0	0	13	0
CUB	CRI	Cuba	Costa Rica	1516	6744	0	0	0	0	0	0
CUB	CUB	Cuba	Cuba	0	0	0	0	0	0	5	0
CUB	CYM	Cuba	Cayman Islands	50	15	0	0	0	0	0	0
CUB	CYP	Cuba	Cyprus	5	0	0	0	0	0	0	0
CUB	CZE	Cuba	Czechia	45	8	0	0	0	0	0	0
CUB	DEU	Cuba	Germany	150	353	0	0	0	0	0	0
CUB	DNK	Cuba	Denmark	5	5	0	0	0	0	0	0
CUB	DOM	Cuba	Dominican Rep.	8	123	0	0	0	0	0	0
CUB	ECU	Cuba	Ecuador	100	89	0	0	0	0	0	0
CUB	ESP	Cuba	Spain	1352	5550	0	0	0	0	0	0
CUB	ETH	Cuba	Ethiopia	5	0	0	0	0	0	0	0
CUB	FRA	Cuba	France	552	55	0	0	0	0	0	0
CUB	GBR	Cuba	United Kingdom of Great Britain and Northern Ireland	39	17	0	0	0	0	0	0
CUB	GRC	Cuba	Greece	45	34	0	0	0	0	0	0
CUB	GTM	Cuba	Guatemala	14	145	0	0	0	0	0	0
CUB	GUY	Cuba	Guyana	5	29	0	0	0	0	0	0
CUB	HND	Cuba	Honduras	5	7	0	0	0	0	22504	0
CUB	HRV	Cuba	Croatia	0	23	0	0	0	0	0	0
CUB	HTI	Cuba	Haiti	5	0	0	0	0	0	0	0
CUB	HUN	Cuba	Hungary	73	0	0	0	0	0	0	0
CUB	IRL	Cuba	Ireland	6	0	0	0	0	0	0	0
CUB	ITA	Cuba	Italy	190	796	0	0	0	0	0	0
CUB	KNA	Cuba	Saint Kitts and Nevis	5	0	0	0	0	0	0	0
CUB	LTU	Cuba	Lithuania	9	5	0	0	0	0	0	0
CUB	LVA	Cuba	Latvia	0	5	0	0	0	0	0	0
CUB	MDA	Cuba	Rep. of Moldova	0	15	0	0	0	0	0	0
CUB	MEX	Cuba	Mexico	10605	38411	0	0	0	0	10189	0
CUB	MNE	Cuba	Montenegro	5	26	0	0	0	0	0	0
CUB	NLD	Cuba	Netherlands (Kingdom of the)	90	26	0	0	0	0	0	0
CUB	NOR	Cuba	Norway	8	5	0	0	0	0	0	0
CUB	PAN	Cuba	Panama	36	1172	0	0	0	0	0	0
CUB	PER	Cuba	Peru	555	7631	0	0	0	0	0	0
CUB	POL	Cuba	Poland	9	6	0	0	0	0	0	0
CUB	PRT	Cuba	Portugal	0	6	0	0	0	0	0	0
CUB	PRY	Cuba	Paraguay	1156	425	0	0	0	0	0	0
CUB	ROU	Cuba	Romania	10	5	0	0	0	0	0	0
CUB	RUS	Cuba	Russian Federation	13	8	0	0	0	0	0	0
CUB	SLV	Cuba	El Salvador	6	55	0	0	0	0	0	0
CUB	SRB	Cuba	Serbia and Kosovo: S/RES/1244 (1999)	13	23	0	0	0	0	0	0
CUB	SUR	Cuba	Suriname	12	2705	0	0	0	0	0	0
CUB	SVK	Cuba	Slovakia	37	0	0	0	0	0	0	0
CUB	SWE	Cuba	Sweden	61	11	0	0	0	0	0	0
CUB	TTO	Cuba	Trinidad and Tobago	157	1216	0	0	0	0	0	0
CUB	URY	Cuba	Uruguay	47	23825	0	0	0	0	0	0
CUB	USA	Cuba	United States of America	4327	218225	0	0	0	0	0	0
CUW	USA	Curacao 	United States of America	8	0	0	0	0	0	0	0
CYP	AUS	Cyprus	Australia	0	13	0	0	0	0	0	0
CYP	CAN	Cyprus	Canada	5	0	0	0	0	0	0	0
CYP	GBR	Cyprus	United Kingdom of Great Britain and Northern Ireland	5	17	0	0	0	0	0	0
CYP	USA	Cyprus	United States of America	0	22	0	0	0	0	0	0
CZE	AUS	Czechia	Australia	5	0	0	0	0	0	0	0
CZE	BEL	Czechia	Belgium	5	0	0	0	0	0	0	0
CZE	CAN	Czechia	Canada	334	105	0	0	0	0	0	0
CZE	CRI	Czechia	Costa Rica	0	5	0	0	0	0	0	0
CZE	DEU	Czechia	Germany	576	0	0	0	0	0	0	0
CZE	DNK	Czechia	Denmark	18	0	0	0	0	0	0	0
CZE	FRA	Czechia	France	24	6	0	0	0	0	0	0
CZE	GBR	Czechia	United Kingdom of Great Britain and Northern Ireland	0	9	0	0	0	0	0	0
CZE	NLD	Czechia	Netherlands (Kingdom of the)	5	0	0	0	0	0	0	0
CZE	NOR	Czechia	Norway	11	0	0	0	0	0	0	0
CZE	NZL	Czechia	New Zealand	8	0	0	0	0	0	0	0
CZE	RUS	Czechia	Russian Federation	10	0	0	0	0	0	0	0
CZE	SWE	Czechia	Sweden	53	0	0	0	0	0	0	0
CZE	USA	Czechia	United States of America	8	42	0	0	0	0	0	0
DEU	ARM	Germany	Armenia	0	5	0	0	0	0	0	0
DEU	AUS	Germany	Australia	0	24	0	0	0	0	0	0
DEU	BRA	Germany	Brazil	5	67	0	0	0	0	0	0
DEU	CAN	Germany	Canada	39	38	0	0	0	0	0	0
DEU	CHE	Germany	Switzerland	8	0	5	0	0	0	0	0
DEU	CRI	Germany	Costa Rica	0	6	0	0	0	0	0	0
DEU	DNK	Germany	Denmark	21	0	0	0	0	0	0	0
DEU	GBR	Germany	United Kingdom of Great Britain and Northern Ireland	0	5	0	0	0	0	0	0
DEU	MEX	Germany	Mexico	0	8	0	0	0	0	0	0
DEU	NLD	Germany	Netherlands (Kingdom of the)	5	0	0	0	0	0	0	0
DEU	NOR	Germany	Norway	31	0	0	0	0	0	0	0
DEU	PER	Germany	Peru	0	20	0	0	0	0	0	0
DEU	RUS	Germany	Russian Federation	189	60	0	0	0	0	0	0
DEU	SWE	Germany	Sweden	12	0	0	0	0	0	0	0
DEU	USA	Germany	United States of America	38	620	0	0	0	0	0	0
DJI	BEL	Djibouti	Belgium	222	245	0	0	0	0	0	0
DJI	CAN	Djibouti	Canada	176	253	0	0	0	0	0	0
DJI	CHE	Djibouti	Switzerland	22	9	5	0	0	0	0	0
DJI	CYP	Djibouti	Cyprus	5	13	0	0	0	0	0	0
DJI	DEU	Djibouti	Germany	54	100	0	0	0	0	0	0
DJI	DNK	Djibouti	Denmark	5	0	0	0	0	0	0	0
DJI	EGY	Djibouti	Egypt	16	27	0	0	0	0	0	0
DJI	ETH	Djibouti	Ethiopia	48	8	0	0	0	0	0	0
DJI	FRA	Djibouti	France	1012	307	0	0	0	0	0	0
DJI	GBR	Djibouti	United Kingdom of Great Britain and Northern Ireland	7	6	0	0	0	0	0	0
DJI	GRC	Djibouti	Greece	44	10	0	0	0	0	0	0
DJI	IRL	Djibouti	Ireland	0	7	0	0	0	0	0	0
DJI	KWT	Djibouti	Kuwait	0	5	0	0	0	0	0	0
DJI	NLD	Djibouti	Netherlands (Kingdom of the)	0	7	0	0	0	0	0	0
DJI	NOR	Djibouti	Norway	26	0	0	0	0	0	0	0
DJI	SOM	Djibouti	Somalia	0	6	0	0	0	0	0	0
DJI	SWE	Djibouti	Sweden	20	5	0	0	0	0	0	0
DJI	USA	Djibouti	United States of America	393	958	0	0	0	0	0	0
DJI	YEM	Djibouti	Yemen	5	7	0	0	0	0	0	0
DMA	BRA	Dominica	Brazil	0	31	0	0	0	0	0	0
DMA	CAN	Dominica	Canada	5	9	0	0	0	0	0	0
DMA	DEU	Dominica	Germany	5	5	0	0	0	0	0	0
DMA	ESP	Dominica	Spain	0	5	0	0	0	0	0	0
DMA	FRA	Dominica	France	20	5	0	0	0	0	0	0
DMA	GBR	Dominica	United Kingdom of Great Britain and Northern Ireland	38	32	0	0	0	0	0	0
DMA	IRL	Dominica	Ireland	0	5	0	0	0	0	0	0
DMA	ITA	Dominica	Italy	5	0	0	0	0	0	0	0
DMA	MEX	Dominica	Mexico	0	15	0	0	0	0	0	0
DMA	NLD	Dominica	Netherlands (Kingdom of the)	0	5	0	0	0	0	0	0
DMA	PER	Dominica	Peru	0	11	0	0	0	0	0	0
DMA	USA	Dominica	United States of America	15	424	0	0	0	0	0	0
DNK	CAN	Denmark	Canada	11	17	0	0	0	0	0	0
DNK	NOR	Denmark	Norway	5	0	0	0	0	0	0	0
DNK	USA	Denmark	United States of America	0	13	0	0	0	0	0	0
DOM	ARG	Dominican Rep.	Argentina	16	41	0	0	0	0	0	0
DOM	AUS	Dominican Rep.	Australia	0	5	0	0	0	0	0	0
DOM	BEL	Dominican Rep.	Belgium	0	6	0	0	0	0	0	0
DOM	BRA	Dominican Rep.	Brazil	10	645	0	0	0	0	0	0
DOM	CAN	Dominican Rep.	Canada	310	438	0	0	0	0	0	0
DOM	CHE	Dominican Rep.	Switzerland	5	0	5	0	0	0	0	0
DOM	CHL	Dominican Rep.	Chile	0	78	0	0	0	0	0	0
DOM	CRI	Dominican Rep.	Costa Rica	5	189	0	0	0	0	0	0
DOM	CYP	Dominican Rep.	Cyprus	0	5	0	0	0	0	0	0
DOM	DEU	Dominican Rep.	Germany	6	11	0	0	0	0	0	0
DOM	ESP	Dominican Rep.	Spain	20	130	0	0	0	0	0	0
DOM	FRA	Dominican Rep.	France	295	56	0	0	0	0	0	0
DOM	GBR	Dominican Rep.	United Kingdom of Great Britain and Northern Ireland	0	9	0	0	0	0	0	0
DOM	ISR	Dominican Rep.	Israel	0	42	0	0	0	0	0	0
DOM	ITA	Dominican Rep.	Italy	11	172	0	0	0	0	0	0
DOM	MEX	Dominican Rep.	Mexico	65	1888	0	0	0	0	0	0
DOM	NLD	Dominican Rep.	Netherlands (Kingdom of the)	5	0	0	0	0	0	0	0
DOM	PAN	Dominican Rep.	Panama	5	5	0	0	0	0	0	0
DOM	PER	Dominican Rep.	Peru	20	207	0	0	0	0	0	0
DOM	PRT	Dominican Rep.	Portugal	0	5	0	0	0	0	0	0
DOM	SUR	Dominican Rep.	Suriname	0	5	0	0	0	0	0	0
DOM	TTO	Dominican Rep.	Trinidad and Tobago	0	65	0	0	0	0	0	0
DOM	URY	Dominican Rep.	Uruguay	0	1407	0	0	0	0	0	0
DOM	USA	Dominican Rep.	United States of America	307	10412	0	0	0	0	0	0
DZA	ARE	Algeria	United Arab Emirates	0	0	0	0	0	0	5	0
DZA	ARG	Algeria	Argentina	31	6	0	0	0	0	0	0
DZA	ARM	Algeria	Armenia	0	6	0	0	0	0	0	0
DZA	AUS	Algeria	Australia	9	21	0	0	0	0	0	0
DZA	AUT	Algeria	Austria	32	72	0	0	0	0	0	0
DZA	BEL	Algeria	Belgium	130	280	0	0	0	0	0	0
DZA	BGR	Algeria	Bulgaria	0	10	0	0	0	0	0	0
DZA	BIH	Algeria	Bosnia and Herzegovina	0	0	0	0	0	0	26	0
DZA	BRA	Algeria	Brazil	5	34	0	0	0	0	0	0
DZA	CAN	Algeria	Canada	1497	4234	0	0	0	0	0	0
DZA	CHE	Algeria	Switzerland	189	281	317	0	0	0	0	0
DZA	CYP	Algeria	Cyprus	8	0	0	0	0	0	0	0
DZA	CZE	Algeria	Czechia	6	6	0	0	0	0	0	0
DZA	DEU	Algeria	Germany	1180	1089	0	0	0	0	0	0
DZA	DNK	Algeria	Denmark	47	14	0	0	0	0	0	0
DZA	ESP	Algeria	Spain	339	990	0	0	0	0	0	0
DZA	FIN	Algeria	Finland	9	0	0	0	0	0	0	0
DZA	FRA	Algeria	France	3526	559	0	0	0	0	0	0
DZA	GBR	Algeria	United Kingdom of Great Britain and Northern Ireland	308	763	0	0	0	0	0	0
DZA	GRC	Algeria	Greece	58	37	0	0	0	0	0	0
DZA	HRV	Algeria	Croatia	0	9	0	0	0	0	0	0
DZA	HUN	Algeria	Hungary	14	0	0	0	0	0	0	0
DZA	IRL	Algeria	Ireland	233	2726	0	0	0	0	0	0
DZA	ITA	Algeria	Italy	138	380	0	0	0	0	0	0
DZA	JOR	Algeria	Jordan	0	5	0	0	0	0	0	0
DZA	KOR	Algeria	Rep. of Korea	0	184	0	0	0	0	0	0
DZA	LBN	Algeria	Lebanon	0	5	0	0	0	0	17	0
DZA	LUX	Algeria	Luxembourg	21	145	0	0	0	0	0	0
DZA	MAR	Algeria	Morocco	22	35	0	0	0	0	0	0
DZA	MEX	Algeria	Mexico	0	12	0	0	0	0	0	0
DZA	MKD	Algeria	North Macedonia	0	5	0	0	0	0	0	0
DZA	MYS	Algeria	Malaysia	9	0	0	0	0	0	0	0
DZA	NLD	Algeria	Netherlands (Kingdom of the)	144	287	0	0	0	0	0	0
DZA	NOR	Algeria	Norway	21	5	0	0	0	0	0	0
DZA	PAK	Algeria	Pakistan	22	0	0	0	0	0	0	0
DZA	PER	Algeria	Peru	0	5	0	0	0	0	0	0
DZA	POL	Algeria	Poland	24	50	0	0	0	0	0	0
DZA	PRT	Algeria	Portugal	552	37	0	0	0	0	0	0
DZA	ROU	Algeria	Romania	6	0	0	0	0	0	0	0
DZA	SRB	Algeria	Serbia and Kosovo: S/RES/1244 (1999)	0	5	0	0	0	0	5	0
DZA	SVK	Algeria	Slovakia	5	5	0	0	0	0	0	0
DZA	SVN	Algeria	Slovenia	0	59	0	0	0	0	0	0
DZA	SWE	Algeria	Sweden	74	21	0	0	0	0	0	0
DZA	SYR	Algeria	Syrian Arab Rep.	5	0	0	0	0	0	0	0
DZA	TUN	Algeria	Tunisia	11	17	0	0	0	0	0	0
DZA	USA	Algeria	United States of America	120	1154	0	0	0	0	0	0
DZA	ZAF	Algeria	South Africa	5	45	0	0	0	0	0	0
ECU	ARG	Ecuador	Argentina	16	23	0	0	0	0	0	0
ECU	AUS	Ecuador	Australia	0	45	0	0	0	0	0	0
ECU	BEL	Ecuador	Belgium	0	131	0	0	0	0	0	0
ECU	BGR	Ecuador	Bulgaria	5	5	0	0	0	0	0	0
ECU	BOL	Ecuador	Bolivia (Plurinational State of)	5	5	0	0	0	0	508	0
ECU	BRA	Ecuador	Brazil	9	153	0	0	0	0	0	0
ECU	CAN	Ecuador	Canada	301	796	0	0	0	0	0	0
ECU	CHE	Ecuador	Switzerland	5	5	8	0	0	0	0	0
ECU	CHL	Ecuador	Chile	23	232	0	0	0	0	0	0
ECU	COL	Ecuador	Colombia	5	134	0	0	0	0	87	0
ECU	CRI	Ecuador	Costa Rica	0	187	0	0	0	0	0	0
ECU	DEU	Ecuador	Germany	30	65	0	0	0	0	0	0
ECU	DOM	Ecuador	Dominican Rep.	0	5	0	0	0	0	0	0
ECU	ESP	Ecuador	Spain	124	2480	0	0	0	0	0	0
ECU	FRA	Ecuador	France	51	17	0	0	0	0	0	0
ECU	GBR	Ecuador	United Kingdom of Great Britain and Northern Ireland	24	138	0	0	0	0	0	0
ECU	GTM	Ecuador	Guatemala	0	31	0	0	0	0	2898	0
ECU	HND	Ecuador	Honduras	0	0	0	0	0	0	11811	0
ECU	HUN	Ecuador	Hungary	5	0	0	0	0	0	0	0
ECU	IRL	Ecuador	Ireland	0	7	0	0	0	0	0	0
ECU	ISR	Ecuador	Israel	0	57	0	0	0	0	0	0
ECU	ITA	Ecuador	Italy	45	1093	0	0	0	0	0	0
ECU	MEX	Ecuador	Mexico	275	2907	0	0	0	0	3027	0
ECU	NLD	Ecuador	Netherlands (Kingdom of the)	5	37	0	0	0	0	0	0
ECU	NOR	Ecuador	Norway	5	0	0	0	0	0	0	0
ECU	PAN	Ecuador	Panama	5	25	0	0	0	0	0	0
ECU	PER	Ecuador	Peru	7	810	0	0	0	0	1901	0
ECU	POL	Ecuador	Poland	5	0	0	0	0	0	0	0
ECU	PRT	Ecuador	Portugal	25	0	0	0	0	0	0	0
ECU	PRY	Ecuador	Paraguay	0	8	0	0	0	0	0	0
ECU	ROU	Ecuador	Romania	11	0	0	0	0	0	0	0
ECU	SLV	Ecuador	El Salvador	0	28	0	0	0	0	0	0
ECU	SWE	Ecuador	Sweden	16	5	0	0	0	0	0	0
ECU	TTO	Ecuador	Trinidad and Tobago	0	5	0	0	0	0	0	0
ECU	URY	Ecuador	Uruguay	10	68	0	0	0	0	0	0
ECU	USA	Ecuador	United States of America	4003	95585	0	0	0	0	0	0
EGY	ALB	Egypt	Albania	9	0	0	0	0	0	0	0
EGY	ARE	Egypt	United Arab Emirates	5	5	0	0	0	0	6	0
EGY	ARG	Egypt	Argentina	5	11	0	0	0	0	0	0
EGY	ARM	Egypt	Armenia	12	137	0	0	0	0	0	0
EGY	AUS	Egypt	Australia	143	350	0	0	0	0	0	0
EGY	AUT	Egypt	Austria	222	190	0	0	0	0	0	0
EGY	BEL	Egypt	Belgium	91	170	0	0	0	0	0	0
EGY	BGR	Egypt	Bulgaria	13	185	0	0	0	0	0	0
EGY	BHR	Egypt	Bahrain	0	5	0	0	0	0	0	0
EGY	BIH	Egypt	Bosnia and Herzegovina	0	5	0	0	0	0	47	0
EGY	BRA	Egypt	Brazil	106	212	0	0	0	0	0	0
EGY	CAN	Egypt	Canada	1244	1012	0	0	0	0	0	0
EGY	CHE	Egypt	Switzerland	169	30	0	0	0	0	0	0
EGY	CIV	Egypt	Cote d'Ivoire	5	5	0	0	0	0	0	0
EGY	CMR	Egypt	Cameroon	5	5	0	0	0	0	0	0
EGY	COG	Egypt	Congo	0	0	0	0	0	0	5	0
EGY	CYP	Egypt	Cyprus	175	126	0	0	0	0	0	0
EGY	CZE	Egypt	Czechia	7	5	0	0	0	0	0	0
EGY	DEU	Egypt	Germany	2676	1958	0	0	0	0	0	0
EGY	DNK	Egypt	Denmark	39	0	0	0	0	0	0	0
EGY	DZA	Egypt	Algeria	0	5	0	0	0	0	0	0
EGY	ECU	Egypt	Ecuador	13	16	0	0	0	0	0	0
EGY	ESP	Egypt	Spain	160	965	0	0	0	0	0	0
EGY	ETH	Egypt	Ethiopia	5	0	0	0	0	0	0	0
EGY	FIN	Egypt	Finland	49	13	0	0	0	0	0	0
EGY	FRA	Egypt	France	2256	615	0	0	0	0	0	0
EGY	GBR	Egypt	United Kingdom of Great Britain and Northern Ireland	1380	1457	0	0	0	0	0	0
EGY	GEO	Egypt	Georgia	68	27	0	0	0	0	0	0
EGY	GHA	Egypt	Ghana	0	5	0	0	0	0	0	0
EGY	GRC	Egypt	Greece	278	4424	0	0	0	0	0	0
EGY	HKG	Egypt	China, Hong Kong SAR	19	0	0	0	0	0	0	0
EGY	HRV	Egypt	Croatia	9	16	0	0	0	0	0	0
EGY	HUN	Egypt	Hungary	13	0	0	0	0	0	0	0
EGY	IDN	Egypt	Indonesia	8	16	0	0	0	0	0	0
EGY	IND	Egypt	India	0	5	0	0	0	0	0	0
EGY	IRL	Egypt	Ireland	85	642	0	0	0	0	0	0
EGY	IRQ	Egypt	Iraq	10	53	0	0	0	0	13	0
EGY	ISL	Egypt	Iceland	7	5	0	0	0	0	0	0
EGY	ITA	Egypt	Italy	1091	23933	0	0	0	0	0	0
EGY	JOR	Egypt	Jordan	156	143	0	0	0	0	11	0
EGY	KEN	Egypt	Kenya	7	23	0	0	0	0	0	0
EGY	KOR	Egypt	Rep. of Korea	181	830	0	0	0	0	0	0
EGY	KWT	Egypt	Kuwait	5	5	0	0	0	0	0	0
EGY	LBN	Egypt	Lebanon	122	421	0	0	0	0	218	0
EGY	LUX	Egypt	Luxembourg	6	15	0	0	0	0	0	0
EGY	LVA	Egypt	Latvia	9	0	0	0	0	0	0	0
EGY	MAR	Egypt	Morocco	5	9	0	0	0	0	0	0
EGY	MEX	Egypt	Mexico	5	32	0	0	0	0	0	0
EGY	MLT	Egypt	Malta	29	10	0	0	0	0	0	0
EGY	MYS	Egypt	Malaysia	30	50	0	0	0	0	0	0
EGY	NGA	Egypt	Nigeria	0	6	0	0	0	0	0	0
EGY	NLD	Egypt	Netherlands (Kingdom of the)	720	504	0	0	0	0	0	0
EGY	NOR	Egypt	Norway	17	11	0	0	0	0	0	0
EGY	NZL	Egypt	New Zealand	22	0	0	0	0	0	0	0
EGY	PER	Egypt	Peru	0	14	0	0	0	0	0	0
EGY	PHL	Egypt	Philippines	0	17	0	0	0	0	0	0
EGY	POL	Egypt	Poland	78	113	0	0	0	0	0	0
EGY	PRT	Egypt	Portugal	78	17	0	0	0	0	0	0
EGY	QAT	Egypt	Qatar	18	10	0	0	0	0	0	0
EGY	ROU	Egypt	Romania	24	9	0	0	0	0	0	0
EGY	RUS	Egypt	Russian Federation	5	0	0	0	0	0	0	0
EGY	SDN	Egypt	Sudan	18	11	0	0	0	0	0	0
EGY	SOM	Egypt	Somalia	0	6	0	0	0	0	0	0
EGY	SRB	Egypt	Serbia and Kosovo: S/RES/1244 (1999)	0	7	0	0	0	0	29	0
EGY	SSD	Egypt	South Sudan	5	0	0	0	0	0	0	0
EGY	SVK	Egypt	Slovakia	18	0	0	0	0	0	0	0
EGY	SVN	Egypt	Slovenia	0	27	0	0	0	0	0	0
EGY	SWE	Egypt	Sweden	199	44	0	0	0	0	0	0
EGY	SYR	Egypt	Syrian Arab Rep.	25	20	0	0	0	0	0	0
EGY	THA	Egypt	Thailand	15	5	0	0	0	0	0	0
EGY	TUN	Egypt	Tunisia	0	7	0	0	0	0	0	0
EGY	TZA	Egypt	United Rep. of Tanzania	0	6	0	0	0	0	0	0
EGY	UGA	Egypt	Uganda	9	0	0	0	0	0	0	0
EGY	UKR	Egypt	Ukraine	0	6	0	0	0	0	0	0
EGY	URY	Egypt	Uruguay	0	11	0	0	0	0	0	0
EGY	USA	Egypt	United States of America	11543	16820	0	0	0	0	0	0
EGY	YEM	Egypt	Yemen	5	11	0	0	0	0	0	0
EGY	ZAF	Egypt	South Africa	5	89	0	0	0	0	0	0
ERI	AGO	Eritrea	Angola	83	1791	0	0	0	0	22	0
ERI	ARG	Eritrea	Argentina	12	0	0	0	0	0	0	0
ERI	AUS	Eritrea	Australia	50	20	0	0	0	0	0	0
ERI	AUT	Eritrea	Austria	563	40	0	0	0	0	0	0
ERI	BEL	Eritrea	Belgium	7680	1767	0	0	0	0	0	0
ERI	BEN	Eritrea	Benin	5	0	0	0	0	0	0	0
ERI	BGR	Eritrea	Bulgaria	12	0	0	0	0	0	0	0
ERI	BRA	Eritrea	Brazil	8	7	0	0	0	0	0	0
ERI	CAF	Eritrea	Central African Rep.	5	0	0	0	0	0	0	0
ERI	CAN	Eritrea	Canada	687	363	0	0	0	0	0	0
ERI	CHE	Eritrea	Switzerland	38096	512	31	0	0	0	0	0
ERI	CIV	Eritrea	Cote d'Ivoire	8	0	0	0	0	0	0	0
ERI	COD	Eritrea	Dem. Rep. of the Congo	9	5	0	0	0	0	0	0
ERI	COL	Eritrea	Colombia	5	0	0	0	0	0	0	0
ERI	CRI	Eritrea	Costa Rica	5	5	0	0	0	0	0	0
ERI	CYP	Eritrea	Cyprus	55	0	0	0	0	0	0	0
ERI	CZE	Eritrea	Czechia	6	0	0	0	0	0	0	0
ERI	DEU	Eritrea	Germany	67843	3508	0	0	0	0	0	0
ERI	DJI	Eritrea	Djibouti	1129	394	0	0	0	0	0	0
ERI	DNK	Eritrea	Denmark	5233	246	0	0	0	0	0	0
ERI	ECU	Eritrea	Ecuador	0	5	0	0	0	0	0	0
ERI	EGY	Eritrea	Egypt	22353	16907	0	0	0	0	0	0
ERI	ERI	Eritrea	Eritrea	0	0	0	0	0	0	18	0
ERI	ESP	Eritrea	Spain	405	25	0	0	0	0	0	0
ERI	ETH	Eritrea	Ethiopia	171105	8012	0	0	0	0	58	0
ERI	FIN	Eritrea	Finland	876	24	0	0	0	0	0	0
ERI	FRA	Eritrea	France	14112	637	0	0	0	0	0	0
ERI	GBR	Eritrea	United Kingdom of Great Britain and Northern Ireland	24341	3930	0	0	0	0	0	0
ERI	GEO	Eritrea	Georgia	9	0	0	0	0	0	0	0
ERI	GHA	Eritrea	Ghana	157	8	0	0	0	0	0	0
ERI	GIN	Eritrea	Guinea	14	0	0	0	0	0	0	0
ERI	GRC	Eritrea	Greece	2939	388	0	0	0	0	0	0
ERI	HRV	Eritrea	Croatia	30	0	0	0	0	0	0	0
ERI	HUN	Eritrea	Hungary	47	0	0	0	0	0	0	0
ERI	IDN	Eritrea	Indonesia	126	20	0	0	0	0	0	0
ERI	IND	Eritrea	India	8	10	0	0	0	0	0	0
ERI	IRL	Eritrea	Ireland	82	33	0	0	0	0	0	0
ERI	IRQ	Eritrea	Iraq	5	20	0	0	0	0	0	0
ERI	ISR	Eritrea	Israel	250	6659	0	0	0	0	6207	0
ERI	ITA	Eritrea	Italy	2925	206	0	0	0	0	0	0
ERI	JOR	Eritrea	Jordan	38	0	0	0	0	0	0	0
ERI	JPN	Eritrea	Japan	9	0	0	0	0	0	0	0
ERI	KEN	Eritrea	Kenya	1238	2685	0	0	0	0	0	0
ERI	KOR	Eritrea	Rep. of Korea	10	0	0	0	0	0	0	0
ERI	KWT	Eritrea	Kuwait	18	16	0	0	0	0	0	0
ERI	LBN	Eritrea	Lebanon	22	6	0	0	0	0	0	0
ERI	LBY	Eritrea	Libya	226	7614	0	0	0	0	0	0
ERI	LIE	Eritrea	Liechtenstein	11	0	0	0	0	0	0	0
ERI	LSO	Eritrea	Lesotho	80	72	0	0	0	0	0	0
ERI	LUX	Eritrea	Luxembourg	2125	760	0	0	0	0	0	0
ERI	LVA	Eritrea	Latvia	32	0	0	0	0	0	0	0
ERI	MAR	Eritrea	Morocco	39	43	0	0	0	0	0	0
ERI	MEX	Eritrea	Mexico	0	46	0	0	0	0	0	0
ERI	MLI	Eritrea	Mali	5	0	0	0	0	0	0	0
ERI	MLT	Eritrea	Malta	678	15	0	0	0	0	0	0
ERI	MWI	Eritrea	Malawi	0	5	0	0	0	0	0	0
ERI	MYS	Eritrea	Malaysia	35	11	0	0	0	0	0	0
ERI	NER	Eritrea	Niger	55	38	0	0	0	0	0	0
ERI	NGA	Eritrea	Nigeria	48	11	0	0	0	0	0	0
ERI	NLD	Eritrea	Netherlands (Kingdom of the)	10823	2800	0	0	0	0	0	0
ERI	NOR	Eritrea	Norway	3641	298	0	0	0	0	0	0
ERI	NZL	Eritrea	New Zealand	13	0	0	0	0	0	0	0
ERI	PER	Eritrea	Peru	0	28	0	0	0	0	0	0
ERI	PHL	Eritrea	Philippines	21	30	0	0	0	0	0	0
ERI	POL	Eritrea	Poland	15	50	0	0	0	0	0	0
ERI	PRT	Eritrea	Portugal	198	0	0	0	0	0	0	0
ERI	QAT	Eritrea	Qatar	0	5	0	0	0	0	0	0
ERI	ROU	Eritrea	Romania	12	0	0	0	0	0	0	0
ERI	RWA	Eritrea	Rwanda	205	87	0	0	0	0	0	0
ERI	SAU	Eritrea	Saudi Arabia	53	5	0	0	0	0	0	0
ERI	SDN	Eritrea	Sudan	108349	23664	0	0	0	0	49	0
ERI	SOM	Eritrea	Somalia	56	54	0	0	0	0	0	0
ERI	SSD	Eritrea	South Sudan	3337	475	0	0	0	0	0	0
ERI	SVN	Eritrea	Slovenia	86	0	0	0	0	0	0	0
ERI	SWE	Eritrea	Sweden	14552	217	0	0	0	0	0	0
ERI	SWZ	Eritrea	Eswatini	5	176	0	0	0	0	0	0
ERI	SYR	Eritrea	Syrian Arab Rep.	18	0	0	0	0	0	0	0
ERI	TCD	Eritrea	Chad	14	13	0	0	0	0	0	0
ERI	TUN	Eritrea	Tunisia	67	192	0	0	0	0	0	0
ERI	TZA	Eritrea	United Rep. of Tanzania	0	5	0	0	0	0	0	0
ERI	UGA	Eritrea	Uganda	36759	22721	0	0	0	0	0	0
ERI	UKR	Eritrea	Ukraine	10	6	0	0	0	0	0	0
ERI	USA	Eritrea	United States of America	4956	2646	0	0	0	0	0	0
ERI	YEM	Eritrea	Yemen	467	478	0	0	0	0	0	0
ERI	ZAF	Eritrea	South Africa	1402	908	0	0	0	0	0	0
ERI	ZMB	Eritrea	Zambia	284	35	0	0	0	0	0	0
ERI	ZWE	Eritrea	Zimbabwe	6	5	0	0	0	0	0	0
ESH	AGO	Western Sahara	Angola	16	596	0	0	0	0	0	0
ESH	CHE	Western Sahara	Switzerland	5	0	0	0	0	0	0	0
ESH	CUB	Western Sahara	Cuba	59	0	0	0	0	0	0	0
ESH	DZA	Western Sahara	Algeria	173600	0	0	0	0	0	0	0
ESH	FRA	Western Sahara	France	878	214	0	0	0	0	0	0
ESH	GBR	Western Sahara	United Kingdom of Great Britain and Northern Ireland	9	8	0	0	0	0	0	0
ESH	IRL	Western Sahara	Ireland	0	5	0	0	0	0	0	0
ESH	USA	Western Sahara	United States of America	0	44	0	0	0	0	0	0
ESH	VEN	Western Sahara	Venezuela (Bolivarian Republic of)	11	0	0	0	0	0	0	0
ESP	ARG	Spain	Argentina	0	8	0	0	0	0	0	0
ESP	AUS	Spain	Australia	0	11	0	0	0	0	0	0
ESP	BRA	Spain	Brazil	0	62	0	0	0	0	0	0
ESP	CAN	Spain	Canada	109	121	0	0	0	0	0	0
ESP	CHE	Spain	Switzerland	5	0	8	0	0	0	0	0
ESP	CRI	Spain	Costa Rica	0	8	0	0	0	0	0	0
ESP	DEU	Spain	Germany	29	13	0	0	0	0	0	0
ESP	FRA	Spain	France	5	0	0	0	0	0	0	0
ESP	GBR	Spain	United Kingdom of Great Britain and Northern Ireland	0	11	0	0	0	0	0	0
ESP	ISR	Spain	Israel	0	5	0	0	0	0	0	0
ESP	MEX	Spain	Mexico	5	23	0	0	0	0	0	0
ESP	NOR	Spain	Norway	14	0	0	0	0	0	0	0
ESP	PER	Spain	Peru	0	42	0	0	0	0	0	0
ESP	URY	Spain	Uruguay	0	5	0	0	0	0	0	0
ESP	USA	Spain	United States of America	7	1670	0	0	0	0	0	0
EST	AUS	Estonia	Australia	0	8	0	0	0	0	0	0
EST	BEL	Estonia	Belgium	5	0	0	0	0	0	0	0
EST	CAN	Estonia	Canada	5	0	0	0	0	0	0	0
EST	DEU	Estonia	Germany	5	0	0	0	0	0	0	0
EST	NOR	Estonia	Norway	5	0	0	0	0	0	0	0
EST	RUS	Estonia	Russian Federation	45	5	0	0	0	0	0	0
EST	SWE	Estonia	Sweden	31	0	0	0	0	0	0	0
EST	USA	Estonia	United States of America	25	44	0	0	0	0	0	0
EST	ZAF	Estonia	South Africa	5	5	0	0	0	0	0	0
ETH	AGO	Ethiopia	Angola	0	57	0	0	0	0	5	0
ETH	ARE	Ethiopia	United Arab Emirates	0	5	0	0	0	0	0	0
ETH	ARG	Ethiopia	Argentina	5	0	0	0	0	0	0	0
ETH	AUS	Ethiopia	Australia	192	175	0	0	0	0	0	0
ETH	AUT	Ethiopia	Austria	265	71	0	0	0	0	0	0
ETH	BEL	Ethiopia	Belgium	493	453	0	0	0	0	0	0
ETH	BGR	Ethiopia	Bulgaria	7	0	0	0	0	0	0	0
ETH	BLR	Ethiopia	Belarus	5	0	0	0	0	0	0	0
ETH	BRA	Ethiopia	Brazil	18	12	0	0	0	0	0	0
ETH	CAF	Ethiopia	Central African Rep.	5	0	0	0	0	0	0	0
ETH	CAN	Ethiopia	Canada	2361	2928	0	0	0	0	0	0
ETH	CHE	Ethiopia	Switzerland	1837	381	9	0	0	0	0	0
ETH	CHN	Ethiopia	China	5	13	0	0	0	0	0	0
ETH	CIV	Ethiopia	Cote d'Ivoire	7	8	0	0	0	0	0	0
ETH	COD	Ethiopia	Dem. Rep. of the Congo	5	0	0	0	0	0	0	0
ETH	COL	Ethiopia	Colombia	7	0	0	0	0	0	0	0
ETH	CUB	Ethiopia	Cuba	5	0	0	0	0	0	0	0
ETH	CYP	Ethiopia	Cyprus	18	17	0	0	0	0	0	0
ETH	CZE	Ethiopia	Czechia	5	0	0	0	0	0	0	0
ETH	DEU	Ethiopia	Germany	7555	2458	0	0	0	0	0	0
ETH	DJI	Ethiopia	Djibouti	5695	8101	0	0	0	0	0	0
ETH	DNK	Ethiopia	Denmark	253	14	0	0	0	0	0	0
ETH	EGY	Ethiopia	Egypt	5745	12274	0	0	0	0	0	0
ETH	ERI	Ethiopia	Eritrea	15	0	0	0	0	0	0	0
ETH	ESP	Ethiopia	Spain	117	25	0	0	0	0	0	0
ETH	ETH	Ethiopia	Ethiopia	0	0	0	2272533	2438438	0	531	1876986
ETH	FIN	Ethiopia	Finland	186	61	0	0	0	0	0	0
ETH	FRA	Ethiopia	France	4341	664	0	0	0	0	0	0
ETH	GBR	Ethiopia	United Kingdom of Great Britain and Northern Ireland	3701	1046	0	0	0	0	0	0
ETH	GEO	Ethiopia	Georgia	0	8	0	0	0	0	0	0
ETH	GHA	Ethiopia	Ghana	19	0	0	0	0	0	0	0
ETH	GRC	Ethiopia	Greece	418	91	0	0	0	0	0	0
ETH	HUN	Ethiopia	Hungary	39	0	0	0	0	0	0	0
ETH	IDN	Ethiopia	Indonesia	57	44	0	0	0	0	0	0
ETH	IND	Ethiopia	India	23	59	0	0	0	0	0	0
ETH	IRL	Ethiopia	Ireland	131	67	0	0	0	0	0	0
ETH	IRQ	Ethiopia	Iraq	0	5	0	0	0	0	0	0
ETH	ISL	Ethiopia	Iceland	28	0	0	0	0	0	0	0
ETH	ISR	Ethiopia	Israel	125	1133	0	0	0	0	0	0
ETH	ITA	Ethiopia	Italy	998	92	0	0	0	0	0	0
ETH	JOR	Ethiopia	Jordan	37	0	0	0	0	0	0	0
ETH	JPN	Ethiopia	Japan	43	0	0	0	0	0	0	0
ETH	KEN	Ethiopia	Kenya	26987	15240	0	0	0	0	0	0
ETH	KOR	Ethiopia	Rep. of Korea	197	467	0	0	0	0	0	0
ETH	LBN	Ethiopia	Lebanon	384	1057	0	0	0	0	229	0
ETH	LBY	Ethiopia	Libya	42	2054	0	0	0	0	0	0
ETH	LSO	Ethiopia	Lesotho	25	14	0	0	0	0	0	0
ETH	LTU	Ethiopia	Lithuania	5	0	0	0	0	0	0	0
ETH	LUX	Ethiopia	Luxembourg	70	80	0	0	0	0	0	0
ETH	MAR	Ethiopia	Morocco	9	27	0	0	0	0	0	0
ETH	MDA	Ethiopia	Rep. of Moldova	0	5	0	0	0	0	0	0
ETH	MDG	Ethiopia	Madagascar	0	5	0	0	0	0	0	0
ETH	MEX	Ethiopia	Mexico	0	38	0	0	0	0	0	0
ETH	MLT	Ethiopia	Malta	81	25	0	0	0	0	0	0
ETH	MOZ	Ethiopia	Mozambique	0	9	0	0	0	0	0	0
ETH	MRT	Ethiopia	Mauritania	7	0	0	0	0	0	0	0
ETH	MWI	Ethiopia	Malawi	22	163	0	0	0	0	0	0
ETH	MYS	Ethiopia	Malaysia	9	6	0	0	0	0	0	0
ETH	NAM	Ethiopia	Namibia	6	0	0	0	0	0	0	0
ETH	NER	Ethiopia	Niger	30	14	0	0	0	0	0	0
ETH	NGA	Ethiopia	Nigeria	9	6	0	0	0	0	0	0
ETH	NLD	Ethiopia	Netherlands (Kingdom of the)	656	674	0	0	0	0	0	0
ETH	NOR	Ethiopia	Norway	470	78	0	0	0	0	0	0
ETH	NZL	Ethiopia	New Zealand	22	5	0	0	0	0	0	0
ETH	PER	Ethiopia	Peru	0	63	0	0	0	0	0	0
ETH	PHL	Ethiopia	Philippines	8	16	0	0	0	0	0	0
ETH	POL	Ethiopia	Poland	34	51	0	0	0	0	0	0
ETH	PRT	Ethiopia	Portugal	18	6	0	0	0	0	0	0
ETH	ROU	Ethiopia	Romania	10	5	0	0	0	0	0	0
ETH	RUS	Ethiopia	Russian Federation	0	5	0	0	0	0	0	0
ETH	RWA	Ethiopia	Rwanda	73	32	0	0	0	0	0	0
ETH	SDN	Ethiopia	Sudan	49547	20348	11663	0	0	0	3289	0
ETH	SEN	Ethiopia	Senegal	0	5	0	0	0	0	0	0
ETH	SOM	Ethiopia	Somalia	5223	21818	0	0	0	0	0	0
ETH	SRB	Ethiopia	Serbia and Kosovo: S/RES/1244 (1999)	5	0	0	0	0	0	0	0
ETH	SSD	Ethiopia	South Sudan	5824	1218	0	0	0	0	0	0
ETH	SVN	Ethiopia	Slovenia	0	5	0	0	0	0	0	0
ETH	SWE	Ethiopia	Sweden	2824	127	0	0	0	0	0	0
ETH	SWZ	Ethiopia	Eswatini	52	505	0	0	0	0	0	0
ETH	SYR	Ethiopia	Syrian Arab Rep.	9	0	0	0	0	0	0	0
ETH	TCD	Ethiopia	Chad	25	12	0	0	0	0	0	0
ETH	THA	Ethiopia	Thailand	19	61	0	0	0	0	0	0
ETH	TUN	Ethiopia	Tunisia	12	224	0	0	0	0	0	0
ETH	UGA	Ethiopia	Uganda	10718	4116	0	0	0	0	0	0
ETH	UKR	Ethiopia	Ukraine	15	0	0	0	0	0	0	0
ETH	USA	Ethiopia	United States of America	7636	14720	0	0	0	0	0	0
ETH	YEM	Ethiopia	Yemen	4235	11820	0	0	0	0	0	0
ETH	ZAF	Ethiopia	South Africa	14157	32716	0	0	0	0	0	0
ETH	ZMB	Ethiopia	Zambia	121	9	0	0	0	0	0	0
ETH	ZWE	Ethiopia	Zimbabwe	61	31	0	0	0	0	5	0
FIN	BRA	Finland	Brazil	0	5	0	0	0	0	0	0
FIN	GBR	Finland	United Kingdom of Great Britain and Northern Ireland	0	5	0	0	0	0	0	0
FIN	NOR	Finland	Norway	5	0	0	0	0	0	0	0
FIN	USA	Finland	United States of America	0	33	0	0	0	0	0	0
FJI	AUS	Fiji	Australia	136	2510	0	0	0	0	0	0
FJI	CAN	Fiji	Canada	25	37	0	0	0	0	0	0
FJI	NZL	Fiji	New Zealand	23	5	0	0	0	0	0	0
FJI	USA	Fiji	United States of America	64	616	0	0	0	0	0	0
FRA	ARG	France	Argentina	0	6	0	0	0	0	0	0
FRA	AUS	France	Australia	0	30	0	0	0	0	0	0
FRA	BRA	France	Brazil	0	48	0	0	0	0	0	0
FRA	CAN	France	Canada	61	173	0	0	0	0	0	0
FRA	CHE	France	Switzerland	11	0	0	0	0	0	0	0
FRA	DEU	France	Germany	12	0	0	0	0	0	0	0
FRA	DNK	France	Denmark	5	0	0	0	0	0	0	0
FRA	ESP	France	Spain	0	5	0	0	0	0	0	0
FRA	GBR	France	United Kingdom of Great Britain and Northern Ireland	0	7	0	0	0	0	0	0
FRA	MEX	France	Mexico	0	14	0	0	0	0	0	0
FRA	NOR	France	Norway	19	0	0	0	0	0	0	0
FRA	PER	France	Peru	0	27	0	0	0	0	0	0
FRA	RUS	France	Russian Federation	12	0	0	0	0	0	0	0
FRA	USA	France	United States of America	19	298	0	0	0	0	0	0
FSM	USA	Micronesia (Federated States of)	United States of America	0	5	0	0	0	0	0	0
GAB	AUT	Gabon	Austria	5	0	0	0	0	0	0	0
GAB	BEL	Gabon	Belgium	33	32	0	0	0	0	0	0
GAB	BRA	Gabon	Brazil	0	8	0	0	0	0	0	0
GAB	CAN	Gabon	Canada	65	81	0	0	0	0	0	0
GAB	CHE	Gabon	Switzerland	7	5	0	0	0	0	0	0
GAB	CIV	Gabon	Cote d'Ivoire	0	5	0	0	0	0	0	0
GAB	CMR	Gabon	Cameroon	0	5	0	0	0	0	0	0
GAB	DEU	Gabon	Germany	27	19	0	0	0	0	0	0
GAB	ESP	Gabon	Spain	8	5	0	0	0	0	0	0
GAB	FRA	Gabon	France	692	162	0	0	0	0	0	0
GAB	GAB	Gabon	Gabon	0	0	0	0	0	0	9	0
GAB	GBR	Gabon	United Kingdom of Great Britain and Northern Ireland	14	0	0	0	0	0	0	0
GAB	GRC	Gabon	Greece	5	7	0	0	0	0	0	0
GAB	ITA	Gabon	Italy	17	16	0	0	0	0	0	0
GAB	LUX	Gabon	Luxembourg	0	10	0	0	0	0	0	0
GAB	MAR	Gabon	Morocco	5	19	0	0	0	0	0	0
GAB	NLD	Gabon	Netherlands (Kingdom of the)	0	5	0	0	0	0	0	0
GAB	PRT	Gabon	Portugal	5	0	0	0	0	0	0	0
GAB	SEN	Gabon	Senegal	0	7	0	0	0	0	0	0
GAB	USA	Gabon	United States of America	65	523	0	0	0	0	0	0
GBR	AUS	United Kingdom of Great Britain and Northern Ireland	Australia	13	151	0	0	0	0	0	0
GBR	AUT	United Kingdom of Great Britain and Northern Ireland	Austria	14	0	0	0	0	0	0	0
GBR	BEL	United Kingdom of Great Britain and Northern Ireland	Belgium	15	5	0	0	0	0	0	0
GBR	BLR	United Kingdom of Great Britain and Northern Ireland	Belarus	6	0	0	0	0	0	0	0
GBR	BRA	United Kingdom of Great Britain and Northern Ireland	Brazil	0	10	0	0	0	0	0	0
GBR	CAN	United Kingdom of Great Britain and Northern Ireland	Canada	135	176	0	0	0	0	0	0
GBR	CHE	United Kingdom of Great Britain and Northern Ireland	Switzerland	0	0	6	0	0	0	0	0
GBR	CRI	United Kingdom of Great Britain and Northern Ireland	Costa Rica	0	5	0	0	0	0	0	0
GBR	DEU	United Kingdom of Great Britain and Northern Ireland	Germany	33	5	0	0	0	0	0	0
GBR	DNK	United Kingdom of Great Britain and Northern Ireland	Denmark	5	0	0	0	0	0	0	0
GBR	ESP	United Kingdom of Great Britain and Northern Ireland	Spain	27	5	0	0	0	0	0	0
GBR	FRA	United Kingdom of Great Britain and Northern Ireland	France	0	5	0	0	0	0	0	0
GBR	HRV	United Kingdom of Great Britain and Northern Ireland	Croatia	5	0	0	0	0	0	0	0
GBR	HUN	United Kingdom of Great Britain and Northern Ireland	Hungary	5	0	0	0	0	0	0	0
GBR	IRL	United Kingdom of Great Britain and Northern Ireland	Ireland	5	13	0	0	0	0	0	0
GBR	MEX	United Kingdom of Great Britain and Northern Ireland	Mexico	0	6	0	0	0	0	0	0
GBR	NLD	United Kingdom of Great Britain and Northern Ireland	Netherlands (Kingdom of the)	14	5	0	0	0	0	0	0
GBR	NOR	United Kingdom of Great Britain and Northern Ireland	Norway	53	0	0	0	0	0	0	0
GBR	POL	United Kingdom of Great Britain and Northern Ireland	Poland	29	0	0	0	0	0	0	0
GBR	ROU	United Kingdom of Great Britain and Northern Ireland	Romania	5	0	0	0	0	0	0	0
GBR	RUS	United Kingdom of Great Britain and Northern Ireland	Russian Federation	18	0	0	0	0	0	0	0
GBR	SVK	United Kingdom of Great Britain and Northern Ireland	Slovakia	5	0	0	0	0	0	0	0
GBR	SWE	United Kingdom of Great Britain and Northern Ireland	Sweden	5	0	0	0	0	0	0	0
GBR	USA	United Kingdom of Great Britain and Northern Ireland	United States of America	25	315	0	0	0	0	0	0
GEO	ARG	Georgia	Argentina	5	5	0	0	0	0	0	0
GEO	ARM	Georgia	Armenia	9	14	0	0	0	0	0	0
GEO	AUS	Georgia	Australia	7	25	0	0	0	0	0	0
GEO	AUT	Georgia	Austria	395	145	0	0	0	0	0	0
GEO	BEL	Georgia	Belgium	375	784	0	0	0	0	0	0
GEO	BGR	Georgia	Bulgaria	22	5	0	0	0	0	0	0
GEO	BLR	Georgia	Belarus	42	0	0	0	0	0	0	0
GEO	BRA	Georgia	Brazil	0	5	0	0	0	0	0	0
GEO	CAN	Georgia	Canada	507	673	0	0	0	0	0	0
GEO	CHE	Georgia	Switzerland	347	218	250	0	0	0	0	0
GEO	CRI	Georgia	Costa Rica	8	0	0	0	0	0	0	0
GEO	CYP	Georgia	Cyprus	100	32	0	0	0	0	0	0
GEO	CZE	Georgia	Czechia	52	10	0	0	0	0	0	0
GEO	DEU	Georgia	Germany	3338	4073	0	0	0	0	0	0
GEO	DNK	Georgia	Denmark	71	15	0	0	0	0	0	0
GEO	ESP	Georgia	Spain	384	1360	0	0	0	0	0	0
GEO	EST	Georgia	Estonia	13	0	0	0	0	0	0	0
GEO	FIN	Georgia	Finland	15	15	0	0	0	0	0	0
GEO	FRA	Georgia	France	7238	1775	0	0	0	0	0	0
GEO	GBR	Georgia	United Kingdom of Great Britain and Northern Ireland	134	1708	0	0	0	0	0	0
GEO	GEO	Georgia	Georgia	0	0	0	299172	0	0	0	0
GEO	GRC	Georgia	Greece	31	313	0	0	0	0	0	0
GEO	HRV	Georgia	Croatia	27	0	0	0	0	0	0	0
GEO	HUN	Georgia	Hungary	64	0	0	0	0	0	0	0
GEO	IRL	Georgia	Ireland	687	2337	0	0	0	0	0	0
GEO	ISL	Georgia	Iceland	0	5	0	0	0	0	0	0
GEO	ISR	Georgia	Israel	5	39	0	0	0	0	0	0
GEO	ITA	Georgia	Italy	748	5174	0	0	0	0	0	0
GEO	LTU	Georgia	Lithuania	13	0	0	0	0	0	0	0
GEO	LUX	Georgia	Luxembourg	5	20	0	0	0	0	0	0
GEO	LVA	Georgia	Latvia	25	0	0	0	0	0	0	0
GEO	MDA	Georgia	Rep. of Moldova	0	5	0	0	0	0	0	0
GEO	MEX	Georgia	Mexico	0	5	0	0	0	0	0	0
GEO	MLT	Georgia	Malta	0	15	0	0	0	0	0	0
GEO	NLD	Georgia	Netherlands (Kingdom of the)	157	39	0	0	0	0	0	0
GEO	NOR	Georgia	Norway	51	8	0	0	0	0	0	0
GEO	POL	Georgia	Poland	360	92	0	0	0	0	0	0
GEO	PRT	Georgia	Portugal	31	13	0	0	0	0	0	0
GEO	ROU	Georgia	Romania	46	0	0	0	0	0	0	0
GEO	RUS	Georgia	Russian Federation	112	5	0	0	0	0	0	0
GEO	SVK	Georgia	Slovakia	25	0	0	0	0	0	0	0
GEO	SWE	Georgia	Sweden	98	25	0	0	0	0	0	0
GEO	UKR	Georgia	Ukraine	19	0	0	0	0	0	0	0
GEO	USA	Georgia	United States of America	988	16053	0	0	0	0	0	0
GHA	ARG	Ghana	Argentina	36	16	0	0	0	0	0	0
GHA	AUS	Ghana	Australia	35	145	0	0	0	0	0	0
GHA	AUT	Ghana	Austria	16	15	0	0	0	0	0	0
GHA	BEL	Ghana	Belgium	15	120	0	0	0	0	0	0
GHA	BGR	Ghana	Bulgaria	5	0	0	0	0	0	0	0
GHA	BIH	Ghana	Bosnia and Herzegovina	0	0	0	0	0	0	5	0
GHA	BRA	Ghana	Brazil	68	227	0	0	0	0	0	0
GHA	CAN	Ghana	Canada	1231	8663	0	0	0	0	0	0
GHA	CHE	Ghana	Switzerland	30	7	0	0	0	0	0	0
GHA	CHL	Ghana	Chile	0	8	0	0	0	0	0	0
GHA	CHN	Ghana	China	0	19	0	0	0	0	0	0
GHA	CIV	Ghana	Cote d'Ivoire	0	9	0	0	0	0	0	0
GHA	COL	Ghana	Colombia	5	0	0	0	0	0	11	0
GHA	CRI	Ghana	Costa Rica	5	46	0	0	0	0	0	0
GHA	CYP	Ghana	Cyprus	8	27	0	0	0	0	0	0
GHA	CZE	Ghana	Czechia	5	0	0	0	0	0	0	0
GHA	DEU	Ghana	Germany	1114	558	0	0	0	0	0	0
GHA	DNK	Ghana	Denmark	14	5	0	0	0	0	0	0
GHA	DZA	Ghana	Algeria	0	15	0	0	0	0	0	0
GHA	EGY	Ghana	Egypt	0	34	0	0	0	0	0	0
GHA	ESP	Ghana	Spain	43	175	0	0	0	0	0	0
GHA	FIN	Ghana	Finland	13	28	0	0	0	0	0	0
GHA	FRA	Ghana	France	632	35	0	0	0	0	0	0
GHA	GBR	Ghana	United Kingdom of Great Britain and Northern Ireland	429	507	0	0	0	0	0	0
GHA	GEO	Ghana	Georgia	0	5	0	0	0	0	0	0
GHA	GRC	Ghana	Greece	84	71	0	0	0	0	0	0
GHA	HUN	Ghana	Hungary	11	0	0	0	0	0	0	0
GHA	IND	Ghana	India	0	5	0	0	0	0	0	0
GHA	IRL	Ghana	Ireland	56	202	0	0	0	0	0	0
GHA	ISR	Ghana	Israel	0	455	0	0	0	0	0	0
GHA	ITA	Ghana	Italy	1276	389	0	0	0	0	0	0
GHA	JPN	Ghana	Japan	5	0	0	0	0	0	0	0
GHA	KOR	Ghana	Rep. of Korea	0	360	0	0	0	0	0	0
GHA	LUX	Ghana	Luxembourg	0	5	0	0	0	0	0	0
GHA	LVA	Ghana	Latvia	5	0	0	0	0	0	0	0
GHA	MAR	Ghana	Morocco	0	26	0	0	0	0	0	0
GHA	MEX	Ghana	Mexico	61	621	0	0	0	0	0	0
GHA	MLT	Ghana	Malta	0	5	0	0	0	0	0	0
GHA	MNE	Ghana	Montenegro	5	0	0	0	0	0	0	0
GHA	MNG	Ghana	Mongolia	0	5	0	0	0	0	0	0
GHA	MRT	Ghana	Mauritania	0	31	0	0	0	0	0	0
GHA	NER	Ghana	Niger	0	5	0	0	0	0	0	0
GHA	NGA	Ghana	Nigeria	0	5	0	0	0	0	0	0
GHA	NLD	Ghana	Netherlands (Kingdom of the)	51	43	0	0	0	0	0	0
GHA	NOR	Ghana	Norway	15	0	0	0	0	0	0	0
GHA	NZL	Ghana	New Zealand	0	5	0	0	0	0	0	0
GHA	PER	Ghana	Peru	5	48	0	0	0	0	0	0
GHA	PHL	Ghana	Philippines	5	6	0	0	0	0	0	0
GHA	POL	Ghana	Poland	9	0	0	0	0	0	0	0
GHA	PRT	Ghana	Portugal	478	14	0	0	0	0	0	0
GHA	SVN	Ghana	Slovenia	0	5	0	0	0	0	0	0
GHA	SWE	Ghana	Sweden	54	10	0	0	0	0	0	0
GHA	TGO	Ghana	Togo	8437	0	0	0	0	0	0	0
GHA	TTO	Ghana	Trinidad and Tobago	0	15	0	0	0	0	0	0
GHA	TUN	Ghana	Tunisia	0	17	0	0	0	0	0	0
GHA	UKR	Ghana	Ukraine	0	5	0	0	0	0	0	0
GHA	URY	Ghana	Uruguay	0	22	0	0	0	0	0	0
GHA	USA	Ghana	United States of America	812	5744	0	0	0	0	0	0
GHA	ZAF	Ghana	South Africa	5	562	0	0	0	0	0	0
GIN	AGO	Guinea	Angola	126	9146	0	0	0	0	0	0
GIN	ARG	Guinea	Argentina	10	0	0	0	0	0	0	0
GIN	AUS	Guinea	Australia	0	8	0	0	0	0	0	0
GIN	AUT	Guinea	Austria	108	13	0	0	0	0	0	0
GIN	BEL	Guinea	Belgium	2679	2093	0	0	0	0	0	0
GIN	BEN	Guinea	Benin	0	15	0	0	0	0	0	0
GIN	BGR	Guinea	Bulgaria	5	0	0	0	0	0	0	0
GIN	BRA	Guinea	Brazil	137	200	0	0	0	0	0	0
GIN	CAF	Guinea	Central African Rep.	6	0	0	0	0	0	0	0
GIN	CAN	Guinea	Canada	677	3207	0	0	0	0	0	0
GIN	CHE	Guinea	Switzerland	194	261	12	0	0	0	0	0
GIN	CHN	Guinea	China	0	5	0	0	0	0	0	0
GIN	CIV	Guinea	Cote d'Ivoire	0	5	0	0	0	0	0	0
GIN	CMR	Guinea	Cameroon	13	290	0	0	0	0	0	0
GIN	COG	Guinea	Congo	0	6	0	0	0	0	0	0
GIN	CRI	Guinea	Costa Rica	0	22	0	0	0	0	0	0
GIN	CYP	Guinea	Cyprus	45	406	0	0	0	0	0	0
GIN	DEU	Guinea	Germany	5709	5115	0	0	0	0	0	0
GIN	DNK	Guinea	Denmark	9	5	0	0	0	0	0	0
GIN	DZA	Guinea	Algeria	23	804	0	0	0	0	0	0
GIN	EGY	Guinea	Egypt	8	223	0	0	0	0	0	0
GIN	ESP	Guinea	Spain	346	1220	0	0	0	0	0	0
GIN	FIN	Guinea	Finland	16	5	0	0	0	0	0	0
GIN	FRA	Guinea	France	27621	8505	0	0	0	0	0	0
GIN	GBR	Guinea	United Kingdom of Great Britain and Northern Ireland	243	146	0	0	0	0	0	0
GIN	GHA	Guinea	Ghana	0	7	0	0	0	0	0	0
GIN	GMB	Guinea	Gambia	5	0	0	0	0	0	0	0
GIN	GRC	Guinea	Greece	225	225	0	0	0	0	0	0
GIN	HUN	Guinea	Hungary	5	0	0	0	0	0	0	0
GIN	IRL	Guinea	Ireland	17	9	0	0	0	0	0	0
GIN	ITA	Guinea	Italy	1616	3683	0	0	0	0	0	0
GIN	JPN	Guinea	Japan	5	0	0	0	0	0	0	0
GIN	KOR	Guinea	Rep. of Korea	0	74	0	0	0	0	0	0
GIN	LBR	Guinea	Liberia	0	5	0	0	0	0	0	0
GIN	LUX	Guinea	Luxembourg	11	100	0	0	0	0	0	0
GIN	LVA	Guinea	Latvia	0	5	0	0	0	0	0	0
GIN	MAR	Guinea	Morocco	110	2318	0	0	0	0	0	0
GIN	MDG	Guinea	Madagascar	0	5	0	0	0	0	0	0
GIN	MEX	Guinea	Mexico	57	378	0	0	0	0	0	0
GIN	MLI	Guinea	Mali	0	5	0	0	0	0	0	0
GIN	MLT	Guinea	Malta	0	45	0	0	0	0	0	0
GIN	MOZ	Guinea	Mozambique	0	5	0	0	0	0	0	0
GIN	MRT	Guinea	Mauritania	23	509	0	0	0	0	0	0
GIN	MYS	Guinea	Malaysia	10	38	0	0	0	0	0	0
GIN	NER	Guinea	Niger	0	18	0	0	0	0	0	0
GIN	NGA	Guinea	Nigeria	12	0	0	0	0	0	0	0
GIN	NLD	Guinea	Netherlands (Kingdom of the)	298	283	0	0	0	0	0	0
GIN	NOR	Guinea	Norway	14	5	0	0	0	0	0	0
GIN	PER	Guinea	Peru	0	19	0	0	0	0	0	0
GIN	PHL	Guinea	Philippines	0	13	0	0	0	0	0	0
GIN	POL	Guinea	Poland	5	30	0	0	0	0	0	0
GIN	PRT	Guinea	Portugal	33	85	0	0	0	0	0	0
GIN	ROU	Guinea	Romania	20	12	0	0	0	0	0	0
GIN	SEN	Guinea	Senegal	7	59	0	0	0	0	0	0
GIN	SWE	Guinea	Sweden	78	5	0	0	0	0	0	0
GIN	SYR	Guinea	Syrian Arab Rep.	57	0	0	0	0	0	0	0
GIN	THA	Guinea	Thailand	0	5	0	0	0	0	0	0
GIN	TUN	Guinea	Tunisia	9	81	0	0	0	0	0	0
GIN	UKR	Guinea	Ukraine	5	0	0	0	0	0	0	0
GIN	URY	Guinea	Uruguay	0	11	0	0	0	0	0	0
GIN	USA	Guinea	United States of America	1499	15447	0	0	0	0	0	0
GIN	ZAF	Guinea	South Africa	0	20	0	0	0	0	0	0
GLP	MEX	Guadeloupe	Mexico	0	5	0	0	0	0	0	0
GLP	USA	Guadeloupe	United States of America	17	76	0	0	0	0	0	0
GMB	AUS	Gambia	Australia	5	0	0	0	0	0	0	0
GMB	AUT	Gambia	Austria	111	36	0	0	0	0	0	0
GMB	BEL	Gambia	Belgium	33	152	0	0	0	0	0	0
GMB	BRA	Gambia	Brazil	12	31	0	0	0	0	0	0
GMB	CAN	Gambia	Canada	237	488	0	0	0	0	0	0
GMB	CHE	Gambia	Switzerland	74	89	7	0	0	0	0	0
GMB	CMR	Gambia	Cameroon	0	5	0	0	0	0	0	0
GMB	CRI	Gambia	Costa Rica	0	5	0	0	0	0	0	0
GMB	CYP	Gambia	Cyprus	9	24	0	0	0	0	0	0
GMB	DEU	Gambia	Germany	1682	1084	0	0	0	0	0	0
GMB	DNK	Gambia	Denmark	13	6	0	0	0	0	0	0
GMB	EGY	Gambia	Egypt	0	7	0	0	0	0	0	0
GMB	ESP	Gambia	Spain	100	1330	0	0	0	0	0	0
GMB	FIN	Gambia	Finland	19	30	0	0	0	0	0	0
GMB	FRA	Gambia	France	683	91	0	0	0	0	0	0
GMB	GBR	Gambia	United Kingdom of Great Britain and Northern Ireland	583	201	0	0	0	0	0	0
GMB	GIN	Gambia	Guinea	7	0	0	0	0	0	0	0
GMB	GRC	Gambia	Greece	106	22	0	0	0	0	0	0
GMB	IRL	Gambia	Ireland	9	11	0	0	0	0	0	0
GMB	ISL	Gambia	Iceland	5	0	0	0	0	0	0	0
GMB	ISR	Gambia	Israel	0	9	0	0	0	0	0	0
GMB	ITA	Gambia	Italy	3023	1281	0	0	0	0	0	0
GMB	KOR	Gambia	Rep. of Korea	0	51	0	0	0	0	0	0
GMB	LUX	Gambia	Luxembourg	6	15	0	0	0	0	0	0
GMB	MAR	Gambia	Morocco	0	117	0	0	0	0	0	0
GMB	MEX	Gambia	Mexico	0	40	0	0	0	0	0	0
GMB	MLT	Gambia	Malta	12	35	0	0	0	0	0	0
GMB	MRT	Gambia	Mauritania	0	9	0	0	0	0	0	0
GMB	NER	Gambia	Niger	0	5	0	0	0	0	0	0
GMB	NLD	Gambia	Netherlands (Kingdom of the)	109	567	0	0	0	0	0	0
GMB	NOR	Gambia	Norway	12	0	0	0	0	0	0	0
GMB	PER	Gambia	Peru	5	5	0	0	0	0	0	0
GMB	POL	Gambia	Poland	0	6	0	0	0	0	0	0
GMB	PRT	Gambia	Portugal	19	262	0	0	0	0	0	0
GMB	ROU	Gambia	Romania	5	0	0	0	0	0	0	0
GMB	SEN	Gambia	Senegal	17	125	0	0	0	0	0	0
GMB	SVN	Gambia	Slovenia	5	6	0	0	0	0	0	0
GMB	SWE	Gambia	Sweden	164	42	0	0	0	0	0	0
GMB	TUN	Gambia	Tunisia	0	7	0	0	0	0	0	0
GMB	USA	Gambia	United States of America	1075	1388	0	0	0	0	0	0
GMB	ZAF	Gambia	South Africa	0	5	0	0	0	0	0	0
GNB	AGO	Guinea-Bissau	Angola	7	268	0	0	0	0	0	0
GNB	ARG	Guinea-Bissau	Argentina	8	0	0	0	0	0	0	0
GNB	AUT	Guinea-Bissau	Austria	5	0	0	0	0	0	0	0
GNB	BEL	Guinea-Bissau	Belgium	12	14	0	0	0	0	0	0
GNB	BRA	Guinea-Bissau	Brazil	92	53	0	0	0	0	0	0
GNB	CAN	Guinea-Bissau	Canada	15	50	0	0	0	0	0	0
GNB	CHE	Guinea-Bissau	Switzerland	34	5	0	0	0	0	0	0
GNB	CYP	Guinea-Bissau	Cyprus	0	5	0	0	0	0	0	0
GNB	DEU	Guinea-Bissau	Germany	146	121	0	0	0	0	0	0
GNB	DNK	Guinea-Bissau	Denmark	5	0	0	0	0	0	0	0
GNB	DZA	Guinea-Bissau	Algeria	0	6	0	0	0	0	0	0
GNB	ESP	Guinea-Bissau	Spain	19	80	0	0	0	0	0	0
GNB	FRA	Guinea-Bissau	France	1337	97	0	0	0	0	0	0
GNB	GBR	Guinea-Bissau	United Kingdom of Great Britain and Northern Ireland	15	12	0	0	0	0	0	0
GNB	IDN	Guinea-Bissau	Indonesia	0	5	0	0	0	0	0	0
GNB	ITA	Guinea-Bissau	Italy	170	159	0	0	0	0	0	0
GNB	MAR	Guinea-Bissau	Morocco	0	68	0	0	0	0	0	0
GNB	MEX	Guinea-Bissau	Mexico	0	37	0	0	0	0	0	0
GNB	MLT	Guinea-Bissau	Malta	0	5	0	0	0	0	0	0
GNB	MRT	Guinea-Bissau	Mauritania	0	6	0	0	0	0	0	0
GNB	NLD	Guinea-Bissau	Netherlands (Kingdom of the)	6	6	0	0	0	0	0	0
GNB	NOR	Guinea-Bissau	Norway	5	0	0	0	0	0	0	0
GNB	PRT	Guinea-Bissau	Portugal	0	72	0	0	0	0	0	0
GNB	SEN	Guinea-Bissau	Senegal	0	5	0	0	0	0	0	0
GNB	SWE	Guinea-Bissau	Sweden	5	0	0	0	0	0	0	0
GNB	URY	Guinea-Bissau	Uruguay	0	5	0	0	0	0	0	0
GNB	USA	Guinea-Bissau	United States of America	19	188	0	0	0	0	0	0
GNQ	BEL	Equatorial Guinea	Belgium	5	29	0	0	0	0	0	0
GNQ	BRA	Equatorial Guinea	Brazil	0	32	0	0	0	0	0	0
GNQ	CAN	Equatorial Guinea	Canada	12	14	0	0	0	0	0	0
GNQ	CHE	Equatorial Guinea	Switzerland	5	5	0	0	0	0	0	0
GNQ	CMR	Equatorial Guinea	Cameroon	8	5	0	0	0	0	0	0
GNQ	DEU	Equatorial Guinea	Germany	28	21	0	0	0	0	0	0
GNQ	ESP	Equatorial Guinea	Spain	230	85	0	0	0	0	0	0
GNQ	FRA	Equatorial Guinea	France	101	20	0	0	0	0	0	0
GNQ	GBR	Equatorial Guinea	United Kingdom of Great Britain and Northern Ireland	9	0	0	0	0	0	0	0
GNQ	ITA	Equatorial Guinea	Italy	5	5	0	0	0	0	0	0
GNQ	MEX	Equatorial Guinea	Mexico	0	22	0	0	0	0	0	0
GNQ	PER	Equatorial Guinea	Peru	0	8	0	0	0	0	0	0
GNQ	SWE	Equatorial Guinea	Sweden	6	0	0	0	0	0	0	0
GNQ	USA	Equatorial Guinea	United States of America	17	442	0	0	0	0	0	0
GRC	AUS	Greece	Australia	0	53	0	0	0	0	0	0
GRC	AUT	Greece	Austria	0	5	0	0	0	0	0	0
GRC	BRA	Greece	Brazil	0	5	0	0	0	0	0	0
GRC	CAN	Greece	Canada	24	29	0	0	0	0	0	0
GRC	CHE	Greece	Switzerland	0	0	5	0	0	0	0	0
GRC	DEU	Greece	Germany	48	5	0	0	0	0	0	0
GRC	FIN	Greece	Finland	0	5	0	0	0	0	0	0
GRC	GBR	Greece	United Kingdom of Great Britain and Northern Ireland	5	6	0	0	0	0	0	0
GRC	RUS	Greece	Russian Federation	5	0	0	0	0	0	0	0
GRC	SWE	Greece	Sweden	5	0	0	0	0	0	0	0
GRC	USA	Greece	United States of America	10	125	0	0	0	0	0	0
GRD	CAN	Grenada	Canada	23	15	0	0	0	0	0	0
GRD	GBR	Grenada	United Kingdom of Great Britain and Northern Ireland	62	75	0	0	0	0	0	0
GRD	TTO	Grenada	Trinidad and Tobago	0	7	0	0	0	0	0	0
GRD	USA	Grenada	United States of America	15	39	0	0	0	0	0	0
GTM	ARG	Guatemala	Argentina	9	0	0	0	0	0	0	0
GTM	AUT	Guatemala	Austria	5	5	0	0	0	0	0	0
GTM	BEL	Guatemala	Belgium	43	103	0	0	0	0	0	0
GTM	BLZ	Guatemala	Belize	19	418	0	0	0	0	0	0
GTM	BRA	Guatemala	Brazil	5	21	0	0	0	0	0	0
GTM	CAN	Guatemala	Canada	555	464	0	0	0	0	0	0
GTM	CHE	Guatemala	Switzerland	5	0	0	0	0	0	0	0
GTM	CHL	Guatemala	Chile	0	5	0	0	0	0	0	0
GTM	CRI	Guatemala	Costa Rica	49	169	0	0	0	0	0	0
GTM	DEU	Guatemala	Germany	10	11	0	0	0	0	0	0
GTM	ESP	Guatemala	Spain	307	540	0	0	0	0	0	0
GTM	FRA	Guatemala	France	34	0	0	0	0	0	0	0
GTM	GBR	Guatemala	United Kingdom of Great Britain and Northern Ireland	44	116	0	0	0	0	0	0
GTM	GTM	Guatemala	Guatemala	0	0	0	0	0	0	23630	72921
GTM	HND	Guatemala	Honduras	0	5	0	0	0	0	0	0
GTM	IRL	Guatemala	Ireland	29	58	0	0	0	0	0	0
GTM	ITA	Guatemala	Italy	50	95	0	0	0	0	0	0
GTM	MEX	Guatemala	Mexico	6652	9247	0	0	0	0	15737	0
GTM	NLD	Guatemala	Netherlands (Kingdom of the)	12	0	0	0	0	0	0	0
GTM	NOR	Guatemala	Norway	0	5	0	0	0	0	0	0
GTM	PAN	Guatemala	Panama	10	11	0	0	0	0	0	0
GTM	PER	Guatemala	Peru	5	17	0	0	0	0	0	0
GTM	SLV	Guatemala	El Salvador	8	10	0	0	0	0	0	0
GTM	SWE	Guatemala	Sweden	15	0	0	0	0	0	0	0
GTM	URY	Guatemala	Uruguay	5	5	0	0	0	0	0	0
GTM	USA	Guatemala	United States of America	28452	184014	0	0	0	0	0	0
GUF	BRA	French Guiana	Brazil	0	70	0	0	0	0	0	0
GUF	CRI	French Guiana	Costa Rica	0	6	0	0	0	0	0	0
GUF	MEX	French Guiana	Mexico	33	294	0	0	0	0	0	0
GUF	USA	French Guiana	United States of America	0	135	0	0	0	0	0	0
GUY	BRA	Guyana	Brazil	9	196	0	0	0	0	0	0
GUY	CAN	Guyana	Canada	95	58	0	0	0	0	0	0
GUY	CRI	Guyana	Costa Rica	0	5	0	0	0	0	0	0
GUY	FRA	Guyana	France	40	0	0	0	0	0	0	0
GUY	GBR	Guyana	United Kingdom of Great Britain and Northern Ireland	34	26	0	0	0	0	0	0
GUY	IRL	Guyana	Ireland	0	19	0	0	0	0	0	0
GUY	MEX	Guyana	Mexico	5	107	0	0	0	0	0	0
GUY	NLD	Guyana	Netherlands (Kingdom of the)	7	5	0	0	0	0	0	0
GUY	PER	Guyana	Peru	0	9	0	0	0	0	0	0
GUY	SUR	Guyana	Suriname	0	5	0	0	0	0	0	0
GUY	TTO	Guyana	Trinidad and Tobago	7	80	0	0	0	0	0	0
GUY	USA	Guyana	United States of America	116	1081	0	0	0	0	0	0
HKG	AUS	China, Hong Kong SAR	Australia	0	301	0	0	0	0	0	0
HKG	BEL	China, Hong Kong SAR	Belgium	0	75	0	0	0	0	0	0
HKG	CAN	China, Hong Kong SAR	Canada	116	80	0	0	0	0	0	0
HKG	DEU	China, Hong Kong SAR	Germany	9	10	0	0	0	0	0	0
HKG	GBR	China, Hong Kong SAR	United Kingdom of Great Britain and Northern Ireland	81	42	0	0	0	0	0	0
HKG	NZL	China, Hong Kong SAR	New Zealand	5	0	0	0	0	0	0	0
HKG	USA	China, Hong Kong SAR	United States of America	29	347	0	0	0	0	0	0
HND	ARG	Honduras	Argentina	5	5	0	0	0	0	0	0
HND	AUS	Honduras	Australia	0	5	0	0	0	0	0	0
HND	BEL	Honduras	Belgium	18	55	0	0	0	0	0	0
HND	BLZ	Honduras	Belize	95	438	0	0	0	0	0	0
HND	BRA	Honduras	Brazil	8	20	0	0	0	0	0	0
HND	CAN	Honduras	Canada	608	462	0	0	0	0	0	0
HND	CHE	Honduras	Switzerland	5	8	0	0	0	0	0	0
HND	CHL	Honduras	Chile	5	0	0	0	0	0	0	0
HND	COL	Honduras	Colombia	5	0	0	0	0	0	0	0
HND	CRI	Honduras	Costa Rica	226	1150	0	0	0	0	22	0
HND	DEU	Honduras	Germany	94	115	0	0	0	0	0	0
HND	DOM	Honduras	Dominican Rep.	0	5	0	0	0	0	0	0
HND	ESP	Honduras	Spain	2563	5425	0	0	0	0	0	0
HND	FIN	Honduras	Finland	47	11	0	0	0	0	0	0
HND	FRA	Honduras	France	69	5	0	0	0	0	0	0
HND	GBR	Honduras	United Kingdom of Great Britain and Northern Ireland	863	685	0	0	0	0	0	0
HND	GTM	Honduras	Guatemala	319	1016	0	0	0	0	34570	0
HND	HND	Honduras	Honduras	0	0	0	247090	0	0	36743	0
HND	IRL	Honduras	Ireland	17	24	0	0	0	0	0	0
HND	ISL	Honduras	Iceland	8	5	0	0	0	0	0	0
HND	ITA	Honduras	Italy	542	536	0	0	0	0	0	0
HND	MEX	Honduras	Mexico	72914	62840	0	0	0	0	13560	0
HND	NLD	Honduras	Netherlands (Kingdom of the)	13	12	0	0	0	0	0	0
HND	NOR	Honduras	Norway	5	5	0	0	0	0	0	0
HND	PAN	Honduras	Panama	10	29	0	0	0	0	0	0
HND	PER	Honduras	Peru	0	12	0	0	0	0	0	0
HND	SLV	Honduras	El Salvador	34	44	0	0	0	0	0	0
HND	SWE	Honduras	Sweden	17	0	0	0	0	0	0	0
HND	URY	Honduras	Uruguay	0	5	0	0	0	0	0	0
HND	USA	Honduras	United States of America	22479	164784	0	0	0	0	0	0
HRV	AUS	Croatia	Australia	6	8	0	0	0	0	0	0
HRV	BEL	Croatia	Belgium	5	0	0	0	0	0	0	0
HRV	BIH	Croatia	Bosnia and Herzegovina	0	0	0	0	0	0	11	0
HRV	BRA	Croatia	Brazil	0	5	0	0	0	0	0	0
HRV	CAN	Croatia	Canada	31	7	0	0	0	0	0	0
HRV	CHE	Croatia	Switzerland	19	0	0	0	0	0	0	0
HRV	DEU	Croatia	Germany	231	0	0	0	0	0	0	0
HRV	DNK	Croatia	Denmark	70	0	0	0	0	0	0	0
HRV	FRA	Croatia	France	60	0	0	0	0	0	0	0
HRV	NLD	Croatia	Netherlands (Kingdom of the)	121	0	0	0	0	0	0	0
HRV	NOR	Croatia	Norway	143	0	0	0	0	0	0	0
HRV	PER	Croatia	Peru	0	5	0	0	0	0	0	0
HRV	SRB	Croatia	Serbia and Kosovo: S/RES/1244 (1999)	17052	0	0	0	0	0	0	0
HRV	SWE	Croatia	Sweden	148	0	0	0	0	0	0	0
HRV	USA	Croatia	United States of America	5	74	0	0	0	0	0	0
HTI	ARG	Haiti	Argentina	80	32	0	0	0	0	0	0
HTI	ARM	Haiti	Armenia	32	7	0	0	0	0	0	0
HTI	AUS	Haiti	Australia	0	10	0	0	0	0	0	0
HTI	BEL	Haiti	Belgium	18	31	0	0	0	0	0	0
HTI	BGR	Haiti	Bulgaria	5	0	0	0	0	0	0	0
HTI	BLZ	Haiti	Belize	0	9	0	0	0	0	0	0
HTI	BRA	Haiti	Brazil	93748	573	0	0	0	0	0	0
HTI	CAN	Haiti	Canada	14351	19410	0	0	0	0	0	0
HTI	CHE	Haiti	Switzerland	18	19	0	0	0	0	0	0
HTI	CHL	Haiti	Chile	0	103	0	0	0	0	0	0
HTI	COL	Haiti	Colombia	0	0	0	0	0	0	12	0
HTI	CRI	Haiti	Costa Rica	30	815	0	0	0	0	0	0
HTI	CUB	Haiti	Cuba	6	0	0	0	0	0	0	0
HTI	CYM	Haiti	Cayman Islands	0	0	0	0	0	0	32	0
HTI	CYP	Haiti	Cyprus	0	16	0	0	0	0	0	0
HTI	DEU	Haiti	Germany	35	51	0	0	0	0	0	0
HTI	DOM	Haiti	Dominican Rep.	0	522	0	0	0	0	0	0
HTI	ECU	Haiti	Ecuador	14	5	0	0	0	0	0	0
HTI	ESP	Haiti	Spain	135	75	0	0	0	0	0	0
HTI	FRA	Haiti	France	16362	3391	0	0	0	0	0	0
HTI	GBR	Haiti	United Kingdom of Great Britain and Northern Ireland	6	6	0	0	0	0	0	0
HTI	GRC	Haiti	Greece	56	15	0	0	0	0	0	0
HTI	GTM	Haiti	Guatemala	0	0	0	0	0	0	597	0
HTI	GUY	Haiti	Guyana	15	12	0	0	0	0	0	0
HTI	HND	Haiti	Honduras	0	0	0	0	0	0	19647	0
HTI	HTI	Haiti	Haiti	0	0	0	1037463	0	0	0	0
HTI	ISR	Haiti	Israel	0	59	0	0	0	0	0	0
HTI	ITA	Haiti	Italy	5	7	0	0	0	0	0	0
HTI	KOR	Haiti	Rep. of Korea	119	30	0	0	0	0	0	0
HTI	LCA	Haiti	Saint Lucia	5	0	0	0	0	0	0	0
HTI	LUX	Haiti	Luxembourg	5	0	0	0	0	0	0	0
HTI	MAR	Haiti	Morocco	0	5	0	0	0	0	0	0
HTI	MEX	Haiti	Mexico	8820	78905	0	0	0	0	10980	0
HTI	NLD	Haiti	Netherlands (Kingdom of the)	5	15	0	0	0	0	0	0
HTI	PAN	Haiti	Panama	10	5	0	0	0	0	0	0
HTI	PER	Haiti	Peru	94	503	0	0	0	0	84	0
HTI	PHL	Haiti	Philippines	0	5	0	0	0	0	0	0
HTI	PRT	Haiti	Portugal	0	5	0	0	0	0	0	0
HTI	PRY	Haiti	Paraguay	0	5	0	0	0	0	0	0
HTI	ROU	Haiti	Romania	0	5	0	0	0	0	0	0
HTI	RUS	Haiti	Russian Federation	5	5	0	0	0	0	0	0
HTI	SLV	Haiti	El Salvador	0	5	0	0	0	0	0	0
HTI	SUR	Haiti	Suriname	0	5	0	0	0	0	0	0
HTI	SWE	Haiti	Sweden	5	0	0	0	0	0	0	0
HTI	SXM	Haiti	Sint Maarten (Dutch part)	5	0	0	0	0	0	0	0
HTI	TTO	Haiti	Trinidad and Tobago	0	19	0	0	0	0	0	0
HTI	URY	Haiti	Uruguay	5	24	0	0	0	0	0	0
HTI	USA	Haiti	United States of America	14241	170305	0	0	0	0	0	0
HTI	VEN	Haiti	Venezuela (Bolivarian Republic of)	12	0	0	0	0	0	0	0
HTI	VGB	Haiti	British Virgin Islands	5	36	0	0	0	0	0	0
HUN	AUS	Hungary	Australia	0	5	0	0	0	0	0	0
HUN	AUT	Hungary	Austria	0	7	0	0	0	0	0	0
HUN	BEL	Hungary	Belgium	24	0	0	0	0	0	0	0
HUN	BRA	Hungary	Brazil	0	8	0	0	0	0	0	0
HUN	CAN	Hungary	Canada	1426	731	0	0	0	0	0	0
HUN	CHE	Hungary	Switzerland	5	5	0	0	0	0	0	0
HUN	COL	Hungary	Colombia	5	0	0	0	0	0	0	0
HUN	DEU	Hungary	Germany	234	5	0	0	0	0	0	0
HUN	DNK	Hungary	Denmark	5	0	0	0	0	0	0	0
HUN	FRA	Hungary	France	65	0	0	0	0	0	0	0
HUN	GBR	Hungary	United Kingdom of Great Britain and Northern Ireland	0	44	0	0	0	0	0	0
HUN	MEX	Hungary	Mexico	0	5	0	0	0	0	0	0
HUN	NOR	Hungary	Norway	9	0	0	0	0	0	0	0
HUN	NZL	Hungary	New Zealand	5	7	0	0	0	0	0	0
HUN	ROU	Hungary	Romania	10	0	0	0	0	0	0	0
HUN	SWE	Hungary	Sweden	179	0	0	0	0	0	0	0
HUN	USA	Hungary	United States of America	17	764	0	0	0	0	0	0
HUN	ZAF	Hungary	South Africa	0	5	0	0	0	0	0	0
IDN	AUS	Indonesia	Australia	130	3719	0	0	0	0	0	0
IDN	BRA	Indonesia	Brazil	0	6	0	0	0	0	0	0
IDN	CAN	Indonesia	Canada	122	88	0	0	0	0	0	0
IDN	CHE	Indonesia	Switzerland	0	5	0	0	0	0	0	0
IDN	DEU	Indonesia	Germany	14	27	0	0	0	0	0	0
IDN	DNK	Indonesia	Denmark	90	0	0	0	0	0	0	0
IDN	ESP	Indonesia	Spain	6	0	0	0	0	0	0	0
IDN	FRA	Indonesia	France	21	0	0	0	0	0	0	0
IDN	GBR	Indonesia	United Kingdom of Great Britain and Northern Ireland	127	296	0	0	0	0	0	0
IDN	GRC	Indonesia	Greece	0	36	0	0	0	0	0	0
IDN	HKG	Indonesia	China, Hong Kong SAR	17	0	0	0	0	0	0	0
IDN	IDN	Indonesia	Indonesia	0	0	0	0	0	0	238	0
IDN	IRL	Indonesia	Ireland	6	5	0	0	0	0	0	0
IDN	ITA	Indonesia	Italy	0	17	0	0	0	0	0	0
IDN	JPN	Indonesia	Japan	5	0	0	0	0	0	0	0
IDN	KOR	Indonesia	Rep. of Korea	0	335	0	0	0	0	0	0
IDN	MYS	Indonesia	Malaysia	0	0	0	0	0	0	866	0
IDN	NLD	Indonesia	Netherlands (Kingdom of the)	29	9	0	0	0	0	0	0
IDN	NOR	Indonesia	Norway	10	0	0	0	0	0	0	0
IDN	NZL	Indonesia	New Zealand	15	6	0	0	0	0	0	0
IDN	PER	Indonesia	Peru	0	5	0	0	0	0	0	0
IDN	PNG	Indonesia	Papua New Guinea	7700	3230	0	0	0	0	0	0
IDN	SWE	Indonesia	Sweden	8	0	0	0	0	0	0	0
IDN	USA	Indonesia	United States of America	872	10414	0	0	0	0	0	0
IND	AFG	India	Afghanistan	0	5	0	0	0	0	0	0
IND	ARG	India	Argentina	25	24	0	0	0	0	0	0
IND	AUS	India	Australia	122	12278	0	0	0	0	0	0
IND	AUT	India	Austria	44	356	0	0	0	0	0	0
IND	BEL	India	Belgium	17	25	0	0	0	0	0	0
IND	BGR	India	Bulgaria	5	0	0	0	0	0	0	0
IND	BIH	India	Bosnia and Herzegovina	0	0	0	0	0	0	7	0
IND	BRA	India	Brazil	26	625	0	0	0	0	0	0
IND	CAN	India	Canada	20386	41084	0	0	0	0	0	0
IND	CHE	India	Switzerland	39	8	8	0	0	0	0	0
IND	COL	India	Colombia	0	0	0	0	0	0	33	0
IND	CRI	India	Costa Rica	5	11	0	0	0	0	0	0
IND	CYP	India	Cyprus	12	76	0	0	0	0	0	0
IND	DEU	India	Germany	874	1701	0	0	0	0	0	0
IND	DNK	India	Denmark	45	0	0	0	0	0	0	0
IND	DZA	India	Algeria	0	5	0	0	0	0	0	0
IND	ECU	India	Ecuador	0	5	0	0	0	0	0	0
IND	EGY	India	Egypt	0	9	0	0	0	0	0	0
IND	ESP	India	Spain	107	70	0	0	0	0	0	0
IND	FIN	India	Finland	37	8	0	0	0	0	0	0
IND	FJI	India	Fiji	0	5	0	0	0	0	0	0
IND	FRA	India	France	398	206	0	0	0	0	0	0
IND	GBR	India	United Kingdom of Great Britain and Northern Ireland	657	5379	0	0	0	0	0	0
IND	GEO	India	Georgia	0	37	0	0	0	0	0	0
IND	GRC	India	Greece	36	88	0	0	0	0	0	0
IND	HKG	India	China, Hong Kong SAR	5	0	0	0	0	0	0	0
IND	HRV	India	Croatia	0	10	0	0	0	0	0	0
IND	HUN	India	Hungary	6	0	0	0	0	0	0	0
IND	IRL	India	Ireland	45	284	0	0	0	0	0	0
IND	ISR	India	Israel	0	1016	0	0	0	0	0	0
IND	ITA	India	Italy	271	6391	0	0	0	0	0	0
IND	JOR	India	Jordan	6	0	0	0	0	0	0	0
IND	KEN	India	Kenya	0	7	0	0	0	0	0	0
IND	KOR	India	Rep. of Korea	0	3492	0	0	0	0	0	0
IND	LBN	India	Lebanon	0	5	0	0	0	0	5	0
IND	LTU	India	Lithuania	5	0	0	0	0	0	0	0
IND	LUX	India	Luxembourg	0	10	0	0	0	0	0	0
IND	LVA	India	Latvia	5	23	0	0	0	0	0	0
IND	MDA	India	Rep. of Moldova	0	12	0	0	0	0	0	0
IND	MEX	India	Mexico	5	115	0	0	0	0	0	0
IND	MYS	India	Malaysia	5	10	0	0	0	0	0	0
IND	NLD	India	Netherlands (Kingdom of the)	32	52	0	0	0	0	0	0
IND	NOR	India	Norway	14	0	0	0	0	0	0	0
IND	NPL	India	Nepal	0	0	0	0	0	0	210	0
IND	NRU	India	Nauru	0	5	0	0	0	0	0	0
IND	NZL	India	New Zealand	72	1452	0	0	0	0	0	0
IND	PAK	India	Pakistan	0	5	0	0	0	0	0	0
IND	PER	India	Peru	6	64	0	0	0	0	0	0
IND	POL	India	Poland	70	136	0	0	0	0	0	0
IND	PRT	India	Portugal	785	47	0	0	0	0	0	0
IND	ROU	India	Romania	21	5	0	0	0	0	0	0
IND	SVK	India	Slovakia	12	5	0	0	0	0	0	0
IND	SWE	India	Sweden	29	27	0	0	0	0	0	0
IND	THA	India	Thailand	0	5	0	0	0	0	0	0
IND	TTO	India	Trinidad and Tobago	0	31	0	0	0	0	0	0
IND	UKR	India	Ukraine	7	11	0	0	0	0	0	0
IND	URY	India	Uruguay	0	6	0	0	0	0	0	0
IND	USA	India	United States of America	15062	125897	0	0	0	0	0	0
IND	YEM	India	Yemen	0	5	0	0	0	0	0	0
IND	ZAF	India	South Africa	5	1795	0	0	0	0	0	0
IND	ZMB	India	Zambia	0	5	0	0	0	0	0	0
IRL	AUS	Ireland	Australia	0	95	0	0	0	0	0	0
IRL	CAN	Ireland	Canada	62	130	0	0	0	0	0	0
IRL	NOR	Ireland	Norway	6	0	0	0	0	0	0	0
IRL	USA	Ireland	United States of America	0	180	0	0	0	0	0	0
IRN	AFG	Iran (Islamic Rep. of)	Afghanistan	39	55	0	0	0	0	0	0
IRN	ARE	Iran (Islamic Rep. of)	United Arab Emirates	0	5	0	0	0	0	0	0
IRN	ARG	Iran (Islamic Rep. of)	Argentina	31	5	0	0	0	0	0	0
IRN	ARM	Iran (Islamic Rep. of)	Armenia	180	298	0	0	0	0	0	0
IRN	AUS	Iran (Islamic Rep. of)	Australia	7725	2223	0	0	0	0	7	0
IRN	AUT	Iran (Islamic Rep. of)	Austria	7285	833	0	0	0	0	0	0
IRN	AZE	Iran (Islamic Rep. of)	Azerbaijan	60	0	0	0	0	0	0	0
IRN	BEL	Iran (Islamic Rep. of)	Belgium	1778	639	0	0	0	0	0	0
IRN	BGR	Iran (Islamic Rep. of)	Bulgaria	116	26	0	0	0	0	0	0
IRN	BIH	Iran (Islamic Rep. of)	Bosnia and Herzegovina	5	9	0	0	0	0	38	0
IRN	BRA	Iran (Islamic Rep. of)	Brazil	57	205	0	0	0	0	0	0
IRN	CAN	Iran (Islamic Rep. of)	Canada	11447	8334	0	0	0	0	0	0
IRN	CHE	Iran (Islamic Rep. of)	Switzerland	2383	891	12	0	0	0	0	0
IRN	CHN	Iran (Islamic Rep. of)	China	5	0	0	0	0	0	0	0
IRN	CIV	Iran (Islamic Rep. of)	Cote d'Ivoire	7	0	0	0	0	0	0	0
IRN	COL	Iran (Islamic Rep. of)	Colombia	0	0	0	0	0	0	22	0
IRN	CRI	Iran (Islamic Rep. of)	Costa Rica	6	7	0	0	0	0	0	0
IRN	CUB	Iran (Islamic Rep. of)	Cuba	5	0	0	0	0	0	0	0
IRN	CYP	Iran (Islamic Rep. of)	Cyprus	872	764	0	0	0	0	0	0
IRN	CZE	Iran (Islamic Rep. of)	Czechia	10	9	0	0	0	0	0	0
IRN	DEU	Iran (Islamic Rep. of)	Germany	47068	15293	0	0	0	0	0	0
IRN	DNK	Iran (Islamic Rep. of)	Denmark	4252	167	0	0	0	0	0	0
IRN	DOM	Iran (Islamic Rep. of)	Dominican Rep.	0	7	0	0	0	0	0	0
IRN	ECU	Iran (Islamic Rep. of)	Ecuador	52	5	0	0	0	0	0	0
IRN	EGY	Iran (Islamic Rep. of)	Egypt	0	5	0	0	0	0	0	0
IRN	ESP	Iran (Islamic Rep. of)	Spain	716	160	0	0	0	0	0	0
IRN	EST	Iran (Islamic Rep. of)	Estonia	5	0	0	0	0	0	0	0
IRN	FIN	Iran (Islamic Rep. of)	Finland	823	187	0	0	0	0	0	0
IRN	FRA	Iran (Islamic Rep. of)	France	5062	358	0	0	0	0	0	0
IRN	GBR	Iran (Islamic Rep. of)	United Kingdom of Great Britain and Northern Ireland	37779	8952	0	0	0	0	0	0
IRN	GEO	Iran (Islamic Rep. of)	Georgia	56	111	0	0	0	0	0	0
IRN	GRC	Iran (Islamic Rep. of)	Greece	1234	446	0	0	0	0	0	0
IRN	HRV	Iran (Islamic Rep. of)	Croatia	55	26	0	0	0	0	0	0
IRN	HUN	Iran (Islamic Rep. of)	Hungary	193	0	0	0	0	0	0	0
IRN	IDN	Iran (Islamic Rep. of)	Indonesia	165	21	0	0	0	0	0	0
IRN	IND	Iran (Islamic Rep. of)	India	50	83	0	0	0	0	0	0
IRN	IRL	Iran (Islamic Rep. of)	Ireland	157	87	0	0	0	0	0	0
IRN	IRQ	Iran (Islamic Rep. of)	Iraq	3579	5860	0	0	0	0	8	0
IRN	ISL	Iran (Islamic Rep. of)	Iceland	113	10	0	0	0	0	0	0
IRN	ISR	Iran (Islamic Rep. of)	Israel	6	0	0	0	0	0	0	0
IRN	ITA	Iran (Islamic Rep. of)	Italy	1452	261	0	0	0	0	0	0
IRN	JOR	Iran (Islamic Rep. of)	Jordan	5	0	0	0	0	0	0	0
IRN	JPN	Iran (Islamic Rep. of)	Japan	30	0	0	0	0	0	0	0
IRN	KAZ	Iran (Islamic Rep. of)	Kazakhstan	0	5	0	0	0	0	0	0
IRN	KGZ	Iran (Islamic Rep. of)	Kyrgyzstan	0	6	0	0	0	0	0	0
IRN	KOR	Iran (Islamic Rep. of)	Rep. of Korea	66	16	0	0	0	0	0	0
IRN	KWT	Iran (Islamic Rep. of)	Kuwait	8	24	0	0	0	0	0	0
IRN	LBN	Iran (Islamic Rep. of)	Lebanon	22	38	0	0	0	0	13	0
IRN	LBR	Iran (Islamic Rep. of)	Liberia	5	0	0	0	0	0	0	0
IRN	LIE	Iran (Islamic Rep. of)	Liechtenstein	11	0	0	0	0	0	0	0
IRN	LTU	Iran (Islamic Rep. of)	Lithuania	13	0	0	0	0	0	0	0
IRN	LUX	Iran (Islamic Rep. of)	Luxembourg	199	65	0	0	0	0	0	0
IRN	LVA	Iran (Islamic Rep. of)	Latvia	17	8	0	0	0	0	0	0
IRN	MEX	Iran (Islamic Rep. of)	Mexico	23	73	0	0	0	0	0	0
IRN	MLT	Iran (Islamic Rep. of)	Malta	40	5	0	0	0	0	0	0
IRN	MNE	Iran (Islamic Rep. of)	Montenegro	16	5	0	0	0	0	0	0
IRN	MYS	Iran (Islamic Rep. of)	Malaysia	238	110	0	0	0	0	0	0
IRN	NLD	Iran (Islamic Rep. of)	Netherlands (Kingdom of the)	4530	1822	0	0	0	0	0	0
IRN	NOR	Iran (Islamic Rep. of)	Norway	897	121	0	0	0	0	0	0
IRN	NPL	Iran (Islamic Rep. of)	Nepal	9	0	0	0	0	0	0	0
IRN	NZL	Iran (Islamic Rep. of)	New Zealand	82	71	0	0	0	0	0	0
IRN	PAK	Iran (Islamic Rep. of)	Pakistan	39	32	0	0	0	0	0	0
IRN	PER	Iran (Islamic Rep. of)	Peru	7	15	0	0	0	0	0	0
IRN	PHL	Iran (Islamic Rep. of)	Philippines	79	43	0	0	0	0	0	0
IRN	PNG	Iran (Islamic Rep. of)	Papua New Guinea	7	5	0	0	0	0	0	0
IRN	POL	Iran (Islamic Rep. of)	Poland	101	61	0	0	0	0	0	0
IRN	PRT	Iran (Islamic Rep. of)	Portugal	85	53	0	0	0	0	0	0
IRN	ROU	Iran (Islamic Rep. of)	Romania	96	5	0	0	0	0	0	0
IRN	RUS	Iran (Islamic Rep. of)	Russian Federation	8	0	0	0	0	0	0	0
IRN	SRB	Iran (Islamic Rep. of)	Serbia and Kosovo: S/RES/1244 (1999)	23	8	0	0	0	0	0	0
IRN	SVK	Iran (Islamic Rep. of)	Slovakia	45	0	0	0	0	0	0	0
IRN	SVN	Iran (Islamic Rep. of)	Slovenia	88	5	0	0	0	0	0	0
IRN	SWE	Iran (Islamic Rep. of)	Sweden	4949	366	0	0	0	0	0	0
IRN	SYR	Iran (Islamic Rep. of)	Syrian Arab Rep.	39	5	0	0	0	0	0	0
IRN	THA	Iran (Islamic Rep. of)	Thailand	66	17	0	0	0	0	0	0
IRN	TJK	Iran (Islamic Rep. of)	Tajikistan	5	0	0	0	0	0	0	0
IRN	TUR	Iran (Islamic Rep. of)	Türkiye	6072	7242	0	0	0	0	0	0
IRN	TZA	Iran (Islamic Rep. of)	United Rep. of Tanzania	5	0	0	0	0	0	0	0
IRN	UKR	Iran (Islamic Rep. of)	Ukraine	71	0	0	0	0	0	0	0
IRN	USA	Iran (Islamic Rep. of)	United States of America	5347	4603	0	0	0	0	0	0
IRN	ZAF	Iran (Islamic Rep. of)	South Africa	0	5	0	0	0	0	0	0
IRQ	ARE	Iraq	United Arab Emirates	746	407	0	0	0	0	7	0
IRQ	ARG	Iraq	Argentina	26	5	0	0	0	0	0	0
IRQ	ARM	Iraq	Armenia	1197	246	0	0	0	0	0	0
IRQ	AUS	Iraq	Australia	1590	461	0	0	0	0	0	0
IRQ	AUT	Iraq	Austria	10046	544	0	0	0	0	0	0
IRQ	AZE	Iraq	Azerbaijan	10	0	0	0	0	0	0	0
IRQ	BEL	Iraq	Belgium	2497	1043	0	0	0	0	0	0
IRQ	BGR	Iraq	Bulgaria	620	92	0	0	0	0	0	0
IRQ	BHR	Iraq	Bahrain	236	105	0	0	0	0	0	0
IRQ	BIH	Iraq	Bosnia and Herzegovina	5	5	0	0	0	0	17	0
IRQ	BLR	Iraq	Belarus	6	0	0	0	0	0	0	0
IRQ	BOL	Iraq	Bolivia (Plurinational State of)	16	0	0	0	0	0	0	0
IRQ	BRA	Iraq	Brazil	398	5	0	0	0	0	0	0
IRQ	CAN	Iraq	Canada	1259	931	0	0	0	0	0	0
IRQ	CHE	Iraq	Switzerland	3816	510	79	0	0	0	0	0
IRQ	CHL	Iraq	Chile	0	14	0	0	0	0	0	0
IRQ	CHN	Iraq	China	11	0	0	0	0	0	0	0
IRQ	CIV	Iraq	Cote d'Ivoire	5	0	0	0	0	0	0	0
IRQ	CMR	Iraq	Cameroon	6	0	0	0	0	0	0	0
IRQ	COL	Iraq	Colombia	8	0	0	0	0	0	0	0
IRQ	CRI	Iraq	Costa Rica	6	0	0	0	0	0	0	0
IRQ	CYP	Iraq	Cyprus	1226	322	0	0	0	0	0	0
IRQ	CZE	Iraq	Czechia	90	0	0	0	0	0	0	0
IRQ	DEU	Iraq	Germany	138535	25905	0	0	0	0	0	0
IRQ	DJI	Iraq	Djibouti	13	0	0	0	0	0	0	0
IRQ	DNK	Iraq	Denmark	3682	40	0	0	0	0	0	0
IRQ	DZA	Iraq	Algeria	12	0	0	0	0	0	0	0
IRQ	ECU	Iraq	Ecuador	30	0	0	0	0	0	0	0
IRQ	EGY	Iraq	Egypt	3257	1122	0	0	0	0	0	0
IRQ	ESP	Iraq	Spain	586	80	0	0	0	0	0	0
IRQ	EST	Iraq	Estonia	10	5	0	0	0	0	0	0
IRQ	ETH	Iraq	Ethiopia	10	0	0	0	0	0	0	0
IRQ	FIN	Iraq	Finland	8390	345	0	0	0	0	0	0
IRQ	FRA	Iraq	France	14028	361	0	0	0	0	0	0
IRQ	GBR	Iraq	United Kingdom of Great Britain and Northern Ireland	14746	5249	0	0	0	0	0	0
IRQ	GEO	Iraq	Georgia	152	5	0	0	0	0	0	0
IRQ	GHA	Iraq	Ghana	16	0	0	0	0	0	0	0
IRQ	GRC	Iraq	Greece	9127	925	0	0	0	0	0	0
IRQ	HRV	Iraq	Croatia	122	33	0	0	0	0	5	0
IRQ	HUN	Iraq	Hungary	581	0	0	0	0	0	0	0
IRQ	IDN	Iraq	Indonesia	279	119	5	0	0	0	0	0
IRQ	IND	Iraq	India	92	29	0	0	0	0	0	0
IRQ	IRL	Iraq	Ireland	286	144	0	0	0	0	0	0
IRQ	IRN	Iraq	Iran (Islamic Rep. of)	12175	0	0	0	0	0	0	0
IRQ	IRQ	Iraq	Iraq	0	0	0	1031475	55974	0	2145	0
IRQ	ISL	Iraq	Iceland	129	53	0	0	0	0	0	0
IRQ	ISR	Iraq	Israel	10	0	0	0	0	0	0	0
IRQ	ITA	Iraq	Italy	5519	1675	0	0	0	0	0	0
IRQ	JOR	Iraq	Jordan	25710	20750	87	0	0	0	33	0
IRQ	JPN	Iraq	Japan	18	0	0	0	0	0	0	0
IRQ	KGZ	Iraq	Kyrgyzstan	5	0	0	0	0	0	0	0
IRQ	KOR	Iraq	Rep. of Korea	33	163	0	0	0	0	0	0
IRQ	KWT	Iraq	Kuwait	194	184	0	0	0	0	0	0
IRQ	LBN	Iraq	Lebanon	1626	2774	0	0	0	0	16	0
IRQ	LBY	Iraq	Libya	62	45	0	0	0	0	0	0
IRQ	LIE	Iraq	Liechtenstein	7	5	0	0	0	0	0	0
IRQ	LTU	Iraq	Lithuania	87	8	0	0	0	0	0	0
IRQ	LUX	Iraq	Luxembourg	362	60	0	0	0	0	0	0
IRQ	LVA	Iraq	Latvia	38	0	0	0	0	0	0	0
IRQ	MAR	Iraq	Morocco	107	5	0	0	0	0	0	0
IRQ	MCO	Iraq	Monaco	5	0	0	0	0	0	0	0
IRQ	MDA	Iraq	Rep. of Moldova	14	0	0	0	0	0	0	0
IRQ	MEX	Iraq	Mexico	15	5	0	0	0	0	0	0
IRQ	MKD	Iraq	North Macedonia	0	0	0	0	0	0	6	0
IRQ	MLT	Iraq	Malta	41	5	0	0	0	0	0	0
IRQ	MRT	Iraq	Mauritania	22	11	0	0	0	0	0	0
IRQ	MYS	Iraq	Malaysia	200	312	0	0	0	0	0	0
IRQ	NLD	Iraq	Netherlands (Kingdom of the)	4274	3525	0	0	0	0	0	0
IRQ	NOR	Iraq	Norway	968	52	0	0	0	0	0	0
IRQ	NZL	Iraq	New Zealand	39	11	0	0	0	0	0	0
IRQ	OMN	Iraq	Oman	276	409	0	0	0	0	0	0
IRQ	PAK	Iraq	Pakistan	21	12	0	0	0	0	0	0
IRQ	PER	Iraq	Peru	41	62	0	0	0	0	0	0
IRQ	PHL	Iraq	Philippines	59	15	0	0	0	0	0	0
IRQ	POL	Iraq	Poland	88	214	0	0	0	0	0	0
IRQ	PRT	Iraq	Portugal	305	5	0	0	0	0	0	0
IRQ	PRY	Iraq	Paraguay	6	0	0	0	0	0	0	0
IRQ	QAT	Iraq	Qatar	135	109	0	0	0	0	0	0
IRQ	ROU	Iraq	Romania	515	81	0	0	0	0	0	0
IRQ	RUS	Iraq	Russian Federation	12	5	0	0	0	0	0	0
IRQ	SAU	Iraq	Saudi Arabia	32	26	0	0	0	0	0	0
IRQ	SDN	Iraq	Sudan	9	13	0	0	0	0	5	0
IRQ	SLV	Iraq	El Salvador	5	0	0	0	0	0	0	0
IRQ	SOM	Iraq	Somalia	5	0	0	0	0	0	0	0
IRQ	SRB	Iraq	Serbia and Kosovo: S/RES/1244 (1999)	16	5	0	0	0	0	27	0
IRQ	SVK	Iraq	Slovakia	219	5	0	0	0	0	0	0
IRQ	SVN	Iraq	Slovenia	55	7	0	0	0	0	0	0
IRQ	SWE	Iraq	Sweden	5369	289	0	0	0	0	0	0
IRQ	SYR	Iraq	Syrian Arab Rep.	8464	3996	0	0	0	0	17683	0
IRQ	TGO	Iraq	Togo	8	0	0	0	0	0	0	0
IRQ	THA	Iraq	Thailand	96	6	0	0	0	0	0	0
IRQ	TUN	Iraq	Tunisia	17	15	0	0	0	0	0	0
IRQ	TUR	Iraq	Türkiye	14070	73527	0	0	0	0	0	0
IRQ	UKR	Iraq	Ukraine	61	24	0	0	0	0	0	0
IRQ	USA	Iraq	United States of America	5191	4030	0	0	0	0	0	0
IRQ	VEN	Iraq	Venezuela (Bolivarian Republic of)	18	0	0	0	0	0	0	0
IRQ	YEM	Iraq	Yemen	968	68	0	0	0	0	0	0
IRQ	ZAF	Iraq	South Africa	9	5	0	0	0	0	0	0
ISL	CAN	Iceland	Canada	0	5	0	0	0	0	0	0
ISR	ARG	Israel	Argentina	0	5	0	0	0	0	0	0
ISR	ARM	Israel	Armenia	0	5	0	0	0	0	0	0
ISR	AUS	Israel	Australia	12	59	0	0	0	0	0	0
ISR	AUT	Israel	Austria	47	13	0	0	0	0	0	0
ISR	BEL	Israel	Belgium	6	22	0	0	0	0	0	0
ISR	BGR	Israel	Bulgaria	45	5	0	0	0	0	0	0
ISR	BRA	Israel	Brazil	0	50	0	0	0	0	0	0
ISR	CAN	Israel	Canada	122	133	0	0	0	0	0	0
ISR	CHE	Israel	Switzerland	21	0	6	0	0	0	0	0
ISR	CRI	Israel	Costa Rica	10	5	0	0	0	0	0	0
ISR	CYP	Israel	Cyprus	51	0	0	0	0	0	0	0
ISR	CZE	Israel	Czechia	5	0	0	0	0	0	0	0
ISR	DEU	Israel	Germany	171	96	0	0	0	0	0	0
ISR	DNK	Israel	Denmark	72	8	0	0	0	0	0	0
ISR	ESP	Israel	Spain	94	40	0	0	0	0	0	0
ISR	EST	Israel	Estonia	0	5	0	0	0	0	0	0
ISR	FIN	Israel	Finland	5	11	0	0	0	0	0	0
ISR	FRA	Israel	France	10	13	0	0	0	0	0	0
ISR	GBR	Israel	United Kingdom of Great Britain and Northern Ireland	129	42	0	0	0	0	0	0
ISR	GRC	Israel	Greece	0	17	0	0	0	0	0	0
ISR	HRV	Israel	Croatia	5	0	0	0	0	0	0	0
ISR	HUN	Israel	Hungary	19	0	0	0	0	0	0	0
ISR	IRL	Israel	Ireland	17	21	0	0	0	0	0	0
ISR	ITA	Israel	Italy	8	52	0	0	0	0	0	0
ISR	KAZ	Israel	Kazakhstan	0	7	0	0	0	0	0	0
ISR	LTU	Israel	Lithuania	8	0	0	0	0	0	0	0
ISR	LVA	Israel	Latvia	13	0	0	0	0	0	0	0
ISR	MDA	Israel	Rep. of Moldova	0	8	0	0	0	0	0	0
ISR	MEX	Israel	Mexico	0	5	0	0	0	0	0	0
ISR	NLD	Israel	Netherlands (Kingdom of the)	22	17	0	0	0	0	0	0
ISR	NOR	Israel	Norway	14	0	0	0	0	0	0	0
ISR	NZL	Israel	New Zealand	0	7	0	0	0	0	0	0
ISR	PER	Israel	Peru	0	8	0	0	0	0	0	0
ISR	POL	Israel	Poland	77	7	0	0	0	0	0	0
ISR	PRT	Israel	Portugal	35	83	0	0	0	0	0	0
ISR	ROU	Israel	Romania	60	0	0	0	0	0	0	0
ISR	RUS	Israel	Russian Federation	96	5	0	0	0	0	0	0
ISR	SVK	Israel	Slovakia	15	0	0	0	0	0	0	0
ISR	SVN	Israel	Slovenia	0	6	0	0	0	0	0	0
ISR	SWE	Israel	Sweden	8	6	0	0	0	0	0	0
ISR	USA	Israel	United States of America	110	898	0	0	0	0	0	0
ITA	AUS	Italy	Australia	5	58	0	0	0	0	0	0
ITA	BRA	Italy	Brazil	0	50	0	0	0	0	0	0
ITA	CAN	Italy	Canada	121	123	0	0	0	0	0	0
ITA	CHE	Italy	Switzerland	10	5	5	0	0	0	0	0
ITA	CRI	Italy	Costa Rica	5	17	0	0	0	0	0	0
ITA	DEU	Italy	Germany	53	13	0	0	0	0	0	0
ITA	DNK	Italy	Denmark	9	0	0	0	0	0	0	0
ITA	FRA	Italy	France	7	0	0	0	0	0	0	0
ITA	GBR	Italy	United Kingdom of Great Britain and Northern Ireland	5	21	0	0	0	0	0	0
ITA	MEX	Italy	Mexico	5	7	0	0	0	0	0	0
ITA	NLD	Italy	Netherlands (Kingdom of the)	5	0	0	0	0	0	0	0
ITA	NOR	Italy	Norway	10	0	0	0	0	0	0	0
ITA	PER	Italy	Peru	0	16	0	0	0	0	0	0
ITA	RUS	Italy	Russian Federation	5	0	0	0	0	0	0	0
ITA	SWE	Italy	Sweden	5	0	0	0	0	0	0	0
ITA	USA	Italy	United States of America	18	1547	0	0	0	0	0	0
JAM	ARG	Jamaica	Argentina	15	0	0	0	0	0	0	0
JAM	BEL	Jamaica	Belgium	10	8	0	0	0	0	0	0
JAM	BHS	Jamaica	Bahamas	0	8	0	0	0	0	0	0
JAM	BRA	Jamaica	Brazil	0	23	0	0	0	0	0	0
JAM	BRB	Jamaica	Barbados	5	8	0	0	0	0	0	0
JAM	CAN	Jamaica	Canada	810	1042	0	0	0	0	0	0
JAM	CHE	Jamaica	Switzerland	7	5	0	0	0	0	0	0
JAM	CRI	Jamaica	Costa Rica	0	58	0	0	0	0	0	0
JAM	DEU	Jamaica	Germany	99	46	0	0	0	0	0	0
JAM	ESP	Jamaica	Spain	80	25	0	0	0	0	0	0
JAM	FRA	Jamaica	France	47	0	0	0	0	0	0	0
JAM	GBR	Jamaica	United Kingdom of Great Britain and Northern Ireland	246	167	0	0	0	0	0	0
JAM	ISR	Jamaica	Israel	0	5	0	0	0	0	0	0
JAM	ITA	Jamaica	Italy	5	0	0	0	0	0	0	0
JAM	MEX	Jamaica	Mexico	10	56	0	0	0	0	0	0
JAM	NLD	Jamaica	Netherlands (Kingdom of the)	114	35	0	0	0	0	0	0
JAM	PAN	Jamaica	Panama	5	7	0	0	0	0	0	0
JAM	PRT	Jamaica	Portugal	11	0	0	0	0	0	0	0
JAM	SWE	Jamaica	Sweden	5	0	0	0	0	0	0	0
JAM	TTO	Jamaica	Trinidad and Tobago	61	516	0	0	0	0	0	0
JAM	USA	Jamaica	United States of America	1022	7451	0	0	0	0	0	0
JOR	ARE	Jordan	United Arab Emirates	5	0	0	0	0	0	24	0
JOR	ARG	Jordan	Argentina	7	0	0	0	0	0	0	0
JOR	ARM	Jordan	Armenia	0	5	0	0	0	0	0	0
JOR	AUS	Jordan	Australia	51	202	0	0	0	0	0	0
JOR	AUT	Jordan	Austria	132	83	0	0	0	0	0	0
JOR	AZE	Jordan	Azerbaijan	0	5	0	0	0	0	0	0
JOR	BEL	Jordan	Belgium	36	145	0	0	0	0	0	0
JOR	BGR	Jordan	Bulgaria	5	0	0	0	0	0	0	0
JOR	BHR	Jordan	Bahrain	0	6	0	0	0	0	0	0
JOR	BRA	Jordan	Brazil	13	40	0	0	0	0	0	0
JOR	CAN	Jordan	Canada	1507	2194	0	0	0	0	0	0
JOR	CHE	Jordan	Switzerland	63	10	0	0	0	0	0	0
JOR	CRI	Jordan	Costa Rica	0	6	0	0	0	0	0	0
JOR	CYP	Jordan	Cyprus	79	48	0	0	0	0	0	0
JOR	DEU	Jordan	Germany	1059	710	0	0	0	0	0	0
JOR	DNK	Jordan	Denmark	52	14	0	0	0	0	0	0
JOR	EGY	Jordan	Egypt	7	8	0	0	0	0	0	0
JOR	ESP	Jordan	Spain	82	15	0	0	0	0	0	0
JOR	ETH	Jordan	Ethiopia	0	19	0	0	0	0	0	0
JOR	FIN	Jordan	Finland	10	6	0	0	0	0	0	0
JOR	FRA	Jordan	France	90	11	0	0	0	0	0	0
JOR	GBR	Jordan	United Kingdom of Great Britain and Northern Ireland	268	1123	0	0	0	0	0	0
JOR	GEO	Jordan	Georgia	0	26	0	0	0	0	0	0
JOR	GRC	Jordan	Greece	6	5	0	0	0	0	0	0
JOR	HUN	Jordan	Hungary	6	0	0	0	0	0	0	0
JOR	IRL	Jordan	Ireland	64	2614	0	0	0	0	0	0
JOR	IRQ	Jordan	Iraq	0	6	0	0	0	0	45	0
JOR	ISL	Jordan	Iceland	10	5	0	0	0	0	0	0
JOR	ITA	Jordan	Italy	38	43	0	0	0	0	0	0
JOR	JOR	Jordan	Jordan	0	0	0	0	0	0	1042	0
JOR	KOR	Jordan	Rep. of Korea	0	20	0	0	0	0	0	0
JOR	LBN	Jordan	Lebanon	34	78	0	0	0	0	102	0
JOR	MAR	Jordan	Morocco	0	5	0	0	0	0	0	0
JOR	MEX	Jordan	Mexico	0	14	0	0	0	0	0	0
JOR	MYS	Jordan	Malaysia	5	0	0	0	0	0	0	0
JOR	NLD	Jordan	Netherlands (Kingdom of the)	214	159	0	0	0	0	0	0
JOR	NOR	Jordan	Norway	77	10	0	0	0	0	0	0
JOR	NZL	Jordan	New Zealand	8	14	0	0	0	0	0	0
JOR	PER	Jordan	Peru	0	5	0	0	0	0	0	0
JOR	PHL	Jordan	Philippines	0	6	0	0	0	0	0	0
JOR	POL	Jordan	Poland	12	0	0	0	0	0	0	0
JOR	PRT	Jordan	Portugal	21	0	0	0	0	0	0	0
JOR	ROU	Jordan	Romania	19	0	0	0	0	0	0	0
JOR	SDN	Jordan	Sudan	0	0	0	0	0	0	6	0
JOR	SOM	Jordan	Somalia	0	5	0	0	0	0	0	0
JOR	SRB	Jordan	Serbia and Kosovo: S/RES/1244 (1999)	12	5	0	0	0	0	0	0
JOR	SVK	Jordan	Slovakia	10	0	0	0	0	0	0	0
JOR	SVN	Jordan	Slovenia	5	0	0	0	0	0	0	0
JOR	SWE	Jordan	Sweden	183	54	0	0	0	0	0	0
JOR	SYR	Jordan	Syrian Arab Rep.	17	13	0	0	0	0	0	0
JOR	THA	Jordan	Thailand	0	5	0	0	0	0	0	0
JOR	TUN	Jordan	Tunisia	0	6	0	0	0	0	0	0
JOR	URY	Jordan	Uruguay	0	5	0	0	0	0	0	0
JOR	USA	Jordan	United States of America	765	6507	0	0	0	0	0	0
JOR	YEM	Jordan	Yemen	13	8	0	0	0	0	0	0
JOR	ZAF	Jordan	South Africa	5	5	0	0	0	0	0	0
JPN	AUS	Japan	Australia	5	35	0	0	0	0	0	0
JPN	BEL	Japan	Belgium	0	5	0	0	0	0	0	0
JPN	BRA	Japan	Brazil	0	5	0	0	0	0	0	0
JPN	CAN	Japan	Canada	9	11	0	0	0	0	0	0
JPN	DEU	Japan	Germany	24	0	0	0	0	0	0	0
JPN	DNK	Japan	Denmark	5	0	0	0	0	0	0	0
JPN	GBR	Japan	United Kingdom of Great Britain and Northern Ireland	0	7	0	0	0	0	0	0
JPN	NZL	Japan	New Zealand	0	5	0	0	0	0	0	0
JPN	PER	Japan	Peru	0	5	0	0	0	0	0	0
JPN	POL	Japan	Poland	5	0	0	0	0	0	0	0
JPN	USA	Japan	United States of America	7	92	0	0	0	0	0	0
KAZ	ARG	Kazakhstan	Argentina	21	16	0	0	0	0	0	0
KAZ	AUS	Kazakhstan	Australia	0	10	0	0	0	0	0	0
KAZ	AUT	Kazakhstan	Austria	91	21	0	0	0	0	0	0
KAZ	BEL	Kazakhstan	Belgium	39	66	0	0	0	0	0	0
KAZ	BGR	Kazakhstan	Bulgaria	5	5	0	0	0	0	0	0
KAZ	BRA	Kazakhstan	Brazil	0	26	0	0	0	0	0	0
KAZ	CAN	Kazakhstan	Canada	119	234	0	0	0	0	0	0
KAZ	CHE	Kazakhstan	Switzerland	32	13	0	0	0	0	0	0
KAZ	CRI	Kazakhstan	Costa Rica	0	6	0	0	0	0	0	0
KAZ	CYP	Kazakhstan	Cyprus	9	5	0	0	0	0	0	0
KAZ	CZE	Kazakhstan	Czechia	59	27	0	0	0	0	0	0
KAZ	DEU	Kazakhstan	Germany	409	148	0	0	0	0	0	0
KAZ	DNK	Kazakhstan	Denmark	30	0	0	0	0	0	0	0
KAZ	ESP	Kazakhstan	Spain	68	50	0	0	0	0	0	0
KAZ	EST	Kazakhstan	Estonia	5	0	0	0	0	0	0	0
KAZ	FIN	Kazakhstan	Finland	18	0	0	0	0	0	0	0
KAZ	FRA	Kazakhstan	France	1134	82	0	0	0	0	0	0
KAZ	GBR	Kazakhstan	United Kingdom of Great Britain and Northern Ireland	130	673	0	0	0	0	0	0
KAZ	GEO	Kazakhstan	Georgia	5	0	0	0	0	0	0	0
KAZ	HRV	Kazakhstan	Croatia	13	5	0	0	0	0	0	0
KAZ	IRL	Kazakhstan	Ireland	27	5	0	0	0	0	0	0
KAZ	ISL	Kazakhstan	Iceland	5	0	0	0	0	0	0	0
KAZ	ISR	Kazakhstan	Israel	0	51	0	0	0	0	0	0
KAZ	ITA	Kazakhstan	Italy	21	19	0	0	0	0	0	0
KAZ	KOR	Kazakhstan	Rep. of Korea	6	2933	0	0	0	0	0	0
KAZ	LTU	Kazakhstan	Lithuania	7	0	0	0	0	0	0	0
KAZ	LVA	Kazakhstan	Latvia	10	0	0	0	0	0	0	0
KAZ	MEX	Kazakhstan	Mexico	0	75	0	0	0	0	0	0
KAZ	NLD	Kazakhstan	Netherlands (Kingdom of the)	71	56	0	0	0	0	0	0
KAZ	NOR	Kazakhstan	Norway	21	0	0	0	0	0	0	0
KAZ	POL	Kazakhstan	Poland	109	37	0	0	0	0	0	0
KAZ	PRT	Kazakhstan	Portugal	15	0	0	0	0	0	0	0
KAZ	ROU	Kazakhstan	Romania	14	0	0	0	0	0	0	0
KAZ	RUS	Kazakhstan	Russian Federation	114	17	0	0	0	0	0	0
KAZ	SVK	Kazakhstan	Slovakia	16	0	0	0	0	0	0	0
KAZ	SVN	Kazakhstan	Slovenia	21	0	0	0	0	0	0	0
KAZ	SWE	Kazakhstan	Sweden	126	36	0	0	0	0	0	0
KAZ	UKR	Kazakhstan	Ukraine	12	9	0	0	0	0	0	0
KAZ	USA	Kazakhstan	United States of America	1337	7763	0	0	0	0	0	0
KEN	AUS	Kenya	Australia	66	452	0	0	0	0	0	0
KEN	AUT	Kenya	Austria	13	10	0	0	0	0	0	0
KEN	BEL	Kenya	Belgium	13	41	0	0	0	0	0	0
KEN	BRA	Kenya	Brazil	12	18	0	0	0	0	0	0
KEN	CAN	Kenya	Canada	2696	5347	0	0	0	0	0	0
KEN	CHE	Kenya	Switzerland	41	14	5	0	0	0	0	0
KEN	CHL	Kenya	Chile	5	0	0	0	0	0	0	0
KEN	CHN	Kenya	China	0	5	0	0	0	0	0	0
KEN	CYP	Kenya	Cyprus	0	10	0	0	0	0	0	0
KEN	DEU	Kenya	Germany	207	560	0	0	0	0	0	0
KEN	DNK	Kenya	Denmark	22	10	0	0	0	0	0	0
KEN	EGY	Kenya	Egypt	14	12	0	0	0	0	0	0
KEN	ESP	Kenya	Spain	29	45	0	0	0	0	0	0
KEN	ETH	Kenya	Ethiopia	5640	9	0	0	0	0	23	0
KEN	FIN	Kenya	Finland	10	17	0	0	0	0	0	0
KEN	FRA	Kenya	France	257	32	0	0	0	0	0	0
KEN	GBR	Kenya	United Kingdom of Great Britain and Northern Ireland	532	439	0	0	0	0	0	0
KEN	GIN	Kenya	Guinea	0	5	0	0	0	0	0	0
KEN	GRC	Kenya	Greece	13	23	0	0	0	0	0	0
KEN	IND	Kenya	India	0	5	0	0	0	0	0	0
KEN	IRL	Kenya	Ireland	86	103	0	0	0	0	0	0
KEN	ISL	Kenya	Iceland	5	0	0	0	0	0	0	0
KEN	ISR	Kenya	Israel	0	475	0	0	0	0	0	0
KEN	ITA	Kenya	Italy	92	70	0	0	0	0	0	0
KEN	JOR	Kenya	Jordan	5	0	0	0	0	0	0	0
KEN	KEN	Kenya	Kenya	0	0	0	0	0	0	0	401356
KEN	KOR	Kenya	Rep. of Korea	0	139	0	0	0	0	0	0
KEN	LBN	Kenya	Lebanon	7	10	0	0	0	0	0	0
KEN	MEX	Kenya	Mexico	0	5	0	0	0	0	0	0
KEN	NLD	Kenya	Netherlands (Kingdom of the)	19	69	0	0	0	0	0	0
KEN	NOR	Kenya	Norway	19	8	0	0	0	0	0	0
KEN	PER	Kenya	Peru	0	5	0	0	0	0	0	0
KEN	PHL	Kenya	Philippines	0	5	0	0	0	0	0	0
KEN	POL	Kenya	Poland	5	5	0	0	0	0	0	0
KEN	PRT	Kenya	Portugal	15	5	0	0	0	0	0	0
KEN	ROU	Kenya	Romania	5	0	0	0	0	0	0	0
KEN	SWE	Kenya	Sweden	91	24	0	0	0	0	0	0
KEN	TZA	Kenya	United Rep. of Tanzania	0	9	0	0	0	0	0	0
KEN	UGA	Kenya	Uganda	231	37	0	0	0	0	0	0
KEN	USA	Kenya	United States of America	1414	10645	0	0	0	0	0	0
KEN	ZAF	Kenya	South Africa	125	439	0	0	0	0	0	0
KEN	ZMB	Kenya	Zambia	7	0	0	0	0	0	0	0
KGZ	ARG	Kyrgyzstan	Argentina	5	0	0	0	0	0	0	0
KGZ	AUS	Kyrgyzstan	Australia	0	20	0	0	0	0	0	0
KGZ	AUT	Kyrgyzstan	Austria	88	8	0	0	0	0	0	0
KGZ	BEL	Kyrgyzstan	Belgium	60	25	0	0	0	0	0	0
KGZ	CAN	Kyrgyzstan	Canada	22	22	0	0	0	0	0	0
KGZ	CHE	Kyrgyzstan	Switzerland	24	7	5	0	0	0	0	0
KGZ	CYP	Kyrgyzstan	Cyprus	5	0	0	0	0	0	0	0
KGZ	CZE	Kyrgyzstan	Czechia	28	5	0	0	0	0	0	0
KGZ	DEU	Kyrgyzstan	Germany	491	116	0	0	0	0	0	0
KGZ	DNK	Kyrgyzstan	Denmark	13	0	0	0	0	0	0	0
KGZ	ESP	Kyrgyzstan	Spain	28	25	0	0	0	0	0	0
KGZ	FIN	Kyrgyzstan	Finland	5	0	0	0	0	0	0	0
KGZ	FRA	Kyrgyzstan	France	545	23	0	0	0	0	0	0
KGZ	GBR	Kyrgyzstan	United Kingdom of Great Britain and Northern Ireland	71	382	0	0	0	0	0	0
KGZ	IRL	Kyrgyzstan	Ireland	5	0	0	0	0	0	0	0
KGZ	IRQ	Kyrgyzstan	Iraq	0	10	0	0	0	0	0	0
KGZ	ISL	Kyrgyzstan	Iceland	5	0	0	0	0	0	0	0
KGZ	ISR	Kyrgyzstan	Israel	0	62	0	0	0	0	0	0
KGZ	ITA	Kyrgyzstan	Italy	58	284	0	0	0	0	0	0
KGZ	KOR	Kyrgyzstan	Rep. of Korea	0	658	0	0	0	0	0	0
KGZ	LUX	Kyrgyzstan	Luxembourg	6	0	0	0	0	0	0	0
KGZ	LVA	Kyrgyzstan	Latvia	5	5	0	0	0	0	0	0
KGZ	MDA	Kyrgyzstan	Rep. of Moldova	9	0	0	0	0	0	0	0
KGZ	MEX	Kyrgyzstan	Mexico	8	21	0	0	0	0	0	0
KGZ	NLD	Kyrgyzstan	Netherlands (Kingdom of the)	39	14	0	0	0	0	0	0
KGZ	NOR	Kyrgyzstan	Norway	12	0	0	0	0	0	0	0
KGZ	POL	Kyrgyzstan	Poland	25	43	0	0	0	0	0	0
KGZ	ROU	Kyrgyzstan	Romania	6	0	0	0	0	0	0	0
KGZ	RUS	Kyrgyzstan	Russian Federation	38	7	0	0	0	0	0	0
KGZ	SVK	Kyrgyzstan	Slovakia	5	0	0	0	0	0	0	0
KGZ	SWE	Kyrgyzstan	Sweden	111	29	0	0	0	0	0	0
KGZ	UKR	Kyrgyzstan	Ukraine	17	11	0	0	0	0	0	0
KGZ	USA	Kyrgyzstan	United States of America	1666	9573	0	0	0	0	0	0
KHM	AUS	Cambodia	Australia	73	800	0	0	0	0	0	0
KHM	BEL	Cambodia	Belgium	12	0	0	0	0	0	0	0
KHM	CAN	Cambodia	Canada	43	202	0	0	0	0	0	0
KHM	CHE	Cambodia	Switzerland	247	0	0	0	0	0	0	0
KHM	CIV	Cambodia	Cote d'Ivoire	7	5	0	0	0	0	0	0
KHM	DEU	Cambodia	Germany	33	69	0	0	0	0	0	0
KHM	DNK	Cambodia	Denmark	22	0	0	0	0	0	0	0
KHM	ESP	Cambodia	Spain	5	5	0	0	0	0	0	0
KHM	FIN	Cambodia	Finland	5	0	0	0	0	0	0	0
KHM	FRA	Cambodia	France	10550	63	0	0	0	0	0	0
KHM	ISR	Cambodia	Israel	0	18	0	0	0	0	0	0
KHM	ITA	Cambodia	Italy	9	5	0	0	0	0	0	0
KHM	JPN	Cambodia	Japan	5	0	0	0	0	0	0	0
KHM	KOR	Cambodia	Rep. of Korea	9	26	0	0	0	0	0	0
KHM	MYS	Cambodia	Malaysia	74	43	0	0	0	0	0	0
KHM	NLD	Cambodia	Netherlands (Kingdom of the)	15	5	0	0	0	0	0	0
KHM	NZL	Cambodia	New Zealand	5	5	0	0	0	0	0	0
KHM	PHL	Cambodia	Philippines	14	0	0	0	0	0	0	0
KHM	PLW	Cambodia	Palau	5	0	0	0	0	0	0	0
KHM	SVK	Cambodia	Slovakia	5	0	0	0	0	0	0	0
KHM	THA	Cambodia	Thailand	269	150	0	0	0	0	0	0
KHM	USA	Cambodia	United States of America	67	125	0	0	0	0	0	0
KIR	AUS	Kiribati	Australia	0	53	0	0	0	0	0	0
KIR	NZL	Kiribati	New Zealand	5	0	0	0	0	0	0	0
KNA	CAN	Saint Kitts and Nevis	Canada	12	18	0	0	0	0	0	0
KNA	DEU	Saint Kitts and Nevis	Germany	5	5	0	0	0	0	0	0
KNA	ESP	Saint Kitts and Nevis	Spain	0	5	0	0	0	0	0	0
KNA	GBR	Saint Kitts and Nevis	United Kingdom of Great Britain and Northern Ireland	5	31	0	0	0	0	0	0
KNA	USA	Saint Kitts and Nevis	United States of America	5	22	0	0	0	0	0	0
KOR	AUS	Rep. of Korea	Australia	15	610	0	0	0	0	0	0
KOR	BEL	Rep. of Korea	Belgium	0	5	0	0	0	0	0	0
KOR	BRA	Rep. of Korea	Brazil	0	130	0	0	0	0	0	0
KOR	CAN	Rep. of Korea	Canada	44	17	0	0	0	0	0	0
KOR	CHL	Rep. of Korea	Chile	0	5	0	0	0	0	0	0
KOR	DEU	Rep. of Korea	Germany	32	10	0	0	0	0	0	0
KOR	GBR	Rep. of Korea	United Kingdom of Great Britain and Northern Ireland	5	8	0	0	0	0	0	0
KOR	ITA	Rep. of Korea	Italy	0	5	0	0	0	0	0	0
KOR	MEX	Rep. of Korea	Mexico	0	5	0	0	0	0	0	0
KOR	NLD	Rep. of Korea	Netherlands (Kingdom of the)	5	0	0	0	0	0	0	0
KOR	NOR	Rep. of Korea	Norway	5	0	0	0	0	0	0	0
KOR	POL	Rep. of Korea	Poland	5	0	0	0	0	0	0	0
KOR	ROU	Rep. of Korea	Romania	5	0	0	0	0	0	0	0
KOR	SWE	Rep. of Korea	Sweden	5	0	0	0	0	0	0	0
KOR	USA	Rep. of Korea	United States of America	21	294	0	0	0	0	0	0
KWT	ARE	Kuwait	United Arab Emirates	5	0	0	0	0	0	0	0
KWT	AUS	Kuwait	Australia	22	10	0	0	0	0	0	0
KWT	AUT	Kuwait	Austria	9	0	0	0	0	0	0	0
KWT	BEL	Kuwait	Belgium	8	0	0	0	0	0	0	0
KWT	CAN	Kuwait	Canada	22	22	0	0	0	0	0	0
KWT	CHE	Kuwait	Switzerland	9	0	0	0	0	0	0	0
KWT	DEU	Kuwait	Germany	81	108	0	0	0	0	0	0
KWT	DNK	Kuwait	Denmark	244	0	0	0	0	0	0	0
KWT	ESP	Kuwait	Spain	7	0	0	0	0	0	0	0
KWT	FRA	Kuwait	France	730	51	0	0	0	0	0	0
KWT	GBR	Kuwait	United Kingdom of Great Britain and Northern Ireland	1644	1495	0	0	0	0	0	0
KWT	GRC	Kuwait	Greece	0	18	0	0	0	0	0	0
KWT	IDN	Kuwait	Indonesia	5	0	0	0	0	0	0	0
KWT	IRL	Kuwait	Ireland	34	30	0	0	0	0	0	0
KWT	IRQ	Kuwait	Iraq	0	1607	0	0	0	0	0	0
KWT	LBN	Kuwait	Lebanon	0	0	0	0	0	0	5	0
KWT	LUX	Kuwait	Luxembourg	0	10	0	0	0	0	0	0
KWT	NLD	Kuwait	Netherlands (Kingdom of the)	13	11	0	0	0	0	0	0
KWT	NZL	Kuwait	New Zealand	7	0	0	0	0	0	0	0
KWT	PHL	Kuwait	Philippines	6	0	0	0	0	0	0	0
KWT	SDN	Kuwait	Sudan	0	0	0	0	0	0	5	0
KWT	SWE	Kuwait	Sweden	26	0	0	0	0	0	0	0
KWT	THA	Kuwait	Thailand	6	0	0	0	0	0	0	0
KWT	USA	Kuwait	United States of America	141	300	0	0	0	0	0	0
LAO	AUS	Lao People's Dem. Rep.	Australia	0	351	0	0	0	0	0	0
LAO	BEL	Lao People's Dem. Rep.	Belgium	8	0	0	0	0	0	0	0
LAO	CAN	Lao People's Dem. Rep.	Canada	5	21	0	0	0	0	0	0
LAO	CHE	Lao People's Dem. Rep.	Switzerland	98	0	0	0	0	0	0	0
LAO	DEU	Lao People's Dem. Rep.	Germany	39	0	0	0	0	0	0	0
LAO	ESP	Lao People's Dem. Rep.	Spain	110	0	0	0	0	0	0	0
LAO	FRA	Lao People's Dem. Rep.	France	6199	0	0	0	0	0	0	0
LAO	GBR	Lao People's Dem. Rep.	United Kingdom of Great Britain and Northern Ireland	5	7	0	0	0	0	0	0
LAO	ISR	Lao People's Dem. Rep.	Israel	0	5	0	0	0	0	0	0
LAO	ITA	Lao People's Dem. Rep.	Italy	6	5	0	0	0	0	0	0
LAO	POL	Lao People's Dem. Rep.	Poland	5	0	0	0	0	0	0	0
LAO	SWE	Lao People's Dem. Rep.	Sweden	21	0	0	0	0	0	0	0
LAO	THA	Lao People's Dem. Rep.	Thailand	5	7	0	0	0	0	0	0
LAO	USA	Lao People's Dem. Rep.	United States of America	55	364	0	0	0	0	0	0
LBN	ARE	Lebanon	United Arab Emirates	16	10	0	0	0	0	14	0
LBN	ARG	Lebanon	Argentina	5	0	0	0	0	0	0	0
LBN	ARM	Lebanon	Armenia	29	15	0	0	0	0	0	0
LBN	AUS	Lebanon	Australia	200	1117	0	0	0	0	0	0
LBN	AUT	Lebanon	Austria	169	80	0	0	0	0	0	0
LBN	BEL	Lebanon	Belgium	142	343	0	0	0	0	0	0
LBN	BEN	Lebanon	Benin	0	6	0	0	0	0	0	0
LBN	BGR	Lebanon	Bulgaria	35	17	0	0	0	0	0	0
LBN	BIH	Lebanon	Bosnia and Herzegovina	0	7	0	0	0	0	0	0
LBN	BLR	Lebanon	Belarus	5	0	0	0	0	0	0	0
LBN	BRA	Lebanon	Brazil	423	798	0	0	0	0	0	0
LBN	CAN	Lebanon	Canada	1346	2439	0	0	0	0	0	0
LBN	CHE	Lebanon	Switzerland	91	37	7	0	0	0	0	0
LBN	CHL	Lebanon	Chile	0	17	0	0	0	0	0	0
LBN	CIV	Lebanon	Cote d'Ivoire	5	0	0	0	0	0	0	0
LBN	COD	Lebanon	Dem. Rep. of the Congo	0	5	0	0	0	0	0	0
LBN	CYP	Lebanon	Cyprus	86	93	0	0	0	0	0	0
LBN	CZE	Lebanon	Czechia	5	5	0	0	0	0	0	0
LBN	DEU	Lebanon	Germany	3157	2758	0	0	0	0	0	0
LBN	DNK	Lebanon	Denmark	1085	12	0	0	0	0	0	0
LBN	DZA	Lebanon	Algeria	0	5	0	0	0	0	0	0
LBN	ECU	Lebanon	Ecuador	26	12	0	0	0	0	0	0
LBN	EGY	Lebanon	Egypt	0	5	0	0	0	0	0	0
LBN	ESP	Lebanon	Spain	61	70	0	0	0	0	0	0
LBN	ETH	Lebanon	Ethiopia	5	24	0	0	0	0	0	0
LBN	FIN	Lebanon	Finland	11	5	0	0	0	0	0	0
LBN	FRA	Lebanon	France	536	316	0	0	0	0	0	0
LBN	GBR	Lebanon	United Kingdom of Great Britain and Northern Ireland	352	222	0	0	0	0	0	0
LBN	GEO	Lebanon	Georgia	5	30	0	0	0	0	0	0
LBN	GHA	Lebanon	Ghana	10	0	0	0	0	0	0	0
LBN	GRC	Lebanon	Greece	59	39	0	0	0	0	0	0
LBN	HUN	Lebanon	Hungary	5	0	0	0	0	0	0	0
LBN	IRL	Lebanon	Ireland	18	20	0	0	0	0	0	0
LBN	IRQ	Lebanon	Iraq	52	136	0	0	0	0	7	0
LBN	ISL	Lebanon	Iceland	7	0	0	0	0	0	0	0
LBN	ITA	Lebanon	Italy	185	163	0	0	0	0	0	0
LBN	JOR	Lebanon	Jordan	5	38	0	0	0	0	11	0
LBN	LBN	Lebanon	Lebanon	0	0	0	123774	860740	0	25851	0
LBN	LUX	Lebanon	Luxembourg	10	15	0	0	0	0	0	0
LBN	LVA	Lebanon	Latvia	5	0	0	0	0	0	0	0
LBN	MAR	Lebanon	Morocco	5	44	0	0	0	0	0	0
LBN	MDA	Lebanon	Rep. of Moldova	5	7	0	0	0	0	0	0
LBN	MEX	Lebanon	Mexico	0	20	0	0	0	0	0	0
LBN	MRT	Lebanon	Mauritania	0	34	0	0	0	0	0	0
LBN	MYS	Lebanon	Malaysia	5	0	0	0	0	0	0	0
LBN	NGA	Lebanon	Nigeria	18	104	0	0	0	0	0	0
LBN	NLD	Lebanon	Netherlands (Kingdom of the)	258	140	0	0	0	0	0	0
LBN	NOR	Lebanon	Norway	19	15	0	0	0	0	0	0
LBN	NZL	Lebanon	New Zealand	5	12	0	0	0	0	0	0
LBN	PER	Lebanon	Peru	0	9	0	0	0	0	0	0
LBN	PHL	Lebanon	Philippines	5	26	0	0	0	0	0	0
LBN	POL	Lebanon	Poland	22	11	0	0	0	0	0	0
LBN	PRT	Lebanon	Portugal	15	6	0	0	0	0	0	0
LBN	ROU	Lebanon	Romania	23	0	0	0	0	0	0	0
LBN	RUS	Lebanon	Russian Federation	0	5	0	0	0	0	0	0
LBN	SOM	Lebanon	Somalia	0	10	0	0	0	0	0	0
LBN	SVK	Lebanon	Slovakia	0	5	0	0	0	0	0	0
LBN	SWE	Lebanon	Sweden	312	167	0	0	0	0	0	0
LBN	SYR	Lebanon	Syrian Arab Rep.	174	29	0	0	0	0	0	0
LBN	TGO	Lebanon	Togo	5	12	0	0	0	0	0	0
LBN	TTO	Lebanon	Trinidad and Tobago	0	7	0	0	0	0	0	0
LBN	TUN	Lebanon	Tunisia	5	34	0	0	0	0	0	0
LBN	TZA	Lebanon	United Rep. of Tanzania	5	0	0	0	0	0	0	0
LBN	UKR	Lebanon	Ukraine	12	0	0	0	0	0	0	0
LBN	USA	Lebanon	United States of America	478	2564	0	0	0	0	0	0
LBN	VEN	Lebanon	Venezuela (Bolivarian Republic of)	12	0	0	0	0	0	0	0
LBN	YEM	Lebanon	Yemen	0	5	0	0	0	0	0	0
LBR	AGO	Liberia	Angola	162	476	0	0	0	0	0	0
LBR	ARG	Liberia	Argentina	42	0	0	0	0	0	0	0
LBR	AUS	Liberia	Australia	20	26	0	0	0	0	0	0
LBR	AUT	Liberia	Austria	8	0	0	0	0	0	0	0
LBR	BEL	Liberia	Belgium	14	46	0	0	0	0	0	0
LBR	BEN	Liberia	Benin	0	5	0	0	0	0	0	0
LBR	BRA	Liberia	Brazil	5	5	0	0	0	0	0	0
LBR	CAF	Liberia	Central African Rep.	6	0	0	0	0	0	0	0
LBR	CAN	Liberia	Canada	188	388	0	0	0	0	0	0
LBR	CHE	Liberia	Switzerland	34	16	0	0	0	0	0	0
LBR	CIV	Liberia	Cote d'Ivoire	1156	391	0	0	0	0	88	0
LBR	CMR	Liberia	Cameroon	9	5	0	0	0	0	0	0
LBR	COD	Liberia	Dem. Rep. of the Congo	5	0	0	0	0	0	0	0
LBR	COG	Liberia	Congo	8	5	0	0	0	0	0	0
LBR	COL	Liberia	Colombia	5	0	0	0	0	0	0	0
LBR	CYP	Liberia	Cyprus	24	305	0	0	0	0	0	0
LBR	DEU	Liberia	Germany	207	450	0	0	0	0	0	0
LBR	DNK	Liberia	Denmark	40	0	0	0	0	0	0	0
LBR	DZA	Liberia	Algeria	0	128	0	0	0	0	0	0
LBR	EGY	Liberia	Egypt	0	39	0	0	0	0	0	0
LBR	ESP	Liberia	Spain	20	35	0	0	0	0	0	0
LBR	ETH	Liberia	Ethiopia	0	17	0	0	0	0	0	0
LBR	FRA	Liberia	France	429	57	0	0	0	0	0	0
LBR	GBR	Liberia	United Kingdom of Great Britain and Northern Ireland	35	24	0	0	0	0	0	0
LBR	GHA	Liberia	Ghana	629	0	0	0	0	0	0	0
LBR	GIN	Liberia	Guinea	306	37	0	0	0	0	0	0
LBR	GMB	Liberia	Gambia	19	0	0	0	0	0	0	0
LBR	GNB	Liberia	Guinea-Bissau	8	0	0	0	0	0	0	0
LBR	GRC	Liberia	Greece	6	21	0	0	0	0	0	0
LBR	IDN	Liberia	Indonesia	0	11	0	0	0	0	0	0
LBR	IND	Liberia	India	0	6	0	0	0	0	0	0
LBR	IRL	Liberia	Ireland	9	0	0	0	0	0	0	0
LBR	ISR	Liberia	Israel	0	9	0	0	0	0	0	0
LBR	ITA	Liberia	Italy	239	170	0	0	0	0	0	0
LBR	KOR	Liberia	Rep. of Korea	12	184	0	0	0	0	0	0
LBR	MAR	Liberia	Morocco	0	39	0	0	0	0	0	0
LBR	MEX	Liberia	Mexico	0	7	0	0	0	0	0	0
LBR	MRT	Liberia	Mauritania	8	16	0	0	0	0	0	0
LBR	MYS	Liberia	Malaysia	20	6	0	0	0	0	0	0
LBR	NER	Liberia	Niger	5	5	0	0	0	0	0	0
LBR	NGA	Liberia	Nigeria	11	0	0	0	0	0	0	0
LBR	NLD	Liberia	Netherlands (Kingdom of the)	81	43	0	0	0	0	0	0
LBR	NOR	Liberia	Norway	53	5	0	0	0	0	0	0
LBR	PHL	Liberia	Philippines	5	36	0	0	0	0	0	0
LBR	PRT	Liberia	Portugal	17	5	0	0	0	0	0	0
LBR	SAU	Liberia	Saudi Arabia	9	0	0	0	0	0	0	0
LBR	SEN	Liberia	Senegal	0	5	0	0	0	0	0	0
LBR	SLE	Liberia	Sierra Leone	0	0	0	0	0	0	200	0
LBR	SVK	Liberia	Slovakia	5	0	0	0	0	0	0	0
LBR	SWE	Liberia	Sweden	75	0	0	0	0	0	0	0
LBR	TUN	Liberia	Tunisia	0	15	0	0	0	0	0	0
LBR	USA	Liberia	United States of America	1090	1409	0	0	0	0	0	0
LBR	VEN	Liberia	Venezuela (Bolivarian Republic of)	9	0	0	0	0	0	0	0
LBR	ZAF	Liberia	South Africa	47	19	0	0	0	0	0	0
LBR	ZMB	Liberia	Zambia	6	0	0	0	0	0	0	0
LBY	ARG	Libya	Argentina	6	0	0	0	0	0	0	0
LBY	AUS	Libya	Australia	63	35	0	0	0	0	0	0
LBY	AUT	Libya	Austria	167	33	0	0	0	0	0	0
LBY	AZE	Libya	Azerbaijan	5	0	0	0	0	0	0	0
LBY	BEL	Libya	Belgium	79	226	0	0	0	0	0	0
LBY	BGR	Libya	Bulgaria	0	5	0	0	0	0	0	0
LBY	BIH	Libya	Bosnia and Herzegovina	0	0	0	0	0	0	5	0
LBY	BRA	Libya	Brazil	5	12	0	0	0	0	0	0
LBY	CAN	Libya	Canada	447	275	0	0	0	0	0	0
LBY	CHE	Libya	Switzerland	289	44	10	0	0	0	0	0
LBY	CYP	Libya	Cyprus	12	0	0	0	0	0	0	0
LBY	CZE	Libya	Czechia	20	0	0	0	0	0	0	0
LBY	DEU	Libya	Germany	3084	1617	0	0	0	0	0	0
LBY	DNK	Libya	Denmark	82	5	0	0	0	0	0	0
LBY	DZA	Libya	Algeria	22	7	0	0	0	0	0	0
LBY	EGY	Libya	Egypt	5	0	0	0	0	0	0	0
LBY	ESP	Libya	Spain	214	45	0	0	0	0	0	0
LBY	FIN	Libya	Finland	35	10	0	0	0	0	0	0
LBY	FRA	Libya	France	2598	91	0	0	0	0	0	0
LBY	GBR	Libya	United Kingdom of Great Britain and Northern Ireland	5968	823	0	0	0	0	0	0
LBY	GHA	Libya	Ghana	7	0	0	0	0	0	0	0
LBY	GRC	Libya	Greece	14	10	0	0	0	0	0	0
LBY	HRV	Libya	Croatia	5	0	0	0	0	0	0	0
LBY	HUN	Libya	Hungary	6	0	0	0	0	0	0	0
LBY	IDN	Libya	Indonesia	10	0	0	0	0	0	0	0
LBY	IRL	Libya	Ireland	136	24	0	0	0	0	0	0
LBY	ISL	Libya	Iceland	18	12	0	0	0	0	0	0
LBY	ITA	Libya	Italy	1170	337	0	0	0	0	0	0
LBY	JOR	Libya	Jordan	57	0	0	0	0	0	5	0
LBY	KOR	Libya	Rep. of Korea	23	166	0	0	0	0	0	0
LBY	LBN	Libya	Lebanon	12	13	0	0	0	0	0	0
LBY	LBY	Libya	Libya	0	0	0	32791	93011	0	0	0
LBY	LUX	Libya	Luxembourg	0	10	0	0	0	0	0	0
LBY	MAR	Libya	Morocco	42	11	0	0	0	0	0	0
LBY	MDA	Libya	Rep. of Moldova	5	0	0	0	0	0	0	0
LBY	MLT	Libya	Malta	1450	175	0	0	0	0	0	0
LBY	MYS	Libya	Malaysia	5	5	0	0	0	0	0	0
LBY	NER	Libya	Niger	7	5	0	0	0	0	0	0
LBY	NLD	Libya	Netherlands (Kingdom of the)	234	290	0	0	0	0	0	0
LBY	NOR	Libya	Norway	59	16	0	0	0	0	0	0
LBY	NZL	Libya	New Zealand	19	0	0	0	0	0	0	0
LBY	PHL	Libya	Philippines	0	6	0	0	0	0	0	0
LBY	POL	Libya	Poland	35	5	0	0	0	0	0	0
LBY	PRT	Libya	Portugal	25	9	0	0	0	0	0	0
LBY	RUS	Libya	Russian Federation	5	0	0	0	0	0	0	0
LBY	SRB	Libya	Serbia and Kosovo: S/RES/1244 (1999)	50	0	0	0	0	0	0	0
LBY	SSD	Libya	South Sudan	5	0	0	0	0	0	0	0
LBY	SVK	Libya	Slovakia	12	5	0	0	0	0	0	0
LBY	SWE	Libya	Sweden	196	21	0	0	0	0	0	0
LBY	SYR	Libya	Syrian Arab Rep.	7	0	0	0	0	0	0	0
LBY	TCD	Libya	Chad	5	10	0	0	0	0	0	0
LBY	TUN	Libya	Tunisia	28	63	0	0	0	0	0	0
LBY	UKR	Libya	Ukraine	10	0	0	0	0	0	0	0
LBY	URY	Libya	Uruguay	5	0	0	0	0	0	0	0
LBY	USA	Libya	United States of America	467	1937	0	0	0	0	0	0
LBY	VEN	Libya	Venezuela (Bolivarian Republic of)	5	0	0	0	0	0	0	0
LCA	CAN	Saint Lucia	Canada	66	86	0	0	0	0	0	0
LCA	FRA	Saint Lucia	France	27	47	0	0	0	0	0	0
LCA	GBR	Saint Lucia	United Kingdom of Great Britain and Northern Ireland	62	125	0	0	0	0	0	0
LCA	USA	Saint Lucia	United States of America	5	41	0	0	0	0	0	0
LKA	ARG	Sri Lanka	Argentina	36	0	0	0	0	0	0	0
LKA	AUS	Sri Lanka	Australia	2599	2278	0	0	0	0	0	0
LKA	AUT	Sri Lanka	Austria	74	29	0	0	0	0	0	0
LKA	BEL	Sri Lanka	Belgium	107	99	0	0	0	0	0	0
LKA	BEN	Sri Lanka	Benin	16	6	0	0	0	0	0	0
LKA	BRA	Sri Lanka	Brazil	5	21	0	0	0	0	0	0
LKA	CAN	Sri Lanka	Canada	2789	11823	0	0	0	0	0	0
LKA	CHE	Sri Lanka	Switzerland	5674	512	48	0	0	0	0	0
LKA	CHL	Sri Lanka	Chile	5	0	0	0	0	0	0	0
LKA	CYP	Sri Lanka	Cyprus	32	38	0	0	0	0	0	0
LKA	CZE	Sri Lanka	Czechia	7	0	0	0	0	0	0	0
LKA	DEU	Sri Lanka	Germany	3330	1108	0	0	0	0	0	0
LKA	DMA	Sri Lanka	Dominica	0	5	0	0	0	0	0	0
LKA	DNK	Sri Lanka	Denmark	492	13	0	0	0	0	0	0
LKA	ECU	Sri Lanka	Ecuador	5	0	0	0	0	0	0	0
LKA	ESP	Sri Lanka	Spain	65	30	0	0	0	0	0	0
LKA	EST	Sri Lanka	Estonia	10	0	0	0	0	0	0	0
LKA	FIN	Sri Lanka	Finland	28	50	0	0	0	0	0	0
LKA	FJI	Sri Lanka	Fiji	5	5	0	0	0	0	0	0
LKA	FRA	Sri Lanka	France	34118	2836	0	0	0	0	0	0
LKA	GBR	Sri Lanka	United Kingdom of Great Britain and Northern Ireland	3980	3859	0	0	0	0	0	0
LKA	GEO	Sri Lanka	Georgia	0	12	0	0	0	0	0	0
LKA	GIN	Sri Lanka	Guinea	10	0	0	0	0	0	0	0
LKA	GRC	Sri Lanka	Greece	20	57	0	0	0	0	0	0
LKA	HKG	Sri Lanka	China, Hong Kong SAR	21	0	0	0	0	0	0	0
LKA	HUN	Sri Lanka	Hungary	11	0	0	0	0	0	0	0
LKA	IDN	Sri Lanka	Indonesia	370	22	10	0	0	0	0	0
LKA	IND	Sri Lanka	India	90365	0	801	0	0	0	0	0
LKA	IRL	Sri Lanka	Ireland	19	44	0	0	0	0	0	0
LKA	ISL	Sri Lanka	Iceland	5	0	0	0	0	0	0	0
LKA	ISR	Sri Lanka	Israel	0	932	0	0	0	0	0	0
LKA	ITA	Sri Lanka	Italy	453	5256	0	0	0	0	0	0
LKA	JOR	Sri Lanka	Jordan	9	0	0	0	0	0	0	0
LKA	JPN	Sri Lanka	Japan	69	0	0	0	0	0	0	0
LKA	KEN	Sri Lanka	Kenya	8	0	0	0	0	0	0	0
LKA	KOR	Sri Lanka	Rep. of Korea	0	395	0	0	0	0	0	0
LKA	LBN	Sri Lanka	Lebanon	0	37	0	0	0	0	10	0
LKA	LKA	Sri Lanka	Sri Lanka	0	0	0	4806	0	0	0	0
LKA	LTU	Sri Lanka	Lithuania	10	0	0	0	0	0	0	0
LKA	LUX	Sri Lanka	Luxembourg	5	5	0	0	0	0	0	0
LKA	LVA	Sri Lanka	Latvia	5	0	0	0	0	0	0	0
LKA	MEX	Sri Lanka	Mexico	6	14	0	0	0	0	0	0
LKA	MYS	Sri Lanka	Malaysia	660	445	0	0	0	0	0	0
LKA	NGA	Sri Lanka	Nigeria	0	12	0	0	0	0	0	0
LKA	NLD	Sri Lanka	Netherlands (Kingdom of the)	234	76	0	0	0	0	0	0
LKA	NOR	Sri Lanka	Norway	164	6	0	0	0	0	0	0
LKA	NPL	Sri Lanka	Nepal	16	7	0	0	0	0	0	0
LKA	NZL	Sri Lanka	New Zealand	58	251	0	0	0	0	0	0
LKA	PAK	Sri Lanka	Pakistan	0	11	0	0	0	0	0	0
LKA	PER	Sri Lanka	Peru	0	15	0	0	0	0	0	0
LKA	PHL	Sri Lanka	Philippines	21	0	0	0	0	0	0	0
LKA	POL	Sri Lanka	Poland	5	7	0	0	0	0	0	0
LKA	PRT	Sri Lanka	Portugal	19	0	0	0	0	0	0	0
LKA	ROU	Sri Lanka	Romania	5	8	0	0	0	0	0	0
LKA	SWE	Sri Lanka	Sweden	91	5	0	0	0	0	0	0
LKA	SYR	Sri Lanka	Syrian Arab Rep.	0	5	0	0	0	0	0	0
LKA	TCA	Sri Lanka	Turks and Caicos Islands	8	0	0	0	0	0	0	0
LKA	THA	Sri Lanka	Thailand	67	36	0	0	0	0	0	0
LKA	UKR	Sri Lanka	Ukraine	8	24	0	0	0	0	0	0
LKA	USA	Sri Lanka	United States of America	886	2948	0	0	0	0	0	0
LKA	VNM	Sri Lanka	Viet Nam	19	0	0	0	0	0	0	0
LKA	ZAF	Sri Lanka	South Africa	9	5	0	0	0	0	0	0
LSO	CAN	Lesotho	Canada	9	5	0	0	0	0	0	0
LSO	IRL	Lesotho	Ireland	9	19	0	0	0	0	0	0
LSO	ISR	Lesotho	Israel	0	5	0	0	0	0	0	0
LSO	USA	Lesotho	United States of America	7	11	0	0	0	0	0	0
LSO	ZAF	Lesotho	South Africa	0	9	0	0	0	0	0	0
LTU	BEL	Lithuania	Belgium	5	0	0	0	0	0	0	0
LTU	CAN	Lithuania	Canada	12	13	0	0	0	0	0	0
LTU	DEU	Lithuania	Germany	15	0	0	0	0	0	0	0
LTU	GBR	Lithuania	United Kingdom of Great Britain and Northern Ireland	0	16	0	0	0	0	0	0
LTU	NOR	Lithuania	Norway	14	0	0	0	0	0	0	0
LTU	RUS	Lithuania	Russian Federation	50	5	0	0	0	0	0	0
LTU	USA	Lithuania	United States of America	15	117	0	0	0	0	0	0
LUX	DEU	Luxembourg	Germany	5	0	0	0	0	0	0	0
LVA	BLR	Latvia	Belarus	6	5	0	0	0	0	0	0
LVA	BRA	Latvia	Brazil	0	5	0	0	0	0	0	0
LVA	CAN	Latvia	Canada	8	5	0	0	0	0	0	0
LVA	CHE	Latvia	Switzerland	5	0	0	0	0	0	0	0
LVA	DEU	Latvia	Germany	10	0	0	0	0	0	0	0
LVA	DNK	Latvia	Denmark	5	0	0	0	0	0	0	0
LVA	FRA	Latvia	France	36	0	0	0	0	0	0	0
LVA	GBR	Latvia	United Kingdom of Great Britain and Northern Ireland	0	7	0	0	0	0	0	0
LVA	NOR	Latvia	Norway	5	0	0	0	0	0	0	0
LVA	RUS	Latvia	Russian Federation	77	5	0	0	0	0	0	0
LVA	SWE	Latvia	Sweden	7	0	0	0	0	0	0	0
LVA	URY	Latvia	Uruguay	5	0	0	0	0	0	0	0
LVA	USA	Latvia	United States of America	15	139	0	0	0	0	0	0
MAC	AUS	China, Macao SAR	Australia	0	5	0	0	0	0	0	0
MAC	GBR	China, Macao SAR	United Kingdom of Great Britain and Northern Ireland	5	0	0	0	0	0	0	0
MAC	USA	China, Macao SAR	United States of America	10	8	0	0	0	0	0	0
MAR	ARE	Morocco	United Arab Emirates	0	0	0	0	0	0	12	0
MAR	ARG	Morocco	Argentina	0	34	0	0	0	0	0	0
MAR	ARM	Morocco	Armenia	0	5	0	0	0	0	0	0
MAR	AUS	Morocco	Australia	8	32	0	0	0	0	0	0
MAR	AUT	Morocco	Austria	78	323	0	0	0	0	0	0
MAR	BEL	Morocco	Belgium	223	462	0	0	0	0	0	0
MAR	BGR	Morocco	Bulgaria	12	71	0	0	0	0	0	0
MAR	BIH	Morocco	Bosnia and Herzegovina	0	5	0	0	0	0	163	0
MAR	BRA	Morocco	Brazil	76	1184	0	0	0	0	0	0
MAR	CAN	Morocco	Canada	241	638	0	0	0	0	0	0
MAR	CHE	Morocco	Switzerland	137	154	23	0	0	0	0	0
MAR	CMR	Morocco	Cameroon	7	0	0	0	0	0	0	0
MAR	CRI	Morocco	Costa Rica	0	5	0	0	0	0	0	0
MAR	CYP	Morocco	Cyprus	5	11	0	0	0	0	0	0
MAR	CZE	Morocco	Czechia	0	5	0	0	0	0	0	0
MAR	DEU	Morocco	Germany	2997	1024	0	0	0	0	0	0
MAR	DNK	Morocco	Denmark	34	19	0	0	0	0	0	0
MAR	ESP	Morocco	Spain	1433	3415	0	0	0	0	0	0
MAR	FIN	Morocco	Finland	49	5	0	0	0	0	0	0
MAR	FRA	Morocco	France	2026	414	0	0	0	0	0	0
MAR	GBR	Morocco	United Kingdom of Great Britain and Northern Ireland	350	408	0	0	0	0	0	0
MAR	GRC	Morocco	Greece	123	54	0	0	0	0	0	0
MAR	HRV	Morocco	Croatia	34	35	0	0	0	0	0	0
MAR	HUN	Morocco	Hungary	5	0	0	0	0	0	0	0
MAR	IDN	Morocco	Indonesia	0	5	0	0	0	0	0	0
MAR	IRL	Morocco	Ireland	56	352	0	0	0	0	0	0
MAR	ISL	Morocco	Iceland	5	10	0	0	0	0	0	0
MAR	ISR	Morocco	Israel	0	5	0	0	0	0	0	0
MAR	ITA	Morocco	Italy	1023	9230	0	0	0	0	0	0
MAR	JOR	Morocco	Jordan	0	5	0	0	0	0	5	0
MAR	KOR	Morocco	Rep. of Korea	0	409	0	0	0	0	0	0
MAR	LBN	Morocco	Lebanon	5	10	0	0	0	0	12	0
MAR	LUX	Morocco	Luxembourg	8	100	0	0	0	0	0	0
MAR	MDA	Morocco	Rep. of Moldova	0	12	0	0	0	0	0	0
MAR	MEX	Morocco	Mexico	5	36	0	0	0	0	0	0
MAR	MKD	Morocco	North Macedonia	0	5	0	0	0	0	0	0
MAR	MLT	Morocco	Malta	19	5	0	0	0	0	0	0
MAR	MRT	Morocco	Mauritania	0	5	0	0	0	0	0	0
MAR	NLD	Morocco	Netherlands (Kingdom of the)	300	200	0	0	0	0	0	0
MAR	NOR	Morocco	Norway	34	15	0	0	0	0	0	0
MAR	PER	Morocco	Peru	0	12	0	0	0	0	0	0
MAR	PHL	Morocco	Philippines	5	0	0	0	0	0	0	0
MAR	POL	Morocco	Poland	12	52	0	0	0	0	0	0
MAR	PRT	Morocco	Portugal	988	66	0	0	0	0	0	0
MAR	ROU	Morocco	Romania	12	0	0	0	0	0	0	0
MAR	SRB	Morocco	Serbia and Kosovo: S/RES/1244 (1999)	0	0	0	0	0	0	39	0
MAR	SVK	Morocco	Slovakia	6	0	0	0	0	0	0	0
MAR	SVN	Morocco	Slovenia	5	368	0	0	0	0	0	0
MAR	SWE	Morocco	Sweden	174	40	0	0	0	0	0	0
MAR	SYR	Morocco	Syrian Arab Rep.	0	10	0	0	0	0	0	0
MAR	THA	Morocco	Thailand	5	0	0	0	0	0	0	0
MAR	UKR	Morocco	Ukraine	0	8	0	0	0	0	0	0
MAR	URY	Morocco	Uruguay	0	55	0	0	0	0	0	0
MAR	USA	Morocco	United States of America	109	984	0	0	0	0	0	0
MDA	ARM	Rep. of Moldova	Armenia	0	10	0	0	0	0	0	0
MDA	AUS	Rep. of Moldova	Australia	0	5	0	0	0	0	0	0
MDA	AUT	Rep. of Moldova	Austria	73	37	0	0	0	0	0	0
MDA	BEL	Rep. of Moldova	Belgium	148	462	0	0	0	0	0	0
MDA	BGR	Rep. of Moldova	Bulgaria	52	0	0	0	0	0	0	0
MDA	BRA	Rep. of Moldova	Brazil	0	5	0	0	0	0	0	0
MDA	CAN	Rep. of Moldova	Canada	16	18	0	0	0	0	0	0
MDA	CHE	Rep. of Moldova	Switzerland	80	7	18	0	0	0	0	0
MDA	CYP	Rep. of Moldova	Cyprus	33	0	0	0	0	0	0	0
MDA	CZE	Rep. of Moldova	Czechia	143	20	0	0	0	0	0	0
MDA	DEU	Rep. of Moldova	Germany	2166	543	0	0	0	0	0	0
MDA	DNK	Rep. of Moldova	Denmark	25	0	0	0	0	0	0	0
MDA	ESP	Rep. of Moldova	Spain	240	135	0	0	0	0	0	0
MDA	EST	Rep. of Moldova	Estonia	23	0	0	0	0	0	0	0
MDA	FIN	Rep. of Moldova	Finland	30	12	0	0	0	0	0	0
MDA	FRA	Rep. of Moldova	France	496	61	0	0	0	0	0	0
MDA	GBR	Rep. of Moldova	United Kingdom of Great Britain and Northern Ireland	5	31	0	0	0	0	0	0
MDA	GRC	Rep. of Moldova	Greece	5	14	0	0	0	0	0	0
MDA	HRV	Rep. of Moldova	Croatia	16	0	0	0	0	0	0	0
MDA	HUN	Rep. of Moldova	Hungary	11	0	0	0	0	0	0	0
MDA	IRL	Rep. of Moldova	Ireland	80	0	0	0	0	0	0	0
MDA	ISL	Rep. of Moldova	Iceland	5	0	0	0	0	0	0	0
MDA	ISR	Rep. of Moldova	Israel	0	208	0	0	0	0	0	0
MDA	ITA	Rep. of Moldova	Italy	272	725	0	0	0	0	0	0
MDA	LBN	Rep. of Moldova	Lebanon	0	0	0	0	0	0	5	0
MDA	LTU	Rep. of Moldova	Lithuania	23	0	0	0	0	0	0	0
MDA	LUX	Rep. of Moldova	Luxembourg	0	15	0	0	0	0	0	0
MDA	LVA	Rep. of Moldova	Latvia	22	0	0	0	0	0	0	0
MDA	NLD	Rep. of Moldova	Netherlands (Kingdom of the)	119	156	0	0	0	0	0	0
MDA	NOR	Rep. of Moldova	Norway	56	0	0	0	0	0	0	0
MDA	POL	Rep. of Moldova	Poland	360	20	0	0	0	0	0	0
MDA	PRT	Rep. of Moldova	Portugal	60	5	0	0	0	0	0	0
MDA	ROU	Rep. of Moldova	Romania	348	0	0	0	0	0	0	0
MDA	RUS	Rep. of Moldova	Russian Federation	76	15	0	0	0	0	0	0
MDA	SVK	Rep. of Moldova	Slovakia	32	0	0	0	0	0	0	0
MDA	SVN	Rep. of Moldova	Slovenia	5	5	0	0	0	0	0	0
MDA	SWE	Rep. of Moldova	Sweden	15	5	0	0	0	0	0	0
MDA	USA	Rep. of Moldova	United States of America	1201	3368	0	0	0	0	0	0
MDG	BEL	Madagascar	Belgium	0	10	0	0	0	0	0	0
MDG	CAN	Madagascar	Canada	43	84	0	0	0	0	0	0
MDG	CHE	Madagascar	Switzerland	6	0	0	0	0	0	0	0
MDG	DEU	Madagascar	Germany	5	5	0	0	0	0	0	0
MDG	FRA	Madagascar	France	539	88	0	0	0	0	0	0
MDG	IDN	Madagascar	Indonesia	0	6	0	0	0	0	0	0
MDG	ITA	Madagascar	Italy	6	12	0	0	0	0	0	0
MDG	LBN	Madagascar	Lebanon	0	11	0	0	0	0	9	0
MDG	MDG	Madagascar	Madagascar	0	0	0	0	0	0	20	0
MDG	MUS	Madagascar	Mauritius	0	5	0	0	0	0	0	0
MDG	USA	Madagascar	United States of America	5	74	0	0	0	0	0	0
MDV	AUS	Maldives	Australia	9	10	0	0	0	0	0	0
MDV	FRA	Maldives	France	6	0	0	0	0	0	0	0
MDV	GBR	Maldives	United Kingdom of Great Britain and Northern Ireland	46	7	0	0	0	0	0	0
MDV	IND	Maldives	India	5	0	0	0	0	0	0	0
MDV	NOR	Maldives	Norway	0	9	0	0	0	0	0	0
MDV	NZL	Maldives	New Zealand	5	0	0	0	0	0	0	0
MDV	USA	Maldives	United States of America	5	5	0	0	0	0	0	0
MEX	AUS	Mexico	Australia	15	32	0	0	0	0	0	0
MEX	BEL	Mexico	Belgium	5	19	0	0	0	0	0	0
MEX	BRA	Mexico	Brazil	8	85	0	0	0	0	0	0
MEX	CAN	Mexico	Canada	24826	30335	0	0	0	0	0	0
MEX	CHE	Mexico	Switzerland	5	8	5	0	0	0	0	0
MEX	CRI	Mexico	Costa Rica	13	108	0	0	0	0	0	0
MEX	DEU	Mexico	Germany	34	62	0	0	0	0	0	0
MEX	ECU	Mexico	Ecuador	7	0	0	0	0	0	0	0
MEX	ESP	Mexico	Spain	113	280	0	0	0	0	0	0
MEX	FIN	Mexico	Finland	0	7	0	0	0	0	0	0
MEX	FRA	Mexico	France	46	19	0	0	0	0	0	0
MEX	GBR	Mexico	United Kingdom of Great Britain and Northern Ireland	54	100	0	0	0	0	0	0
MEX	GTM	Mexico	Guatemala	8	115	0	0	0	0	0	0
MEX	HND	Mexico	Honduras	0	5	0	0	0	0	0	0
MEX	IRL	Mexico	Ireland	18	22	0	0	0	0	0	0
MEX	ISR	Mexico	Israel	0	6	0	0	0	0	0	0
MEX	ITA	Mexico	Italy	15	72	0	0	0	0	0	0
MEX	MEX	Mexico	Mexico	0	0	0	262411	0	0	0	0
MEX	NLD	Mexico	Netherlands (Kingdom of the)	21	13	0	0	0	0	0	0
MEX	NOR	Mexico	Norway	0	12	0	0	0	0	0	0
MEX	PAN	Mexico	Panama	8	0	0	0	0	0	0	0
MEX	PER	Mexico	Peru	0	31	0	0	0	0	0	0
MEX	POL	Mexico	Poland	5	0	0	0	0	0	0	0
MEX	PRT	Mexico	Portugal	5	0	0	0	0	0	0	0
MEX	ROU	Mexico	Romania	5	0	0	0	0	0	0	0
MEX	SLV	Mexico	El Salvador	0	5	0	0	0	0	0	0
MEX	URY	Mexico	Uruguay	8	5	0	0	0	0	0	0
MEX	USA	Mexico	United States of America	14022	173388	0	0	0	0	0	0
MHL	CAN	Marshall Islands	Canada	0	5	0	0	0	0	0	0
MHL	USA	Marshall Islands	United States of America	0	5	0	0	0	0	0	0
MKD	ARG	North Macedonia	Argentina	9	0	0	0	0	0	0	0
MKD	AUS	North Macedonia	Australia	5	206	0	0	0	0	0	0
MKD	AUT	North Macedonia	Austria	14	54	0	0	0	0	0	0
MKD	BEL	North Macedonia	Belgium	88	164	0	0	0	0	0	0
MKD	CAN	North Macedonia	Canada	8	6	0	0	0	0	0	0
MKD	CHE	North Macedonia	Switzerland	117	33	47	0	0	0	0	0
MKD	CZE	North Macedonia	Czechia	5	0	0	0	0	0	0	0
MKD	DEU	North Macedonia	Germany	636	1480	0	0	0	0	0	0
MKD	DNK	North Macedonia	Denmark	57	0	0	0	0	0	0	0
MKD	ESP	North Macedonia	Spain	0	15	0	0	0	0	0	0
MKD	FRA	North Macedonia	France	799	82	0	0	0	0	0	0
MKD	GBR	North Macedonia	United Kingdom of Great Britain and Northern Ireland	7	23	0	0	0	0	0	0
MKD	IRL	North Macedonia	Ireland	7	0	0	0	0	0	0	0
MKD	ISR	North Macedonia	Israel	0	28	0	0	0	0	0	0
MKD	ITA	North Macedonia	Italy	96	94	0	0	0	0	0	0
MKD	LIE	North Macedonia	Liechtenstein	0	9	0	0	0	0	0	0
MKD	LUX	North Macedonia	Luxembourg	0	30	0	0	0	0	0	0
MKD	NLD	North Macedonia	Netherlands (Kingdom of the)	8	0	0	0	0	0	0	0
MKD	NOR	North Macedonia	Norway	26	0	0	0	0	0	0	0
MKD	SRB	North Macedonia	Serbia and Kosovo: S/RES/1244 (1999)	0	0	0	0	0	0	5	0
MKD	SWE	North Macedonia	Sweden	48	5	0	0	0	0	0	0
MKD	SYR	North Macedonia	Syrian Arab Rep.	0	6	0	0	0	0	0	0
MKD	USA	North Macedonia	United States of America	83	233	0	0	0	0	0	0
MLI	ARG	Mali	Argentina	9	0	0	0	0	0	0	0
MLI	AUS	Mali	Australia	0	5	0	0	0	0	0	0
MLI	AUT	Mali	Austria	9	5	0	0	0	0	0	0
MLI	BDI	Mali	Burundi	11	0	0	0	0	0	0	0
MLI	BEL	Mali	Belgium	53	92	0	0	0	0	0	0
MLI	BEN	Mali	Benin	76	33	0	0	0	0	0	0
MLI	BFA	Mali	Burkina Faso	39265	41	541	0	0	0	0	0
MLI	BGR	Mali	Bulgaria	6	0	0	0	0	0	0	0
MLI	BRA	Mali	Brazil	465	8	0	0	0	0	0	0
MLI	CAN	Mali	Canada	528	517	0	0	0	0	0	0
MLI	CHE	Mali	Switzerland	38	42	6	0	0	0	0	0
MLI	CHN	Mali	China	0	5	0	0	0	0	0	0
MLI	CIV	Mali	Cote d'Ivoire	16	1534	0	0	0	0	0	0
MLI	CMR	Mali	Cameroon	203	254	0	0	0	0	5	0
MLI	COD	Mali	Dem. Rep. of the Congo	0	0	0	0	0	0	9	0
MLI	COG	Mali	Congo	0	6	0	0	0	0	5	0
MLI	CYP	Mali	Cyprus	6	12	0	0	0	0	0	0
MLI	DEU	Mali	Germany	467	433	0	0	0	0	0	0
MLI	DJI	Mali	Djibouti	5	0	0	0	0	0	0	0
MLI	DNK	Mali	Denmark	5	0	0	0	0	0	0	0
MLI	DZA	Mali	Algeria	204	1379	0	0	0	0	0	0
MLI	EGY	Mali	Egypt	0	6	0	0	0	0	0	0
MLI	ESP	Mali	Spain	10862	2045	0	0	0	0	0	0
MLI	ETH	Mali	Ethiopia	0	5	0	0	0	0	0	0
MLI	FIN	Mali	Finland	6	11	0	0	0	0	0	0
MLI	FRA	Mali	France	9505	1166	0	0	0	0	0	0
MLI	GBR	Mali	United Kingdom of Great Britain and Northern Ireland	71	20	0	0	0	0	0	0
MLI	GHA	Mali	Ghana	0	5	0	0	0	0	0	0
MLI	GIN	Mali	Guinea	9	0	0	0	0	0	0	0
MLI	GRC	Mali	Greece	178	47	0	0	0	0	0	0
MLI	IDN	Mali	Indonesia	0	5	0	0	0	0	0	0
MLI	ISL	Mali	Iceland	5	0	0	0	0	0	0	0
MLI	ISR	Mali	Israel	0	5	0	0	0	0	0	0
MLI	ITA	Mali	Italy	14563	3814	0	0	0	0	0	0
MLI	KOR	Mali	Rep. of Korea	12	89	0	0	0	0	0	0
MLI	LBN	Mali	Lebanon	0	5	0	0	0	0	0	0
MLI	LBR	Mali	Liberia	19	0	0	0	0	0	0	0
MLI	LUX	Mali	Luxembourg	0	10	0	0	0	0	0	0
MLI	LVA	Mali	Latvia	0	5	0	0	0	0	0	0
MLI	MAR	Mali	Morocco	67	650	0	0	0	0	0	0
MLI	MDG	Mali	Madagascar	0	6	0	0	0	0	0	0
MLI	MEX	Mali	Mexico	5	101	0	0	0	0	0	0
MLI	MLI	Mali	Mali	0	0	0	360591	51546	0	0	0
MLI	MLT	Mali	Malta	5	25	0	0	0	0	0	0
MLI	MRT	Mali	Mauritania	153974	4155	2422	0	0	0	0	0
MLI	MYS	Mali	Malaysia	5	0	0	0	0	0	0	0
MLI	NER	Mali	Niger	122409	66	61	0	0	0	0	0
MLI	NGA	Mali	Nigeria	84	12	5	0	0	0	0	0
MLI	NLD	Mali	Netherlands (Kingdom of the)	14	36	0	0	0	0	0	0
MLI	POL	Mali	Poland	5	18	0	0	0	0	0	0
MLI	PRT	Mali	Portugal	24	22	0	0	0	0	0	0
MLI	ROU	Mali	Romania	5	0	0	0	0	0	0	0
MLI	SEN	Mali	Senegal	5	18	0	0	0	0	0	0
MLI	SWE	Mali	Sweden	77	5	0	0	0	0	0	0
MLI	TCD	Mali	Chad	5	15	0	0	0	0	0	0
MLI	TGO	Mali	Togo	77	35	0	0	0	0	0	0
MLI	TUN	Mali	Tunisia	11	174	0	0	0	0	0	0
MLI	UGA	Mali	Uganda	5	0	0	0	0	0	0	0
MLI	USA	Mali	United States of America	687	1360	0	0	0	0	0	0
MLI	ZAF	Mali	South Africa	5	37	0	0	0	0	0	0
MLI	ZWE	Mali	Zimbabwe	10	124	0	0	0	0	0	0
MLT	CAN	Malta	Canada	10	5	0	0	0	0	0	0
MLT	USA	Malta	United States of America	0	5	0	0	0	0	0	0
MMR	ARM	Myanmar	Armenia	9	0	0	0	0	0	0	0
MMR	AUS	Myanmar	Australia	1760	648	0	0	0	0	0	0
MMR	AUT	Myanmar	Austria	26	12	0	0	0	0	0	0
MMR	BEL	Myanmar	Belgium	11	8	0	0	0	0	0	0
MMR	BGD	Myanmar	Bangladesh	1005561	35	0	0	0	0	0	0
MMR	BRA	Myanmar	Brazil	5	0	0	0	0	0	0	0
MMR	CAN	Myanmar	Canada	123	294	0	0	0	0	0	0
MMR	CHE	Myanmar	Switzerland	73	33	0	0	0	0	0	0
MMR	CZE	Myanmar	Czechia	219	9	0	0	0	0	0	0
MMR	DEU	Myanmar	Germany	1305	371	0	0	0	0	0	0
MMR	DNK	Myanmar	Denmark	1178	32	0	0	0	0	0	0
MMR	EGY	Myanmar	Egypt	0	5	0	0	0	0	0	0
MMR	ESP	Myanmar	Spain	14	5	0	0	0	0	0	0
MMR	FIN	Myanmar	Finland	45	20	0	0	0	0	0	0
MMR	FRA	Myanmar	France	474	48	0	0	0	0	0	0
MMR	GBR	Myanmar	United Kingdom of Great Britain and Northern Ireland	505	537	0	0	0	0	0	0
MMR	GRC	Myanmar	Greece	26	5	0	0	0	0	0	0
MMR	HUN	Myanmar	Hungary	5	0	0	0	0	0	0	0
MMR	IDN	Myanmar	Indonesia	817	1862	0	0	0	0	0	0
MMR	IND	Myanmar	India	72826	8856	0	0	0	0	0	0
MMR	IRL	Myanmar	Ireland	21	29	0	0	0	0	0	0
MMR	ISR	Myanmar	Israel	0	238	0	0	0	0	0	0
MMR	ITA	Myanmar	Italy	53	27	0	0	0	0	0	0
MMR	JPN	Myanmar	Japan	24761	0	0	0	0	0	0	0
MMR	KHM	Myanmar	Cambodia	8	5	0	0	0	0	0	0
MMR	KOR	Myanmar	Rep. of Korea	529	665	0	0	0	0	0	0
MMR	LKA	Myanmar	Sri Lanka	112	117	0	0	0	0	0	0
MMR	LUX	Myanmar	Luxembourg	5	0	0	0	0	0	0	0
MMR	MMR	Myanmar	Myanmar	0	0	0	3513867	377566	0	0	0
MMR	MYS	Myanmar	Malaysia	128365	42169	0	0	0	0	0	0
MMR	NLD	Myanmar	Netherlands (Kingdom of the)	391	92	0	0	0	0	0	0
MMR	NOR	Myanmar	Norway	153	14	0	0	0	0	0	0
MMR	NPL	Myanmar	Nepal	427	66	0	0	0	0	0	0
MMR	NZL	Myanmar	New Zealand	58	38	0	0	0	0	0	0
MMR	PAK	Myanmar	Pakistan	28	32	0	0	0	0	0	0
MMR	PHL	Myanmar	Philippines	15	37	0	0	0	0	0	0
MMR	PRT	Myanmar	Portugal	0	5	0	0	0	0	0	0
MMR	ROU	Myanmar	Romania	20	0	0	0	0	0	0	0
MMR	SWE	Myanmar	Sweden	207	6	0	0	0	0	0	0
MMR	THA	Myanmar	Thailand	81005	0	0	0	0	0	513	0
MMR	USA	Myanmar	United States of America	1363	9626	0	0	0	0	0	0
MNE	AUT	Montenegro	Austria	0	5	0	0	0	0	0	0
MNE	BEL	Montenegro	Belgium	13	11	0	0	0	0	0	0
MNE	CAN	Montenegro	Canada	9	7	0	0	0	0	0	0
MNE	CHE	Montenegro	Switzerland	54	5	14	0	0	0	0	0
MNE	DEU	Montenegro	Germany	203	136	0	0	0	0	0	0
MNE	DNK	Montenegro	Denmark	69	0	0	0	0	0	0	0
MNE	FRA	Montenegro	France	212	16	0	0	0	0	0	0
MNE	HRV	Montenegro	Croatia	5	0	0	0	0	0	0	0
MNE	IRL	Montenegro	Ireland	5	0	0	0	0	0	0	0
MNE	ISR	Montenegro	Israel	0	10	0	0	0	0	0	0
MNE	ITA	Montenegro	Italy	23	14	0	0	0	0	0	0
MNE	LUX	Montenegro	Luxembourg	6	0	0	0	0	0	0	0
MNE	NLD	Montenegro	Netherlands (Kingdom of the)	6	0	0	0	0	0	0	0
MNE	NOR	Montenegro	Norway	19	0	0	0	0	0	0	0
MNE	RUS	Montenegro	Russian Federation	5	0	0	0	0	0	0	0
MNE	SWE	Montenegro	Sweden	60	0	0	0	0	0	0	0
MNE	USA	Montenegro	United States of America	74	854	0	0	0	0	0	0
MNG	AUS	Mongolia	Australia	11	655	0	0	0	0	0	0
MNG	AUT	Mongolia	Austria	73	53	0	0	0	0	0	0
MNG	BEL	Mongolia	Belgium	0	9	0	0	0	0	0	0
MNG	BIH	Mongolia	Bosnia and Herzegovina	0	0	0	0	0	0	11	0
MNG	CAN	Mongolia	Canada	92	170	0	0	0	0	0	0
MNG	CHE	Mongolia	Switzerland	171	15	7	0	0	0	0	0
MNG	CYP	Mongolia	Cyprus	0	20	0	0	0	0	0	0
MNG	CZE	Mongolia	Czechia	10	6	0	0	0	0	0	0
MNG	DEU	Mongolia	Germany	257	469	0	0	0	0	0	0
MNG	DNK	Mongolia	Denmark	0	5	0	0	0	0	0	0
MNG	ESP	Mongolia	Spain	14	10	0	0	0	0	0	0
MNG	FRA	Mongolia	France	931	243	0	0	0	0	0	0
MNG	GBR	Mongolia	United Kingdom of Great Britain and Northern Ireland	49	72	0	0	0	0	0	0
MNG	HRV	Mongolia	Croatia	0	8	0	0	0	0	0	0
MNG	IRL	Mongolia	Ireland	9	14	0	0	0	0	0	0
MNG	ISR	Mongolia	Israel	0	7	0	0	0	0	0	0
MNG	ITA	Mongolia	Italy	8	5	0	0	0	0	0	0
MNG	KOR	Mongolia	Rep. of Korea	0	1652	0	0	0	0	0	0
MNG	MEX	Mongolia	Mexico	0	130	0	0	0	0	0	0
MNG	MNG	Mongolia	Mongolia	0	0	0	0	0	0	5	0
MNG	NLD	Mongolia	Netherlands (Kingdom of the)	34	0	0	0	0	0	0	0
MNG	NOR	Mongolia	Norway	9	0	0	0	0	0	0	0
MNG	NZL	Mongolia	New Zealand	8	0	0	0	0	0	0	0
MNG	POL	Mongolia	Poland	5	0	0	0	0	0	0	0
MNG	SVN	Mongolia	Slovenia	0	5	0	0	0	0	0	0
MNG	SWE	Mongolia	Sweden	199	22	0	0	0	0	0	0
MNG	USA	Mongolia	United States of America	621	3947	0	0	0	0	0	0
MOZ	AUS	Mozambique	Australia	5	5	0	0	0	0	0	0
MOZ	BEL	Mozambique	Belgium	0	18	0	0	0	0	0	0
MOZ	BRA	Mozambique	Brazil	5	47	0	0	0	0	0	0
MOZ	CAN	Mozambique	Canada	7	15	0	0	0	0	0	0
MOZ	CHE	Mozambique	Switzerland	0	5	0	0	0	0	0	0
MOZ	DEU	Mozambique	Germany	13	82	0	0	0	0	0	0
MOZ	ESP	Mozambique	Spain	10	0	0	0	0	0	0	0
MOZ	FRA	Mozambique	France	21	7	0	0	0	0	0	0
MOZ	GBR	Mozambique	United Kingdom of Great Britain and Northern Ireland	6	5	0	0	0	0	0	0
MOZ	IRL	Mozambique	Ireland	5	6	0	0	0	0	0	0
MOZ	ISR	Mozambique	Israel	0	5	0	0	0	0	0	0
MOZ	ITA	Mozambique	Italy	0	5	0	0	0	0	0	0
MOZ	KEN	Mozambique	Kenya	10	0	0	0	0	0	0	0
MOZ	MEX	Mozambique	Mexico	0	5	0	0	0	0	0	0
MOZ	MOZ	Mozambique	Mozambique	0	0	0	577545	5090	0	0	0
MOZ	MWI	Mozambique	Malawi	0	35	0	0	0	0	0	0
MOZ	PER	Mozambique	Peru	0	9	0	0	0	0	0	0
MOZ	POL	Mozambique	Poland	0	5	0	0	0	0	0	0
MOZ	PRT	Mozambique	Portugal	0	5	0	0	0	0	0	0
MOZ	SWZ	Mozambique	Eswatini	0	20	0	0	0	0	0	0
MOZ	USA	Mozambique	United States of America	32	169	0	0	0	0	0	0
MOZ	ZAF	Mozambique	South Africa	0	41	0	0	0	0	0	0
MOZ	ZWE	Mozambique	Zimbabwe	0	8455	0	0	0	0	9	0
MRT	AGO	Mauritania	Angola	323	5402	0	0	0	0	0	0
MRT	AUT	Mauritania	Austria	5	0	0	0	0	0	0	0
MRT	BEL	Mauritania	Belgium	238	336	0	0	0	0	0	0
MRT	BRA	Mauritania	Brazil	66	208	0	0	0	0	0	0
MRT	CAF	Mauritania	Central African Rep.	0	5	0	0	0	0	0	0
MRT	CAN	Mauritania	Canada	372	545	0	0	0	0	0	0
MRT	CHE	Mauritania	Switzerland	6	5	0	0	0	0	0	0
MRT	CIV	Mauritania	Cote d'Ivoire	5	5	0	0	0	0	0	0
MRT	CMR	Mauritania	Cameroon	5	0	0	0	0	0	0	0
MRT	COG	Mauritania	Congo	11	45	0	0	0	0	5	0
MRT	DEU	Mauritania	Germany	76	59	0	0	0	0	0	0
MRT	DZA	Mauritania	Algeria	0	5	0	0	0	0	0	0
MRT	ESP	Mauritania	Spain	74	1340	0	0	0	0	0	0
MRT	FRA	Mauritania	France	9049	1182	0	0	0	0	0	0
MRT	GAB	Mauritania	Gabon	5	0	0	0	0	0	0	0
MRT	GBR	Mauritania	United Kingdom of Great Britain and Northern Ireland	12	12	0	0	0	0	0	0
MRT	GRC	Mauritania	Greece	28	0	0	0	0	0	0	0
MRT	HRV	Mauritania	Croatia	5	0	0	0	0	0	0	0
MRT	ITA	Mauritania	Italy	277	28	0	0	0	0	0	0
MRT	LUX	Mauritania	Luxembourg	0	10	0	0	0	0	0	0
MRT	MAR	Mauritania	Morocco	5	5	0	0	0	0	0	0
MRT	MEX	Mauritania	Mexico	7	293	0	0	0	0	0	0
MRT	MLI	Mauritania	Mali	15010	0	0	0	0	0	0	0
MRT	NLD	Mauritania	Netherlands (Kingdom of the)	15	86	0	0	0	0	0	0
MRT	NOR	Mauritania	Norway	5	0	0	0	0	0	0	0
MRT	PRT	Mauritania	Portugal	0	8	0	0	0	0	0	0
MRT	SEN	Mauritania	Senegal	11539	35	0	0	0	0	0	0
MRT	SWE	Mauritania	Sweden	9	0	0	0	0	0	0	0
MRT	TUN	Mauritania	Tunisia	6	5	0	0	0	0	0	0
MRT	URY	Mauritania	Uruguay	0	5	0	0	0	0	0	0
MRT	USA	Mauritania	United States of America	958	18798	0	0	0	0	0	0
MTQ	USA	Martinique	United States of America	0	5	0	0	0	0	0	0
MUS	AUS	Mauritius	Australia	13	89	0	0	0	0	0	0
MUS	BEL	Mauritius	Belgium	5	12	0	0	0	0	0	0
MUS	CAN	Mauritius	Canada	19	39	0	0	0	0	0	0
MUS	CHE	Mauritius	Switzerland	0	0	8	0	0	0	0	0
MUS	DEU	Mauritius	Germany	0	5	0	0	0	0	0	0
MUS	FRA	Mauritius	France	93	49	0	0	0	0	0	0
MUS	GBR	Mauritius	United Kingdom of Great Britain and Northern Ireland	86	173	0	0	0	0	0	0
MUS	IRL	Mauritius	Ireland	16	89	0	0	0	0	0	0
MUS	ITA	Mauritius	Italy	5	86	0	0	0	0	0	0
MUS	LUX	Mauritius	Luxembourg	0	5	0	0	0	0	0	0
MUS	NLD	Mauritius	Netherlands (Kingdom of the)	0	5	0	0	0	0	0	0
MUS	USA	Mauritius	United States of America	26	79	0	0	0	0	0	0
MWI	AUS	Malawi	Australia	6	7	0	0	0	0	0	0
MWI	BEL	Malawi	Belgium	0	8	0	0	0	0	0	0
MWI	CAN	Malawi	Canada	92	62	0	0	0	0	0	0
MWI	DEU	Malawi	Germany	8	56	0	0	0	0	0	0
MWI	GBR	Malawi	United Kingdom of Great Britain and Northern Ireland	231	46	0	0	0	0	0	0
MWI	IRL	Malawi	Ireland	185	189	0	0	0	0	0	0
MWI	ISR	Malawi	Israel	0	636	0	0	0	0	0	0
MWI	NLD	Malawi	Netherlands (Kingdom of the)	8	8	0	0	0	0	0	0
MWI	PRT	Malawi	Portugal	6	0	0	0	0	0	0	0
MWI	SWZ	Malawi	Eswatini	0	5	0	0	0	0	0	0
MWI	USA	Malawi	United States of America	27	1019	0	0	0	0	0	0
MWI	ZAF	Malawi	South Africa	7	748	0	0	0	0	0	0
MYS	AUS	Malaysia	Australia	471	9936	0	0	0	0	0	0
MYS	BRA	Malaysia	Brazil	0	10	0	0	0	0	0	0
MYS	CAN	Malaysia	Canada	53	59	0	0	0	0	0	0
MYS	CHE	Malaysia	Switzerland	0	5	5	0	0	0	0	0
MYS	DEU	Malaysia	Germany	24	25	0	0	0	0	0	0
MYS	DNK	Malaysia	Denmark	14	0	0	0	0	0	0	0
MYS	ESP	Malaysia	Spain	0	10	0	0	0	0	0	0
MYS	FIN	Malaysia	Finland	5	0	0	0	0	0	0	0
MYS	FRA	Malaysia	France	33	6	0	0	0	0	0	0
MYS	GBR	Malaysia	United Kingdom of Great Britain and Northern Ireland	428	413	0	0	0	0	0	0
MYS	IRL	Malaysia	Ireland	26	26	0	0	0	0	0	0
MYS	ITA	Malaysia	Italy	5	13	0	0	0	0	0	0
MYS	KOR	Malaysia	Rep. of Korea	0	1731	0	0	0	0	0	0
MYS	NLD	Malaysia	Netherlands (Kingdom of the)	19	5	0	0	0	0	0	0
MYS	NOR	Malaysia	Norway	5	0	0	0	0	0	0	0
MYS	NZL	Malaysia	New Zealand	39	133	0	0	0	0	0	0
MYS	PHL	Malaysia	Philippines	0	5	0	0	0	0	0	0
MYS	SWE	Malaysia	Sweden	16	5	0	0	0	0	0	0
MYS	USA	Malaysia	United States of America	71	397	0	0	0	0	0	0
NAM	AUT	Namibia	Austria	0	5	0	0	0	0	0	0
NAM	BRA	Namibia	Brazil	0	22	0	0	0	0	0	0
NAM	CAN	Namibia	Canada	64	64	0	0	0	0	0	0
NAM	CRI	Namibia	Costa Rica	0	14	0	0	0	0	0	0
NAM	DEU	Namibia	Germany	10	64	0	0	0	0	0	0
NAM	DNK	Namibia	Denmark	5	0	0	0	0	0	0	0
NAM	FRA	Namibia	France	5	0	0	0	0	0	0	0
NAM	GBR	Namibia	United Kingdom of Great Britain and Northern Ireland	493	522	0	0	0	0	0	0
NAM	IRL	Namibia	Ireland	0	16	0	0	0	0	0	0
NAM	MEX	Namibia	Mexico	0	5	0	0	0	0	0	0
NAM	NAM	Namibia	Namibia	0	0	0	0	0	0	38	0
NAM	NLD	Namibia	Netherlands (Kingdom of the)	0	5	0	0	0	0	0	0
NAM	PER	Namibia	Peru	0	5	0	0	0	0	0	0
NAM	PRT	Namibia	Portugal	15	0	0	0	0	0	0	0
NAM	SWE	Namibia	Sweden	33	0	0	0	0	0	0	0
NAM	USA	Namibia	United States of America	21	175	0	0	0	0	0	0
NCL	AUS	New Caledonia	Australia	0	5	0	0	0	0	0	0
NER	BEL	Niger	Belgium	105	487	0	0	0	0	0	0
NER	BEN	Niger	Benin	1048	951	0	0	0	0	0	0
NER	BFA	Niger	Burkina Faso	322	930	0	0	0	0	0	0
NER	BRA	Niger	Brazil	0	7	0	0	0	0	0	0
NER	CAN	Niger	Canada	90	170	0	0	0	0	0	0
NER	CHE	Niger	Switzerland	10	18	0	0	0	0	0	0
NER	CIV	Niger	Cote d'Ivoire	0	5	0	0	0	0	0	0
NER	CMR	Niger	Cameroon	74	6416	0	0	0	0	5	0
NER	DEU	Niger	Germany	83	185	0	0	0	0	0	0
NER	DZA	Niger	Algeria	5	220	0	0	0	0	0	0
NER	ESP	Niger	Spain	35	75	0	0	0	0	0	0
NER	FRA	Niger	France	431	103	0	0	0	0	0	0
NER	GBR	Niger	United Kingdom of Great Britain and Northern Ireland	204	13	0	0	0	0	0	0
NER	GRC	Niger	Greece	7	7	0	0	0	0	0	0
NER	IRL	Niger	Ireland	5	0	0	0	0	0	0	0
NER	ITA	Niger	Italy	505	88	0	0	0	0	0	0
NER	LUX	Niger	Luxembourg	0	5	0	0	0	0	0	0
NER	MAR	Niger	Morocco	0	27	0	0	0	0	0	0
NER	MEX	Niger	Mexico	0	11	0	0	0	0	0	0
NER	MLI	Niger	Mali	25162	0	0	0	0	0	0	0
NER	MLT	Niger	Malta	0	10	0	0	0	0	0	0
NER	MRT	Niger	Mauritania	14	76	0	0	0	0	0	0
NER	NER	Niger	Niger	0	0	0	507438	0	0	46590	0
NER	NGA	Niger	Nigeria	14965	11	0	0	0	0	0	0
NER	NLD	Niger	Netherlands (Kingdom of the)	12	29	0	0	0	0	0	0
NER	PER	Niger	Peru	0	57	0	0	0	0	0	0
NER	SEN	Niger	Senegal	0	5	0	0	0	0	0	0
NER	SSD	Niger	South Sudan	13	5	0	0	0	0	0	0
NER	TCD	Niger	Chad	887	5	0	0	0	0	0	0
NER	TGO	Niger	Togo	9	16	0	0	0	0	0	0
NER	TUN	Niger	Tunisia	0	29	0	0	0	0	0	0
NER	USA	Niger	United States of America	128	608	0	0	0	0	0	0
NER	ZAF	Niger	South Africa	5	206	0	0	0	0	0	0
NGA	ARG	Nigeria	Argentina	43	22	0	0	0	0	0	0
NGA	ARM	Nigeria	Armenia	19	0	0	0	0	0	0	0
NGA	AUS	Nigeria	Australia	116	503	0	0	0	0	0	0
NGA	AUT	Nigeria	Austria	474	159	0	0	0	0	0	0
NGA	BEL	Nigeria	Belgium	76	447	0	0	0	0	0	0
NGA	BEN	Nigeria	Benin	6	151	0	0	0	0	0	0
NGA	BGR	Nigeria	Bulgaria	5	0	0	0	0	0	0	0
NGA	BIH	Nigeria	Bosnia and Herzegovina	0	5	0	0	0	0	5	0
NGA	BOL	Nigeria	Bolivia (Plurinational State of)	5	0	0	0	0	0	0	0
NGA	BRA	Nigeria	Brazil	233	530	0	0	0	0	0	0
NGA	CAN	Nigeria	Canada	8246	20542	0	0	0	0	0	0
NGA	CHE	Nigeria	Switzerland	303	98	26	0	0	0	0	0
NGA	CHN	Nigeria	China	0	56	0	0	0	0	0	0
NGA	CIV	Nigeria	Cote d'Ivoire	6	83	0	0	0	0	0	0
NGA	CMR	Nigeria	Cameroon	131920	589	15498	0	0	0	6	0
NGA	COD	Nigeria	Dem. Rep. of the Congo	0	0	0	0	0	0	10	0
NGA	COG	Nigeria	Congo	5	16	0	0	0	0	5	0
NGA	CRI	Nigeria	Costa Rica	14	19	0	0	0	0	0	0
NGA	CYP	Nigeria	Cyprus	170	1833	0	0	0	0	0	0
NGA	CZE	Nigeria	Czechia	11	20	0	0	0	0	0	0
NGA	DEU	Nigeria	Germany	14083	5289	0	0	0	0	0	0
NGA	DNK	Nigeria	Denmark	40	14	0	0	0	0	0	0
NGA	DOM	Nigeria	Dominican Rep.	0	18	0	0	0	0	0	0
NGA	DZA	Nigeria	Algeria	12	444	0	0	0	0	0	0
NGA	ECU	Nigeria	Ecuador	37	0	0	0	0	0	0	0
NGA	EGY	Nigeria	Egypt	30	469	0	0	0	0	0	0
NGA	ESP	Nigeria	Spain	505	700	0	0	0	0	0	0
NGA	EST	Nigeria	Estonia	5	0	0	0	0	0	0	0
NGA	ETH	Nigeria	Ethiopia	0	23	0	0	0	0	0	0
NGA	FIN	Nigeria	Finland	182	192	0	0	0	0	0	0
NGA	FRA	Nigeria	France	8646	1689	0	0	0	0	0	0
NGA	GBR	Nigeria	United Kingdom of Great Britain and Northern Ireland	4457	3221	0	0	0	0	0	0
NGA	GHA	Nigeria	Ghana	12	17	0	0	0	0	0	0
NGA	GIN	Nigeria	Guinea	10	0	0	0	0	0	0	0
NGA	GMB	Nigeria	Gambia	0	5	0	0	0	0	0	0
NGA	GNB	Nigeria	Guinea-Bissau	0	6	0	0	0	0	0	0
NGA	GRC	Nigeria	Greece	261	100	0	0	0	0	0	0
NGA	GTM	Nigeria	Guatemala	0	5	0	0	0	0	0	0
NGA	HRV	Nigeria	Croatia	16	7	0	0	0	0	0	0
NGA	HUN	Nigeria	Hungary	96	0	0	0	0	0	0	0
NGA	IDN	Nigeria	Indonesia	0	6	0	0	0	0	0	0
NGA	IND	Nigeria	India	0	22	0	0	0	0	0	0
NGA	IRL	Nigeria	Ireland	1168	6296	0	0	0	0	0	0
NGA	IRQ	Nigeria	Iraq	0	8	0	0	0	0	0	0
NGA	ISL	Nigeria	Iceland	28	58	0	0	0	0	0	0
NGA	ISR	Nigeria	Israel	11	660	0	0	0	0	0	0
NGA	ITA	Nigeria	Italy	20273	3698	0	0	0	0	0	0
NGA	JOR	Nigeria	Jordan	8	0	0	0	0	0	0	0
NGA	JPN	Nigeria	Japan	11	0	0	0	0	0	0	0
NGA	KEN	Nigeria	Kenya	6	16	0	0	0	0	0	0
NGA	KOR	Nigeria	Rep. of Korea	16	506	0	0	0	0	0	0
NGA	LBN	Nigeria	Lebanon	5	32	0	0	0	0	0	0
NGA	LBR	Nigeria	Liberia	5	5	0	0	0	0	0	0
NGA	LBY	Nigeria	Libya	0	6	0	0	0	0	0	0
NGA	LSO	Nigeria	Lesotho	11	13	0	0	0	0	0	0
NGA	LTU	Nigeria	Lithuania	5	0	0	0	0	0	0	0
NGA	LUX	Nigeria	Luxembourg	5	30	0	0	0	0	0	0
NGA	LVA	Nigeria	Latvia	5	0	0	0	0	0	0	0
NGA	MAR	Nigeria	Morocco	28	400	0	0	0	0	0	0
NGA	MDA	Nigeria	Rep. of Moldova	0	23	0	0	0	0	0	0
NGA	MDG	Nigeria	Madagascar	0	5	0	0	0	0	0	0
NGA	MEX	Nigeria	Mexico	53	245	0	0	0	0	0	0
NGA	MLI	Nigeria	Mali	5	5	0	0	0	0	0	0
NGA	MLT	Nigeria	Malta	53	120	0	0	0	0	0	0
NGA	MRT	Nigeria	Mauritania	14	354	0	0	0	0	0	0
NGA	MUS	Nigeria	Mauritius	0	5	0	0	0	0	0	0
NGA	MYS	Nigeria	Malaysia	5	50	0	0	0	0	0	0
NGA	NAM	Nigeria	Namibia	0	5	0	0	0	0	0	0
NGA	NER	Nigeria	Niger	245845	38	21571	0	0	0	0	0
NGA	NGA	Nigeria	Nigeria	0	0	0	3432959	35721	0	0	0
NGA	NLD	Nigeria	Netherlands (Kingdom of the)	905	1158	0	0	0	0	0	0
NGA	NOR	Nigeria	Norway	36	23	0	0	0	0	0	0
NGA	NZL	Nigeria	New Zealand	0	5	0	0	0	0	0	0
NGA	PAN	Nigeria	Panama	5	0	0	0	0	0	0	0
NGA	PER	Nigeria	Peru	24	22	0	0	0	0	0	0
NGA	PHL	Nigeria	Philippines	10	51	0	0	0	0	0	0
NGA	POL	Nigeria	Poland	52	22	0	0	0	0	0	0
NGA	PRT	Nigeria	Portugal	2392	62	0	0	0	0	0	0
NGA	ROU	Nigeria	Romania	26	17	0	0	0	0	0	0
NGA	RUS	Nigeria	Russian Federation	0	5	0	0	0	0	0	0
NGA	SDN	Nigeria	Sudan	12	0	387	0	0	0	0	0
NGA	SEN	Nigeria	Senegal	0	10	0	0	0	0	0	0
NGA	SRB	Nigeria	Serbia and Kosovo: S/RES/1244 (1999)	0	8	0	0	0	0	0	0
NGA	SUR	Nigeria	Suriname	0	5	0	0	0	0	0	0
NGA	SVK	Nigeria	Slovakia	25	0	0	0	0	0	0	0
NGA	SVN	Nigeria	Slovenia	9	19	0	0	0	0	0	0
NGA	SWE	Nigeria	Sweden	509	127	0	0	0	0	0	0
NGA	SWZ	Nigeria	Eswatini	0	16	0	0	0	0	0	0
NGA	SYR	Nigeria	Syrian Arab Rep.	0	6	0	0	0	0	0	0
NGA	TCD	Nigeria	Chad	21484	398	214	0	0	0	0	0
NGA	TGO	Nigeria	Togo	11	5	0	0	0	0	0	0
NGA	THA	Nigeria	Thailand	0	18	0	0	0	0	0	0
NGA	TTO	Nigeria	Trinidad and Tobago	6	69	0	0	0	0	0	0
NGA	TUN	Nigeria	Tunisia	10	291	0	0	0	0	0	0
NGA	UGA	Nigeria	Uganda	0	9	0	0	0	0	0	0
NGA	UKR	Nigeria	Ukraine	5	5	0	0	0	0	0	0
NGA	URY	Nigeria	Uruguay	24	42	0	0	0	0	0	0
NGA	USA	Nigeria	United States of America	4441	33414	0	0	0	0	0	0
NGA	VEN	Nigeria	Venezuela (Bolivarian Republic of)	7	0	0	0	0	0	0	0
NGA	YEM	Nigeria	Yemen	0	5	0	0	0	0	0	0
NGA	ZAF	Nigeria	South Africa	8	1599	0	0	0	0	0	0
NIC	ARG	Nicaragua	Argentina	18	12	0	0	0	0	0	0
NIC	AUT	Nicaragua	Austria	5	5	0	0	0	0	0	0
NIC	BEL	Nicaragua	Belgium	43	34	0	0	0	0	0	0
NIC	BLZ	Nicaragua	Belize	16	6	0	0	0	0	0	0
NIC	BRA	Nicaragua	Brazil	35	22	0	0	0	0	0	0
NIC	CAN	Nicaragua	Canada	930	576	0	0	0	0	0	0
NIC	CHE	Nicaragua	Switzerland	18	7	5	0	0	0	0	0
NIC	CHL	Nicaragua	Chile	0	5	0	0	0	0	0	0
NIC	COL	Nicaragua	Colombia	10	0	0	0	0	0	0	0
NIC	CRI	Nicaragua	Costa Rica	15327	190037	0	0	0	0	0	0
NIC	DEU	Nicaragua	Germany	84	387	0	0	0	0	0	0
NIC	DNK	Nicaragua	Denmark	13	0	0	0	0	0	0	0
NIC	DOM	Nicaragua	Dominican Rep.	0	5	0	0	0	0	0	0
NIC	ECU	Nicaragua	Ecuador	9	0	0	0	0	0	0	0
NIC	ESP	Nicaragua	Spain	3228	5420	0	0	0	0	0	0
NIC	FIN	Nicaragua	Finland	167	33	0	0	0	0	0	0
NIC	FRA	Nicaragua	France	149	10	0	0	0	0	0	0
NIC	GBR	Nicaragua	United Kingdom of Great Britain and Northern Ireland	311	179	0	0	0	0	0	0
NIC	GRC	Nicaragua	Greece	5	0	0	0	0	0	0	0
NIC	GTM	Nicaragua	Guatemala	226	519	0	0	0	0	1791	0
NIC	HND	Nicaragua	Honduras	155	44	0	0	0	0	5993	0
NIC	IRL	Nicaragua	Ireland	98	73	0	0	0	0	0	0
NIC	ITA	Nicaragua	Italy	73	63	0	0	0	0	0	0
NIC	MEX	Nicaragua	Mexico	2838	8817	0	0	0	0	1813	0
NIC	NLD	Nicaragua	Netherlands (Kingdom of the)	82	48	0	0	0	0	0	0
NIC	NOR	Nicaragua	Norway	13	29	0	0	0	0	0	0
NIC	PAN	Nicaragua	Panama	61	4940	0	0	0	0	0	0
NIC	PER	Nicaragua	Peru	6	41	0	0	0	0	0	0
NIC	SLV	Nicaragua	El Salvador	33	67	0	0	0	0	0	0
NIC	SWE	Nicaragua	Sweden	117	50	0	0	0	0	0	0
NIC	URY	Nicaragua	Uruguay	8	5	0	0	0	0	0	0
NIC	USA	Nicaragua	United States of America	5942	144767	0	0	0	0	0	0
NIU	USA	Niue	United States of America	5	5	0	0	0	0	0	0
NLD	AUS	Netherlands (Kingdom of the)	Australia	5	18	0	0	0	0	0	0
NLD	BRA	Netherlands (Kingdom of the)	Brazil	0	13	0	0	0	0	0	0
NLD	CAN	Netherlands (Kingdom of the)	Canada	43	62	0	0	0	0	0	0
NLD	DEU	Netherlands (Kingdom of the)	Germany	45	5	0	0	0	0	0	0
NLD	GBR	Netherlands (Kingdom of the)	United Kingdom of Great Britain and Northern Ireland	5	7	0	0	0	0	0	0
NLD	MEX	Netherlands (Kingdom of the)	Mexico	0	5	0	0	0	0	0	0
NLD	NOR	Netherlands (Kingdom of the)	Norway	16	6	0	0	0	0	0	0
NLD	PER	Netherlands (Kingdom of the)	Peru	0	6	0	0	0	0	0	0
NLD	RUS	Netherlands (Kingdom of the)	Russian Federation	5	0	0	0	0	0	0	0
NLD	SWE	Netherlands (Kingdom of the)	Sweden	5	0	0	0	0	0	0	0
NLD	USA	Netherlands (Kingdom of the)	United States of America	12	136	0	0	0	0	0	0
NOR	AUS	Norway	Australia	0	20	0	0	0	0	0	0
NOR	CAN	Norway	Canada	12	7	0	0	0	0	0	0
NOR	CHE	Norway	Switzerland	0	0	5	0	0	0	0	0
NOR	DEU	Norway	Germany	5	0	0	0	0	0	0	0
NOR	GBR	Norway	United Kingdom of Great Britain and Northern Ireland	0	5	0	0	0	0	0	0
NOR	SWE	Norway	Sweden	5	0	0	0	0	0	0	0
NOR	USA	Norway	United States of America	0	5	0	0	0	0	0	0
NPL	AUS	Nepal	Australia	41	1353	0	0	0	0	5	0
NPL	AUT	Nepal	Austria	15	8	0	0	0	0	0	0
NPL	BEL	Nepal	Belgium	5	12	0	0	0	0	0	0
NPL	BRA	Nepal	Brazil	8	151	0	0	0	0	0	0
NPL	CAN	Nepal	Canada	763	1025	0	0	0	0	0	0
NPL	CHE	Nepal	Switzerland	17	0	0	0	0	0	0	0
NPL	COL	Nepal	Colombia	0	0	0	0	0	0	32	0
NPL	CRI	Nepal	Costa Rica	0	89	0	0	0	0	0	0
NPL	CYP	Nepal	Cyprus	0	53	0	0	0	0	0	0
NPL	DEU	Nepal	Germany	73	106	0	0	0	0	0	0
NPL	DNK	Nepal	Denmark	39	0	0	0	0	0	0	0
NPL	ESP	Nepal	Spain	0	10	0	0	0	0	0	0
NPL	FRA	Nepal	France	270	160	0	0	0	0	0	0
NPL	GBR	Nepal	United Kingdom of Great Britain and Northern Ireland	102	998	0	0	0	0	0	0
NPL	GEO	Nepal	Georgia	0	5	0	0	0	0	0	0
NPL	GRC	Nepal	Greece	23	828	0	0	0	0	0	0
NPL	HKG	Nepal	China, Hong Kong SAR	8	0	0	0	0	0	0	0
NPL	HRV	Nepal	Croatia	0	10	0	0	0	0	5	0
NPL	HUN	Nepal	Hungary	10	0	0	0	0	0	0	0
NPL	IRL	Nepal	Ireland	10	62	0	0	0	0	0	0
NPL	ISR	Nepal	Israel	0	139	0	0	0	0	0	0
NPL	ITA	Nepal	Italy	91	595	0	0	0	0	0	0
NPL	KOR	Nepal	Rep. of Korea	0	579	0	0	0	0	0	0
NPL	MEX	Nepal	Mexico	0	8	0	0	0	0	0	0
NPL	MLT	Nepal	Malta	0	15	0	0	0	0	0	0
NPL	MYS	Nepal	Malaysia	6	0	0	0	0	0	0	0
NPL	NGA	Nepal	Nigeria	0	5	0	0	0	0	0	0
NPL	NLD	Nepal	Netherlands (Kingdom of the)	56	13	0	0	0	0	0	0
NPL	NOR	Nepal	Norway	5	0	0	0	0	0	0	0
NPL	NPL	Nepal	Nepal	0	0	0	0	0	0	343	0
NPL	NZL	Nepal	New Zealand	5	89	0	0	0	0	0	0
NPL	PER	Nepal	Peru	0	43	0	0	0	0	0	0
NPL	POL	Nepal	Poland	0	6	0	0	0	0	0	0
NPL	PRT	Nepal	Portugal	145	5	0	0	0	0	0	0
NPL	ROU	Nepal	Romania	0	32	0	0	0	0	0	0
NPL	SVN	Nepal	Slovenia	0	5	0	0	0	0	0	0
NPL	SWE	Nepal	Sweden	19	10	0	0	0	0	0	0
NPL	THA	Nepal	Thailand	5	0	0	0	0	0	0	0
NPL	USA	Nepal	United States of America	6124	13156	0	0	0	0	0	0
NPL	ZAF	Nepal	South Africa	0	49	0	0	0	0	0	0
NRU	AUS	Nauru	Australia	5	18	0	0	0	0	0	0
NZL	AUS	New Zealand	Australia	23	21	0	0	0	0	0	0
NZL	DEU	New Zealand	Germany	9	0	0	0	0	0	0	0
NZL	DNK	New Zealand	Denmark	5	0	0	0	0	0	0	0
NZL	POL	New Zealand	Poland	5	0	0	0	0	0	0	0
NZL	ROU	New Zealand	Romania	5	0	0	0	0	0	0	0
NZL	RUS	New Zealand	Russian Federation	5	0	0	0	0	0	0	0
NZL	USA	New Zealand	United States of America	0	6	0	0	0	0	0	0
OMN	AUS	Oman	Australia	0	6	0	0	0	0	0	0
OMN	CAN	Oman	Canada	14	7	0	0	0	0	0	0
OMN	DEU	Oman	Germany	17	0	0	0	0	0	0	0
OMN	GBR	Oman	United Kingdom of Great Britain and Northern Ireland	62	30	0	0	0	0	0	0
OMN	LUX	Oman	Luxembourg	0	5	0	0	0	0	0	0
OMN	NLD	Oman	Netherlands (Kingdom of the)	5	5	0	0	0	0	0	0
OMN	USA	Oman	United States of America	20	38	0	0	0	0	0	0
PAK	AFG	Pakistan	Afghanistan	20827	299	0	0	0	0	0	0
PAK	ARE	Pakistan	United Arab Emirates	7	0	0	0	0	0	0	0
PAK	ARG	Pakistan	Argentina	41	6	0	0	0	0	0	0
PAK	ARM	Pakistan	Armenia	8	0	0	0	0	0	0	0
PAK	AUS	Pakistan	Australia	1773	2679	0	0	0	0	0	0
PAK	AUT	Pakistan	Austria	380	165	0	0	0	0	0	0
PAK	AZE	Pakistan	Azerbaijan	45	56	0	0	0	0	0	0
PAK	BEL	Pakistan	Belgium	238	188	0	0	0	0	0	0
PAK	BEN	Pakistan	Benin	5	0	0	0	0	0	0	0
PAK	BGR	Pakistan	Bulgaria	37	23	0	0	0	0	0	0
PAK	BIH	Pakistan	Bosnia and Herzegovina	5	0	0	0	0	0	18	0
PAK	BOL	Pakistan	Bolivia (Plurinational State of)	5	0	0	0	0	0	0	0
PAK	BRA	Pakistan	Brazil	366	131	0	0	0	0	0	0
PAK	CAN	Pakistan	Canada	6693	8820	0	0	0	0	0	0
PAK	CHE	Pakistan	Switzerland	336	83	7	0	0	0	0	0
PAK	CHL	Pakistan	Chile	0	7	0	0	0	0	0	0
PAK	CHN	Pakistan	China	26	0	0	0	0	0	0	0
PAK	CRI	Pakistan	Costa Rica	0	5	0	0	0	0	0	0
PAK	CYP	Pakistan	Cyprus	49	113	0	0	0	0	0	0
PAK	CZE	Pakistan	Czechia	8	5	0	0	0	0	0	0
PAK	DEU	Pakistan	Germany	9249	3684	0	0	0	0	0	0
PAK	DNK	Pakistan	Denmark	123	23	0	0	0	0	0	0
PAK	ECU	Pakistan	Ecuador	6	0	0	0	0	0	0	0
PAK	EGY	Pakistan	Egypt	0	6	0	0	0	0	0	0
PAK	ESP	Pakistan	Spain	505	1665	0	0	0	0	0	0
PAK	EST	Pakistan	Estonia	5	0	0	0	0	0	0	0
PAK	FIN	Pakistan	Finland	83	67	0	0	0	0	0	0
PAK	FRA	Pakistan	France	3631	999	0	0	0	0	0	0
PAK	GBR	Pakistan	United Kingdom of Great Britain and Northern Ireland	10528	11637	0	0	0	0	0	0
PAK	GEO	Pakistan	Georgia	9	115	0	0	0	0	0	0
PAK	GHA	Pakistan	Ghana	68	0	0	0	0	0	0	0
PAK	GRC	Pakistan	Greece	504	684	0	0	0	0	0	0
PAK	GTM	Pakistan	Guatemala	0	9	0	0	0	0	0	0
PAK	HKG	Pakistan	China, Hong Kong SAR	33	0	0	0	0	0	0	0
PAK	HRV	Pakistan	Croatia	13	57	0	0	0	0	0	0
PAK	HUN	Pakistan	Hungary	85	0	0	0	0	0	0	0
PAK	IDN	Pakistan	Indonesia	160	26	0	0	0	0	0	0
PAK	IRL	Pakistan	Ireland	427	2041	0	0	0	0	0	0
PAK	IRQ	Pakistan	Iraq	7	547	0	0	0	0	0	0
PAK	ISL	Pakistan	Iceland	8	0	0	0	0	0	0	0
PAK	ITA	Pakistan	Italy	15542	24466	0	0	0	0	0	0
PAK	JOR	Pakistan	Jordan	6	10	0	0	0	0	0	0
PAK	JPN	Pakistan	Japan	40	0	0	0	0	0	0	0
PAK	KEN	Pakistan	Kenya	15	17	0	0	0	0	0	0
PAK	KOR	Pakistan	Rep. of Korea	146	1375	0	0	0	0	0	0
PAK	LBN	Pakistan	Lebanon	9	23	0	0	0	0	5	0
PAK	LBR	Pakistan	Liberia	7	0	0	0	0	0	0	0
PAK	LKA	Pakistan	Sri Lanka	88	146	0	0	0	0	0	0
PAK	LTU	Pakistan	Lithuania	5	5	0	0	0	0	0	0
PAK	LUX	Pakistan	Luxembourg	8	30	0	0	0	0	0	0
PAK	LVA	Pakistan	Latvia	14	10	0	0	0	0	0	0
PAK	MAR	Pakistan	Morocco	0	12	0	0	0	0	0	0
PAK	MDG	Pakistan	Madagascar	71	1131	0	0	0	0	0	0
PAK	MEX	Pakistan	Mexico	7	122	0	0	0	0	0	0
PAK	MLI	Pakistan	Mali	11	0	0	0	0	0	0	0
PAK	MLT	Pakistan	Malta	44	40	0	0	0	0	0	0
PAK	MYS	Pakistan	Malaysia	4135	1574	0	0	0	0	0	0
PAK	NGA	Pakistan	Nigeria	0	9	0	0	0	0	0	0
PAK	NLD	Pakistan	Netherlands (Kingdom of the)	2040	903	0	0	0	0	0	0
PAK	NOR	Pakistan	Norway	108	21	0	0	0	0	0	0
PAK	NPL	Pakistan	Nepal	190	164	0	0	0	0	0	0
PAK	NRU	Pakistan	Nauru	5	6	0	0	0	0	0	0
PAK	NZL	Pakistan	New Zealand	73	115	0	0	0	0	0	0
PAK	OMN	Pakistan	Oman	5	0	0	0	0	0	0	0
PAK	PAK	Pakistan	Pakistan	0	0	0	3439	0	0	283	1456000
PAK	PER	Pakistan	Peru	0	46	0	0	0	0	0	0
PAK	PHL	Pakistan	Philippines	100	38	0	0	0	0	0	0
PAK	PNG	Pakistan	Papua New Guinea	9	5	0	0	0	0	0	0
PAK	POL	Pakistan	Poland	33	77	0	0	0	0	0	0
PAK	PRT	Pakistan	Portugal	558	73	0	0	0	0	0	0
PAK	QAT	Pakistan	Qatar	5	0	0	0	0	0	0	0
PAK	ROU	Pakistan	Romania	56	13	0	0	0	0	0	0
PAK	RUS	Pakistan	Russian Federation	5	7	0	0	0	0	0	0
PAK	RWA	Pakistan	Rwanda	10	0	0	0	0	0	0	0
PAK	SEN	Pakistan	Senegal	0	225	0	0	0	0	0	0
PAK	SRB	Pakistan	Serbia and Kosovo: S/RES/1244 (1999)	5	5	0	0	0	0	18	0
PAK	SSD	Pakistan	South Sudan	0	5	0	0	0	0	0	0
PAK	SVK	Pakistan	Slovakia	11	5	0	0	0	0	0	0
PAK	SVN	Pakistan	Slovenia	5	5	0	0	0	0	0	0
PAK	SWE	Pakistan	Sweden	356	77	0	0	0	0	0	0
PAK	SYR	Pakistan	Syrian Arab Rep.	246	25	0	0	0	0	0	0
PAK	THA	Pakistan	Thailand	1157	710	0	0	0	0	0	0
PAK	TJK	Pakistan	Tajikistan	0	5	0	0	0	0	0	0
PAK	TTO	Pakistan	Trinidad and Tobago	5	33	0	0	0	0	0	0
PAK	UGA	Pakistan	Uganda	648	156	0	0	0	0	0	0
PAK	UKR	Pakistan	Ukraine	10	10	0	0	0	0	0	0
PAK	URY	Pakistan	Uruguay	0	30	0	0	0	0	0	0
PAK	USA	Pakistan	United States of America	4197	13977	0	0	0	0	0	0
PAK	ZAF	Pakistan	South Africa	7	3112	0	0	0	0	0	0
PAN	BRA	Panama	Brazil	0	8	0	0	0	0	0	0
PAN	CAN	Panama	Canada	57	125	0	0	0	0	0	0
PAN	CHE	Panama	Switzerland	0	5	0	0	0	0	0	0
PAN	CRI	Panama	Costa Rica	15	126	0	0	0	0	0	0
PAN	DEU	Panama	Germany	7	16	0	0	0	0	0	0
PAN	ECU	Panama	Ecuador	5	0	0	0	0	0	0	0
PAN	ESP	Panama	Spain	116	230	0	0	0	0	0	0
PAN	GBR	Panama	United Kingdom of Great Britain and Northern Ireland	0	14	0	0	0	0	0	0
PAN	IRL	Panama	Ireland	5	22	0	0	0	0	0	0
PAN	ISL	Panama	Iceland	5	0	0	0	0	0	0	0
PAN	ITA	Panama	Italy	5	26	0	0	0	0	0	0
PAN	MEX	Panama	Mexico	81	192	0	0	0	0	0	0
PAN	NLD	Panama	Netherlands (Kingdom of the)	0	6	0	0	0	0	0	0
PAN	PAN	Panama	Panama	0	0	0	0	0	0	0	2236
PAN	PER	Panama	Peru	0	19	0	0	0	0	0	0
PAN	USA	Panama	United States of America	37	1838	0	0	0	0	0	0
PER	ARG	Peru	Argentina	547	51	0	0	0	0	0	0
PER	AUS	Peru	Australia	13	108	0	0	0	0	0	0
PER	AUT	Peru	Austria	0	14	0	0	0	0	0	0
PER	BEL	Peru	Belgium	10	290	0	0	0	0	0	0
PER	BOL	Peru	Bolivia (Plurinational State of)	527	6	0	0	0	0	0	0
PER	BRA	Peru	Brazil	52	443	0	0	0	0	0	0
PER	CAN	Peru	Canada	1020	1870	0	0	0	0	0	0
PER	CHE	Peru	Switzerland	9	46	12	0	0	0	0	0
PER	CHL	Peru	Chile	113	100	0	0	0	0	0	0
PER	COL	Peru	Colombia	0	25	0	0	0	0	0	0
PER	CRI	Peru	Costa Rica	69	140	0	0	0	0	0	0
PER	DEU	Peru	Germany	60	329	0	0	0	0	0	0
PER	DNK	Peru	Denmark	5	0	0	0	0	0	0	0
PER	ECU	Peru	Ecuador	14	21	0	0	0	0	0	0
PER	ESP	Peru	Spain	906	23625	0	0	0	0	0	0
PER	FIN	Peru	Finland	0	6	0	0	0	0	0	0
PER	FRA	Peru	France	742	192	0	0	0	0	0	0
PER	GBR	Peru	United Kingdom of Great Britain and Northern Ireland	11	180	0	0	0	0	0	0
PER	GRC	Peru	Greece	0	5	0	0	0	0	0	0
PER	GTM	Peru	Guatemala	0	32	0	0	0	0	0	0
PER	ISL	Peru	Iceland	8	0	0	0	0	0	0	0
PER	ISR	Peru	Israel	0	29	0	0	0	0	0	0
PER	ITA	Peru	Italy	745	21440	0	0	0	0	0	0
PER	KOR	Peru	Rep. of Korea	0	18	0	0	0	0	0	0
PER	LUX	Peru	Luxembourg	0	25	0	0	0	0	0	0
PER	MEX	Peru	Mexico	66	555	0	0	0	0	0	0
PER	MLT	Peru	Malta	0	5	0	0	0	0	0	0
PER	NLD	Peru	Netherlands (Kingdom of the)	12	61	0	0	0	0	0	0
PER	NOR	Peru	Norway	8	8	0	0	0	0	0	0
PER	PAN	Peru	Panama	0	5	0	0	0	0	0	0
PER	PER	Peru	Peru	0	0	0	0	0	0	0	16328
PER	PRT	Peru	Portugal	0	15	0	0	0	0	0	0
PER	PRY	Peru	Paraguay	11	33	0	0	0	0	0	0
PER	SWE	Peru	Sweden	73	55	0	0	0	0	0	0
PER	TTO	Peru	Trinidad and Tobago	0	6	0	0	0	0	0	0
PER	URY	Peru	Uruguay	12	103	0	0	0	0	0	0
PER	USA	Peru	United States of America	1421	69220	0	0	0	0	0	0
PER	VEN	Peru	Venezuela (Bolivarian Republic of)	5	0	0	0	0	0	0	0
PHL	ARE	Philippines	United Arab Emirates	0	0	0	0	0	0	15	0
PHL	ARG	Philippines	Argentina	0	5	0	0	0	0	0	0
PHL	AUS	Philippines	Australia	21	3329	0	0	0	0	0	0
PHL	AUT	Philippines	Austria	20	12	0	0	0	0	0	0
PHL	BEL	Philippines	Belgium	5	10	0	0	0	0	0	0
PHL	BRA	Philippines	Brazil	17	290	0	0	0	0	0	0
PHL	CAN	Philippines	Canada	161	219	0	0	0	0	0	0
PHL	CHE	Philippines	Switzerland	12	0	6	0	0	0	0	0
PHL	CRI	Philippines	Costa Rica	0	19	0	0	0	0	0	0
PHL	CYP	Philippines	Cyprus	12	18	0	0	0	0	0	0
PHL	DEU	Philippines	Germany	76	27	0	0	0	0	0	0
PHL	ESP	Philippines	Spain	12	10	0	0	0	0	0	0
PHL	FRA	Philippines	France	19	7	0	0	0	0	0	0
PHL	GBR	Philippines	United Kingdom of Great Britain and Northern Ireland	137	343	0	0	0	0	0	0
PHL	GRC	Philippines	Greece	0	37	0	0	0	0	0	0
PHL	HKG	Philippines	China, Hong Kong SAR	5	0	0	0	0	0	0	0
PHL	IRL	Philippines	Ireland	5	5	0	0	0	0	0	0
PHL	ISL	Philippines	Iceland	5	0	0	0	0	0	0	0
PHL	ISR	Philippines	Israel	0	52	0	0	0	0	0	0
PHL	ITA	Philippines	Italy	37	367	0	0	0	0	0	0
PHL	JOR	Philippines	Jordan	5	0	0	0	0	0	0	0
PHL	KOR	Philippines	Rep. of Korea	0	233	0	0	0	0	0	0
PHL	LBN	Philippines	Lebanon	0	5	0	0	0	0	71	0
PHL	MEX	Philippines	Mexico	0	6	0	0	0	0	0	0
PHL	MYS	Philippines	Malaysia	6	17	0	0	0	0	55000	0
PHL	NLD	Philippines	Netherlands (Kingdom of the)	24	16	0	0	0	0	0	0
PHL	NOR	Philippines	Norway	9	0	0	0	0	0	0	0
PHL	NZL	Philippines	New Zealand	12	9	0	0	0	0	0	0
PHL	PER	Philippines	Peru	5	53	0	0	0	0	0	0
PHL	PHL	Philippines	Philippines	0	0	0	121576	166193	0	121002	0
PHL	POL	Philippines	Poland	8	0	0	0	0	0	0	0
PHL	RUS	Philippines	Russian Federation	9	0	0	0	0	0	0	0
PHL	SWE	Philippines	Sweden	5	18	0	0	0	0	0	0
PHL	USA	Philippines	United States of America	158	1635	0	0	0	0	0	0
PNG	AUS	Papua New Guinea	Australia	479	944	0	0	0	0	0	0
PNG	CAN	Papua New Guinea	Canada	15	22	0	0	0	0	0	0
PNG	GBR	Papua New Guinea	United Kingdom of Great Britain and Northern Ireland	5	6	0	0	0	0	0	0
PNG	NZL	Papua New Guinea	New Zealand	5	5	0	0	0	0	0	0
PNG	PNG	Papua New Guinea	Papua New Guinea	0	0	0	84051	0	0	2177	134
PNG	USA	Papua New Guinea	United States of America	0	5	0	0	0	0	0	0
POL	AUS	Poland	Australia	0	28	0	0	0	0	0	0
POL	BEL	Poland	Belgium	67	0	0	0	0	0	0	0
POL	BRA	Poland	Brazil	0	11	0	0	0	0	0	0
POL	CAN	Poland	Canada	228	178	0	0	0	0	0	0
POL	CHE	Poland	Switzerland	8	0	0	0	0	0	0	0
POL	CRI	Poland	Costa Rica	0	5	0	0	0	0	0	0
POL	DEU	Poland	Germany	513	5	0	0	0	0	0	0
POL	DNK	Poland	Denmark	212	0	0	0	0	0	0	0
POL	FIN	Poland	Finland	5	0	0	0	0	0	0	0
POL	FRA	Poland	France	85	0	0	0	0	0	0	0
POL	GBR	Poland	United Kingdom of Great Britain and Northern Ireland	0	55	0	0	0	0	0	0
POL	GTM	Poland	Guatemala	0	5	0	0	0	0	0	0
POL	MEX	Poland	Mexico	0	5	0	0	0	0	0	0
POL	MNE	Poland	Montenegro	0	5	0	0	0	0	0	0
POL	NLD	Poland	Netherlands (Kingdom of the)	5	0	0	0	0	0	0	0
POL	NOR	Poland	Norway	81	0	0	0	0	0	0	0
POL	PAN	Poland	Panama	0	5	0	0	0	0	0	0
POL	PRY	Poland	Paraguay	0	8	0	0	0	0	0	0
POL	RUS	Poland	Russian Federation	12	0	0	0	0	0	0	0
POL	SWE	Poland	Sweden	297	0	0	0	0	0	0	0
POL	USA	Poland	United States of America	15	766	0	0	0	0	0	0
PRI	MEX	Puerto Rico	Mexico	0	5	0	0	0	0	0	0
PRK	AUS	Dem. People's Rep. of Korea	Australia	0	14	0	0	0	0	0	0
PRK	BEL	Dem. People's Rep. of Korea	Belgium	16	0	0	0	0	0	0	0
PRK	CAN	Dem. People's Rep. of Korea	Canada	88	5	0	0	0	0	0	0
PRK	CHE	Dem. People's Rep. of Korea	Switzerland	0	5	0	0	0	0	0	0
PRK	DEU	Dem. People's Rep. of Korea	Germany	93	0	0	0	0	0	0	0
PRK	DNK	Dem. People's Rep. of Korea	Denmark	8	0	0	0	0	0	0	0
PRK	GBR	Dem. People's Rep. of Korea	United Kingdom of Great Britain and Northern Ireland	15	30	0	0	0	0	0	0
PRK	IRL	Dem. People's Rep. of Korea	Ireland	9	6	0	0	0	0	0	0
PRK	ISR	Dem. People's Rep. of Korea	Israel	5	0	0	0	0	0	0	0
PRK	LUX	Dem. People's Rep. of Korea	Luxembourg	8	0	0	0	0	0	0	0
PRK	NLD	Dem. People's Rep. of Korea	Netherlands (Kingdom of the)	24	0	0	0	0	0	0	0
PRK	SWE	Dem. People's Rep. of Korea	Sweden	10	0	0	0	0	0	0	0
PRK	USA	Dem. People's Rep. of Korea	United States of America	7	45	0	0	0	0	0	0
PRT	AUS	Portugal	Australia	0	25	0	0	0	0	0	0
PRT	BRA	Portugal	Brazil	0	37	0	0	0	0	0	0
PRT	CAN	Portugal	Canada	75	67	0	0	0	0	0	0
PRT	CHE	Portugal	Switzerland	5	5	8	0	0	0	0	0
PRT	CRI	Portugal	Costa Rica	0	5	0	0	0	0	0	0
PRT	DEU	Portugal	Germany	9	0	0	0	0	0	0	0
PRT	DNK	Portugal	Denmark	5	0	0	0	0	0	0	0
PRT	GBR	Portugal	United Kingdom of Great Britain and Northern Ireland	0	18	0	0	0	0	0	0
PRT	MEX	Portugal	Mexico	6	0	0	0	0	0	0	0
PRT	NLD	Portugal	Netherlands (Kingdom of the)	5	0	0	0	0	0	0	0
PRT	NOR	Portugal	Norway	5	0	0	0	0	0	0	0
PRT	PER	Portugal	Peru	0	22	0	0	0	0	0	0
PRT	USA	Portugal	United States of America	0	913	0	0	0	0	0	0
PRY	ARG	Paraguay	Argentina	20	26	0	0	0	0	0	0
PRY	BEL	Paraguay	Belgium	0	22	0	0	0	0	0	0
PRY	BOL	Paraguay	Bolivia (Plurinational State of)	0	7	0	0	0	0	0	0
PRY	BRA	Paraguay	Brazil	0	75	0	0	0	0	0	0
PRY	CAN	Paraguay	Canada	13	7	0	0	0	0	0	0
PRY	CHE	Paraguay	Switzerland	5	0	0	0	0	0	0	0
PRY	CRI	Paraguay	Costa Rica	0	5	0	0	0	0	0	0
PRY	DEU	Paraguay	Germany	6	10	0	0	0	0	0	0
PRY	ESP	Paraguay	Spain	78	2250	0	0	0	0	0	0
PRY	FRA	Paraguay	France	14	0	0	0	0	0	0	0
PRY	GBR	Paraguay	United Kingdom of Great Britain and Northern Ireland	0	14	0	0	0	0	0	0
PRY	IRL	Paraguay	Ireland	0	5	0	0	0	0	0	0
PRY	ITA	Paraguay	Italy	10	212	0	0	0	0	0	0
PRY	MEX	Paraguay	Mexico	5	11	0	0	0	0	0	0
PRY	PER	Paraguay	Peru	0	10	0	0	0	0	0	0
PRY	URY	Paraguay	Uruguay	5	9	0	0	0	0	0	0
PRY	USA	Paraguay	United States of America	14	391	0	0	0	0	0	0
PSE	ALB	Palestinian	Albania	13	0	0	0	0	0	0	0
PSE	ARE	Palestinian	United Arab Emirates	28	5	0	0	0	0	5	0
PSE	ARG	Palestinian	Argentina	22	17	0	0	0	0	0	0
PSE	ARM	Palestinian	Armenia	7	0	0	0	0	0	0	0
PSE	AUS	Palestinian	Australia	266	687	0	0	0	0	0	0
PSE	BEL	Palestinian	Belgium	7986	6634	0	0	0	0	0	0
PSE	BGD	Palestinian	Bangladesh	5	0	0	0	0	0	0	0
PSE	BIH	Palestinian	Bosnia and Herzegovina	27	13	0	0	0	0	6	0
PSE	BLR	Palestinian	Belarus	11	0	0	0	0	0	0	0
PSE	BRA	Palestinian	Brazil	333	102	0	0	0	0	0	0
PSE	CAN	Palestinian	Canada	693	793	0	0	0	0	0	0
PSE	CHL	Palestinian	Chile	21	0	0	0	0	0	0	0
PSE	CHN	Palestinian	China	11	7	0	0	0	0	0	0
PSE	COD	Palestinian	Dem. Rep. of the Congo	0	5	0	0	0	0	0	0
PSE	CRI	Palestinian	Costa Rica	0	5	0	0	0	0	0	0
PSE	CYP	Palestinian	Cyprus	2655	157	0	0	0	0	0	0
PSE	DEU	Palestinian	Germany	2327	1903	0	0	0	0	0	0
PSE	DNK	Palestinian	Denmark	7	0	0	0	0	0	0	0
PSE	DZA	Palestinian	Algeria	209	5	0	0	0	0	0	0
PSE	ECU	Palestinian	Ecuador	6	7	0	0	0	0	0	0
PSE	ESP	Palestinian	Spain	1579	530	0	0	0	0	0	0
PSE	EST	Palestinian	Estonia	7	0	0	0	0	0	0	0
PSE	ETH	Palestinian	Ethiopia	7	13	0	0	0	0	0	0
PSE	FRA	Palestinian	France	2446	261	0	0	0	0	0	0
PSE	GBR	Palestinian	United Kingdom of Great Britain and Northern Ireland	1080	526	0	0	0	0	0	0
PSE	GEO	Palestinian	Georgia	0	13	0	0	0	0	0	0
PSE	GHA	Palestinian	Ghana	19	0	0	0	0	0	0	0
PSE	GRC	Palestinian	Greece	11725	396	0	0	0	0	0	0
PSE	HUN	Palestinian	Hungary	82	0	0	0	0	0	0	0
PSE	IDN	Palestinian	Indonesia	129	67	0	0	0	0	0	0
PSE	IND	Palestinian	India	37	15	0	0	0	0	0	0
PSE	IRL	Palestinian	Ireland	148	961	0	0	0	0	0	0
PSE	IRQ	Palestinian	Iraq	6855	319	0	0	0	0	111	0
PSE	ISL	Palestinian	Iceland	737	44	0	0	0	0	0	0
PSE	ITA	Palestinian	Italy	1082	182	0	0	0	0	0	0
PSE	JOR	Palestinian	Jordan	0	0	0	0	0	0	76	0
PSE	KGZ	Palestinian	Kyrgyzstan	0	5	0	0	0	0	0	0
PSE	KWT	Palestinian	Kuwait	0	5	0	0	0	0	0	0
PSE	LBN	Palestinian	Lebanon	0	0	0	0	0	0	2304	0
PSE	LBY	Palestinian	Libya	214	419	0	0	0	0	0	0
PSE	LKA	Palestinian	Sri Lanka	5	0	0	0	0	0	0	0
PSE	LVA	Palestinian	Latvia	5	0	0	0	0	0	0	0
PSE	MAR	Palestinian	Morocco	48	90	0	0	0	0	0	0
PSE	MDA	Palestinian	Rep. of Moldova	9	0	0	0	0	0	0	0
PSE	MEX	Palestinian	Mexico	6	16	0	0	0	0	0	0
PSE	MLT	Palestinian	Malta	57	20	0	0	0	0	0	0
PSE	MOZ	Palestinian	Mozambique	0	9	0	0	0	0	0	0
PSE	MRT	Palestinian	Mauritania	69	22	0	0	0	0	0	0
PSE	MYS	Palestinian	Malaysia	194	366	0	0	0	0	0	0
PSE	NGA	Palestinian	Nigeria	36	91	0	0	0	0	0	0
PSE	NLD	Palestinian	Netherlands (Kingdom of the)	0	46	0	0	0	0	0	0
PSE	NOR	Palestinian	Norway	5	51	0	0	0	0	0	0
PSE	NZL	Palestinian	New Zealand	6	33	0	0	0	0	0	0
PSE	PAK	Palestinian	Pakistan	21	5	0	0	0	0	0	0
PSE	PER	Palestinian	Peru	40	41	0	0	0	0	0	0
PSE	PHL	Palestinian	Philippines	78	49	0	0	0	0	0	0
PSE	POL	Palestinian	Poland	23	20	0	0	0	0	0	0
PSE	PRT	Palestinian	Portugal	20	5	0	0	0	0	0	0
PSE	ROU	Palestinian	Romania	233	10	0	0	0	0	0	0
PSE	RUS	Palestinian	Russian Federation	280	14	0	0	0	0	0	0
PSE	SAU	Palestinian	Saudi Arabia	13	27	0	0	0	0	0	0
PSE	SDN	Palestinian	Sudan	49	24	0	0	0	0	187	0
PSE	SOM	Palestinian	Somalia	12	0	0	0	0	0	0	0
PSE	SRB	Palestinian	Serbia and Kosovo: S/RES/1244 (1999)	5	0	0	0	0	0	0	0
PSE	SVK	Palestinian	Slovakia	8	0	0	0	0	0	0	0
PSE	SVN	Palestinian	Slovenia	32	22	0	0	0	0	0	0
PSE	SWE	Palestinian	Sweden	1025	136	0	0	0	0	0	0
PSE	TGO	Palestinian	Togo	5	0	0	0	0	0	0	0
PSE	THA	Palestinian	Thailand	132	5	0	0	0	0	0	0
PSE	TUN	Palestinian	Tunisia	23	58	0	0	0	0	0	0
PSE	UGA	Palestinian	Uganda	5	0	0	0	0	0	0	0
PSE	UKR	Palestinian	Ukraine	12	17	0	0	0	0	0	0
PSE	USA	Palestinian	United States of America	36	83	0	0	0	0	0	0
PSE	VEN	Palestinian	Venezuela (Bolivarian Republic of)	7	0	0	0	0	0	0	0
PSE	YEM	Palestinian	Yemen	379	344	0	0	0	0	5	0
PSE	ZAF	Palestinian	South Africa	46	20	0	0	0	0	0	0
PSE	ZMB	Palestinian	Zambia	14	0	0	0	0	0	0	0
QAT	AUS	Qatar	Australia	5	0	0	0	0	0	0	0
QAT	CAN	Qatar	Canada	0	5	0	0	0	0	0	0
QAT	DEU	Qatar	Germany	5	0	0	0	0	0	0	0
QAT	ESP	Qatar	Spain	0	5	0	0	0	0	0	0
QAT	GBR	Qatar	United Kingdom of Great Britain and Northern Ireland	32	6	0	0	0	0	0	0
QAT	PER	Qatar	Peru	0	7	0	0	0	0	0	0
QAT	USA	Qatar	United States of America	23	32	0	0	0	0	0	0
ROU	ARG	Romania	Argentina	51	0	0	0	0	0	0	0
ROU	AUS	Romania	Australia	5	30	0	0	0	0	0	0
ROU	BEL	Romania	Belgium	29	0	0	0	0	0	0	0
ROU	BRA	Romania	Brazil	0	33	0	0	0	0	0	0
ROU	CAN	Romania	Canada	1648	2486	0	0	0	0	0	0
ROU	CHE	Romania	Switzerland	20	0	6	0	0	0	0	0
ROU	CRI	Romania	Costa Rica	0	10	0	0	0	0	0	0
ROU	DEU	Romania	Germany	250	5	0	0	0	0	0	0
ROU	DNK	Romania	Denmark	33	0	0	0	0	0	0	0
ROU	ESP	Romania	Spain	0	5	0	0	0	0	0	0
ROU	FRA	Romania	France	133	0	0	0	0	0	0	0
ROU	GBR	Romania	United Kingdom of Great Britain and Northern Ireland	5	41	0	0	0	0	0	0
ROU	HUN	Romania	Hungary	23	0	0	0	0	0	0	0
ROU	ISR	Romania	Israel	0	8	0	0	0	0	0	0
ROU	NLD	Romania	Netherlands (Kingdom of the)	7	0	0	0	0	0	0	0
ROU	NOR	Romania	Norway	27	0	0	0	0	0	0	0
ROU	NZL	Romania	New Zealand	0	5	0	0	0	0	0	0
ROU	PER	Romania	Peru	0	5	0	0	0	0	0	0
ROU	SRB	Romania	Serbia and Kosovo: S/RES/1244 (1999)	0	6	0	0	0	0	0	0
ROU	SVK	Romania	Slovakia	37	0	0	0	0	0	0	0
ROU	SWE	Romania	Sweden	46	0	0	0	0	0	0	0
ROU	USA	Romania	United States of America	605	6318	0	0	0	0	0	0
RUS	ARE	Russian Federation	United Arab Emirates	0	5	0	0	0	0	0	0
RUS	ARG	Russian Federation	Argentina	386	2155	0	0	0	0	0	0
RUS	ARM	Russian Federation	Armenia	8	55	0	0	0	0	0	0
RUS	AUS	Russian Federation	Australia	72	299	0	0	0	0	0	0
RUS	AUT	Russian Federation	Austria	4633	693	0	0	0	0	0	0
RUS	AZE	Russian Federation	Azerbaijan	274	0	0	0	0	0	0	0
RUS	BEL	Russian Federation	Belgium	2190	1199	0	0	0	0	0	0
RUS	BGR	Russian Federation	Bulgaria	282	82	0	0	0	0	0	0
RUS	BIH	Russian Federation	Bosnia and Herzegovina	53	24	0	0	0	0	9	0
RUS	BLR	Russian Federation	Belarus	8	0	0	0	0	0	0	0
RUS	BOL	Russian Federation	Bolivia (Plurinational State of)	14	0	0	0	0	0	0	0
RUS	BRA	Russian Federation	Brazil	35	476	0	0	0	0	0	0
RUS	CAN	Russian Federation	Canada	551	439	0	0	0	0	0	0
RUS	CHE	Russian Federation	Switzerland	1033	228	77	0	0	0	0	0
RUS	CHL	Russian Federation	Chile	5	89	0	0	0	0	0	0
RUS	CHN	Russian Federation	China	0	15	0	0	0	0	0	0
RUS	COL	Russian Federation	Colombia	11	38	0	0	0	0	0	0
RUS	CRI	Russian Federation	Costa Rica	38	402	0	0	0	0	0	0
RUS	CUB	Russian Federation	Cuba	5	5	0	0	0	0	0	0
RUS	CYP	Russian Federation	Cyprus	272	88	0	0	0	0	0	0
RUS	CZE	Russian Federation	Czechia	559	147	0	0	0	0	0	0
RUS	DEU	Russian Federation	Germany	18700	10647	0	0	0	0	0	0
RUS	DNK	Russian Federation	Denmark	1077	143	0	0	0	0	0	0
RUS	DOM	Russian Federation	Dominican Rep.	5	28	0	0	0	0	0	0
RUS	ECU	Russian Federation	Ecuador	76	5	0	0	0	0	0	0
RUS	EGY	Russian Federation	Egypt	9	6	0	0	0	0	0	0
RUS	ESP	Russian Federation	Spain	3317	2900	0	0	0	0	0	0
RUS	EST	Russian Federation	Estonia	213	47	0	0	0	0	0	0
RUS	FIN	Russian Federation	Finland	1224	652	0	0	0	0	0	0
RUS	FRA	Russian Federation	France	36110	2350	0	0	0	0	0	0
RUS	GBR	Russian Federation	United Kingdom of Great Britain and Northern Ireland	1571	311	0	0	0	0	0	0
RUS	GEO	Russian Federation	Georgia	148	44	0	0	0	0	0	0
RUS	GRC	Russian Federation	Greece	36	36	0	0	0	0	0	0
RUS	GTM	Russian Federation	Guatemala	5	0	0	0	0	0	0	0
RUS	HRV	Russian Federation	Croatia	192	354	0	0	0	0	5	0
RUS	HUN	Russian Federation	Hungary	149	0	0	0	0	0	0	0
RUS	IDN	Russian Federation	Indonesia	5	5	0	0	0	0	0	0
RUS	IND	Russian Federation	India	0	145	0	0	0	0	0	0
RUS	IRL	Russian Federation	Ireland	266	67	0	0	0	0	0	0
RUS	ISL	Russian Federation	Iceland	29	10	0	0	0	0	0	0
RUS	ISR	Russian Federation	Israel	6	3800	0	0	0	0	0	0
RUS	ITA	Russian Federation	Italy	861	752	0	0	0	0	0	0
RUS	JOR	Russian Federation	Jordan	26	0	0	0	0	0	0	0
RUS	KAZ	Russian Federation	Kazakhstan	0	18	0	0	0	0	0	0
RUS	KOR	Russian Federation	Rep. of Korea	20	8669	0	0	0	0	0	0
RUS	LTU	Russian Federation	Lithuania	923	53	0	0	0	0	0	0
RUS	LUX	Russian Federation	Luxembourg	35	25	0	0	0	0	0	0
RUS	LVA	Russian Federation	Latvia	348	35	0	0	0	0	0	0
RUS	MAR	Russian Federation	Morocco	0	5	0	0	0	0	0	0
RUS	MDA	Russian Federation	Rep. of Moldova	5	216	0	0	0	0	0	0
RUS	MEX	Russian Federation	Mexico	158	235	0	0	0	0	1275	0
RUS	MLT	Russian Federation	Malta	7	15	0	0	0	0	0	0
RUS	MNE	Russian Federation	Montenegro	28	89	0	0	0	0	0	0
RUS	MRT	Russian Federation	Mauritania	11	15	0	0	0	0	0	0
RUS	MYS	Russian Federation	Malaysia	5	0	0	0	0	0	0	0
RUS	NLD	Russian Federation	Netherlands (Kingdom of the)	1301	417	0	0	0	0	0	0
RUS	NOR	Russian Federation	Norway	1374	205	0	0	0	0	0	0
RUS	NPL	Russian Federation	Nepal	0	5	0	0	0	0	0	0
RUS	NZL	Russian Federation	New Zealand	55	14	0	0	0	0	0	0
RUS	PAK	Russian Federation	Pakistan	6	0	0	0	0	0	0	0
RUS	PAN	Russian Federation	Panama	0	6	0	0	0	0	0	0
RUS	PER	Russian Federation	Peru	5	44	0	0	0	0	0	0
RUS	PHL	Russian Federation	Philippines	5	19	0	0	0	0	0	0
RUS	POL	Russian Federation	Poland	2911	3062	0	0	0	0	0	0
RUS	PRT	Russian Federation	Portugal	612	27	0	0	0	0	0	0
RUS	PRY	Russian Federation	Paraguay	0	9	0	0	0	0	0	0
RUS	ROU	Russian Federation	Romania	461	0	0	0	0	0	0	0
RUS	SRB	Russian Federation	Serbia and Kosovo: S/RES/1244 (1999)	39	15	0	0	0	0	16	0
RUS	SVK	Russian Federation	Slovakia	503	5	0	0	0	0	0	0
RUS	SVN	Russian Federation	Slovenia	90	21	0	0	0	0	0	0
RUS	SWE	Russian Federation	Sweden	1126	178	0	0	0	0	0	0
RUS	THA	Russian Federation	Thailand	0	14	0	0	0	0	0	0
RUS	UKR	Russian Federation	Ukraine	233	150	0	0	0	0	0	0
RUS	URY	Russian Federation	Uruguay	13	24	0	0	0	0	0	0
RUS	USA	Russian Federation	United States of America	12132	83631	0	0	0	0	0	0
RUS	ZAF	Russian Federation	South Africa	9	0	0	0	0	0	0	0
RWA	AGO	Rwanda	Angola	489	140	0	0	0	0	0	0
RWA	AUS	Rwanda	Australia	19	49	0	0	0	0	0	0
RWA	AUT	Rwanda	Austria	18	5	0	0	0	0	0	0
RWA	BDI	Rwanda	Burundi	823	143	0	0	0	0	0	0
RWA	BEL	Rwanda	Belgium	662	662	0	0	0	0	0	0
RWA	BEN	Rwanda	Benin	0	5	0	0	0	0	0	0
RWA	BFA	Rwanda	Burkina Faso	8	0	0	0	0	0	0	0
RWA	BWA	Rwanda	Botswana	18	0	0	0	0	0	0	0
RWA	CAF	Rwanda	Central African Rep.	237	0	0	0	0	0	0	0
RWA	CAN	Rwanda	Canada	1689	3227	0	0	0	0	0	0
RWA	CHE	Rwanda	Switzerland	99	5	0	0	0	0	0	0
RWA	CHN	Rwanda	China	9	0	0	0	0	0	0	0
RWA	CIV	Rwanda	Cote d'Ivoire	45	7	0	0	0	0	0	0
RWA	CMR	Rwanda	Cameroon	272	171	0	0	0	0	0	0
RWA	COD	Rwanda	Dem. Rep. of the Congo	204227	132	1512	0	0	0	25	0
RWA	COG	Rwanda	Congo	2812	427	0	0	0	0	7297	0
RWA	CYP	Rwanda	Cyprus	7	50	0	0	0	0	0	0
RWA	DEU	Rwanda	Germany	508	1470	0	0	0	0	0	0
RWA	DNK	Rwanda	Denmark	139	5	0	0	0	0	0	0
RWA	ECU	Rwanda	Ecuador	5	0	0	0	0	0	0	0
RWA	EGY	Rwanda	Egypt	5	0	0	0	0	0	0	0
RWA	ESP	Rwanda	Spain	22	5	0	0	0	0	0	0
RWA	ETH	Rwanda	Ethiopia	11	7	0	0	0	0	0	0
RWA	FIN	Rwanda	Finland	66	87	0	0	0	0	0	0
RWA	FRA	Rwanda	France	4934	248	0	0	0	0	0	0
RWA	GBR	Rwanda	United Kingdom of Great Britain and Northern Ireland	97	45	0	0	0	0	0	0
RWA	GHA	Rwanda	Ghana	29	7	0	0	0	0	0	0
RWA	GIN	Rwanda	Guinea	10	0	0	0	0	0	0	0
RWA	GMB	Rwanda	Gambia	5	0	0	0	0	0	0	0
RWA	HKG	Rwanda	China, Hong Kong SAR	34	0	0	0	0	0	0	0
RWA	IND	Rwanda	India	5	0	0	0	0	0	0	0
RWA	IRL	Rwanda	Ireland	27	16	0	0	0	0	0	0
RWA	ISR	Rwanda	Israel	0	276	0	0	0	0	0	0
RWA	ITA	Rwanda	Italy	31	0	0	0	0	0	0	0
RWA	JPN	Rwanda	Japan	5	0	0	0	0	0	0	0
RWA	KEN	Rwanda	Kenya	876	2148	0	0	0	0	0	0
RWA	KOR	Rwanda	Rep. of Korea	5	186	0	0	0	0	0	0
RWA	LBR	Rwanda	Liberia	5	0	0	0	0	0	0	0
RWA	LUX	Rwanda	Luxembourg	5	5	0	0	0	0	0	0
RWA	MLI	Rwanda	Mali	10	6	0	0	0	0	0	0
RWA	MOZ	Rwanda	Mozambique	851	2669	0	0	0	0	335	0
RWA	MWI	Rwanda	Malawi	3102	3950	7	0	0	0	5	0
RWA	NAM	Rwanda	Namibia	127	9	0	0	0	0	0	0
RWA	NER	Rwanda	Niger	13	0	0	0	0	0	0	0
RWA	NLD	Rwanda	Netherlands (Kingdom of the)	82	20	0	0	0	0	0	0
RWA	NOR	Rwanda	Norway	51	5	0	0	0	0	0	0
RWA	PHL	Rwanda	Philippines	18	5	0	0	0	0	0	0
RWA	POL	Rwanda	Poland	5	0	0	0	0	0	0	0
RWA	PRT	Rwanda	Portugal	5	0	0	0	0	0	0	0
RWA	ROU	Rwanda	Romania	15	0	0	0	0	0	0	0
RWA	RWA	Rwanda	Rwanda	0	0	0	0	0	0	765	12134
RWA	SEN	Rwanda	Senegal	5	0	0	0	0	0	0	0
RWA	SSD	Rwanda	South Sudan	0	40	0	0	0	0	0	0
RWA	SWE	Rwanda	Sweden	169	24	0	0	0	0	0	0
RWA	SWZ	Rwanda	Eswatini	205	161	0	0	0	0	0	0
RWA	TCD	Rwanda	Chad	5	0	0	0	0	0	0	0
RWA	TGO	Rwanda	Togo	95	6	5	0	0	0	0	0
RWA	TZA	Rwanda	United Rep. of Tanzania	78	21	0	0	0	0	5	0
RWA	UGA	Rwanda	Uganda	22393	1822	0	0	0	0	0	0
RWA	USA	Rwanda	United States of America	1155	2053	0	0	0	0	0	0
RWA	VEN	Rwanda	Venezuela (Bolivarian Republic of)	5	0	0	0	0	0	0	0
RWA	ZAF	Rwanda	South Africa	942	846	0	0	0	0	0	0
RWA	ZMB	Rwanda	Zambia	972	15	0	0	0	0	4074	0
RWA	ZWE	Rwanda	Zimbabwe	535	90	0	0	0	0	118	0
SAU	AUS	Saudi Arabia	Australia	86	57	0	0	0	0	0	0
SAU	AUT	Saudi Arabia	Austria	12	0	0	0	0	0	0	0
SAU	BEL	Saudi Arabia	Belgium	12	6	0	0	0	0	0	0
SAU	CAN	Saudi Arabia	Canada	212	102	0	0	0	0	0	0
SAU	CHE	Saudi Arabia	Switzerland	16	0	0	0	0	0	0	0
SAU	DEU	Saudi Arabia	Germany	216	21	0	0	0	0	0	0
SAU	DNK	Saudi Arabia	Denmark	80	0	0	0	0	0	0	0
SAU	ECU	Saudi Arabia	Ecuador	5	0	0	0	0	0	0	0
SAU	EGY	Saudi Arabia	Egypt	5	11	0	0	0	0	0	0
SAU	ESP	Saudi Arabia	Spain	5	0	0	0	0	0	0	0
SAU	FRA	Saudi Arabia	France	63	0	0	0	0	0	0	0
SAU	GBR	Saudi Arabia	United Kingdom of Great Britain and Northern Ireland	683	183	0	0	0	0	0	0
SAU	IDN	Saudi Arabia	Indonesia	8	0	0	0	0	0	0	0
SAU	IRL	Saudi Arabia	Ireland	32	0	0	0	0	0	0	0
SAU	IRQ	Saudi Arabia	Iraq	0	5	0	0	0	0	0	0
SAU	ITA	Saudi Arabia	Italy	7	5	0	0	0	0	0	0
SAU	JOR	Saudi Arabia	Jordan	0	0	0	0	0	0	10	0
SAU	LBN	Saudi Arabia	Lebanon	0	0	0	0	0	0	5	0
SAU	NLD	Saudi Arabia	Netherlands (Kingdom of the)	85	39	0	0	0	0	0	0
SAU	NOR	Saudi Arabia	Norway	5	7	0	0	0	0	0	0
SAU	NZL	Saudi Arabia	New Zealand	49	5	0	0	0	0	0	0
SAU	PHL	Saudi Arabia	Philippines	0	7	0	0	0	0	0	0
SAU	SDN	Saudi Arabia	Sudan	0	0	0	0	0	0	5	0
SAU	SWE	Saudi Arabia	Sweden	23	0	0	0	0	0	0	0
SAU	SYR	Saudi Arabia	Syrian Arab Rep.	5	0	0	0	0	0	0	0
SAU	USA	Saudi Arabia	United States of America	723	1091	0	0	0	0	0	0
SDN	AGO	Sudan	Angola	279	1670	0	0	0	0	0	0
SDN	ARE	Sudan	United Arab Emirates	9	0	0	0	0	0	0	0
SDN	ARG	Sudan	Argentina	5	0	0	0	0	0	0	0
SDN	ARM	Sudan	Armenia	5	0	0	0	0	0	0	0
SDN	AUS	Sudan	Australia	402	357	0	0	0	0	0	0
SDN	AUT	Sudan	Austria	328	69	0	0	0	0	0	0
SDN	BEL	Sudan	Belgium	351	214	0	0	0	0	0	0
SDN	BEN	Sudan	Benin	46	38	0	0	0	0	0	0
SDN	BGR	Sudan	Bulgaria	0	5	0	0	0	0	0	0
SDN	BIH	Sudan	Bosnia and Herzegovina	0	6	0	0	0	0	5	0
SDN	BRA	Sudan	Brazil	59	14	0	0	0	0	0	0
SDN	CAF	Sudan	Central African Rep.	29932	93	0	0	0	0	0	0
SDN	CAN	Sudan	Canada	832	1156	0	0	0	0	0	0
SDN	CHE	Sudan	Switzerland	576	167	0	0	0	0	0	0
SDN	CHN	Sudan	China	0	12	0	0	0	0	0	0
SDN	CIV	Sudan	Cote d'Ivoire	8	0	0	0	0	0	0	0
SDN	CMR	Sudan	Cameroon	243	256	0	0	0	0	0	0
SDN	COD	Sudan	Dem. Rep. of the Congo	56	13	0	0	0	0	0	0
SDN	COG	Sudan	Congo	44	249	0	0	0	0	5	0
SDN	COM	Sudan	Comoros	0	8	0	0	0	0	0	0
SDN	CUB	Sudan	Cuba	5	13	0	0	0	0	0	0
SDN	CYP	Sudan	Cyprus	92	138	0	0	0	0	0	0
SDN	CZE	Sudan	Czechia	8	0	0	0	0	0	0	0
SDN	DEU	Sudan	Germany	4525	960	0	0	0	0	0	0
SDN	DJI	Sudan	Djibouti	17	6	0	0	0	0	0	0
SDN	DNK	Sudan	Denmark	416	15	0	0	0	0	0	0
SDN	DZA	Sudan	Algeria	114	264	0	0	0	0	0	0
SDN	EGY	Sudan	Egypt	27696	575006	0	0	0	0	0	0
SDN	ERI	Sudan	Eritrea	99	0	0	0	0	0	0	0
SDN	ESP	Sudan	Spain	1378	130	0	0	0	0	0	0
SDN	EST	Sudan	Estonia	9	0	0	0	0	0	0	0
SDN	ETH	Sudan	Ethiopia	90442	378	6399	0	0	0	13	0
SDN	FIN	Sudan	Finland	62	27	0	0	0	0	0	0
SDN	FRA	Sudan	France	29267	4043	0	0	0	0	0	0
SDN	GAB	Sudan	Gabon	11	0	0	0	0	0	0	0
SDN	GBR	Sudan	United Kingdom of Great Britain and Northern Ireland	18957	4416	0	0	0	0	0	0
SDN	GEO	Sudan	Georgia	6	15	0	0	0	0	0	0
SDN	GHA	Sudan	Ghana	830	135	0	0	0	0	0	0
SDN	GIN	Sudan	Guinea	0	10	0	0	0	0	0	0
SDN	GMB	Sudan	Gambia	0	15	0	0	0	0	0	0
SDN	GRC	Sudan	Greece	1662	332	0	0	0	0	0	0
SDN	GTM	Sudan	Guatemala	0	9	0	0	0	0	0	0
SDN	HKG	Sudan	China, Hong Kong SAR	5	0	0	0	0	0	0	0
SDN	HRV	Sudan	Croatia	5	0	0	0	0	0	0	0
SDN	HUN	Sudan	Hungary	61	0	0	0	0	0	0	0
SDN	IDN	Sudan	Indonesia	302	165	0	0	0	0	0	0
SDN	IND	Sudan	India	200	1265	0	0	0	0	0	0
SDN	IRL	Sudan	Ireland	343	171	0	0	0	0	0	0
SDN	IRQ	Sudan	Iraq	97	1456	0	0	0	0	29	0
SDN	ISL	Sudan	Iceland	10	0	0	0	0	0	0	0
SDN	ISR	Sudan	Israel	491	4513	0	0	0	0	1690	0
SDN	ITA	Sudan	Italy	1555	553	0	0	0	0	0	0
SDN	JOR	Sudan	Jordan	3149	1751	9	0	0	0	0	0
SDN	JPN	Sudan	Japan	85	0	0	0	0	0	0	0
SDN	KEN	Sudan	Kenya	6652	5517	0	0	0	0	0	0
SDN	KOR	Sudan	Rep. of Korea	58	82	0	0	0	0	0	0
SDN	KWT	Sudan	Kuwait	0	20	0	0	0	0	0	0
SDN	LBN	Sudan	Lebanon	822	1758	0	0	0	0	35	0
SDN	LBR	Sudan	Liberia	11	5	0	0	0	0	0	0
SDN	LBY	Sudan	Libya	199388	56260	0	0	0	0	0	0
SDN	LUX	Sudan	Luxembourg	86	165	0	0	0	0	0	0
SDN	LVA	Sudan	Latvia	7	0	0	0	0	0	0	0
SDN	MAR	Sudan	Morocco	442	1377	0	0	0	0	0	0
SDN	MDA	Sudan	Rep. of Moldova	10	0	0	0	0	0	0	0
SDN	MEX	Sudan	Mexico	0	15	0	0	0	0	0	0
SDN	MLI	Sudan	Mali	0	24	0	0	0	0	0	0
SDN	MLT	Sudan	Malta	109	170	0	0	0	0	0	0
SDN	MOZ	Sudan	Mozambique	5	24	0	0	0	0	5	0
SDN	MRT	Sudan	Mauritania	15	73	0	0	0	0	0	0
SDN	MYS	Sudan	Malaysia	227	138	0	0	0	0	0	0
SDN	NAM	Sudan	Namibia	7	5	0	0	0	0	0	0
SDN	NER	Sudan	Niger	1063	1282	0	0	0	0	0	0
SDN	NGA	Sudan	Nigeria	121	644	0	0	0	0	0	0
SDN	NLD	Sudan	Netherlands (Kingdom of the)	1073	1052	0	0	0	0	0	0
SDN	NOR	Sudan	Norway	1107	29	0	0	0	0	0	0
SDN	NZL	Sudan	New Zealand	27	15	0	0	0	0	0	0
SDN	OMN	Sudan	Oman	0	5	0	0	0	0	0	0
SDN	PAK	Sudan	Pakistan	0	11	0	0	0	0	0	0
SDN	PER	Sudan	Peru	0	22	0	0	0	0	0	0
SDN	PHL	Sudan	Philippines	18	188	0	0	0	0	0	0
SDN	PNG	Sudan	Papua New Guinea	5	0	0	0	0	0	0	0
SDN	POL	Sudan	Poland	12	35	0	0	0	0	0	0
SDN	PRT	Sudan	Portugal	94	0	0	0	0	0	0	0
SDN	QAT	Sudan	Qatar	0	15	0	0	0	0	0	0
SDN	ROU	Sudan	Romania	129	11	0	0	0	0	0	0
SDN	RUS	Sudan	Russian Federation	23	10	0	0	0	0	0	0
SDN	RWA	Sudan	Rwanda	364	80	0	0	0	0	0	0
SDN	SAU	Sudan	Saudi Arabia	0	5	0	0	0	0	0	0
SDN	SDN	Sudan	Sudan	0	0	0	11559970	0	0	0	32823
SDN	SEN	Sudan	Senegal	0	27	0	0	0	0	0	0
SDN	SOM	Sudan	Somalia	273	42	0	0	0	0	0	0
SDN	SRB	Sudan	Serbia and Kosovo: S/RES/1244 (1999)	5	0	0	0	0	0	0	0
SDN	SSD	Sudan	South Sudan	487652	12	64	0	0	0	0	0
SDN	SVN	Sudan	Slovenia	6	0	0	0	0	0	0	0
SDN	SWE	Sudan	Sweden	2272	59	0	0	0	0	0	0
SDN	SYR	Sudan	Syrian Arab Rep.	720	297	0	0	0	0	0	0
SDN	TCD	Sudan	Chad	1109357	3104	0	0	0	0	0	0
SDN	TGO	Sudan	Togo	0	5	0	0	0	0	0	0
SDN	THA	Sudan	Thailand	11	11	0	0	0	0	0	0
SDN	TUN	Sudan	Tunisia	153	5894	0	0	0	0	0	0
SDN	TZA	Sudan	United Rep. of Tanzania	0	100	0	0	0	0	0	0
SDN	UGA	Sudan	Uganda	65367	168	0	0	0	0	0	0
SDN	UKR	Sudan	Ukraine	20	5	0	0	0	0	0	0
SDN	USA	Sudan	United States of America	1371	2859	0	0	0	0	0	0
SDN	YEM	Sudan	Yemen	103	756	0	0	0	0	0	0
SDN	ZAF	Sudan	South Africa	73	33	0	0	0	0	0	0
SDN	ZMB	Sudan	Zambia	36	8	0	0	0	0	0	0
SDN	ZWE	Sudan	Zimbabwe	5	5	0	0	0	0	0	0
SEN	ARG	Senegal	Argentina	45	541	0	0	0	0	0	0
SEN	AUT	Senegal	Austria	14	7	0	0	0	0	0	0
SEN	BEL	Senegal	Belgium	320	379	0	0	0	0	0	0
SEN	BRA	Senegal	Brazil	23	288	0	0	0	0	0	0
SEN	CAN	Senegal	Canada	747	3144	0	0	0	0	0	0
SEN	CHE	Senegal	Switzerland	63	47	5	0	0	0	0	0
SEN	CHL	Senegal	Chile	5	0	0	0	0	0	0	0
SEN	CIV	Senegal	Cote d'Ivoire	0	5	0	0	0	0	0	0
SEN	CMR	Senegal	Cameroon	0	10	0	0	0	0	0	0
SEN	CRI	Senegal	Costa Rica	0	6	0	0	0	0	0	0
SEN	CYP	Senegal	Cyprus	0	17	0	0	0	0	0	0
SEN	DEU	Senegal	Germany	251	238	0	0	0	0	0	0
SEN	DNK	Senegal	Denmark	0	5	0	0	0	0	0	0
SEN	DZA	Senegal	Algeria	0	23	0	0	0	0	0	0
SEN	EGY	Senegal	Egypt	0	5	0	0	0	0	0	0
SEN	ESP	Senegal	Spain	323	6770	0	0	0	0	0	0
SEN	FIN	Senegal	Finland	6	5	0	0	0	0	0	0
SEN	FRA	Senegal	France	3951	981	0	0	0	0	0	0
SEN	GBR	Senegal	United Kingdom of Great Britain and Northern Ireland	110	84	0	0	0	0	0	0
SEN	GMB	Senegal	Gambia	3721	399	0	0	0	0	0	0
SEN	GNB	Senegal	Guinea-Bissau	0	8	0	0	0	0	0	0
SEN	GRC	Senegal	Greece	25	32	0	0	0	0	0	0
SEN	IND	Senegal	India	0	5	0	0	0	0	0	0
SEN	IRL	Senegal	Ireland	7	5	0	0	0	0	0	0
SEN	ISL	Senegal	Iceland	5	0	0	0	0	0	0	0
SEN	ITA	Senegal	Italy	2594	1316	0	0	0	0	0	0
SEN	KOR	Senegal	Rep. of Korea	0	43	0	0	0	0	0	0
SEN	LUX	Senegal	Luxembourg	5	15	0	0	0	0	0	0
SEN	MAR	Senegal	Morocco	63	1848	0	0	0	0	0	0
SEN	MEX	Senegal	Mexico	5	1351	0	0	0	0	0	0
SEN	MLI	Senegal	Mali	0	5	0	0	0	0	0	0
SEN	MLT	Senegal	Malta	0	10	0	0	0	0	0	0
SEN	MRT	Senegal	Mauritania	66	600	0	0	0	0	0	0
SEN	NLD	Senegal	Netherlands (Kingdom of the)	33	59	0	0	0	0	0	0
SEN	NOR	Senegal	Norway	7	0	0	0	0	0	0	0
SEN	PER	Senegal	Peru	0	13	0	0	0	0	0	0
SEN	POL	Senegal	Poland	0	5	0	0	0	0	0	0
SEN	PRT	Senegal	Portugal	0	127	0	0	0	0	0	0
SEN	SVN	Senegal	Slovenia	5	6	0	0	0	0	0	0
SEN	SWE	Senegal	Sweden	67	11	0	0	0	0	0	0
SEN	TUN	Senegal	Tunisia	0	10	0	0	0	0	0	0
SEN	UGA	Senegal	Uganda	5	0	0	0	0	0	0	0
SEN	UKR	Senegal	Ukraine	0	5	0	0	0	0	0	0
SEN	URY	Senegal	Uruguay	0	208	0	0	0	0	0	0
SEN	USA	Senegal	United States of America	481	20871	0	0	0	0	0	0
SEN	ZAF	Senegal	South Africa	0	242	0	0	0	0	0	0
SGP	AUS	Singapore	Australia	5	32	0	0	0	0	0	0
SGP	CAN	Singapore	Canada	5	5	0	0	0	0	0	0
SGP	DEU	Singapore	Germany	13	0	0	0	0	0	0	0
SGP	ESP	Singapore	Spain	5	0	0	0	0	0	0	0
SGP	GBR	Singapore	United Kingdom of Great Britain and Northern Ireland	5	5	0	0	0	0	0	0
SGP	GRC	Singapore	Greece	0	5	0	0	0	0	0	0
SGP	USA	Singapore	United States of America	12	256	0	0	0	0	0	0
SLB	AUS	Solomon Islands	Australia	28	823	0	0	0	0	0	0
SLB	CAN	Solomon Islands	Canada	5	0	0	0	0	0	0	0
SLB	DEU	Solomon Islands	Germany	5	0	0	0	0	0	0	0
SLB	GBR	Solomon Islands	United Kingdom of Great Britain and Northern Ireland	0	7	0	0	0	0	0	0
SLB	NOR	Solomon Islands	Norway	0	5	0	0	0	0	0	0
SLB	SLB	Solomon Islands	Solomon Islands	0	0	0	11	0	0	0	0
SLB	ZAF	Solomon Islands	South Africa	6	0	0	0	0	0	0	0
SLE	AGO	Sierra Leone	Angola	412	1497	0	0	0	0	0	0
SLE	ARG	Sierra Leone	Argentina	37	0	0	0	0	0	0	0
SLE	AUS	Sierra Leone	Australia	34	73	0	0	0	0	0	0
SLE	AUT	Sierra Leone	Austria	14	9	0	0	0	0	0	0
SLE	BEL	Sierra Leone	Belgium	26	202	0	0	0	0	0	0
SLE	BIH	Sierra Leone	Bosnia and Herzegovina	0	8	0	0	0	0	0	0
SLE	BRA	Sierra Leone	Brazil	35	48	0	0	0	0	0	0
SLE	CAF	Sierra Leone	Central African Rep.	5	0	0	0	0	0	0	0
SLE	CAN	Sierra Leone	Canada	98	230	0	0	0	0	0	0
SLE	CHE	Sierra Leone	Switzerland	60	105	0	0	0	0	0	0
SLE	CHL	Sierra Leone	Chile	5	0	0	0	0	0	0	0
SLE	CIV	Sierra Leone	Cote d'Ivoire	5	0	0	0	0	0	0	0
SLE	CMR	Sierra Leone	Cameroon	0	5	0	0	0	0	0	0
SLE	COL	Sierra Leone	Colombia	5	0	0	0	0	0	0	0
SLE	CYP	Sierra Leone	Cyprus	75	398	0	0	0	0	0	0
SLE	DEU	Sierra Leone	Germany	994	872	0	0	0	0	0	0
SLE	DNK	Sierra Leone	Denmark	28	0	0	0	0	0	0	0
SLE	DZA	Sierra Leone	Algeria	0	45	0	0	0	0	0	0
SLE	EGY	Sierra Leone	Egypt	5	22	0	0	0	0	0	0
SLE	ESP	Sierra Leone	Spain	41	75	0	0	0	0	0	0
SLE	ETH	Sierra Leone	Ethiopia	0	9	0	0	0	0	0	0
SLE	FIN	Sierra Leone	Finland	5	14	0	0	0	0	0	0
SLE	FRA	Sierra Leone	France	1657	573	0	0	0	0	0	0
SLE	GBR	Sierra Leone	United Kingdom of Great Britain and Northern Ireland	495	295	0	0	0	0	0	0
SLE	GHA	Sierra Leone	Ghana	91	12	0	0	0	0	0	0
SLE	GIN	Sierra Leone	Guinea	1650	93	0	0	0	0	0	0
SLE	GMB	Sierra Leone	Gambia	100	12	0	0	0	0	0	0
SLE	GNB	Sierra Leone	Guinea-Bissau	10	5	0	0	0	0	0	0
SLE	GRC	Sierra Leone	Greece	689	857	0	0	0	0	0	0
SLE	HRV	Sierra Leone	Croatia	5	14	0	0	0	0	0	0
SLE	HUN	Sierra Leone	Hungary	5	0	0	0	0	0	0	0
SLE	IDN	Sierra Leone	Indonesia	0	5	0	0	0	0	0	0
SLE	IND	Sierra Leone	India	0	5	0	0	0	0	0	0
SLE	IRL	Sierra Leone	Ireland	96	88	0	0	0	0	0	0
SLE	ISR	Sierra Leone	Israel	5	10	0	0	0	0	0	0
SLE	ITA	Sierra Leone	Italy	371	470	0	0	0	0	0	0
SLE	KOR	Sierra Leone	Rep. of Korea	0	21	0	0	0	0	0	0
SLE	LBN	Sierra Leone	Lebanon	0	5	0	0	0	0	0	0
SLE	LBR	Sierra Leone	Liberia	0	5	0	0	0	0	0	0
SLE	LUX	Sierra Leone	Luxembourg	0	10	0	0	0	0	0	0
SLE	MAR	Sierra Leone	Morocco	0	50	0	0	0	0	0	0
SLE	MEX	Sierra Leone	Mexico	11	94	0	0	0	0	0	0
SLE	MLT	Sierra Leone	Malta	0	15	0	0	0	0	0	0
SLE	MRT	Sierra Leone	Mauritania	0	306	0	0	0	0	0	0
SLE	MYS	Sierra Leone	Malaysia	10	27	0	0	0	0	0	0
SLE	NER	Sierra Leone	Niger	0	7	0	0	0	0	0	0
SLE	NGA	Sierra Leone	Nigeria	11	5	0	0	0	0	0	0
SLE	NLD	Sierra Leone	Netherlands (Kingdom of the)	365	501	0	0	0	0	0	0
SLE	NOR	Sierra Leone	Norway	11	0	0	0	0	0	0	0
SLE	PAN	Sierra Leone	Panama	5	0	0	0	0	0	0	0
SLE	PER	Sierra Leone	Peru	0	9	0	0	0	0	0	0
SLE	POL	Sierra Leone	Poland	5	0	0	0	0	0	0	0
SLE	PRT	Sierra Leone	Portugal	33	10	0	0	0	0	0	0
SLE	ROU	Sierra Leone	Romania	5	0	0	0	0	0	0	0
SLE	SEN	Sierra Leone	Senegal	0	10	0	0	0	0	0	0
SLE	SWE	Sierra Leone	Sweden	86	5	0	0	0	0	0	0
SLE	SYR	Sierra Leone	Syrian Arab Rep.	16	5	0	0	0	0	0	0
SLE	TUN	Sierra Leone	Tunisia	0	151	0	0	0	0	0	0
SLE	UGA	Sierra Leone	Uganda	0	5	0	0	0	0	0	0
SLE	UKR	Sierra Leone	Ukraine	5	0	0	0	0	0	0	0
SLE	USA	Sierra Leone	United States of America	398	1588	0	0	0	0	0	0
SLE	VEN	Sierra Leone	Venezuela (Bolivarian Republic of)	5	0	0	0	0	0	0	0
SLE	ZAF	Sierra Leone	South Africa	13	6	0	0	0	0	0	0
SLE	ZMB	Sierra Leone	Zambia	5	0	0	0	0	0	0	0
SLE	ZWE	Sierra Leone	Zimbabwe	0	7	0	0	0	0	0	0
SLV	ARG	El Salvador	Argentina	55	18	0	0	0	0	0	0
SLV	AUS	El Salvador	Australia	0	24	0	0	0	0	0	0
SLV	BEL	El Salvador	Belgium	445	410	0	0	0	0	0	0
SLV	BLZ	El Salvador	Belize	156	1125	0	0	0	0	0	0
SLV	BRA	El Salvador	Brazil	41	27	0	0	0	0	0	0
SLV	CAN	El Salvador	Canada	831	298	0	0	0	0	0	0
SLV	CHE	El Salvador	Switzerland	21	14	5	0	0	0	0	0
SLV	CHL	El Salvador	Chile	9	27	0	0	0	0	0	0
SLV	COL	El Salvador	Colombia	7	0	0	0	0	0	0	0
SLV	CRI	El Salvador	Costa Rica	1370	1153	0	0	0	0	0	0
SLV	DEU	El Salvador	Germany	272	200	0	0	0	0	0	0
SLV	DNK	El Salvador	Denmark	5	0	0	0	0	0	0	0
SLV	ECU	El Salvador	Ecuador	38	0	0	0	0	0	0	0
SLV	ESP	El Salvador	Spain	1723	2245	0	0	0	0	0	0
SLV	FIN	El Salvador	Finland	5	5	0	0	0	0	0	0
SLV	FRA	El Salvador	France	172	5	0	0	0	0	0	0
SLV	GBR	El Salvador	United Kingdom of Great Britain and Northern Ireland	3690	237	0	0	0	0	0	0
SLV	GRC	El Salvador	Greece	5	5	0	0	0	0	0	0
SLV	GTM	El Salvador	Guatemala	569	567	0	0	0	0	1926	0
SLV	HND	El Salvador	Honduras	27	0	0	0	0	0	0	0
SLV	IRL	El Salvador	Ireland	210	273	0	0	0	0	0	0
SLV	ISL	El Salvador	Iceland	7	5	0	0	0	0	0	0
SLV	ITA	El Salvador	Italy	4266	2326	5	0	0	0	0	0
SLV	LUX	El Salvador	Luxembourg	0	5	0	0	0	0	0	0
SLV	MEX	El Salvador	Mexico	21016	12056	0	0	0	0	5056	0
SLV	NLD	El Salvador	Netherlands (Kingdom of the)	81	45	0	0	0	0	0	0
SLV	NOR	El Salvador	Norway	18	14	0	0	0	0	0	0
SLV	PAN	El Salvador	Panama	733	178	0	0	0	0	0	0
SLV	PER	El Salvador	Peru	10	23	0	0	0	0	0	0
SLV	PRY	El Salvador	Paraguay	12	0	0	0	0	0	0	0
SLV	SLV	El Salvador	El Salvador	0	0	0	71500	0	0	114393	255433
SLV	SWE	El Salvador	Sweden	157	17	0	0	0	0	0	0
SLV	URY	El Salvador	Uruguay	48	12	0	0	0	0	0	0
SLV	USA	El Salvador	United States of America	35766	115460	0	0	0	0	0	0
SOM	AGO	Somalia	Angola	271	1731	0	0	0	0	16	0
SOM	ARG	Somalia	Argentina	5	0	0	0	0	0	0	0
SOM	AUS	Somalia	Australia	412	99	0	0	0	0	0	0
SOM	AUT	Somalia	Austria	10930	1853	0	0	0	0	0	0
SOM	BDI	Somalia	Burundi	5	0	0	0	0	0	0	0
SOM	BEL	Somalia	Belgium	2263	1538	0	0	0	0	0	0
SOM	BEN	Somalia	Benin	7	5	0	0	0	0	0	0
SOM	BGD	Somalia	Bangladesh	31	0	0	0	0	0	0	0
SOM	BGR	Somalia	Bulgaria	17	0	0	0	0	0	0	0
SOM	BRA	Somalia	Brazil	16	76	0	0	0	0	0	0
SOM	BWA	Somalia	Botswana	375	0	0	0	0	0	0	0
SOM	CAF	Somalia	Central African Rep.	5	0	0	0	0	0	0	0
SOM	CAN	Somalia	Canada	2097	460	0	0	0	0	0	0
SOM	CHE	Somalia	Switzerland	4167	420	17	0	0	0	0	0
SOM	CHN	Somalia	China	71	5	0	0	0	0	0	0
SOM	CIV	Somalia	Cote d'Ivoire	5	5	0	0	0	0	0	0
SOM	COD	Somalia	Dem. Rep. of the Congo	20	312	0	0	0	0	0	0
SOM	COL	Somalia	Colombia	11	0	0	0	0	0	0	0
SOM	CRI	Somalia	Costa Rica	11	0	0	0	0	0	0	0
SOM	CYP	Somalia	Cyprus	1207	778	0	0	0	0	0	0
SOM	CZE	Somalia	Czechia	14	0	0	0	0	0	0	0
SOM	DEU	Somalia	Germany	38179	9220	0	0	0	0	0	0
SOM	DJI	Somalia	Djibouti	13560	101	0	0	0	0	0	0
SOM	DNK	Somalia	Denmark	2729	44	0	0	0	0	0	0
SOM	DZA	Somalia	Algeria	0	5	10	0	0	0	0	0
SOM	EGY	Somalia	Egypt	3986	3909	13	0	0	0	0	0
SOM	ESP	Somalia	Spain	1588	230	0	0	0	0	0	0
SOM	ETH	Somalia	Ethiopia	317973	43961	0	0	0	0	10	0
SOM	FIN	Somalia	Finland	2602	657	0	0	0	0	0	0
SOM	FRA	Somalia	France	15287	1214	0	0	0	0	0	0
SOM	GBR	Somalia	United Kingdom of Great Britain and Northern Ireland	2697	1590	0	0	0	0	0	0
SOM	GEO	Somalia	Georgia	8	0	0	0	0	0	0	0
SOM	GHA	Somalia	Ghana	95	0	0	0	0	0	0	0
SOM	GIN	Somalia	Guinea	6	0	0	0	0	0	0	0
SOM	GMB	Somalia	Gambia	5	0	0	0	0	0	0	0
SOM	GRC	Somalia	Greece	2566	1117	0	0	0	0	0	0
SOM	HKG	Somalia	China, Hong Kong SAR	25	0	0	0	0	0	0	0
SOM	HRV	Somalia	Croatia	32	6	0	0	0	0	0	0
SOM	HUN	Somalia	Hungary	592	0	0	0	0	0	0	0
SOM	IDN	Somalia	Indonesia	834	413	5	0	0	0	0	0
SOM	IND	Somalia	India	508	618	5	0	0	0	0	0
SOM	IRL	Somalia	Ireland	2472	1587	0	0	0	0	0	0
SOM	IRQ	Somalia	Iraq	10	5	0	0	0	0	0	0
SOM	ISL	Somalia	Iceland	201	45	0	0	0	0	0	0
SOM	ISR	Somalia	Israel	0	9	0	0	0	0	0	0
SOM	ITA	Somalia	Italy	7608	743	0	0	0	0	0	0
SOM	JOR	Somalia	Jordan	452	5	0	0	0	0	0	0
SOM	JPN	Somalia	Japan	6	0	0	0	0	0	0	0
SOM	KEN	Somalia	Kenya	324496	144011	0	0	0	0	0	0
SOM	KWT	Somalia	Kuwait	129	432	0	0	0	0	0	0
SOM	LBN	Somalia	Lebanon	6	31	0	0	0	0	0	0
SOM	LBR	Somalia	Liberia	5	0	0	0	0	0	0	0
SOM	LBY	Somalia	Libya	0	650	317	0	0	0	0	0
SOM	LIE	Somalia	Liechtenstein	25	0	0	0	0	0	0	0
SOM	LSO	Somalia	Lesotho	16	12	0	0	0	0	0	0
SOM	LTU	Somalia	Lithuania	27	0	0	0	0	0	0	0
SOM	LUX	Somalia	Luxembourg	84	40	0	0	0	0	0	0
SOM	LVA	Somalia	Latvia	6	5	0	0	0	0	0	0
SOM	MAR	Somalia	Morocco	61	52	0	0	0	0	0	0
SOM	MEX	Somalia	Mexico	5	93	0	0	0	0	0	0
SOM	MLT	Somalia	Malta	142	75	0	0	0	0	0	0
SOM	MOZ	Somalia	Mozambique	476	1776	0	0	0	0	90	0
SOM	MWI	Somalia	Malawi	75	98	0	0	0	0	0	0
SOM	MYS	Somalia	Malaysia	1999	809	0	0	0	0	0	0
SOM	NAM	Somalia	Namibia	5	0	0	0	0	0	0	0
SOM	NER	Somalia	Niger	24	16	0	0	0	0	0	0
SOM	NGA	Somalia	Nigeria	0	17	0	0	0	0	0	0
SOM	NLD	Somalia	Netherlands (Kingdom of the)	3968	2416	0	0	0	0	0	0
SOM	NOR	Somalia	Norway	1724	43	0	0	0	0	0	0
SOM	NPL	Somalia	Nepal	17	5	0	0	0	0	0	0
SOM	NZL	Somalia	New Zealand	5	0	0	0	0	0	0	0
SOM	PAK	Somalia	Pakistan	176	34	0	0	0	0	0	0
SOM	PER	Somalia	Peru	0	41	0	0	0	0	0	0
SOM	PHL	Somalia	Philippines	35	43	0	0	0	0	0	0
SOM	PNG	Somalia	Papua New Guinea	0	5	0	0	0	0	0	0
SOM	POL	Somalia	Poland	57	61	0	0	0	0	0	0
SOM	PRT	Somalia	Portugal	64	50	0	0	0	0	0	0
SOM	QAT	Somalia	Qatar	8	0	0	0	0	0	0	0
SOM	ROU	Somalia	Romania	538	5	0	0	0	0	0	0
SOM	RWA	Somalia	Rwanda	31	29	0	0	0	0	5	0
SOM	SAU	Somalia	Saudi Arabia	16	9	0	0	0	0	0	0
SOM	SDN	Somalia	Sudan	258	77	33	0	0	0	0	0
SOM	SOM	Somalia	Somalia	0	0	0	3861643	290750	0	213	0
SOM	SRB	Somalia	Serbia and Kosovo: S/RES/1244 (1999)	7	15	0	0	0	0	0	0
SOM	SSD	Somalia	South Sudan	28	8	0	0	0	0	0	0
SOM	SVK	Somalia	Slovakia	34	0	0	0	0	0	0	0
SOM	SVN	Somalia	Slovenia	52	5	0	0	0	0	0	0
SOM	SWE	Somalia	Sweden	7281	172	0	0	0	0	0	0
SOM	SWZ	Somalia	Eswatini	215	733	0	0	0	0	0	0
SOM	SYR	Somalia	Syrian Arab Rep.	249	10	0	0	0	0	0	0
SOM	TCD	Somalia	Chad	5	0	0	0	0	0	0	0
SOM	TGO	Somalia	Togo	0	5	0	0	0	0	0	0
SOM	THA	Somalia	Thailand	117	33	0	0	0	0	0	0
SOM	TUN	Somalia	Tunisia	28	1045	12	0	0	0	0	0
SOM	TZA	Somalia	United Rep. of Tanzania	151	0	0	0	0	0	0	0
SOM	UGA	Somalia	Uganda	49122	1710	0	0	0	0	0	0
SOM	UKR	Somalia	Ukraine	89	6	0	0	0	0	0	0
SOM	URY	Somalia	Uruguay	5	0	0	0	0	0	0	0
SOM	USA	Somalia	United States of America	1355	3945	0	0	0	0	0	0
SOM	YEM	Somalia	Yemen	38231	141	1547	0	0	0	0	0
SOM	ZAF	Somalia	South Africa	22141	5153	0	0	0	0	0	0
SOM	ZMB	Somalia	Zambia	4545	485	0	0	0	0	0	0
SOM	ZWE	Somalia	Zimbabwe	26	21	0	0	0	0	0	0
SRB	ALB	Serbia and Kosovo: S/RES/1244 (1999)	Albania	45	0	0	0	0	0	0	0
SRB	AUS	Serbia and Kosovo: S/RES/1244 (1999)	Australia	20	27	0	0	0	0	0	0
SRB	AUT	Serbia and Kosovo: S/RES/1244 (1999)	Austria	239	89	0	0	0	0	0	0
SRB	BEL	Serbia and Kosovo: S/RES/1244 (1999)	Belgium	336	307	0	0	0	0	0	0
SRB	BIH	Serbia and Kosovo: S/RES/1244 (1999)	Bosnia and Herzegovina	29	0	0	0	0	0	0	0
SRB	BRA	Serbia and Kosovo: S/RES/1244 (1999)	Brazil	0	7	0	0	0	0	0	0
SRB	CAN	Serbia and Kosovo: S/RES/1244 (1999)	Canada	95	128	0	0	0	0	0	0
SRB	CHE	Serbia and Kosovo: S/RES/1244 (1999)	Switzerland	1628	68	52	0	0	0	0	0
SRB	COL	Serbia and Kosovo: S/RES/1244 (1999)	Colombia	5	0	0	0	0	0	0	0
SRB	CYP	Serbia and Kosovo: S/RES/1244 (1999)	Cyprus	60	5	0	0	0	0	0	0
SRB	CZE	Serbia and Kosovo: S/RES/1244 (1999)	Czechia	14	0	0	0	0	0	0	0
SRB	DEU	Serbia and Kosovo: S/RES/1244 (1999)	Germany	5643	1669	0	0	0	0	0	0
SRB	DNK	Serbia and Kosovo: S/RES/1244 (1999)	Denmark	1199	0	0	0	0	0	0	0
SRB	ESP	Serbia and Kosovo: S/RES/1244 (1999)	Spain	15	25	0	0	0	0	0	0
SRB	FIN	Serbia and Kosovo: S/RES/1244 (1999)	Finland	0	10	0	0	0	0	0	0
SRB	FRA	Serbia and Kosovo: S/RES/1244 (1999)	France	18305	1556	0	0	0	0	0	0
SRB	GBR	Serbia and Kosovo: S/RES/1244 (1999)	United Kingdom of Great Britain and Northern Ireland	75	54	0	0	0	0	0	0
SRB	GRC	Serbia and Kosovo: S/RES/1244 (1999)	Greece	0	6	0	0	0	0	0	0
SRB	HRV	Serbia and Kosovo: S/RES/1244 (1999)	Croatia	10	5	0	0	0	0	0	0
SRB	HUN	Serbia and Kosovo: S/RES/1244 (1999)	Hungary	33	0	0	0	0	0	0	0
SRB	IRL	Serbia and Kosovo: S/RES/1244 (1999)	Ireland	55	28	0	0	0	0	0	0
SRB	ISR	Serbia and Kosovo: S/RES/1244 (1999)	Israel	0	42	0	0	0	0	0	0
SRB	ITA	Serbia and Kosovo: S/RES/1244 (1999)	Italy	1061	515	0	0	0	0	0	0
SRB	LIE	Serbia and Kosovo: S/RES/1244 (1999)	Liechtenstein	0	5	0	0	0	0	0	0
SRB	LUX	Serbia and Kosovo: S/RES/1244 (1999)	Luxembourg	84	30	0	0	0	0	0	0
SRB	MKD	Serbia and Kosovo: S/RES/1244 (1999)	North Macedonia	165	0	0	0	0	0	0	0
SRB	MLT	Serbia and Kosovo: S/RES/1244 (1999)	Malta	0	10	0	0	0	0	0	0
SRB	MNE	Serbia and Kosovo: S/RES/1244 (1999)	Montenegro	34	0	0	0	0	0	0	0
SRB	NLD	Serbia and Kosovo: S/RES/1244 (1999)	Netherlands (Kingdom of the)	25	14	0	0	0	0	0	0
SRB	NOR	Serbia and Kosovo: S/RES/1244 (1999)	Norway	260	12	0	0	0	0	0	0
SRB	PER	Serbia and Kosovo: S/RES/1244 (1999)	Peru	0	5	0	0	0	0	0	0
SRB	POL	Serbia and Kosovo: S/RES/1244 (1999)	Poland	5	0	0	0	0	0	0	0
SRB	RUS	Serbia and Kosovo: S/RES/1244 (1999)	Russian Federation	6	0	0	0	0	0	0	0
SRB	SRB	Serbia and Kosovo: S/RES/1244 (1999)	Serbia and Kosovo: S/RES/1244 (1999)	0	0	0	209753	0	0	0	0
SRB	SVK	Serbia and Kosovo: S/RES/1244 (1999)	Slovakia	48	0	0	0	0	0	0	0
SRB	SVN	Serbia and Kosovo: S/RES/1244 (1999)	Slovenia	13	5	0	0	0	0	0	0
SRB	SWE	Serbia and Kosovo: S/RES/1244 (1999)	Sweden	951	59	0	0	0	0	0	0
SRB	UKR	Serbia and Kosovo: S/RES/1244 (1999)	Ukraine	5	0	0	0	0	0	0	0
SRB	USA	Serbia and Kosovo: S/RES/1244 (1999)	United States of America	975	1423	0	0	0	0	0	0
SSD	AUS	South Sudan	Australia	23	19	0	0	0	0	0	0
SSD	AUT	South Sudan	Austria	5	0	0	0	0	0	0	0
SSD	BDI	South Sudan	Burundi	7	0	0	0	0	0	0	0
SSD	BEL	South Sudan	Belgium	45	40	0	0	0	0	0	0
SSD	CAF	South Sudan	Central African Rep.	3204	22	1539	0	0	0	0	0
SSD	CAN	South Sudan	Canada	26	28	0	0	0	0	0	0
SSD	CHE	South Sudan	Switzerland	183	53	0	0	0	0	0	0
SSD	CMR	South Sudan	Cameroon	15	18	0	0	0	0	0	0
SSD	COD	South Sudan	Dem. Rep. of the Congo	55325	234	2348	0	0	0	6	0
SSD	COG	South Sudan	Congo	5	11	0	0	0	0	0	0
SSD	CUB	South Sudan	Cuba	0	5	0	0	0	0	0	0
SSD	DEU	South Sudan	Germany	175	134	0	0	0	0	0	0
SSD	DNK	South Sudan	Denmark	42	0	0	0	0	0	0	0
SSD	DZA	South Sudan	Algeria	0	5	0	0	0	0	0	0
SSD	EGY	South Sudan	Egypt	26571	19592	0	0	0	0	0	0
SSD	ERI	South Sudan	Eritrea	5	0	0	0	0	0	0	0
SSD	ESP	South Sudan	Spain	11	15	0	0	0	0	0	0
SSD	ETH	South Sudan	Ethiopia	420129	9547	92816	0	0	0	5	0
SSD	FIN	South Sudan	Finland	8	0	0	0	0	0	0	0
SSD	FRA	South Sudan	France	669	198	0	0	0	0	0	0
SSD	GBR	South Sudan	United Kingdom of Great Britain and Northern Ireland	489	471	0	0	0	0	0	0
SSD	GHA	South Sudan	Ghana	7	0	0	0	0	0	0	0
SSD	GRC	South Sudan	Greece	41	26	0	0	0	0	0	0
SSD	IND	South Sudan	India	10	26	0	0	0	0	0	0
SSD	IRL	South Sudan	Ireland	6	5	0	0	0	0	0	0
SSD	IRQ	South Sudan	Iraq	0	5	0	0	0	0	0	0
SSD	ISL	South Sudan	Iceland	6	6	0	0	0	0	0	0
SSD	ISR	South Sudan	Israel	72	50	0	0	0	0	59	0
SSD	ITA	South Sudan	Italy	135	84	0	0	0	0	0	0
SSD	JOR	South Sudan	Jordan	19	0	0	0	0	0	0	0
SSD	KEN	South Sudan	Kenya	192825	85	2248	0	0	0	0	0
SSD	LBN	South Sudan	Lebanon	45	0	0	0	0	0	0	0
SSD	LBR	South Sudan	Liberia	5	0	0	0	0	0	0	0
SSD	LBY	South Sudan	Libya	46	1302	0	0	0	0	0	0
SSD	LTU	South Sudan	Lithuania	11	0	0	0	0	0	0	0
SSD	LUX	South Sudan	Luxembourg	0	20	0	0	0	0	0	0
SSD	MAR	South Sudan	Morocco	34	243	0	0	0	0	0	0
SSD	MLT	South Sudan	Malta	0	5	0	0	0	0	0	0
SSD	MYS	South Sudan	Malaysia	64	17	0	0	0	0	0	0
SSD	NER	South Sudan	Niger	19	14	0	0	0	0	0	0
SSD	NGA	South Sudan	Nigeria	0	10	0	0	0	0	0	0
SSD	NLD	South Sudan	Netherlands (Kingdom of the)	168	33	0	0	0	0	0	0
SSD	NOR	South Sudan	Norway	868	7	0	0	0	0	0	0
SSD	PRT	South Sudan	Portugal	16	0	0	0	0	0	0	0
SSD	RWA	South Sudan	Rwanda	38	27	0	0	0	0	0	0
SSD	SDN	South Sudan	Sudan	613052	0	292919	0	0	0	0	0
SSD	SSD	South Sudan	South Sudan	0	0	0	944631	0	0	0	1327345
SSD	SWE	South Sudan	Sweden	921	5	0	0	0	0	0	0
SSD	SYR	South Sudan	Syrian Arab Rep.	59	0	0	0	0	0	0	0
SSD	TCD	South Sudan	Chad	75	0	0	0	0	0	0	0
SSD	TUN	South Sudan	Tunisia	38	173	0	0	0	0	0	0
SSD	UGA	South Sudan	Uganda	975020	59	12874	0	0	0	0	0
SSD	USA	South Sudan	United States of America	71	222	0	0	0	0	0	0
SSD	ZMB	South Sudan	Zambia	8	0	0	0	0	0	0	0
SSD	ZWE	South Sudan	Zimbabwe	6	25	0	0	0	0	0	0
STP	BRA	Sao Tome and Principe	Brazil	0	5	0	0	0	0	0	0
STP	DEU	Sao Tome and Principe	Germany	0	10	0	0	0	0	0	0
STP	FRA	Sao Tome and Principe	France	5	0	0	0	0	0	0	0
STP	USA	Sao Tome and Principe	United States of America	0	5	0	0	0	0	0	0
SUR	BEL	Suriname	Belgium	0	36	0	0	0	0	0	0
SUR	BRA	Suriname	Brazil	0	46	0	0	0	0	0	0
SUR	CAN	Suriname	Canada	7	9	0	0	0	0	0	0
SUR	FRA	Suriname	France	24	15	0	0	0	0	0	0
SUR	MEX	Suriname	Mexico	0	21	0	0	0	0	0	0
SUR	NLD	Suriname	Netherlands (Kingdom of the)	7	10	0	0	0	0	0	0
SUR	URY	Suriname	Uruguay	0	9	0	0	0	0	0	0
SUR	USA	Suriname	United States of America	12	105	0	0	0	0	0	0
SVK	AUS	Slovakia	Australia	0	5	0	0	0	0	0	0
SVK	CAN	Slovakia	Canada	411	72	0	0	0	0	0	0
SVK	CHE	Slovakia	Switzerland	0	5	0	0	0	0	0	0
SVK	DEU	Slovakia	Germany	65	0	0	0	0	0	0	0
SVK	DNK	Slovakia	Denmark	7	0	0	0	0	0	0	0
SVK	FRA	Slovakia	France	120	0	0	0	0	0	0	0
SVK	GBR	Slovakia	United Kingdom of Great Britain and Northern Ireland	0	5	0	0	0	0	0	0
SVK	MEX	Slovakia	Mexico	0	5	0	0	0	0	0	0
SVK	NLD	Slovakia	Netherlands (Kingdom of the)	10	0	0	0	0	0	0	0
SVK	NOR	Slovakia	Norway	8	0	0	0	0	0	0	0
SVK	RUS	Slovakia	Russian Federation	5	0	0	0	0	0	0	0
SVK	SWE	Slovakia	Sweden	38	0	0	0	0	0	0	0
SVK	USA	Slovakia	United States of America	0	45	0	0	0	0	0	0
SVN	BRA	Slovenia	Brazil	0	19	0	0	0	0	0	0
SVN	DEU	Slovenia	Germany	7	0	0	0	0	0	0	0
SVN	DNK	Slovenia	Denmark	5	0	0	0	0	0	0	0
SVN	PER	Slovenia	Peru	0	39	0	0	0	0	0	0
SVN	SWE	Slovenia	Sweden	5	0	0	0	0	0	0	0
SVN	USA	Slovenia	United States of America	0	42	0	0	0	0	0	0
SWE	AUS	Sweden	Australia	0	50	0	0	0	0	0	0
SWE	BRA	Sweden	Brazil	0	5	0	0	0	0	0	0
SWE	CAN	Sweden	Canada	28	80	0	0	0	0	0	0
SWE	CHE	Sweden	Switzerland	0	0	5	0	0	0	0	0
SWE	DEU	Sweden	Germany	23	10	0	0	0	0	0	0
SWE	GBR	Sweden	United Kingdom of Great Britain and Northern Ireland	5	35	0	0	0	0	0	0
SWE	LBN	Sweden	Lebanon	0	0	0	0	0	0	5	0
SWE	NOR	Sweden	Norway	42	0	0	0	0	0	0	0
SWE	USA	Sweden	United States of America	0	115	0	0	0	0	0	0
SWZ	AUS	Eswatini	Australia	0	23	0	0	0	0	0	0
SWZ	CAN	Eswatini	Canada	10	20	0	0	0	0	0	0
SWZ	DEU	Eswatini	Germany	0	11	0	0	0	0	0	0
SWZ	GBR	Eswatini	United Kingdom of Great Britain and Northern Ireland	40	6	0	0	0	0	0	0
SWZ	IRL	Eswatini	Ireland	56	359	0	0	0	0	0	0
SWZ	ISR	Eswatini	Israel	0	7	0	0	0	0	0	0
SWZ	ITA	Eswatini	Italy	5	0	0	0	0	0	0	0
SWZ	LUX	Eswatini	Luxembourg	0	5	0	0	0	0	0	0
SWZ	NLD	Eswatini	Netherlands (Kingdom of the)	0	6	0	0	0	0	0	0
SWZ	NZL	Eswatini	New Zealand	0	5	0	0	0	0	0	0
SWZ	PRT	Eswatini	Portugal	25	0	0	0	0	0	0	0
SWZ	SWZ	Eswatini	Eswatini	0	0	0	0	0	0	12	0
SWZ	USA	Eswatini	United States of America	5	96	0	0	0	0	0	0
SWZ	ZAF	Eswatini	South Africa	9	5	0	0	0	0	0	0
SYC	GBR	Seychelles	United Kingdom of Great Britain and Northern Ireland	10	0	0	0	0	0	0	0
SYC	ITA	Seychelles	Italy	0	10	0	0	0	0	0	0
SYC	USA	Seychelles	United States of America	0	8	0	0	0	0	0	0
SYR	AGO	Syrian Arab Rep.	Angola	0	5	0	0	0	0	0	0
SYR	ALB	Syrian Arab Rep.	Albania	34	0	0	0	0	0	0	0
SYR	ARE	Syrian Arab Rep.	United Arab Emirates	534	5772	0	0	0	0	7	0
SYR	ARG	Syrian Arab Rep.	Argentina	388	41	0	0	0	0	0	0
SYR	ARM	Syrian Arab Rep.	Armenia	4916	18	0	0	0	0	0	0
SYR	AUS	Syrian Arab Rep.	Australia	169	146	0	0	0	0	0	0
SYR	AUT	Syrian Arab Rep.	Austria	105143	12762	0	0	0	0	0	0
SYR	AZE	Syrian Arab Rep.	Azerbaijan	34	0	0	0	0	0	0	0
SYR	BEL	Syrian Arab Rep.	Belgium	19372	5434	0	0	0	0	0	0
SYR	BEN	Syrian Arab Rep.	Benin	46	20	0	0	0	0	0	0
SYR	BFA	Syrian Arab Rep.	Burkina Faso	0	5	0	0	0	0	0	0
SYR	BGR	Syrian Arab Rep.	Bulgaria	31877	4036	0	0	0	0	0	0
SYR	BHR	Syrian Arab Rep.	Bahrain	5	0	0	0	0	0	0	0
SYR	BIH	Syrian Arab Rep.	Bosnia and Herzegovina	19	42	0	0	0	0	78	0
SYR	BLR	Syrian Arab Rep.	Belarus	20	5	0	0	0	0	0	0
SYR	BOL	Syrian Arab Rep.	Bolivia (Plurinational State of)	22	0	0	0	0	0	0	0
SYR	BRA	Syrian Arab Rep.	Brazil	6535	62	0	0	0	0	0	0
SYR	CAN	Syrian Arab Rep.	Canada	1480	1739	0	0	0	0	0	0
SYR	CHE	Syrian Arab Rep.	Switzerland	20133	548	24	0	0	0	0	0
SYR	CHL	Syrian Arab Rep.	Chile	113	31	0	0	0	0	0	0
SYR	CHN	Syrian Arab Rep.	China	18	0	0	0	0	0	0	0
SYR	CIV	Syrian Arab Rep.	Cote d'Ivoire	164	9	0	0	0	0	0	0
SYR	CMR	Syrian Arab Rep.	Cameroon	14	0	0	0	0	0	0	0
SYR	COD	Syrian Arab Rep.	Dem. Rep. of the Congo	21	37	0	0	0	0	0	0
SYR	COG	Syrian Arab Rep.	Congo	19	5	0	0	0	0	0	0
SYR	COL	Syrian Arab Rep.	Colombia	13	0	0	0	0	0	0	0
SYR	CRI	Syrian Arab Rep.	Costa Rica	6	39	0	0	0	0	0	0
SYR	CUB	Syrian Arab Rep.	Cuba	32	8	0	0	0	0	0	0
SYR	CYP	Syrian Arab Rep.	Cyprus	14571	13838	0	0	0	0	0	0
SYR	CZE	Syrian Arab Rep.	Czechia	295	41	0	0	0	0	0	0
SYR	DEU	Syrian Arab Rep.	Germany	725102	62959	0	0	0	0	0	0
SYR	DJI	Syrian Arab Rep.	Djibouti	10	17	0	0	0	0	0	0
SYR	DNK	Syrian Arab Rep.	Denmark	21177	409	0	0	0	0	0	0
SYR	DOM	Syrian Arab Rep.	Dominican Rep.	0	5	0	0	0	0	0	0
SYR	DZA	Syrian Arab Rep.	Algeria	8742	95	0	0	0	0	0	0
SYR	ECU	Syrian Arab Rep.	Ecuador	171	0	0	0	0	0	0	0
SYR	EGY	Syrian Arab Rep.	Egypt	147797	0	9440	0	0	0	0	0
SYR	ESP	Syrian Arab Rep.	Spain	17986	600	0	0	0	0	0	0
SYR	EST	Syrian Arab Rep.	Estonia	72	0	0	0	0	0	0	0
SYR	ETH	Syrian Arab Rep.	Ethiopia	118	630	0	0	0	0	0	0
SYR	FIN	Syrian Arab Rep.	Finland	2708	374	0	0	0	0	0	0
SYR	FRA	Syrian Arab Rep.	France	45381	953	0	0	0	0	0	0
SYR	GBR	Syrian Arab Rep.	United Kingdom of Great Britain and Northern Ireland	19614	7029	0	0	0	0	0	0
SYR	GEO	Syrian Arab Rep.	Georgia	439	27	0	0	0	0	0	0
SYR	GHA	Syrian Arab Rep.	Ghana	289	10	0	0	0	0	0	0
SYR	GIN	Syrian Arab Rep.	Guinea	14	0	0	0	0	0	0	0
SYR	GMB	Syrian Arab Rep.	Gambia	6	0	0	0	0	0	0	0
SYR	GRC	Syrian Arab Rep.	Greece	18046	7563	0	0	0	0	0	0
SYR	HRV	Syrian Arab Rep.	Croatia	572	133	0	0	0	0	6	0
SYR	HUN	Syrian Arab Rep.	Hungary	800	0	0	0	0	0	0	0
SYR	IDN	Syrian Arab Rep.	Indonesia	15	43	0	0	0	0	0	0
SYR	IND	Syrian Arab Rep.	India	46	89	0	0	0	0	0	0
SYR	IRL	Syrian Arab Rep.	Ireland	1424	377	0	0	0	0	0	0
SYR	IRQ	Syrian Arab Rep.	Iraq	303611	0	23896	0	0	0	0	0
SYR	ISL	Syrian Arab Rep.	Iceland	541	30	0	0	0	0	0	0
SYR	ITA	Syrian Arab Rep.	Italy	3600	326	0	0	0	0	0	0
SYR	JOR	Syrian Arab Rep.	Jordan	611473	0	65268	0	0	0	0	0
SYR	JPN	Syrian Arab Rep.	Japan	463	0	0	0	0	0	0	0
SYR	KAZ	Syrian Arab Rep.	Kazakhstan	11	5	0	0	0	0	0	0
SYR	KEN	Syrian Arab Rep.	Kenya	6	5	0	0	0	0	0	0
SYR	KGZ	Syrian Arab Rep.	Kyrgyzstan	49	5	0	0	0	0	0	0
SYR	KOR	Syrian Arab Rep.	Rep. of Korea	1281	200	0	0	0	0	0	0
SYR	KWT	Syrian Arab Rep.	Kuwait	127	75	0	0	0	0	0	0
SYR	LBN	Syrian Arab Rep.	Lebanon	755426	0	254651	0	0	0	3209	0
SYR	LBR	Syrian Arab Rep.	Liberia	67	107	0	0	0	0	0	0
SYR	LBY	Syrian Arab Rep.	Libya	352	8226	0	0	0	0	0	0
SYR	LIE	Syrian Arab Rep.	Liechtenstein	35	5	0	0	0	0	0	0
SYR	LTU	Syrian Arab Rep.	Lithuania	509	5	0	0	0	0	0	0
SYR	LUX	Syrian Arab Rep.	Luxembourg	2115	920	0	0	0	0	0	0
SYR	LVA	Syrian Arab Rep.	Latvia	302	5	0	0	0	0	0	0
SYR	MAR	Syrian Arab Rep.	Morocco	5442	6	0	0	0	0	0	0
SYR	MCO	Syrian Arab Rep.	Monaco	5	0	0	0	0	0	0	0
SYR	MDA	Syrian Arab Rep.	Rep. of Moldova	252	28	0	0	0	0	0	0
SYR	MDG	Syrian Arab Rep.	Madagascar	5	5	0	0	0	0	0	0
SYR	MEX	Syrian Arab Rep.	Mexico	42	45	0	0	0	0	0	0
SYR	MKD	Syrian Arab Rep.	North Macedonia	0	11	0	0	0	0	34	0
SYR	MLI	Syrian Arab Rep.	Mali	40	29	0	0	0	0	0	0
SYR	MLT	Syrian Arab Rep.	Malta	2394	240	0	0	0	0	0	0
SYR	MNE	Syrian Arab Rep.	Montenegro	0	5	0	0	0	0	0	0
SYR	MOZ	Syrian Arab Rep.	Mozambique	0	5	0	0	0	0	0	0
SYR	MRT	Syrian Arab Rep.	Mauritania	348	146	0	0	0	0	0	0
SYR	MUS	Syrian Arab Rep.	Mauritius	0	5	0	0	0	0	0	0
SYR	MYS	Syrian Arab Rep.	Malaysia	401	2281	0	0	0	0	0	0
SYR	NER	Syrian Arab Rep.	Niger	5	5	0	0	0	0	0	0
SYR	NGA	Syrian Arab Rep.	Nigeria	608	1031	0	0	0	0	0	0
SYR	NLD	Syrian Arab Rep.	Netherlands (Kingdom of the)	70656	15191	0	0	0	0	0	0
SYR	NOR	Syrian Arab Rep.	Norway	17609	2370	0	0	0	0	0	0
SYR	NZL	Syrian Arab Rep.	New Zealand	48	11	0	0	0	0	0	0
SYR	OMN	Syrian Arab Rep.	Oman	8	6	0	0	0	0	0	0
SYR	PAK	Syrian Arab Rep.	Pakistan	53	26	0	0	0	0	0	0
SYR	PAN	Syrian Arab Rep.	Panama	5	0	0	0	0	0	0	0
SYR	PER	Syrian Arab Rep.	Peru	46	87	0	0	0	0	0	0
SYR	PHL	Syrian Arab Rep.	Philippines	151	106	0	0	0	0	0	0
SYR	POL	Syrian Arab Rep.	Poland	174	140	0	0	0	0	0	0
SYR	PRT	Syrian Arab Rep.	Portugal	1005	0	0	0	0	0	0	0
SYR	PRY	Syrian Arab Rep.	Paraguay	79	19	0	0	0	0	0	0
SYR	QAT	Syrian Arab Rep.	Qatar	26	13	0	0	0	0	0	0
SYR	ROU	Syrian Arab Rep.	Romania	2555	137	0	0	0	0	0	0
SYR	RUS	Syrian Arab Rep.	Russian Federation	142	700	0	0	0	0	0	0
SYR	RWA	Syrian Arab Rep.	Rwanda	6	0	0	0	0	0	0	0
SYR	SAU	Syrian Arab Rep.	Saudi Arabia	281	3576	0	0	0	0	0	0
SYR	SDN	Syrian Arab Rep.	Sudan	9860	0	0	0	0	0	0	0
SYR	SEN	Syrian Arab Rep.	Senegal	0	5	0	0	0	0	0	0
SYR	SOM	Syrian Arab Rep.	Somalia	1591	178	0	0	0	0	0	0
SYR	SRB	Syrian Arab Rep.	Serbia and Kosovo: S/RES/1244 (1999)	51	21	0	0	0	0	82	0
SYR	SVK	Syrian Arab Rep.	Slovakia	69	0	0	0	0	0	0	0
SYR	SVN	Syrian Arab Rep.	Slovenia	373	36	0	0	0	0	0	0
SYR	SWE	Syrian Arab Rep.	Sweden	25632	727	0	0	0	0	0	0
SYR	SWZ	Syrian Arab Rep.	Eswatini	0	5	0	0	0	0	0	0
SYR	SYR	Syrian Arab Rep.	Syrian Arab Rep.	0	0	0	7408909	513896	0	0	16471143
SYR	TCD	Syrian Arab Rep.	Chad	38	15	0	0	0	0	0	0
SYR	TGO	Syrian Arab Rep.	Togo	9	11	0	0	0	0	0	0
SYR	THA	Syrian Arab Rep.	Thailand	173	17	0	0	0	0	0	0
SYR	TTO	Syrian Arab Rep.	Trinidad and Tobago	42	39	0	0	0	0	0	0
SYR	TUN	Syrian Arab Rep.	Tunisia	2390	0	0	0	0	0	0	0
SYR	TUR	Syrian Arab Rep.	Türkiye	2901478	0	159439	0	0	0	0	0
SYR	TZA	Syrian Arab Rep.	United Rep. of Tanzania	15	37	0	0	0	0	0	0
SYR	UGA	Syrian Arab Rep.	Uganda	42	5	0	0	0	0	0	0
SYR	UKR	Syrian Arab Rep.	Ukraine	507	11	0	0	0	0	0	0
SYR	URY	Syrian Arab Rep.	Uruguay	66	6	0	0	0	0	0	0
SYR	USA	Syrian Arab Rep.	United States of America	8410	3652	0	0	0	0	0	0
SYR	VEN	Syrian Arab Rep.	Venezuela (Bolivarian Republic of)	33	6	0	0	0	0	0	0
SYR	YEM	Syrian Arab Rep.	Yemen	2421	441	0	0	0	0	0	0
SYR	ZAF	Syrian Arab Rep.	South Africa	40	15	0	0	0	0	0	0
SYR	ZMB	Syrian Arab Rep.	Zambia	58	13	0	0	0	0	0	0
TCA	MLI	Turks and Caicos Islands	Mali	0	6	0	0	0	0	0	0
TCA	USA	Turks and Caicos Islands	United States of America	14	0	0	0	0	0	0	0
TCD	AGO	Chad	Angola	189	779	0	0	0	0	0	0
TCD	AUS	Chad	Australia	0	8	0	0	0	0	0	0
TCD	AUT	Chad	Austria	9	9	0	0	0	0	0	0
TCD	BEL	Chad	Belgium	65	52	0	0	0	0	0	0
TCD	BEN	Chad	Benin	152	118	0	0	0	0	0	0
TCD	BFA	Chad	Burkina Faso	55	5	0	0	0	0	0	0
TCD	CAF	Chad	Central African Rep.	5001	7814	0	0	0	0	0	0
TCD	CAN	Chad	Canada	866	2279	0	0	0	0	0	0
TCD	CHE	Chad	Switzerland	28	17	0	0	0	0	0	0
TCD	CIV	Chad	Cote d'Ivoire	5	9	0	0	0	0	0	0
TCD	CMR	Chad	Cameroon	1780	2498	12	0	0	0	94	0
TCD	COD	Chad	Dem. Rep. of the Congo	6	6	0	0	0	0	21	0
TCD	COG	Chad	Congo	39	98	0	0	0	0	0	0
TCD	DEU	Chad	Germany	172	76	0	0	0	0	0	0
TCD	DNK	Chad	Denmark	10	0	0	0	0	0	0	0
TCD	DZA	Chad	Algeria	0	54	0	0	0	0	0	0
TCD	EGY	Chad	Egypt	59	89	0	0	0	0	0	0
TCD	ESP	Chad	Spain	45	25	0	0	0	0	0	0
TCD	ETH	Chad	Ethiopia	0	5	0	0	0	0	0	0
TCD	FRA	Chad	France	4054	674	0	0	0	0	0	0
TCD	GAB	Chad	Gabon	20	34	0	0	0	0	0	0
TCD	GBR	Chad	United Kingdom of Great Britain and Northern Ireland	336	117	0	0	0	0	0	0
TCD	GHA	Chad	Ghana	44	12	0	0	0	0	0	0
TCD	GRC	Chad	Greece	9	0	0	0	0	0	0	0
TCD	IRL	Chad	Ireland	5	5	0	0	0	0	0	0
TCD	ISL	Chad	Iceland	5	0	0	0	0	0	0	0
TCD	ISR	Chad	Israel	5	5	0	0	0	0	0	0
TCD	ITA	Chad	Italy	177	80	0	0	0	0	0	0
TCD	JOR	Chad	Jordan	12	5	0	0	0	0	0	0
TCD	LBN	Chad	Lebanon	0	5	0	0	0	0	0	0
TCD	LUX	Chad	Luxembourg	0	5	0	0	0	0	0	0
TCD	MAR	Chad	Morocco	8	126	0	0	0	0	0	0
TCD	MEX	Chad	Mexico	0	10	0	0	0	0	0	0
TCD	MLI	Chad	Mali	5	22	0	0	0	0	0	0
TCD	MLT	Chad	Malta	0	15	0	0	0	0	0	0
TCD	MRT	Chad	Mauritania	0	5	0	0	0	0	0	0
TCD	NER	Chad	Niger	140	11902	0	0	0	0	0	0
TCD	NGA	Chad	Nigeria	59	34	0	0	0	0	0	0
TCD	NLD	Chad	Netherlands (Kingdom of the)	6	22	0	0	0	0	0	0
TCD	NOR	Chad	Norway	5	0	0	0	0	0	0	0
TCD	PHL	Chad	Philippines	0	20	0	0	0	0	0	0
TCD	POL	Chad	Poland	0	5	0	0	0	0	0	0
TCD	RWA	Chad	Rwanda	6	0	0	0	0	0	0	0
TCD	SDN	Chad	Sudan	955	6	0	0	0	0	7	0
TCD	SEN	Chad	Senegal	5	22	0	0	0	0	0	0
TCD	SSD	Chad	South Sudan	20	6	0	0	0	0	0	0
TCD	SWE	Chad	Sweden	16	0	0	0	0	0	0	0
TCD	SYR	Chad	Syrian Arab Rep.	9	0	0	0	0	0	0	0
TCD	TCD	Chad	Chad	0	0	0	220610	0	0	317279	0
TCD	TGO	Chad	Togo	10	14	0	0	0	0	0	0
TCD	TUN	Chad	Tunisia	5	70	0	0	0	0	0	0
TCD	UGA	Chad	Uganda	5	10	0	0	0	0	0	0
TCD	USA	Chad	United States of America	215	1062	0	0	0	0	0	0
TGO	AUT	Togo	Austria	8	6	0	0	0	0	0	0
TGO	BEL	Togo	Belgium	95	282	0	0	0	0	0	0
TGO	BEN	Togo	Benin	4717	50	0	0	0	0	0	0
TGO	BFA	Togo	Burkina Faso	17	472	0	0	0	0	0	0
TGO	BRA	Togo	Brazil	81	538	0	0	0	0	0	0
TGO	CAN	Togo	Canada	194	778	0	0	0	0	0	0
TGO	CHE	Togo	Switzerland	434	19	0	0	0	0	0	0
TGO	CIV	Togo	Cote d'Ivoire	19	6	0	0	0	0	0	0
TGO	CMR	Togo	Cameroon	18	21	0	0	0	0	0	0
TGO	CYP	Togo	Cyprus	0	13	0	0	0	0	0	0
TGO	DEU	Togo	Germany	915	535	0	0	0	0	0	0
TGO	DNK	Togo	Denmark	5	0	0	0	0	0	0	0
TGO	DZA	Togo	Algeria	0	29	0	0	0	0	0	0
TGO	EGY	Togo	Egypt	0	6	0	0	0	0	0	0
TGO	ESP	Togo	Spain	5	35	0	0	0	0	0	0
TGO	FRA	Togo	France	1262	137	0	0	0	0	0	0
TGO	GAB	Togo	Gabon	5	0	0	0	0	0	0	0
TGO	GBR	Togo	United Kingdom of Great Britain and Northern Ireland	25	13	0	0	0	0	0	0
TGO	GHA	Togo	Ghana	3404	14	0	0	0	0	0	0
TGO	GIN	Togo	Guinea	8	0	0	0	0	0	0	0
TGO	GMB	Togo	Gambia	15	0	0	0	0	0	0	0
TGO	GRC	Togo	Greece	78	19	0	0	0	0	0	0
TGO	IRL	Togo	Ireland	27	45	0	0	0	0	0	0
TGO	ISR	Togo	Israel	0	34	0	0	0	0	0	0
TGO	ITA	Togo	Italy	683	270	0	0	0	0	0	0
TGO	LBN	Togo	Lebanon	0	5	0	0	0	0	0	0
TGO	LBR	Togo	Liberia	5	0	0	0	0	0	0	0
TGO	LUX	Togo	Luxembourg	8	10	0	0	0	0	0	0
TGO	MAR	Togo	Morocco	0	17	0	0	0	0	0	0
TGO	MEX	Togo	Mexico	23	117	0	0	0	0	0	0
TGO	MLI	Togo	Mali	38	0	0	0	0	0	0	0
TGO	MLT	Togo	Malta	0	5	0	0	0	0	0	0
TGO	MRT	Togo	Mauritania	14	245	0	0	0	0	0	0
TGO	NER	Togo	Niger	5	7	0	0	0	0	0	0
TGO	NGA	Togo	Nigeria	14	0	0	0	0	0	0	0
TGO	NLD	Togo	Netherlands (Kingdom of the)	21	5	0	0	0	0	0	0
TGO	PER	Togo	Peru	0	7	0	0	0	0	0	0
TGO	PRT	Togo	Portugal	8	0	0	0	0	0	0	0
TGO	SEN	Togo	Senegal	0	13	0	0	0	0	0	0
TGO	SWE	Togo	Sweden	6	0	0	0	0	0	0	0
TGO	TGO	Togo	Togo	0	0	0	9680	0	0	0	0
TGO	TUN	Togo	Tunisia	0	5	0	0	0	0	0	0
TGO	USA	Togo	United States of America	516	1488	0	0	0	0	0	0
TGO	ZAF	Togo	South Africa	12	5	0	0	0	0	0	0
THA	AUS	Thailand	Australia	14	2536	0	0	0	0	0	0
THA	AUT	Thailand	Austria	5	0	0	0	0	0	0	0
THA	BRA	Thailand	Brazil	0	44	0	0	0	0	0	0
THA	CAN	Thailand	Canada	22	39	0	0	0	0	0	0
THA	CHE	Thailand	Switzerland	5	0	0	0	0	0	0	0
THA	DEU	Thailand	Germany	37	34	0	0	0	0	0	0
THA	DNK	Thailand	Denmark	20	0	0	0	0	0	0	0
THA	ESP	Thailand	Spain	0	15	0	0	0	0	0	0
THA	FRA	Thailand	France	27	0	0	0	0	0	0	0
THA	GBR	Thailand	United Kingdom of Great Britain and Northern Ireland	50	325	0	0	0	0	0	0
THA	IRL	Thailand	Ireland	0	5	0	0	0	0	0	0
THA	ISR	Thailand	Israel	0	187	0	0	0	0	0	0
THA	ITA	Thailand	Italy	0	58	0	0	0	0	0	0
THA	KOR	Thailand	Rep. of Korea	10	189	0	0	0	0	0	0
THA	MYS	Thailand	Malaysia	23	13	0	0	0	0	0	0
THA	NLD	Thailand	Netherlands (Kingdom of the)	10	0	0	0	0	0	0	0
THA	NOR	Thailand	Norway	16	0	0	0	0	0	0	0
THA	NZL	Thailand	New Zealand	6	8	0	0	0	0	0	0
THA	PER	Thailand	Peru	0	6	0	0	0	0	0	0
THA	PHL	Thailand	Philippines	5	0	0	0	0	0	0	0
THA	SWE	Thailand	Sweden	21	10	0	0	0	0	0	0
THA	USA	Thailand	United States of America	29	548	0	0	0	0	0	0
THA	ZAF	Thailand	South Africa	0	5	0	0	0	0	0	0
TIB	BEL	Tibetan	Belgium	5	0	0	0	0	0	0	0
TIB	FRA	Tibetan	France	31	0	0	0	0	0	0	0
TIB	NPL	Tibetan	Nepal	12540	0	0	0	0	0	0	0
TJK	AFG	Tajikistan	Afghanistan	0	6	0	0	0	0	0	0
TJK	ARM	Tajikistan	Armenia	0	5	0	0	0	0	0	0
TJK	AUT	Tajikistan	Austria	304	23	0	0	0	0	0	0
TJK	BEL	Tajikistan	Belgium	15	25	0	0	0	0	0	0
TJK	BLR	Tajikistan	Belarus	10	0	0	0	0	0	0	0
TJK	CAN	Tajikistan	Canada	74	107	0	0	0	0	0	0
TJK	CHE	Tajikistan	Switzerland	33	7	0	0	0	0	0	0
TJK	CYP	Tajikistan	Cyprus	0	5	0	0	0	0	0	0
TJK	CZE	Tajikistan	Czechia	14	6	0	0	0	0	0	0
TJK	DEU	Tajikistan	Germany	2118	1019	0	0	0	0	0	0
TJK	DNK	Tajikistan	Denmark	13	0	0	0	0	0	0	0
TJK	EGY	Tajikistan	Egypt	0	5	0	0	0	0	0	0
TJK	ESP	Tajikistan	Spain	21	5	0	0	0	0	0	0
TJK	EST	Tajikistan	Estonia	5	0	0	0	0	0	0	0
TJK	FIN	Tajikistan	Finland	14	0	0	0	0	0	0	0
TJK	FRA	Tajikistan	France	227	33	0	0	0	0	0	0
TJK	GBR	Tajikistan	United Kingdom of Great Britain and Northern Ireland	187	669	0	0	0	0	0	0
TJK	GEO	Tajikistan	Georgia	5	5	0	0	0	0	0	0
TJK	GRC	Tajikistan	Greece	5	0	0	0	0	0	0	0
TJK	IND	Tajikistan	India	5	0	0	0	0	0	0	0
TJK	IRL	Tajikistan	Ireland	29	0	0	0	0	0	0	0
TJK	ISR	Tajikistan	Israel	0	5	0	0	0	0	0	0
TJK	ITA	Tajikistan	Italy	17	39	0	0	0	0	0	0
TJK	JOR	Tajikistan	Jordan	10	10	0	0	0	0	0	0
TJK	KGZ	Tajikistan	Kyrgyzstan	0	1390	0	0	0	0	0	0
TJK	KOR	Tajikistan	Rep. of Korea	0	483	0	0	0	0	0	0
TJK	LTU	Tajikistan	Lithuania	112	9	0	0	0	0	0	0
TJK	LUX	Tajikistan	Luxembourg	5	0	0	0	0	0	0	0
TJK	LVA	Tajikistan	Latvia	12	60	0	0	0	0	0	0
TJK	MDA	Tajikistan	Rep. of Moldova	6	23	0	0	0	0	0	0
TJK	MEX	Tajikistan	Mexico	0	14	0	0	0	0	0	0
TJK	NLD	Tajikistan	Netherlands (Kingdom of the)	56	46	0	0	0	0	0	0
TJK	NOR	Tajikistan	Norway	19	5	0	0	0	0	0	0
TJK	PAK	Tajikistan	Pakistan	7	8	0	0	0	0	0	0
TJK	POL	Tajikistan	Poland	210	242	0	0	0	0	0	0
TJK	PRT	Tajikistan	Portugal	5	0	0	0	0	0	0	0
TJK	ROU	Tajikistan	Romania	6	0	0	0	0	0	0	0
TJK	RUS	Tajikistan	Russian Federation	35	11	0	0	0	0	0	0
TJK	SWE	Tajikistan	Sweden	51	14	0	0	0	0	0	0
TJK	UKR	Tajikistan	Ukraine	19	62	0	0	0	0	0	0
TJK	USA	Tajikistan	United States of America	396	3604	0	0	0	0	0	0
TKM	AUT	Turkmenistan	Austria	11	5	0	0	0	0	0	0
TKM	BEL	Turkmenistan	Belgium	11	7	0	0	0	0	0	0
TKM	BGR	Turkmenistan	Bulgaria	12	0	0	0	0	0	0	0
TKM	CAN	Turkmenistan	Canada	17	13	0	0	0	0	0	0
TKM	CHE	Turkmenistan	Switzerland	23	10	0	0	0	0	0	0
TKM	CYP	Turkmenistan	Cyprus	9	8	0	0	0	0	0	0
TKM	CZE	Turkmenistan	Czechia	18	0	0	0	0	0	0	0
TKM	DEU	Turkmenistan	Germany	1593	219	0	0	0	0	0	0
TKM	ECU	Turkmenistan	Ecuador	5	0	0	0	0	0	0	0
TKM	EGY	Turkmenistan	Egypt	5	0	0	0	0	0	0	0
TKM	ESP	Turkmenistan	Spain	27	5	0	0	0	0	0	0
TKM	FIN	Turkmenistan	Finland	7	0	0	0	0	0	0	0
TKM	FRA	Turkmenistan	France	52	0	0	0	0	0	0	0
TKM	GBR	Turkmenistan	United Kingdom of Great Britain and Northern Ireland	63	18	0	0	0	0	0	0
TKM	GEO	Turkmenistan	Georgia	0	7	0	0	0	0	0	0
TKM	GRC	Turkmenistan	Greece	0	8	0	0	0	0	0	0
TKM	HRV	Turkmenistan	Croatia	0	5	0	0	0	0	0	0
TKM	IND	Turkmenistan	India	0	5	0	0	0	0	0	0
TKM	IRL	Turkmenistan	Ireland	5	0	0	0	0	0	0	0
TKM	ISR	Turkmenistan	Israel	0	5	0	0	0	0	0	0
TKM	ITA	Turkmenistan	Italy	6	0	0	0	0	0	0	0
TKM	KGZ	Turkmenistan	Kyrgyzstan	8	5	0	0	0	0	0	0
TKM	KOR	Turkmenistan	Rep. of Korea	0	194	0	0	0	0	0	0
TKM	MDA	Turkmenistan	Rep. of Moldova	5	10	0	0	0	0	0	0
TKM	MEX	Turkmenistan	Mexico	0	5	0	0	0	0	0	0
TKM	NGA	Turkmenistan	Nigeria	5	0	0	0	0	0	0	0
TKM	NLD	Turkmenistan	Netherlands (Kingdom of the)	90	20	0	0	0	0	0	0
TKM	NOR	Turkmenistan	Norway	9	5	0	0	0	0	0	0
TKM	PER	Turkmenistan	Peru	5	5	0	0	0	0	0	0
TKM	POL	Turkmenistan	Poland	130	32	0	0	0	0	0	0
TKM	PRT	Turkmenistan	Portugal	10	0	0	0	0	0	0	0
TKM	ROU	Turkmenistan	Romania	24	0	0	0	0	0	0	0
TKM	RUS	Turkmenistan	Russian Federation	139	13	0	0	0	0	0	0
TKM	SVK	Turkmenistan	Slovakia	5	0	0	0	0	0	0	0
TKM	SWE	Turkmenistan	Sweden	30	0	0	0	0	0	0	0
TKM	UGA	Turkmenistan	Uganda	10	8	0	0	0	0	0	0
TKM	UKR	Turkmenistan	Ukraine	5	5	0	0	0	0	0	0
TKM	USA	Turkmenistan	United States of America	241	1710	0	0	0	0	0	0
TLS	AUS	Timor-Leste	Australia	0	1176	0	0	0	0	0	0
TLS	CAN	Timor-Leste	Canada	0	5	0	0	0	0	0	0
TLS	DEU	Timor-Leste	Germany	0	10	0	0	0	0	0	0
TLS	GBR	Timor-Leste	United Kingdom of Great Britain and Northern Ireland	0	229	0	0	0	0	0	0
TLS	ISR	Timor-Leste	Israel	0	10	0	0	0	0	0	0
TLS	MYS	Timor-Leste	Malaysia	5	0	0	0	0	0	0	0
TLS	PRT	Timor-Leste	Portugal	0	5	0	0	0	0	0	0
TLS	USA	Timor-Leste	United States of America	0	18	0	0	0	0	0	0
TON	AUS	Tonga	Australia	32	1691	0	0	0	0	0	0
TON	CAN	Tonga	Canada	0	5	0	0	0	0	0	0
TON	FJI	Tonga	Fiji	5	0	0	0	0	0	0	0
TON	GBR	Tonga	United Kingdom of Great Britain and Northern Ireland	0	5	0	0	0	0	0	0
TON	NZL	Tonga	New Zealand	5	6	0	0	0	0	0	0
TON	USA	Tonga	United States of America	0	5	0	0	0	0	0	0
TTO	BEL	Trinidad and Tobago	Belgium	0	7	0	0	0	0	0	0
TTO	BRA	Trinidad and Tobago	Brazil	6	27	0	0	0	0	0	0
TTO	CAN	Trinidad and Tobago	Canada	123	201	0	0	0	0	0	0
TTO	DEU	Trinidad and Tobago	Germany	9	11	0	0	0	0	0	0
TTO	ESP	Trinidad and Tobago	Spain	9	10	0	0	0	0	0	0
TTO	GBR	Trinidad and Tobago	United Kingdom of Great Britain and Northern Ireland	206	469	0	0	0	0	0	0
TTO	IRL	Trinidad and Tobago	Ireland	0	5	0	0	0	0	0	0
TTO	ITA	Trinidad and Tobago	Italy	0	5	0	0	0	0	0	0
TTO	MEX	Trinidad and Tobago	Mexico	5	12	0	0	0	0	0	0
TTO	NLD	Trinidad and Tobago	Netherlands (Kingdom of the)	79	19	0	0	0	0	0	0
TTO	TTO	Trinidad and Tobago	Trinidad and Tobago	0	0	0	0	0	0	1333	711
TTO	USA	Trinidad and Tobago	United States of America	37	344	0	0	0	0	0	0
TUN	ARE	Tunisia	United Arab Emirates	5	0	0	0	0	0	0	0
TUN	ARG	Tunisia	Argentina	0	8	0	0	0	0	0	0
TUN	ARM	Tunisia	Armenia	0	5	0	0	0	0	0	0
TUN	AUS	Tunisia	Australia	10	9	0	0	0	0	0	0
TUN	AUT	Tunisia	Austria	48	98	0	0	0	0	0	0
TUN	BEL	Tunisia	Belgium	72	220	0	0	0	0	0	0
TUN	BGR	Tunisia	Bulgaria	5	5	0	0	0	0	0	0
TUN	BIH	Tunisia	Bosnia and Herzegovina	0	0	0	0	0	0	5	0
TUN	BRA	Tunisia	Brazil	15	466	0	0	0	0	0	0
TUN	CAN	Tunisia	Canada	237	469	0	0	0	0	0	0
TUN	CHE	Tunisia	Switzerland	192	125	59	0	0	0	0	0
TUN	CZE	Tunisia	Czechia	0	8	0	0	0	0	0	0
TUN	DEU	Tunisia	Germany	721	1656	0	0	0	0	0	0
TUN	DNK	Tunisia	Denmark	24	10	0	0	0	0	0	0
TUN	DZA	Tunisia	Algeria	0	18	0	0	0	0	0	0
TUN	ESP	Tunisia	Spain	120	95	0	0	0	0	0	0
TUN	FIN	Tunisia	Finland	7	11	0	0	0	0	0	0
TUN	FRA	Tunisia	France	780	199	0	0	0	0	0	0
TUN	GBR	Tunisia	United Kingdom of Great Britain and Northern Ireland	134	213	0	0	0	0	0	0
TUN	GRC	Tunisia	Greece	17	14	0	0	0	0	0	0
TUN	HRV	Tunisia	Croatia	0	5	0	0	0	0	0	0
TUN	HUN	Tunisia	Hungary	7	0	0	0	0	0	0	0
TUN	IRL	Tunisia	Ireland	19	87	0	0	0	0	0	0
TUN	ITA	Tunisia	Italy	821	6219	0	0	0	0	0	0
TUN	JOR	Tunisia	Jordan	10	0	0	0	0	0	0	0
TUN	KOR	Tunisia	Rep. of Korea	0	456	0	0	0	0	0	0
TUN	LBN	Tunisia	Lebanon	6	5	0	0	0	0	0	0
TUN	LIE	Tunisia	Liechtenstein	0	5	0	0	0	0	0	0
TUN	LUX	Tunisia	Luxembourg	5	80	0	0	0	0	0	0
TUN	MAR	Tunisia	Morocco	0	8	0	0	0	0	0	0
TUN	MLT	Tunisia	Malta	6	0	0	0	0	0	0	0
TUN	MRT	Tunisia	Mauritania	0	5	0	0	0	0	0	0
TUN	NLD	Tunisia	Netherlands (Kingdom of the)	59	112	0	0	0	0	0	0
TUN	NOR	Tunisia	Norway	16	5	0	0	0	0	0	0
TUN	PER	Tunisia	Peru	0	5	0	0	0	0	0	0
TUN	PHL	Tunisia	Philippines	0	6	0	0	0	0	0	0
TUN	POL	Tunisia	Poland	10	7	0	0	0	0	0	0
TUN	PRT	Tunisia	Portugal	51	11	0	0	0	0	0	0
TUN	ROU	Tunisia	Romania	7	0	0	0	0	0	0	0
TUN	SAU	Tunisia	Saudi Arabia	6	0	0	0	0	0	0	0
TUN	SVK	Tunisia	Slovakia	5	0	0	0	0	0	0	0
TUN	SVN	Tunisia	Slovenia	0	12	0	0	0	0	0	0
TUN	SWE	Tunisia	Sweden	52	21	0	0	0	0	0	0
TUN	SYR	Tunisia	Syrian Arab Rep.	5	15	0	0	0	0	0	0
TUN	URY	Tunisia	Uruguay	0	7	0	0	0	0	0	0
TUN	USA	Tunisia	United States of America	121	715	0	0	0	0	0	0
TUR	AGO	Türkiye	Angola	0	32	0	0	0	0	0	0
TUR	ARG	Türkiye	Argentina	6	29	0	0	0	0	0	0
TUR	ARM	Türkiye	Armenia	25	22	0	0	0	0	0	0
TUR	AUS	Türkiye	Australia	148	725	0	0	0	0	0	0
TUR	AUT	Türkiye	Austria	929	3720	0	0	0	0	0	0
TUR	BEL	Türkiye	Belgium	3449	3940	0	0	0	0	0	0
TUR	BFA	Türkiye	Burkina Faso	37	0	0	0	0	0	0	0
TUR	BGR	Türkiye	Bulgaria	12	20	0	0	0	0	0	0
TUR	BIH	Türkiye	Bosnia and Herzegovina	66	33	0	0	0	0	31	0
TUR	BLR	Türkiye	Belarus	19	0	0	0	0	0	0	0
TUR	BRA	Türkiye	Brazil	27	124	0	0	0	0	0	0
TUR	CAF	Türkiye	Central African Rep.	9	5	0	0	0	0	0	0
TUR	CAN	Türkiye	Canada	12341	7877	0	0	0	0	0	0
TUR	CHE	Türkiye	Switzerland	12152	6104	667	0	0	0	0	0
TUR	CHL	Türkiye	Chile	27	5	0	0	0	0	0	0
TUR	CIV	Türkiye	Cote d'Ivoire	34	0	0	0	0	0	0	0
TUR	CMR	Türkiye	Cameroon	5	0	0	0	0	0	0	0
TUR	COL	Türkiye	Colombia	7	0	0	0	0	0	0	0
TUR	CRI	Türkiye	Costa Rica	0	8	0	0	0	0	0	0
TUR	CYP	Türkiye	Cyprus	305	196	0	0	0	0	0	0
TUR	CZE	Türkiye	Czechia	22	38	0	0	0	0	0	0
TUR	DEU	Türkiye	Germany	47201	80664	0	0	0	0	0	0
TUR	DNK	Türkiye	Denmark	135	228	0	0	0	0	0	0
TUR	DZA	Türkiye	Algeria	5	0	0	0	0	0	0	0
TUR	EGY	Türkiye	Egypt	0	234	0	0	0	0	0	0
TUR	ESP	Türkiye	Spain	214	135	0	0	0	0	0	0
TUR	EST	Türkiye	Estonia	37	5	0	0	0	0	0	0
TUR	FIN	Türkiye	Finland	1078	288	0	0	0	0	0	0
TUR	FRA	Türkiye	France	24159	4791	0	0	0	0	0	0
TUR	GBR	Türkiye	United Kingdom of Great Britain and Northern Ireland	5014	5194	0	0	0	0	0	0
TUR	GEO	Türkiye	Georgia	5	115	0	0	0	0	0	0
TUR	GHA	Türkiye	Ghana	79	7	0	0	0	0	0	0
TUR	GNB	Türkiye	Guinea-Bissau	0	5	0	0	0	0	0	0
TUR	GRC	Türkiye	Greece	981	2121	0	0	0	0	0	0
TUR	HKG	Türkiye	China, Hong Kong SAR	5	0	0	0	0	0	0	0
TUR	HRV	Türkiye	Croatia	33	149	0	0	0	0	8	0
TUR	HUN	Türkiye	Hungary	37	0	0	0	0	0	0	0
TUR	IDN	Türkiye	Indonesia	0	5	0	0	0	0	0	0
TUR	IND	Türkiye	India	5	0	0	0	0	0	0	0
TUR	IRL	Türkiye	Ireland	57	74	0	0	0	0	0	0
TUR	IRQ	Türkiye	Iraq	4213	3590	0	0	0	0	410	0
TUR	ISL	Türkiye	Iceland	36	27	0	0	0	0	0	0
TUR	ISR	Türkiye	Israel	5	207	0	0	0	0	0	0
TUR	ITA	Türkiye	Italy	2391	2404	0	0	0	0	0	0
TUR	JPN	Türkiye	Japan	58	0	0	0	0	0	0	0
TUR	KEN	Türkiye	Kenya	178	54	0	0	0	0	0	0
TUR	KGZ	Türkiye	Kyrgyzstan	0	112	0	0	0	0	0	0
TUR	KOR	Türkiye	Rep. of Korea	6	1352	0	0	0	0	0	0
TUR	LBN	Türkiye	Lebanon	7	10	0	0	0	0	25	0
TUR	LBR	Türkiye	Liberia	16	0	0	0	0	0	0	0
TUR	LTU	Türkiye	Lithuania	74	5	0	0	0	0	0	0
TUR	LUX	Türkiye	Luxembourg	171	200	0	0	0	0	0	0
TUR	LVA	Türkiye	Latvia	37	0	0	0	0	0	0	0
TUR	MAR	Türkiye	Morocco	5	34	0	0	0	0	0	0
TUR	MDA	Türkiye	Rep. of Moldova	83	23	0	0	0	0	0	0
TUR	MEX	Türkiye	Mexico	9	35	0	0	0	0	0	0
TUR	MLI	Türkiye	Mali	27	5	0	0	0	0	0	0
TUR	MLT	Türkiye	Malta	21	5	0	0	0	0	0	0
TUR	MNE	Türkiye	Montenegro	0	13	0	0	0	0	0	0
TUR	MOZ	Türkiye	Mozambique	0	30	0	0	0	0	0	0
TUR	MRT	Türkiye	Mauritania	0	7	0	0	0	0	0	0
TUR	MWI	Türkiye	Malawi	0	5	0	0	0	0	0	0
TUR	NGA	Türkiye	Nigeria	439	18	0	0	0	0	0	0
TUR	NLD	Türkiye	Netherlands (Kingdom of the)	10790	3622	0	0	0	0	0	0
TUR	NOR	Türkiye	Norway	1470	464	0	0	0	0	0	0
TUR	NZL	Türkiye	New Zealand	45	27	0	0	0	0	0	0
TUR	PAK	Türkiye	Pakistan	5	0	0	0	0	0	0	0
TUR	PER	Türkiye	Peru	41	101	0	0	0	0	0	0
TUR	PHL	Türkiye	Philippines	60	21	0	0	0	0	0	0
TUR	POL	Türkiye	Poland	331	65	0	0	0	0	0	0
TUR	PRT	Türkiye	Portugal	69	21	0	0	0	0	0	0
TUR	PRY	Türkiye	Paraguay	5	5	0	0	0	0	0	0
TUR	ROU	Türkiye	Romania	229	10	0	0	0	0	0	0
TUR	RUS	Türkiye	Russian Federation	5	0	0	0	0	0	0	0
TUR	SEN	Türkiye	Senegal	0	5	0	0	0	0	0	0
TUR	SRB	Türkiye	Serbia and Kosovo: S/RES/1244 (1999)	129	36	0	0	0	0	30	0
TUR	SVK	Türkiye	Slovakia	22	7	0	0	0	0	0	0
TUR	SVN	Türkiye	Slovenia	66	6	0	0	0	0	0	0
TUR	SWE	Türkiye	Sweden	1908	255	0	0	0	0	0	0
TUR	SYR	Türkiye	Syrian Arab Rep.	5	0	0	0	0	0	0	0
TUR	TGO	Türkiye	Togo	10	0	0	0	0	0	0	0
TUR	TZA	Türkiye	United Rep. of Tanzania	10	5	0	0	0	0	0	0
TUR	UGA	Türkiye	Uganda	95	0	0	0	0	0	0	0
TUR	UKR	Türkiye	Ukraine	6	0	0	0	0	0	0	0
TUR	URY	Türkiye	Uruguay	13	6	0	0	0	0	0	0
TUR	USA	Türkiye	United States of America	7853	28521	0	0	0	0	0	0
TUR	VEN	Türkiye	Venezuela (Bolivarian Republic of)	6	0	0	0	0	0	0	0
TUR	ZAF	Türkiye	South Africa	5	10	0	0	0	0	0	0
TUR	ZMB	Türkiye	Zambia	21	5	0	0	0	0	0	0
TUV	AUS	Tuvalu	Australia	0	5	0	0	0	0	0	0
TUV	NZL	Tuvalu	New Zealand	0	6	0	0	0	0	0	0
TZA	AGO	United Rep. of Tanzania	Angola	5	0	0	0	0	0	0	0
TZA	AUS	United Rep. of Tanzania	Australia	0	21	0	0	0	0	0	0
TZA	AUT	United Rep. of Tanzania	Austria	5	0	0	0	0	0	0	0
TZA	BEL	United Rep. of Tanzania	Belgium	38	47	0	0	0	0	0	0
TZA	BGR	United Rep. of Tanzania	Bulgaria	5	0	0	0	0	0	0	0
TZA	BRA	United Rep. of Tanzania	Brazil	5	39	0	0	0	0	0	0
TZA	CAN	United Rep. of Tanzania	Canada	497	981	0	0	0	0	0	0
TZA	CHE	United Rep. of Tanzania	Switzerland	12	8	5	0	0	0	0	0
TZA	DEU	United Rep. of Tanzania	Germany	148	278	0	0	0	0	0	0
TZA	DNK	United Rep. of Tanzania	Denmark	13	0	0	0	0	0	0	0
TZA	ESP	United Rep. of Tanzania	Spain	5	25	0	0	0	0	0	0
TZA	FIN	United Rep. of Tanzania	Finland	5	6	0	0	0	0	0	0
TZA	FRA	United Rep. of Tanzania	France	47	12	0	0	0	0	0	0
TZA	GBR	United Rep. of Tanzania	United Kingdom of Great Britain and Northern Ireland	179	171	0	0	0	0	0	0
TZA	GRC	United Rep. of Tanzania	Greece	5	0	0	0	0	0	0	0
TZA	IDN	United Rep. of Tanzania	Indonesia	0	16	0	0	0	0	0	0
TZA	IND	United Rep. of Tanzania	India	0	6	0	0	0	0	0	0
TZA	IRL	United Rep. of Tanzania	Ireland	5	16	0	0	0	0	0	0
TZA	ISR	United Rep. of Tanzania	Israel	0	160	0	0	0	0	0	0
TZA	ITA	United Rep. of Tanzania	Italy	10	7	0	0	0	0	0	0
TZA	KEN	United Rep. of Tanzania	Kenya	17	131	0	0	0	0	0	0
TZA	KOR	United Rep. of Tanzania	Rep. of Korea	0	190	0	0	0	0	0	0
TZA	LUX	United Rep. of Tanzania	Luxembourg	0	10	0	0	0	0	0	0
TZA	MEX	United Rep. of Tanzania	Mexico	0	5	0	0	0	0	0	0
TZA	NLD	United Rep. of Tanzania	Netherlands (Kingdom of the)	19	34	0	0	0	0	0	0
TZA	NOR	United Rep. of Tanzania	Norway	16	0	0	0	0	0	0	0
TZA	NZL	United Rep. of Tanzania	New Zealand	0	5	0	0	0	0	0	0
TZA	PAK	United Rep. of Tanzania	Pakistan	0	5	0	0	0	0	0	0
TZA	PER	United Rep. of Tanzania	Peru	0	6	0	0	0	0	0	0
TZA	POL	United Rep. of Tanzania	Poland	0	5	0	0	0	0	0	0
TZA	PRT	United Rep. of Tanzania	Portugal	15	0	0	0	0	0	0	0
TZA	SOM	United Rep. of Tanzania	Somalia	0	141	0	0	0	0	0	0
TZA	SWE	United Rep. of Tanzania	Sweden	90	11	0	0	0	0	0	0
TZA	SWZ	United Rep. of Tanzania	Eswatini	0	5	0	0	0	0	0	0
TZA	UGA	United Rep. of Tanzania	Uganda	19	0	0	0	0	0	0	0
TZA	USA	United Rep. of Tanzania	United States of America	71	1297	0	0	0	0	0	0
TZA	YEM	United Rep. of Tanzania	Yemen	0	0	0	0	0	0	10	0
TZA	ZAF	United Rep. of Tanzania	South Africa	28	262	0	0	0	0	0	0
UGA	AGO	Uganda	Angola	0	6	0	0	0	0	0	0
UGA	AUS	Uganda	Australia	43	101	0	0	0	0	0	0
UGA	AUT	Uganda	Austria	44	13	0	0	0	0	0	0
UGA	BDI	Uganda	Burundi	15	0	0	0	0	0	0	0
UGA	BEL	Uganda	Belgium	27	42	0	0	0	0	0	0
UGA	BRA	Uganda	Brazil	11	10	0	0	0	0	0	0
UGA	BWA	Uganda	Botswana	8	0	0	0	0	0	0	0
UGA	CAF	Uganda	Central African Rep.	15	0	0	0	0	0	0	0
UGA	CAN	Uganda	Canada	2559	4505	0	0	0	0	0	0
UGA	CHE	Uganda	Switzerland	63	35	5	0	0	0	0	0
UGA	CHN	Uganda	China	7	54	0	0	0	0	0	0
UGA	COD	Uganda	Dem. Rep. of the Congo	25	0	0	0	0	0	0	0
UGA	CYP	Uganda	Cyprus	0	5	0	0	0	0	0	0
UGA	CZE	Uganda	Czechia	5	0	0	0	0	0	0	0
UGA	DEU	Uganda	Germany	395	656	0	0	0	0	0	0
UGA	DNK	Uganda	Denmark	139	36	0	0	0	0	0	0
UGA	ECU	Uganda	Ecuador	5	0	0	0	0	0	0	0
UGA	EGY	Uganda	Egypt	12	11	0	0	0	0	0	0
UGA	ESP	Uganda	Spain	15	15	0	0	0	0	0	0
UGA	ETH	Uganda	Ethiopia	14	5	0	0	0	0	0	0
UGA	FIN	Uganda	Finland	51	27	0	0	0	0	0	0
UGA	FRA	Uganda	France	269	54	0	0	0	0	0	0
UGA	GBR	Uganda	United Kingdom of Great Britain and Northern Ireland	1313	485	0	0	0	0	0	0
UGA	GHA	Uganda	Ghana	11	0	0	0	0	0	0	0
UGA	GRC	Uganda	Greece	104	33	0	0	0	0	0	0
UGA	HKG	Uganda	China, Hong Kong SAR	6	0	0	0	0	0	0	0
UGA	HUN	Uganda	Hungary	8	0	0	0	0	0	0	0
UGA	IDN	Uganda	Indonesia	0	22	0	0	0	0	0	0
UGA	IND	Uganda	India	5	61	0	0	0	0	0	0
UGA	IRL	Uganda	Ireland	82	60	0	0	0	0	0	0
UGA	ISL	Uganda	Iceland	50	7	0	0	0	0	0	0
UGA	ISR	Uganda	Israel	0	470	0	0	0	0	0	0
UGA	ITA	Uganda	Italy	75	19	0	0	0	0	0	0
UGA	JPN	Uganda	Japan	16	0	0	0	0	0	0	0
UGA	KEN	Uganda	Kenya	835	3200	0	0	0	0	0	0
UGA	KOR	Uganda	Rep. of Korea	40	117	0	0	0	0	0	0
UGA	LSO	Uganda	Lesotho	0	5	0	0	0	0	0	0
UGA	LUX	Uganda	Luxembourg	5	10	0	0	0	0	0	0
UGA	MEX	Uganda	Mexico	6	22	0	0	0	0	0	0
UGA	MOZ	Uganda	Mozambique	0	23	0	0	0	0	0	0
UGA	MUS	Uganda	Mauritius	0	5	0	0	0	0	0	0
UGA	MWI	Uganda	Malawi	0	9	0	0	0	0	0	0
UGA	MYS	Uganda	Malaysia	14	7	0	0	0	0	0	0
UGA	NAM	Uganda	Namibia	14	11	0	0	0	0	0	0
UGA	NLD	Uganda	Netherlands (Kingdom of the)	526	546	0	0	0	0	0	0
UGA	NOR	Uganda	Norway	41	19	0	0	0	0	0	0
UGA	NZL	Uganda	New Zealand	11	9	0	0	0	0	0	0
UGA	PER	Uganda	Peru	0	5	0	0	0	0	0	0
UGA	PHL	Uganda	Philippines	5	5	0	0	0	0	0	0
UGA	POL	Uganda	Poland	7	0	0	0	0	0	0	0
UGA	PRT	Uganda	Portugal	5	0	0	0	0	0	0	0
UGA	ROU	Uganda	Romania	7	8	0	0	0	0	0	0
UGA	SSD	Uganda	South Sudan	5	340	0	0	0	0	0	0
UGA	SVK	Uganda	Slovakia	5	0	0	0	0	0	0	0
UGA	SWE	Uganda	Sweden	676	88	0	0	0	0	0	0
UGA	SWZ	Uganda	Eswatini	7	6	0	0	0	0	0	0
UGA	THA	Uganda	Thailand	5	5	0	0	0	0	0	0
UGA	TZA	Uganda	United Rep. of Tanzania	17	5	0	0	0	0	0	0
UGA	UGA	Uganda	Uganda	0	0	0	0	0	0	0	3200000
UGA	USA	Uganda	United States of America	1957	4855	0	0	0	0	0	0
UGA	ZAF	Uganda	South Africa	418	2097	0	0	0	0	0	0
UGA	ZMB	Uganda	Zambia	376	177	0	0	0	0	0	0
UGA	ZWE	Uganda	Zimbabwe	10	5	0	0	0	0	0	0
UKR	ALB	Ukraine	Albania	9250	0	0	0	0	0	0	0
UKR	ARG	Ukraine	Argentina	121	26	0	0	0	0	0	0
UKR	ARM	Ukraine	Armenia	706	63	0	0	0	0	0	0
UKR	AUS	Ukraine	Australia	34	1019	0	0	0	0	0	0
UKR	AUT	Ukraine	Austria	84987	56	8000	0	0	0	0	0
UKR	AZE	Ukraine	Azerbaijan	4906	206	0	0	0	0	0	0
UKR	BEL	Ukraine	Belgium	85635	887	0	0	0	0	0	0
UKR	BGR	Ukraine	Bulgaria	74322	5	29000	0	0	0	0	0
UKR	BIH	Ukraine	Bosnia and Herzegovina	267	5	0	0	0	0	0	0
UKR	BLR	Ukraine	Belarus	43114	1199	0	0	0	0	0	0
UKR	BOL	Ukraine	Bolivia (Plurinational State of)	7	9	0	0	0	0	0	0
UKR	BRA	Ukraine	Brazil	1330	34	0	0	0	0	0	0
UKR	CAN	Ukraine	Canada	75221	824	3000	0	0	0	0	0
UKR	CHE	Ukraine	Switzerland	66894	639	6059	0	0	0	0	0
UKR	CHL	Ukraine	Chile	67	45	0	0	0	0	0	0
UKR	CHN	Ukraine	China	0	18	0	0	0	0	0	0
UKR	COL	Ukraine	Colombia	9	25	0	0	0	0	0	0
UKR	CRI	Ukraine	Costa Rica	35	18	0	0	0	0	0	0
UKR	CYP	Ukraine	Cyprus	21875	85	0	0	0	0	0	0
UKR	CZE	Ukraine	Czechia	388388	126	10000	0	0	0	0	0
UKR	DEU	Ukraine	Germany	1205729	1830	17000	0	0	0	0	0
UKR	DNK	Ukraine	Denmark	36058	640	0	0	0	0	0	0
UKR	DOM	Ukraine	Dominican Rep.	5	28	0	0	0	0	0	0
UKR	ECU	Ukraine	Ecuador	102	8	0	0	0	0	0	0
UKR	EGY	Ukraine	Egypt	0	10	0	0	0	0	0	0
UKR	ESP	Ukraine	Spain	222544	1010	4000	0	0	0	0	0
UKR	EST	Ukraine	Estonia	41729	98	0	0	0	0	0	0
UKR	FIN	Ukraine	Finland	68589	197	2000	0	0	0	0	0
UKR	FRA	Ukraine	France	68929	6296	0	0	0	0	0	0
UKR	GBR	Ukraine	United Kingdom of Great Britain and Northern Ireland	255141	945	6000	0	0	0	0	0
UKR	GEO	Ukraine	Georgia	29914	85	2000	0	0	0	0	0
UKR	GHA	Ukraine	Ghana	0	5	0	0	0	0	0	0
UKR	GRC	Ukraine	Greece	32830	61	0	0	0	0	0	0
UKR	GTM	Ukraine	Guatemala	5	0	0	0	0	0	0	0
UKR	HRV	Ukraine	Croatia	27256	11	0	0	0	0	0	0
UKR	HUN	Ukraine	Hungary	62987	0	6000	0	0	0	0	0
UKR	IND	Ukraine	India	0	89	0	0	0	0	0	0
UKR	IRL	Ukraine	Ireland	109081	451	0	0	0	0	0	0
UKR	IRQ	Ukraine	Iraq	0	5	0	0	0	0	0	0
UKR	ISL	Ukraine	Iceland	4029	27	0	0	0	0	0	0
UKR	ISR	Ukraine	Israel	39	262	0	0	0	0	25000	0
UKR	ITA	Ukraine	Italy	167780	1875	2000	0	0	0	0	0
UKR	JPN	Ukraine	Japan	2058	0	0	0	0	0	0	0
UKR	KAZ	Ukraine	Kazakhstan	99	146	5	0	0	0	0	0
UKR	KEN	Ukraine	Kenya	0	5	0	0	0	0	0	0
UKR	KGZ	Ukraine	Kyrgyzstan	21	30	0	0	0	0	0	0
UKR	KOR	Ukraine	Rep. of Korea	23	37	0	0	0	0	0	0
UKR	LBN	Ukraine	Lebanon	0	15	0	0	0	0	5	0
UKR	LIE	Ukraine	Liechtenstein	727	0	0	0	0	0	0	0
UKR	LTU	Ukraine	Lithuania	50641	10	4000	0	0	0	0	0
UKR	LUX	Ukraine	Luxembourg	3747	40	0	0	0	0	0	0
UKR	LVA	Ukraine	Latvia	47687	5	0	0	0	0	0	0
UKR	MAR	Ukraine	Morocco	0	5	0	0	0	0	0	0
UKR	MDA	Ukraine	Rep. of Moldova	135486	375	6000	0	0	0	0	0
UKR	MEX	Ukraine	Mexico	102	130	0	0	0	0	17	0
UKR	MKD	Ukraine	North Macedonia	20741	0	0	0	0	0	0	0
UKR	MLT	Ukraine	Malta	2591	110	0	0	0	0	0	0
UKR	MNE	Ukraine	Montenegro	18558	0	0	0	0	0	0	0
UKR	NGA	Ukraine	Nigeria	0	5	0	0	0	0	0	0
UKR	NLD	Ukraine	Netherlands (Kingdom of the)	118974	564	3000	0	0	0	0	0
UKR	NOR	Ukraine	Norway	79112	877	0	0	0	0	0	0
UKR	NPL	Ukraine	Nepal	0	8	0	0	0	0	0	0
UKR	NZL	Ukraine	New Zealand	23	5	0	0	0	0	0	0
UKR	PAN	Ukraine	Panama	21	5	0	0	0	0	0	0
UKR	PER	Ukraine	Peru	31	109	0	0	0	0	0	0
UKR	PHL	Ukraine	Philippines	0	48	0	0	0	0	0	0
UKR	POL	Ukraine	Poland	991223	3448	39000	0	0	0	0	0
UKR	PRT	Ukraine	Portugal	57141	16	2000	0	0	0	0	0
UKR	PRY	Ukraine	Paraguay	9	5	0	0	0	0	0	0
UKR	ROU	Ukraine	Romania	177996	5	28000	0	0	0	0	0
UKR	RUS	Ukraine	Russian Federation	6894	149	0	0	0	0	0	0
UKR	SRB	Ukraine	Serbia and Kosovo: S/RES/1244 (1999)	10719	0	0	0	0	0	61	0
UKR	SVK	Ukraine	Slovakia	142172	10	12000	0	0	0	0	0
UKR	SVN	Ukraine	Slovenia	11296	127	0	0	0	0	0	0
UKR	SWE	Ukraine	Sweden	45993	151	0	0	0	0	0	0
UKR	TUN	Ukraine	Tunisia	0	6	0	0	0	0	0	0
UKR	TUR	Ukraine	Türkiye	2616	0	0	0	0	0	0	0
UKR	TZA	Ukraine	United Rep. of Tanzania	0	13	0	0	0	0	0	0
UKR	UKR	Ukraine	Ukraine	0	0	0	3665000	782000	0	851644	0
UKR	UNK	Ukraine	Unknown 	0	0	20000	0	0	0	0	0
UKR	URY	Ukraine	Uruguay	18	5	0	0	0	0	0	0
UKR	USA	Ukraine	United States of America	3397	18658	0	0	0	0	0	0
UKR	ZAF	Ukraine	South Africa	5	5	0	0	0	0	0	0
UNK	ARG	Unknown 	Argentina	638	0	0	0	0	0	18	75272
UNK	ARM	Unknown 	Armenia	5	0	0	0	0	0	0	0
UNK	AUS	Unknown 	Australia	220	1076	0	0	0	0	175	0
UNK	AUT	Unknown 	Austria	5564	466	0	0	0	0	0	0
UNK	BEL	Unknown 	Belgium	21415	471	0	0	0	0	0	0
UNK	BIH	Unknown 	Bosnia and Herzegovina	0	0	0	0	0	0	7	0
UNK	BOL	Unknown 	Bolivia (Plurinational State of)	0	0	0	0	0	0	485	11079
UNK	BRA	Unknown 	Brazil	12	73	0	0	0	0	496	0
UNK	CAN	Unknown 	Canada	156	1000	0	0	0	0	0	0
UNK	CHE	Unknown 	Switzerland	1140	120	0	0	0	0	0	0
UNK	CHL	Unknown 	Chile	457	281	0	0	0	0	0	101855
UNK	COL	Unknown 	Colombia	5	264	0	0	0	0	58	0
UNK	CRI	Unknown 	Costa Rica	12	0	0	0	0	0	17079	0
UNK	CYP	Unknown 	Cyprus	41	76	0	0	0	0	0	0
UNK	CZE	Unknown 	Czechia	5	387	0	0	0	0	51	0
UNK	DEU	Unknown 	Germany	36583	6770	0	0	0	0	0	0
UNK	DNK	Unknown 	Denmark	1623	0	0	0	0	0	0	0
UNK	DOM	Unknown 	Dominican Rep.	0	5	0	0	0	0	0	0
UNK	ECU	Unknown 	Ecuador	6	5	0	0	0	0	0	0
UNK	ESP	Unknown 	Spain	570	50	0	0	0	0	0	0
UNK	EST	Unknown 	Estonia	9	0	0	0	0	0	0	0
UNK	FIN	Unknown 	Finland	102	103	0	0	0	0	0	0
UNK	FRA	Unknown 	France	9047	214	0	0	0	0	0	0
UNK	GBR	Unknown 	United Kingdom of Great Britain and Northern Ireland	5125	681	0	0	0	0	0	0
UNK	GEO	Unknown 	Georgia	47	19	0	0	0	0	0	0
UNK	GTM	Unknown 	Guatemala	0	0	0	0	0	0	4143	0
UNK	HND	Unknown 	Honduras	0	0	0	0	0	0	106358	0
UNK	HRV	Unknown 	Croatia	16	18	0	0	0	0	0	0
UNK	HUN	Unknown 	Hungary	4500	0	0	0	0	0	15	0
UNK	IRL	Unknown 	Ireland	0	379	0	0	0	0	0	0
UNK	ISR	Unknown 	Israel	214	30	0	0	0	0	0	0
UNK	ITA	Unknown 	Italy	38	511	0	0	0	0	0	0
UNK	JPN	Unknown 	Japan	225	31293	0	0	0	0	0	0
UNK	KAZ	Unknown 	Kazakhstan	65511	0	0	0	0	0	0	0
UNK	KGZ	Unknown 	Kyrgyzstan	23412	0	0	0	0	0	0	0
UNK	KOR	Unknown 	Rep. of Korea	113	338	0	0	0	0	0	0
UNK	KWT	Unknown 	Kuwait	0	0	0	0	0	0	18	0
UNK	LUX	Unknown 	Luxembourg	5	45	0	0	0	0	0	0
UNK	LVA	Unknown 	Latvia	21	0	0	0	0	0	0	0
UNK	NLD	Unknown 	Netherlands (Kingdom of the)	2433	1706	0	0	0	0	0	0
UNK	NOR	Unknown 	Norway	7	0	0	0	0	0	0	0
UNK	NZL	Unknown 	New Zealand	549	368	0	0	0	0	0	0
UNK	PAN	Unknown 	Panama	0	0	0	0	0	0	68874	0
UNK	PER	Unknown 	Peru	24	740	0	0	0	0	2313	0
UNK	PHL	Unknown 	Philippines	0	5	0	0	0	0	0	0
UNK	POL	Unknown 	Poland	29	15	0	0	0	0	0	0
UNK	PRT	Unknown 	Portugal	45	0	0	0	0	0	0	0
UNK	PRY	Unknown 	Paraguay	0	0	0	0	0	0	0	2254
UNK	RUS	Unknown 	Russian Federation	167	10	0	0	0	0	0	0
UNK	SRB	Unknown 	Serbia and Kosovo: S/RES/1244 (1999)	0	0	0	0	0	0	113	0
UNK	SVK	Unknown 	Slovakia	64	0	0	0	0	0	0	0
UNK	SVN	Unknown 	Slovenia	38	0	0	0	0	0	0	0
UNK	SWE	Unknown 	Sweden	651	88	0	0	0	0	0	0
UNK	SWZ	Unknown 	Eswatini	0	786	0	0	0	0	0	0
UNK	SYR	Unknown 	Syrian Arab Rep.	5	0	0	0	0	0	0	0
UNK	TJK	Unknown 	Tajikistan	2250	0	0	0	0	0	0	0
UNK	TUR	Unknown 	Türkiye	2354	3830	0	0	0	0	0	0
UNK	TZA	Unknown 	United Rep. of Tanzania	7	0	0	0	0	0	16	0
UNK	URY	Unknown 	Uruguay	0	0	0	0	0	0	0	7791
UNK	USA	Unknown 	United States of America	6229	10494	0	0	0	0	0	0
URY	AUS	Uruguay	Australia	0	5	0	0	0	0	0	0
URY	BOL	Uruguay	Bolivia (Plurinational State of)	10	0	0	0	0	0	0	0
URY	BRA	Uruguay	Brazil	0	22	0	0	0	0	0	0
URY	CAN	Uruguay	Canada	29	18	0	0	0	0	0	0
URY	CRI	Uruguay	Costa Rica	0	5	0	0	0	0	0	0
URY	DEU	Uruguay	Germany	7	0	0	0	0	0	0	0
URY	DNK	Uruguay	Denmark	5	0	0	0	0	0	0	0
URY	ESP	Uruguay	Spain	41	300	0	0	0	0	0	0
URY	IRL	Uruguay	Ireland	0	5	0	0	0	0	0	0
URY	ITA	Uruguay	Italy	0	25	0	0	0	0	0	0
URY	MEX	Uruguay	Mexico	24	65	0	0	0	0	0	0
URY	NZL	Uruguay	New Zealand	0	5	0	0	0	0	0	0
URY	PER	Uruguay	Peru	0	7	0	0	0	0	0	0
URY	PRY	Uruguay	Paraguay	0	6	0	0	0	0	0	0
URY	SWE	Uruguay	Sweden	10	0	0	0	0	0	0	0
URY	USA	Uruguay	United States of America	5	526	0	0	0	0	0	0
USA	ARG	United States of America	Argentina	5	12	0	0	0	0	0	0
USA	AUS	United States of America	Australia	10	79	0	0	0	0	0	0
USA	AUT	United States of America	Austria	34	5	0	0	0	0	0	0
USA	BEL	United States of America	Belgium	5	13	0	0	0	0	0	0
USA	BRA	United States of America	Brazil	0	60	0	0	0	0	0	0
USA	CAN	United States of America	Canada	2709	1654	0	0	0	0	0	0
USA	CHE	United States of America	Switzerland	14	8	16	0	0	0	0	0
USA	CHL	United States of America	Chile	0	5	0	0	0	0	0	0
USA	CRI	United States of America	Costa Rica	12	42	0	0	0	0	0	0
USA	CZE	United States of America	Czechia	10	0	0	0	0	0	0	0
USA	DEU	United States of America	Germany	228	48	0	0	0	0	0	0
USA	DNK	United States of America	Denmark	9	5	0	0	0	0	0	0
USA	ECU	United States of America	Ecuador	5	0	0	0	0	0	0	0
USA	ESP	United States of America	Spain	183	55	0	0	0	0	0	0
USA	FIN	United States of America	Finland	12	5	0	0	0	0	0	0
USA	FRA	United States of America	France	12	10	0	0	0	0	0	0
USA	GBR	United States of America	United Kingdom of Great Britain and Northern Ireland	110	142	0	0	0	0	0	0
USA	GRC	United States of America	Greece	5	0	0	0	0	0	0	0
USA	GTM	United States of America	Guatemala	0	9	0	0	0	0	0	0
USA	HRV	United States of America	Croatia	11	0	0	0	0	0	0	0
USA	HUN	United States of America	Hungary	14	0	0	0	0	0	0	0
USA	IRL	United States of America	Ireland	21	36	0	0	0	0	0	0
USA	ISR	United States of America	Israel	0	5	0	0	0	0	0	0
USA	ITA	United States of America	Italy	34	19	0	0	0	0	0	0
USA	LUX	United States of America	Luxembourg	0	5	0	0	0	0	0	0
USA	LVA	United States of America	Latvia	12	0	0	0	0	0	0	0
USA	MDA	United States of America	Rep. of Moldova	0	5	0	0	0	0	0	0
USA	MEX	United States of America	Mexico	67	110	0	0	0	0	0	0
USA	MYS	United States of America	Malaysia	5	0	0	0	0	0	0	0
USA	NLD	United States of America	Netherlands (Kingdom of the)	92	14	0	0	0	0	0	0
USA	NOR	United States of America	Norway	48	5	0	0	0	0	0	0
USA	NZL	United States of America	New Zealand	0	5	0	0	0	0	0	0
USA	PER	United States of America	Peru	0	16	0	0	0	0	0	0
USA	PHL	United States of America	Philippines	0	6	0	0	0	0	0	0
USA	POL	United States of America	Poland	108	0	0	0	0	0	0	0
USA	PRT	United States of America	Portugal	75	5	0	0	0	0	0	0
USA	ROU	United States of America	Romania	55	5	0	0	0	0	0	0
USA	RUS	United States of America	Russian Federation	32	5	0	0	0	0	0	0
USA	SLV	United States of America	El Salvador	5	6	0	0	0	0	0	0
USA	SRB	United States of America	Serbia and Kosovo: S/RES/1244 (1999)	0	5	0	0	0	0	0	0
USA	SVK	United States of America	Slovakia	25	0	0	0	0	0	0	0
USA	SVN	United States of America	Slovenia	14	0	0	0	0	0	0	0
USA	SWE	United States of America	Sweden	23	5	0	0	0	0	0	0
UZB	ALB	Uzbekistan	Albania	6	0	0	0	0	0	0	0
UZB	ARM	Uzbekistan	Armenia	0	5	0	0	0	0	0	0
UZB	ATG	Uzbekistan	Antigua and Barbuda	0	5	0	0	0	0	0	0
UZB	AUS	Uzbekistan	Australia	11	52	0	0	0	0	0	0
UZB	AUT	Uzbekistan	Austria	53	70	0	0	0	0	0	0
UZB	AZE	Uzbekistan	Azerbaijan	5	0	0	0	0	0	0	0
UZB	BEL	Uzbekistan	Belgium	44	23	0	0	0	0	0	0
UZB	BGR	Uzbekistan	Bulgaria	6	0	0	0	0	0	0	0
UZB	CAN	Uzbekistan	Canada	117	346	0	0	0	0	0	0
UZB	CHE	Uzbekistan	Switzerland	86	17	5	0	0	0	0	0
UZB	CRI	Uzbekistan	Costa Rica	5	0	0	0	0	0	0	0
UZB	CYP	Uzbekistan	Cyprus	5	5	0	0	0	0	0	0
UZB	CZE	Uzbekistan	Czechia	57	24	0	0	0	0	0	0
UZB	DEU	Uzbekistan	Germany	1047	137	0	0	0	0	0	0
UZB	DNK	Uzbekistan	Denmark	48	6	0	0	0	0	0	0
UZB	EGY	Uzbekistan	Egypt	0	7	0	0	0	0	0	0
UZB	ESP	Uzbekistan	Spain	49	25	0	0	0	0	0	0
UZB	FIN	Uzbekistan	Finland	35	0	0	0	0	0	0	0
UZB	FRA	Uzbekistan	France	306	19	0	0	0	0	0	0
UZB	GBR	Uzbekistan	United Kingdom of Great Britain and Northern Ireland	130	873	0	0	0	0	0	0
UZB	GHA	Uzbekistan	Ghana	9	0	0	0	0	0	0	0
UZB	GRC	Uzbekistan	Greece	5	6	0	0	0	0	0	0
UZB	HRV	Uzbekistan	Croatia	5	0	0	0	0	0	0	0
UZB	HUN	Uzbekistan	Hungary	12	0	0	0	0	0	0	0
UZB	IRL	Uzbekistan	Ireland	39	9	0	0	0	0	0	0
UZB	ISR	Uzbekistan	Israel	0	238	0	0	0	0	0	0
UZB	ITA	Uzbekistan	Italy	18	10	0	0	0	0	0	0
UZB	KAZ	Uzbekistan	Kazakhstan	5	5	0	0	0	0	0	0
UZB	KOR	Uzbekistan	Rep. of Korea	0	693	0	0	0	0	0	0
UZB	LBN	Uzbekistan	Lebanon	0	0	0	0	0	0	5	0
UZB	LTU	Uzbekistan	Lithuania	21	12	0	0	0	0	0	0
UZB	LVA	Uzbekistan	Latvia	31	9	0	0	0	0	0	0
UZB	MDA	Uzbekistan	Rep. of Moldova	8	15	0	0	0	0	0	0
UZB	MEX	Uzbekistan	Mexico	0	79	0	0	0	0	0	0
UZB	MYS	Uzbekistan	Malaysia	0	5	0	0	0	0	0	0
UZB	NLD	Uzbekistan	Netherlands (Kingdom of the)	115	81	0	0	0	0	0	0
UZB	NOR	Uzbekistan	Norway	115	17	0	0	0	0	0	0
UZB	POL	Uzbekistan	Poland	167	28	0	0	0	0	0	0
UZB	PRT	Uzbekistan	Portugal	15	0	0	0	0	0	0	0
UZB	ROU	Uzbekistan	Romania	30	0	0	0	0	0	0	0
UZB	RUS	Uzbekistan	Russian Federation	172	18	0	0	0	0	0	0
UZB	SVK	Uzbekistan	Slovakia	14	0	0	0	0	0	0	0
UZB	SWE	Uzbekistan	Sweden	518	167	0	0	0	0	0	0
UZB	UKR	Uzbekistan	Ukraine	39	15	0	0	0	0	0	0
UZB	USA	Uzbekistan	United States of America	1804	19744	0	0	0	0	0	0
VCT	CAN	Saint Vincent and the Grenadines	Canada	71	67	0	0	0	0	0	0
VCT	DEU	Saint Vincent and the Grenadines	Germany	5	0	0	0	0	0	0	0
VCT	GBR	Saint Vincent and the Grenadines	United Kingdom of Great Britain and Northern Ireland	80	123	0	0	0	0	0	0
VCT	TTO	Saint Vincent and the Grenadines	Trinidad and Tobago	0	17	0	0	0	0	0	0
VCT	USA	Saint Vincent and the Grenadines	United States of America	30	22	0	0	0	0	0	0
VEN	ALB	Venezuela (Bolivarian Republic of)	Albania	5	0	0	0	0	0	0	0
VEN	ARG	Venezuela (Bolivarian Republic of)	Argentina	333	667	0	0	0	0	0	0
VEN	AUS	Venezuela (Bolivarian Republic of)	Australia	134	227	0	0	0	0	0	0
VEN	AUT	Venezuela (Bolivarian Republic of)	Austria	177	104	0	0	0	0	0	0
VEN	BEL	Venezuela (Bolivarian Republic of)	Belgium	497	879	0	0	0	0	0	0
VEN	BOL	Venezuela (Bolivarian Republic of)	Bolivia (Plurinational State of)	240	0	0	0	0	0	10324	0
VEN	BRA	Venezuela (Bolivarian Republic of)	Brazil	141269	21194	0	0	0	0	0	0
VEN	CAN	Venezuela (Bolivarian Republic of)	Canada	3578	3281	0	0	0	0	0	0
VEN	CHE	Venezuela (Bolivarian Republic of)	Switzerland	99	136	18	0	0	0	0	0
VEN	CHL	Venezuela (Bolivarian Republic of)	Chile	93	8895	0	0	0	0	0	0
VEN	COL	Venezuela (Bolivarian Republic of)	Colombia	1070	28294	0	0	0	0	0	0
VEN	CRI	Venezuela (Bolivarian Republic of)	Costa Rica	5585	10476	0	0	0	0	0	0
VEN	CYM	Venezuela (Bolivarian Republic of)	Cayman Islands	0	0	0	0	0	0	58	0
VEN	CZE	Venezuela (Bolivarian Republic of)	Czechia	12	16	0	0	0	0	0	0
VEN	DEU	Venezuela (Bolivarian Republic of)	Germany	2741	5639	0	0	0	0	0	0
VEN	DNK	Venezuela (Bolivarian Republic of)	Denmark	5	5	0	0	0	0	0	0
VEN	DOM	Venezuela (Bolivarian Republic of)	Dominican Rep.	0	206	0	0	0	0	0	0
VEN	ECU	Venezuela (Bolivarian Republic of)	Ecuador	2493	3188	0	0	0	0	0	0
VEN	ESP	Venezuela (Bolivarian Republic of)	Spain	136485	84905	0	0	0	0	0	0
VEN	FIN	Venezuela (Bolivarian Republic of)	Finland	11	50	0	0	0	0	0	0
VEN	FRA	Venezuela (Bolivarian Republic of)	France	2575	463	0	0	0	0	0	0
VEN	GBR	Venezuela (Bolivarian Republic of)	United Kingdom of Great Britain and Northern Ireland	88	29	0	0	0	0	0	0
VEN	GRC	Venezuela (Bolivarian Republic of)	Greece	11	18	0	0	0	0	0	0
VEN	GTM	Venezuela (Bolivarian Republic of)	Guatemala	142	702	0	0	0	0	96614	0
VEN	GUY	Venezuela (Bolivarian Republic of)	Guyana	0	11	0	0	0	0	0	0
VEN	HND	Venezuela (Bolivarian Republic of)	Honduras	10	61	0	0	0	0	85405	0
VEN	HRV	Venezuela (Bolivarian Republic of)	Croatia	0	6	0	0	0	0	0	0
VEN	HUN	Venezuela (Bolivarian Republic of)	Hungary	5	0	0	0	0	0	0	0
VEN	IND	Venezuela (Bolivarian Republic of)	India	5	5	0	0	0	0	0	0
VEN	IRL	Venezuela (Bolivarian Republic of)	Ireland	160	35	0	0	0	0	0	0
VEN	ISL	Venezuela (Bolivarian Republic of)	Iceland	1340	655	0	0	0	0	0	0
VEN	ITA	Venezuela (Bolivarian Republic of)	Italy	4406	3276	0	0	0	0	0	0
VEN	LUX	Venezuela (Bolivarian Republic of)	Luxembourg	5	330	0	0	0	0	0	0
VEN	MEX	Venezuela (Bolivarian Republic of)	Mexico	24384	17284	0	0	0	0	28111	0
VEN	MLT	Venezuela (Bolivarian Republic of)	Malta	7	65	0	0	0	0	0	0
VEN	NLD	Venezuela (Bolivarian Republic of)	Netherlands (Kingdom of the)	294	387	0	0	0	0	0	0
VEN	NOR	Venezuela (Bolivarian Republic of)	Norway	66	171	0	0	0	0	0	0
VEN	NZL	Venezuela (Bolivarian Republic of)	New Zealand	5	5	0	0	0	0	0	0
VEN	PAN	Venezuela (Bolivarian Republic of)	Panama	93	965	0	0	0	0	0	0
VEN	PER	Venezuela (Bolivarian Republic of)	Peru	4942	522732	0	0	0	0	0	0
VEN	POL	Venezuela (Bolivarian Republic of)	Poland	20	11	0	0	0	0	0	0
VEN	PRT	Venezuela (Bolivarian Republic of)	Portugal	5	116	0	0	0	0	0	0
VEN	PRY	Venezuela (Bolivarian Republic of)	Paraguay	4730	850	0	0	0	0	0	0
VEN	SLV	Venezuela (Bolivarian Republic of)	El Salvador	13	30	0	0	0	0	0	0
VEN	SUR	Venezuela (Bolivarian Republic of)	Suriname	12	482	0	0	0	0	0	0
VEN	SWE	Venezuela (Bolivarian Republic of)	Sweden	62	38	0	0	0	0	0	0
VEN	SXM	Venezuela (Bolivarian Republic of)	Sint Maarten (Dutch part)	0	124	0	0	0	0	12	0
VEN	TTO	Venezuela (Bolivarian Republic of)	Trinidad and Tobago	3035	18538	0	0	0	0	0	0
VEN	URY	Venezuela (Bolivarian Republic of)	Uruguay	799	4416	0	0	0	0	0	0
VEN	USA	Venezuela (Bolivarian Republic of)	United States of America	28128	620074	0	0	0	0	0	0
VEN	VEN	Venezuela (Bolivarian Republic of)	Venezuela (Bolivarian Republic of)	0	0	0	0	0	0	590346	0
VGB	USA	British Virgin Islands	United States of America	0	5	0	0	0	0	0	0
VNM	AUS	Viet Nam	Australia	277	7358	0	0	0	0	0	0
VNM	AUT	Viet Nam	Austria	16	8	0	0	0	0	0	0
VNM	BEL	Viet Nam	Belgium	20	124	0	0	0	0	0	0
VNM	BRA	Viet Nam	Brazil	0	104	0	0	0	0	0	0
VNM	CAN	Viet Nam	Canada	509	651	0	0	0	0	0	0
VNM	CHE	Viet Nam	Switzerland	726	5	5	0	0	0	0	0
VNM	CIV	Viet Nam	Cote d'Ivoire	5	0	0	0	0	0	0	0
VNM	CRI	Viet Nam	Costa Rica	0	7	0	0	0	0	0	0
VNM	CYP	Viet Nam	Cyprus	5	15	0	0	0	0	0	0
VNM	CZE	Viet Nam	Czechia	82	42	0	0	0	0	0	0
VNM	DEU	Viet Nam	Germany	3619	206	0	0	0	0	0	0
VNM	DNK	Viet Nam	Denmark	559	5	0	0	0	0	0	0
VNM	ESP	Viet Nam	Spain	167	85	0	0	0	0	0	0
VNM	FIN	Viet Nam	Finland	15	0	0	0	0	0	0	0
VNM	FRA	Viet Nam	France	7669	15	0	0	0	0	0	0
VNM	GBR	Viet Nam	United Kingdom of Great Britain and Northern Ireland	4347	4365	0	0	0	0	0	0
VNM	GRC	Viet Nam	Greece	0	6	0	0	0	0	0	0
VNM	IRL	Viet Nam	Ireland	23	289	0	0	0	0	0	0
VNM	ISR	Viet Nam	Israel	0	68	0	0	0	0	0	0
VNM	ITA	Viet Nam	Italy	56	12	0	0	0	0	0	0
VNM	KHM	Viet Nam	Cambodia	15	0	0	0	0	0	0	0
VNM	KOR	Viet Nam	Rep. of Korea	0	328	0	0	0	0	0	0
VNM	MCO	Viet Nam	Monaco	7	0	0	0	0	0	0	0
VNM	MEX	Viet Nam	Mexico	0	5	0	0	0	0	0	0
VNM	NLD	Viet Nam	Netherlands (Kingdom of the)	93	8	0	0	0	0	0	0
VNM	NOR	Viet Nam	Norway	41	0	0	0	0	0	0	0
VNM	NZL	Viet Nam	New Zealand	7	5	0	0	0	0	0	0
VNM	PER	Viet Nam	Peru	0	72	0	0	0	0	0	0
VNM	PHL	Viet Nam	Philippines	19	9	0	0	0	0	68	0
VNM	POL	Viet Nam	Poland	112	12	0	0	0	0	0	0
VNM	SVK	Viet Nam	Slovakia	30	0	0	0	0	0	0	0
VNM	SWE	Viet Nam	Sweden	69	20	0	0	0	0	0	0
VNM	THA	Viet Nam	Thailand	899	1278	0	0	0	0	0	0
VNM	UKR	Viet Nam	Ukraine	6	13	0	0	0	0	0	0
VNM	USA	Viet Nam	United States of America	568	7479	0	0	0	0	0	0
VUT	AUS	Vanuatu	Australia	0	1048	0	0	0	0	0	0
VUT	GBR	Vanuatu	United Kingdom of Great Britain and Northern Ireland	0	5	0	0	0	0	0	0
VUT	MEX	Vanuatu	Mexico	0	5	0	0	0	0	0	0
VUT	PER	Vanuatu	Peru	0	51	0	0	0	0	0	0
VUT	USA	Vanuatu	United States of America	5	42	0	0	0	0	0	0
WSM	AUS	Samoa	Australia	8	469	0	0	0	0	0	0
WSM	NZL	Samoa	New Zealand	0	5	0	0	0	0	0	0
WSM	USA	Samoa	United States of America	0	10	0	0	0	0	0	0
XXA	ALB	Stateless	Albania	0	0	0	0	0	2203	0	0
XXA	ARG	Stateless	Argentina	0	0	0	0	0	34	0	0
XXA	ARM	Stateless	Armenia	0	0	0	0	0	373	0	0
XXA	AUS	Stateless	Australia	2494	1149	0	0	0	6922	757	0
XXA	AUT	Stateless	Austria	2471	0	0	0	0	3919	0	0
XXA	AZE	Stateless	Azerbaijan	0	0	0	0	0	271	0	0
XXA	BDI	Stateless	Burundi	0	0	0	0	0	791	0	0
XXA	BEL	Stateless	Belgium	204	28	0	0	0	849	619	0
XXA	BGD	Stateless	Bangladesh	0	0	0	0	0	1005520	0	0
XXA	BGR	Stateless	Bulgaria	779	50	0	0	0	862	0	0
XXA	BIH	Stateless	Bosnia and Herzegovina	0	7	0	0	0	23	0	0
XXA	BLR	Stateless	Belarus	0	0	0	0	0	5620	0	0
XXA	BRA	Stateless	Brazil	0	0	0	0	0	27	0	0
XXA	BRN	Stateless	Brunei Darussalam	0	0	0	0	0	20863	0	0
XXA	CAN	Stateless	Canada	653	680	0	0	0	8166	0	0
XXA	CHE	Stateless	Switzerland	1170	0	0	0	0	1267	97	0
XXA	CHL	Stateless	Chile	0	0	0	0	0	1688	0	0
XXA	CIV	Stateless	Cote d'Ivoire	0	0	0	0	0	930978	0	0
XXA	COL	Stateless	Colombia	0	0	0	0	0	5	0	0
XXA	CPV	Stateless	Cabo Verde	0	0	0	0	0	115	0	0
XXA	CRI	Stateless	Costa Rica	8	64	0	0	0	345	0	0
XXA	CYP	Stateless	Cyprus	84	46	0	0	0	130	0	0
XXA	CZE	Stateless	Czechia	91	14	0	0	0	588	427	0
XXA	DEU	Stateless	Germany	13455	453	0	0	0	28813	0	0
XXA	DNK	Stateless	Denmark	118	123	0	0	0	8566	0	0
XXA	EGY	Stateless	Egypt	0	0	0	0	0	5	0	0
XXA	ESP	Stateless	Spain	51	15	0	0	0	10164	0	0
XXA	EST	Stateless	Estonia	0	0	0	0	0	63944	0	0
XXA	FIN	Stateless	Finland	366	31	0	0	0	1326	0	0
XXA	FRA	Stateless	France	2000	581	0	0	0	2634	0	0
XXA	GBR	Stateless	United Kingdom of Great Britain and Northern Ireland	3578	705	0	0	0	4672	389	0
XXA	GEO	Stateless	Georgia	0	0	0	0	0	488	0	0
XXA	GRC	Stateless	Greece	1292	345	0	0	0	3743	2106	0
XXA	HRV	Stateless	Croatia	5	0	0	0	0	758	0	0
XXA	HUN	Stateless	Hungary	62	0	0	0	0	101	24	0
XXA	IDN	Stateless	Indonesia	0	0	0	0	0	2643	0	0
XXA	IND	Stateless	India	0	0	0	0	0	23262	0	0
XXA	IRL	Stateless	Ireland	11	39	0	0	0	48	0	0
XXA	IRQ	Stateless	Iraq	0	0	0	0	0	233	0	0
XXA	ISL	Stateless	Iceland	10	0	0	0	0	31	0	0
XXA	ISR	Stateless	Israel	0	0	0	0	0	35	0	0
XXA	ITA	Stateless	Italy	33	10	0	0	0	3000	0	0
XXA	JOR	Stateless	Jordan	0	17	0	0	0	17	0	0
XXA	JPN	Stateless	Japan	26	0	0	0	0	505	0	0
XXA	KAZ	Stateless	Kazakhstan	0	0	0	0	0	7865	0	0
XXA	KEN	Stateless	Kenya	0	0	0	0	0	9800	0	0
XXA	KGZ	Stateless	Kyrgyzstan	0	0	0	0	0	925	0	0
XXA	KHM	Stateless	Cambodia	0	0	0	0	0	75000	0	0
XXA	KOR	Stateless	Rep. of Korea	12	5	0	0	0	248	0	0
XXA	KWT	Stateless	Kuwait	0	0	0	0	0	92000	0	0
XXA	LBN	Stateless	Lebanon	0	0	0	0	0	40000	0	0
XXA	LKA	Stateless	Sri Lanka	0	0	0	0	0	229	0	0
XXA	LTU	Stateless	Lithuania	10	0	0	0	0	2236	0	0
XXA	LUX	Stateless	Luxembourg	79	0	0	0	0	85	6	0
XXA	LVA	Stateless	Latvia	5	0	0	0	0	173891	0	0
XXA	MDA	Stateless	Rep. of Moldova	0	0	0	0	0	3164	0	0
XXA	MEX	Stateless	Mexico	0	0	0	0	0	13	0	0
XXA	MKD	Stateless	North Macedonia	0	0	0	0	0	159	0	0
XXA	MLT	Stateless	Malta	0	0	0	0	0	171	171	0
XXA	MMR	Stateless	Myanmar	0	0	0	0	0	619429	0	0
XXA	MNE	Stateless	Montenegro	0	0	0	0	0	423	0	0
XXA	MNG	Stateless	Mongolia	0	0	0	0	0	17	0	0
XXA	MYS	Stateless	Malaysia	0	0	0	0	0	120857	0	0
XXA	NAM	Stateless	Namibia	0	0	0	0	0	14796	0	0
XXA	NLD	Stateless	Netherlands (Kingdom of the)	2697	61	0	0	0	4428	0	0
XXA	NOR	Stateless	Norway	603	102	0	0	0	1621	0	0
XXA	NPL	Stateless	Nepal	0	0	0	0	0	467	0	0
XXA	NZL	Stateless	New Zealand	0	0	0	0	0	29	0	0
XXA	PAK	Stateless	Pakistan	0	0	0	0	0	60	0	0
XXA	PAN	Stateless	Panama	0	0	0	0	0	928	0	0
XXA	PER	Stateless	Peru	0	0	0	0	0	32	0	0
XXA	PHL	Stateless	Philippines	0	0	0	0	0	30	0	0
XXA	POL	Stateless	Poland	100	14	0	0	0	1486	1328	0
XXA	PRT	Stateless	Portugal	31	0	0	0	0	31	0	0
XXA	PRY	Stateless	Paraguay	0	0	0	0	0	5	0	0
XXA	QAT	Stateless	Qatar	0	0	0	0	0	1200	0	0
XXA	ROU	Stateless	Romania	110	7	0	0	0	297	180	0
XXA	RUS	Stateless	Russian Federation	42	5	0	0	0	90185	0	0
XXA	RWA	Stateless	Rwanda	0	0	0	0	0	14500	0	0
XXA	SAU	Stateless	Saudi Arabia	0	0	0	0	0	70000	0	0
XXA	SGP	Stateless	Singapore	0	0	0	0	0	1109	0	0
XXA	SRB	Stateless	Serbia and Kosovo: S/RES/1244 (1999)	0	0	0	0	0	1715	0	0
XXA	SSD	Stateless	South Sudan	0	0	0	0	0	18000	0	0
XXA	SVK	Stateless	Slovakia	9	0	0	0	0	65	0	0
XXA	SVN	Stateless	Slovenia	0	0	0	0	0	10	5	0
XXA	SWE	Stateless	Sweden	3572	236	0	0	0	6835	0	0
XXA	SYR	Stateless	Syrian Arab Rep.	0	0	0	0	0	160000	0	0
XXA	THA	Stateless	Thailand	0	0	0	0	0	612524	0	0
XXA	TJK	Stateless	Tajikistan	0	0	0	0	0	4466	0	0
XXA	TUR	Stateless	Türkiye	0	0	0	0	0	420	0	0
XXA	UGA	Stateless	Uganda	0	0	0	0	0	10284	0	0
XXA	UKR	Stateless	Ukraine	65	0	0	0	0	10910	0	0
XXA	URY	Stateless	Uruguay	0	0	0	0	0	5	0	0
XXA	UZB	Stateless	Uzbekistan	0	0	0	0	0	20000	0	0
XXA	VNM	Stateless	Viet Nam	0	0	0	0	0	20590	0	0
YEM	ARE	Yemen	United Arab Emirates	12	32	0	0	0	0	5	0
YEM	ARG	Yemen	Argentina	28	0	0	0	0	0	0	0
YEM	ARM	Yemen	Armenia	27	0	0	0	0	0	0	0
YEM	AUS	Yemen	Australia	131	242	0	0	0	0	0	0
YEM	AUT	Yemen	Austria	756	113	0	0	0	0	0	0
YEM	AZE	Yemen	Azerbaijan	12	0	0	0	0	0	0	0
YEM	BEL	Yemen	Belgium	189	426	0	0	0	0	0	0
YEM	BEN	Yemen	Benin	17	5	0	0	0	0	0	0
YEM	BGR	Yemen	Bulgaria	45	0	0	0	0	0	0	0
YEM	BHR	Yemen	Bahrain	9	5	0	0	0	0	0	0
YEM	BLR	Yemen	Belarus	20	9	0	0	0	0	0	0
YEM	BRA	Yemen	Brazil	42	32	0	0	0	0	0	0
YEM	CAF	Yemen	Central African Rep.	5	0	0	0	0	0	0	0
YEM	CAN	Yemen	Canada	987	502	0	0	0	0	0	0
YEM	CHE	Yemen	Switzerland	344	19	0	0	0	0	0	0
YEM	CHN	Yemen	China	27	7	0	0	0	0	0	0
YEM	CIV	Yemen	Cote d'Ivoire	5	0	0	0	0	0	0	0
YEM	CMR	Yemen	Cameroon	5	0	0	0	0	0	0	0
YEM	COM	Yemen	Comoros	5	0	0	0	0	0	0	0
YEM	CUB	Yemen	Cuba	5	0	0	0	0	0	0	0
YEM	CYP	Yemen	Cyprus	115	35	0	0	0	0	0	0
YEM	CZE	Yemen	Czechia	21	6	0	0	0	0	0	0
YEM	DEU	Yemen	Germany	5043	2194	0	0	0	0	0	0
YEM	DJI	Yemen	Djibouti	3553	0	0	0	0	0	0	0
YEM	DNK	Yemen	Denmark	16	0	0	0	0	0	0	0
YEM	DZA	Yemen	Algeria	159	0	0	0	0	0	0	0
YEM	ECU	Yemen	Ecuador	130	10	0	0	0	0	0	0
YEM	EGY	Yemen	Egypt	162	7982	0	0	0	0	0	0
YEM	ESP	Yemen	Spain	617	160	0	0	0	0	0	0
YEM	EST	Yemen	Estonia	6	0	0	0	0	0	0	0
YEM	ETH	Yemen	Ethiopia	2488	107	0	0	0	0	0	0
YEM	FIN	Yemen	Finland	399	135	0	0	0	0	0	0
YEM	FRA	Yemen	France	1352	105	0	0	0	0	0	0
YEM	GBR	Yemen	United Kingdom of Great Britain and Northern Ireland	3218	1483	0	0	0	0	0	0
YEM	GEO	Yemen	Georgia	65	15	0	0	0	0	0	0
YEM	GHA	Yemen	Ghana	20	0	0	0	0	0	0	0
YEM	GMB	Yemen	Gambia	5	0	0	0	0	0	0	0
YEM	GRC	Yemen	Greece	2623	57	0	0	0	0	0	0
YEM	HKG	Yemen	China, Hong Kong SAR	15	0	0	0	0	0	0	0
YEM	HRV	Yemen	Croatia	7	0	0	0	0	0	0	0
YEM	HUN	Yemen	Hungary	17	0	0	0	0	0	0	0
YEM	IDN	Yemen	Indonesia	135	368	0	0	0	0	0	0
YEM	IND	Yemen	India	559	400	5	0	0	0	0	0
YEM	IRL	Yemen	Ireland	72	19	0	0	0	0	0	0
YEM	IRQ	Yemen	Iraq	0	209	0	0	0	0	0	0
YEM	ISL	Yemen	Iceland	29	0	0	0	0	0	0	0
YEM	ITA	Yemen	Italy	139	26	0	0	0	0	0	0
YEM	JOR	Yemen	Jordan	2415	8998	18	0	0	0	11	0
YEM	JPN	Yemen	Japan	42	0	0	0	0	0	0	0
YEM	KEN	Yemen	Kenya	116	241	0	0	0	0	0	0
YEM	KGZ	Yemen	Kyrgyzstan	0	5	0	0	0	0	0	0
YEM	KOR	Yemen	Rep. of Korea	848	136	0	0	0	0	0	0
YEM	KWT	Yemen	Kuwait	7	0	0	0	0	0	0	0
YEM	LBN	Yemen	Lebanon	25	72	0	0	0	0	5	0
YEM	LBY	Yemen	Libya	5	83	0	0	0	0	0	0
YEM	LTU	Yemen	Lithuania	7	0	0	0	0	0	0	0
YEM	LUX	Yemen	Luxembourg	30	15	0	0	0	0	0	0
YEM	LVA	Yemen	Latvia	6	0	0	0	0	0	0	0
YEM	MAR	Yemen	Morocco	7	534	0	0	0	0	0	0
YEM	MDA	Yemen	Rep. of Moldova	6	0	0	0	0	0	0	0
YEM	MDG	Yemen	Madagascar	7	16	0	0	0	0	0	0
YEM	MEX	Yemen	Mexico	33	46	0	0	0	0	0	0
YEM	MLT	Yemen	Malta	5	0	0	0	0	0	0	0
YEM	MNE	Yemen	Montenegro	7	0	0	0	0	0	0	0
YEM	MRT	Yemen	Mauritania	28	19	0	0	0	0	0	0
YEM	MYS	Yemen	Malaysia	359	2786	0	0	0	0	0	0
YEM	NER	Yemen	Niger	5	11	0	0	0	0	0	0
YEM	NGA	Yemen	Nigeria	5	5	0	0	0	0	0	0
YEM	NLD	Yemen	Netherlands (Kingdom of the)	7841	2206	0	0	0	0	0	0
YEM	NOR	Yemen	Norway	177	40	0	0	0	0	0	0
YEM	NPL	Yemen	Nepal	0	5	0	0	0	0	0	0
YEM	NZL	Yemen	New Zealand	13	0	0	0	0	0	0	0
YEM	PAK	Yemen	Pakistan	138	44	0	0	0	0	0	0
YEM	PER	Yemen	Peru	0	80	0	0	0	0	0	0
YEM	PHL	Yemen	Philippines	44	154	0	0	0	0	0	0
YEM	POL	Yemen	Poland	47	41	0	0	0	0	0	0
YEM	PRT	Yemen	Portugal	13	0	0	0	0	0	0	0
YEM	QAT	Yemen	Qatar	5	0	0	0	0	0	0	0
YEM	ROU	Yemen	Romania	80	5	0	0	0	0	0	0
YEM	RUS	Yemen	Russian Federation	55	8	0	0	0	0	0	0
YEM	SAU	Yemen	Saudi Arabia	24	245	0	0	0	0	0	0
YEM	SDN	Yemen	Sudan	877	173	0	0	0	0	0	0
YEM	SEN	Yemen	Senegal	0	5	0	0	0	0	0	0
YEM	SOM	Yemen	Somalia	12332	0	0	0	0	0	0	0
YEM	SSD	Yemen	South Sudan	5	0	0	0	0	0	0	0
YEM	SVK	Yemen	Slovakia	25	0	0	0	0	0	0	0
YEM	SVN	Yemen	Slovenia	6	0	0	0	0	0	0	0
YEM	SWE	Yemen	Sweden	985	48	0	0	0	0	0	0
YEM	SYR	Yemen	Syrian Arab Rep.	257	135	0	0	0	0	0	0
YEM	TCD	Yemen	Chad	5	0	0	0	0	0	0	0
YEM	THA	Yemen	Thailand	28	11	0	0	0	0	0	0
YEM	TUN	Yemen	Tunisia	16	107	0	0	0	0	0	0
YEM	TZA	Yemen	United Rep. of Tanzania	13	84	0	0	0	0	0	0
YEM	UGA	Yemen	Uganda	40	12	0	0	0	0	0	0
YEM	UKR	Yemen	Ukraine	7	0	0	0	0	0	0	0
YEM	USA	Yemen	United States of America	747	1732	0	0	0	0	0	0
YEM	YEM	Yemen	Yemen	0	0	0	4795983	0	0	0	0
YEM	ZAF	Yemen	South Africa	5	5	0	0	0	0	0	0
ZAF	AUS	South Africa	Australia	27	448	0	0	0	0	0	0
ZAF	BDI	South Africa	Burundi	5	0	0	0	0	0	0	0
ZAF	BEL	South Africa	Belgium	5	13	0	0	0	0	0	0
ZAF	BHS	South Africa	Bahamas	0	5	0	0	0	0	0	0
ZAF	BRA	South Africa	Brazil	5	107	0	0	0	0	0	0
ZAF	CAN	South Africa	Canada	270	365	0	0	0	0	0	0
ZAF	CHE	South Africa	Switzerland	8	8	5	0	0	0	0	0
ZAF	CRI	South Africa	Costa Rica	0	14	0	0	0	0	0	0
ZAF	CYP	South Africa	Cyprus	0	19	0	0	0	0	0	0
ZAF	DEU	South Africa	Germany	30	62	0	0	0	0	0	0
ZAF	ESP	South Africa	Spain	8	5	0	0	0	0	0	0
ZAF	FIN	South Africa	Finland	0	5	0	0	0	0	0	0
ZAF	FRA	South Africa	France	185	32	0	0	0	0	0	0
ZAF	GBR	South Africa	United Kingdom of Great Britain and Northern Ireland	140	157	0	0	0	0	0	0
ZAF	IRL	South Africa	Ireland	360	796	0	0	0	0	0	0
ZAF	ISR	South Africa	Israel	0	452	0	0	0	0	0	0
ZAF	ITA	South Africa	Italy	19	14	0	0	0	0	0	0
ZAF	KEN	South Africa	Kenya	0	5	0	0	0	0	0	0
ZAF	KOR	South Africa	Rep. of Korea	0	253	0	0	0	0	0	0
ZAF	LUX	South Africa	Luxembourg	0	5	0	0	0	0	0	0
ZAF	MEX	South Africa	Mexico	0	25	0	0	0	0	0	0
ZAF	NLD	South Africa	Netherlands (Kingdom of the)	5	33	0	0	0	0	0	0
ZAF	NOR	South Africa	Norway	5	5	0	0	0	0	0	0
ZAF	NZL	South Africa	New Zealand	5	13	0	0	0	0	0	0
ZAF	PER	South Africa	Peru	0	11	0	0	0	0	0	0
ZAF	POL	South Africa	Poland	5	0	0	0	0	0	0	0
ZAF	PRT	South Africa	Portugal	11	0	0	0	0	0	0	0
ZAF	SWE	South Africa	Sweden	5	7	0	0	0	0	0	0
ZAF	URY	South Africa	Uruguay	0	5	0	0	0	0	0	0
ZAF	USA	South Africa	United States of America	70	2043	0	0	0	0	0	0
ZAF	ZMB	South Africa	Zambia	6	0	0	0	0	0	0	0
ZAF	ZWE	South Africa	Zimbabwe	0	0	0	0	0	0	6	0
ZMB	AUS	Zambia	Australia	19	49	0	0	0	0	0	0
ZMB	AUT	Zambia	Austria	5	0	0	0	0	0	0	0
ZMB	BEL	Zambia	Belgium	0	5	0	0	0	0	0	0
ZMB	BRA	Zambia	Brazil	0	5	0	0	0	0	0	0
ZMB	CAN	Zambia	Canada	44	50	0	0	0	0	0	0
ZMB	DEU	Zambia	Germany	32	12	0	0	0	0	0	0
ZMB	DNK	Zambia	Denmark	13	0	0	0	0	0	0	0
ZMB	FRA	Zambia	France	5	0	0	0	0	0	0	0
ZMB	GBR	Zambia	United Kingdom of Great Britain and Northern Ireland	84	21	0	0	0	0	0	0
ZMB	GRC	Zambia	Greece	0	6	0	0	0	0	0	0
ZMB	IRL	Zambia	Ireland	12	51	0	0	0	0	0	0
ZMB	ISR	Zambia	Israel	0	148	0	0	0	0	0	0
ZMB	NLD	Zambia	Netherlands (Kingdom of the)	10	5	0	0	0	0	0	0
ZMB	PRT	Zambia	Portugal	15	0	0	0	0	0	0	0
ZMB	SWE	Zambia	Sweden	11	5	0	0	0	0	0	0
ZMB	USA	Zambia	United States of America	35	518	0	0	0	0	0	0
ZMB	ZAF	Zambia	South Africa	52	108	0	0	0	0	0	0
ZMB	ZWE	Zambia	Zimbabwe	0	0	0	0	0	0	5	0
ZWE	AUS	Zimbabwe	Australia	217	281	0	0	0	0	0	0
ZWE	AUT	Zimbabwe	Austria	5	11	0	0	0	0	0	0
ZWE	BEL	Zimbabwe	Belgium	0	7	0	0	0	0	0	0
ZWE	BWA	Zimbabwe	Botswana	16	0	0	0	0	0	37	0
ZWE	CAN	Zimbabwe	Canada	853	702	0	0	0	0	0	0
ZWE	CHE	Zimbabwe	Switzerland	9	5	0	0	0	0	0	0
ZWE	CHN	Zimbabwe	China	10	48	0	0	0	0	0	0
ZWE	CYP	Zimbabwe	Cyprus	6	18	0	0	0	0	0	0
ZWE	DEU	Zimbabwe	Germany	375	388	0	0	0	0	0	0
ZWE	DNK	Zimbabwe	Denmark	15	5	0	0	0	0	0	0
ZWE	ECU	Zimbabwe	Ecuador	6	0	0	0	0	0	0	0
ZWE	EGY	Zimbabwe	Egypt	38	6	0	0	0	0	0	0
ZWE	ESP	Zimbabwe	Spain	5	10	0	0	0	0	0	0
ZWE	FIN	Zimbabwe	Finland	11	5	0	0	0	0	0	0
ZWE	FJI	Zimbabwe	Fiji	5	0	0	0	0	0	0	0
ZWE	FRA	Zimbabwe	France	96	5	0	0	0	0	0	0
ZWE	GBR	Zimbabwe	United Kingdom of Great Britain and Northern Ireland	791	388	0	0	0	0	0	0
ZWE	GRC	Zimbabwe	Greece	16	13	0	0	0	0	0	0
ZWE	HKG	Zimbabwe	China, Hong Kong SAR	11	0	0	0	0	0	0	0
ZWE	HUN	Zimbabwe	Hungary	5	0	0	0	0	0	0	0
ZWE	IDN	Zimbabwe	Indonesia	0	5	0	0	0	0	0	0
ZWE	IRL	Zimbabwe	Ireland	1129	1546	0	0	0	0	0	0
ZWE	ISL	Zimbabwe	Iceland	5	0	0	0	0	0	0	0
ZWE	ISR	Zimbabwe	Israel	0	23	0	0	0	0	0	0
ZWE	ITA	Zimbabwe	Italy	21	8	0	0	0	0	0	0
ZWE	KEN	Zimbabwe	Kenya	8	7	0	0	0	0	0	0
ZWE	KOR	Zimbabwe	Rep. of Korea	0	8	0	0	0	0	0	0
ZWE	LSO	Zimbabwe	Lesotho	8	14	0	0	0	0	0	0
ZWE	LUX	Zimbabwe	Luxembourg	0	20	0	0	0	0	0	0
ZWE	MEX	Zimbabwe	Mexico	0	5	0	0	0	0	0	0
ZWE	MLT	Zimbabwe	Malta	5	0	0	0	0	0	0	0
ZWE	MWI	Zimbabwe	Malawi	0	5	0	0	0	0	0	0
ZWE	MYS	Zimbabwe	Malaysia	0	5	0	0	0	0	0	0
ZWE	NAM	Zimbabwe	Namibia	43	19	0	0	0	0	0	0
ZWE	NLD	Zimbabwe	Netherlands (Kingdom of the)	45	54	0	0	0	0	0	0
ZWE	NOR	Zimbabwe	Norway	11	10	0	0	0	0	0	0
ZWE	NZL	Zimbabwe	New Zealand	16	8	0	0	0	0	0	0
ZWE	POL	Zimbabwe	Poland	5	15	0	0	0	0	0	0
ZWE	PRT	Zimbabwe	Portugal	60	6	0	0	0	0	0	0
ZWE	SWE	Zimbabwe	Sweden	24	0	0	0	0	0	0	0
ZWE	SWZ	Zimbabwe	Eswatini	9	5	0	0	0	0	0	0
ZWE	USA	Zimbabwe	United States of America	676	3037	0	0	0	0	0	0
ZWE	ZAF	Zimbabwe	South Africa	3437	3642	0	0	0	0	0	0
ZWE	ZMB	Zimbabwe	Zambia	10	15	0	0	0	0	0	0
ZWE	ZWE	Zimbabwe	Zimbabwe	0	0	0	0	0	0	126	0
