# Client and filing-firm keys matched to a Wikidata company by exact normalized name (week04_names.client/resolver().client), restricted to items that are some kind of organization; NAICS/SIC from the company or its industries via week04_wikidata.py. A row with no naics2 matched a company but found no usable code; see 'reason'.
key,label,filings,qid,wikidata_label,match,industry_qids,industry_labels,naics2,source_codes,reason
FEIN 470912023,Linkedin,4493,Q127278673,LinkedIn Corporation,label,Q75,Internet,,,no NAICS or SIC on the company or its industries
FEIN 943292913,Vmware,2477,Q11407,VMware,label,Q880371,software industry,51,reviewed industry table,
FEIN 432077033,Synechron,2393,Q21178936,Synechron Inc,label,Q21198,computer science,,,no NAICS or SIC on the company or its industries
FEIN 416011702,Mayo Clinic,2117,Q1130172,Mayo Clinic,label,Q31207|Q42240,health care|research,62,reviewed industry table,
FEIN 042432614,Boston Consulting,2049,Q135635,Boston Consulting Group,label,Q23699878,management consulting industry,54,reviewed industry table,
FEIN 386006309,University of Michigan,2030,Q230492,University of Michigan,label,,,,,no NAICS or SIC on the company or its industries
FEIN 133417984,Bloomberg,1705,Q13977,Bloomberg L.P.,label,Q56611639,media industry,51,reviewed industry table,
FEIN 510406223,Infinite Computer Solutions,1599,Q6029743,Infinite Computer Solutions,label,,,,,no NAICS or SIC on the company or its industries
SALESFORCE COM,Salesforce COM,1401,Q941127,Salesforce,alias,Q483639|Q880371|Q485643|Q184199|Q1254596|Q1318054|Q1142726|Q1155133|Q485396,cloud computing|software industry|customer relationship management|automation|software as a service|enterprise software|intelligent agent|email marketing|analytics,51,reviewed industry table,
FEIN 620646012,ST Jude Children S Research Hospital,1282,Q1164246,St. Jude Children's Research Hospital,label,Q42240,research,,,no NAICS or SIC on the company or its industries
FEIN 146013200,State University of NEW York at Buffalo,1281,Q681025,University at Buffalo,alias,,,,,no NAICS or SIC on the company or its industries
FEIN 946036493,University of California SAN Francisco,1234,Q1061104,"University of California, San Francisco",label,,,,,no NAICS or SIC on the company or its industries
FEIN 841246887,Slalom,1174,Q50820826,"Slalom, Inc.",label,Q123131704,Management Consulting Services,54,P3224 (company),
FEIN 270465600,Stripe,1062,Q7624104,Stripe,label,Q837171|Q97466005,financial services|mobile payment industry,52,reviewed industry table,
FEIN 362177139,University of Chicago,1054,Q131252,University of Chicago,label,Q136822,higher education,61,reviewed industry table,
FEIN 471523316,Zoox,1031,Q65121026,Zoox,label,Q7590|Q187939|Q170978,transport|industrial manufacturing|robotics,48-49,reviewed industry table,
FEIN 201821766,Brillio,1011,Q28401412,Brillio,label,Q11661,information technology,,,no NAICS or SIC on the company or its industries
FEIN 060646973,Yale University,987,Q49112,Yale University,label,Q136822,higher education,61,reviewed industry table,
FEIN 541986789,Globallogic,987,Q5570051,GlobalLogic,label,Q2220942,IT outsourcing industry,54,reviewed industry table,
FEIN 910515058,Nordstrom,946,Q174310,Nordstrom,label,Q126793,retail,44-45,reviewed industry table,
FEIN 560532129,Duke University,888,Q168751,Duke University,label,Q136822,higher education,61,reviewed industry table,
FEIN 042103580,Harvard University,879,Q13371,Harvard University,label,Q136822,higher education,61,reviewed industry table,
JUNIPER NETWORKS,Juniper Networks,858,Q1049080,Juniper Networks,label,Q1546066|Q11016|Q123152011|Q138816658,networking hardware|technology|Photographic and Photocopying Equipment Manufacturing [2012–2022 definition]|Q138816658,31-33,P3224 (industry),
FEIN 223394773,Birlasoft,841,Q4916512,BirlaSoft,label,,,,,no NAICS or SIC on the company or its industries
PERSISTENT SYSTEMS,Persistent Systems,794,Q7170401,Persistent Systems,label,Q1481411,IT service management,54,reviewed industry table,
FEIN 042312909,Brigham and Women S Hospital,784,Q2900977,Brigham and Women's Hospital,label,,,,,no NAICS or SIC on the company or its industries
FEIN 260129478,Indeed,772,Q1045367,Indeed,label,,,,,no NAICS or SIC on the company or its industries
FEIN 956006144,University of California SAN Diego,728,Q622664,"University of California, San Diego",label,,,,,no NAICS or SIC on the company or its industries
FEIN 042103594,Massachusetts Institute of Technology,711,Q49108,Massachusetts Institute of Technology,label,Q136822,higher education,61,reviewed industry table,
FEIN 942838567,Electronic Arts,689,Q173941,Electronic Arts,label,Q941594,video game industry,51,reviewed industry table,
FEIN 760745782,Sony Interactive Entertainment,670,Q18594,Sony Interactive Entertainment,label,Q1187283|Q941594,interactive entertainment|video game industry,51,reviewed industry table,
FEIN 061119960,Ericsson,668,Q52618,Ericsson,label,Q5268834,information and communications technology,,,no NAICS or SIC on the company or its industries
FEIN 813443155,Yahoo,667,Q29231846,Yahoo Inc.,label,Q75|Q2401742|Q21157865|Q56611639,Internet|telecommunications industry|technology industry|media industry,51,reviewed industry table,
FEIN 746001118,University of Texas MD Anderson Cancer Center,664,Q1525831,The University of Texas MD Anderson Cancer Center,label,,,,,no NAICS or SIC on the company or its industries
FEIN 770283746,Zensar Technologies,650,Q8069225,Zensar Technologies,label,Q1481411,IT service management,54,reviewed industry table,
FEIN 061364380,RED HAT,642,Q485593,Red Hat,label,Q880371,software industry,51,reviewed industry table,
FEIN 942951741,Lawrence Berkeley National Laboratory,634,Q1133630,Lawrence Berkeley National Laboratory,label,,,,,no NAICS or SIC on the company or its industries
FEIN 742853258,Perficient,628,Q7168146,Perficient,label,Q130286,business and other management consultancy activities,54,reviewed industry table,
FEIN 113418133,Northwell Health,620,Q7056650,Northwell Health,label,Q15067276,health care industry,62,reviewed industry table,
FEIN 911325671,Starbucks Coffee,608,Q37158,Starbucks,alias,Q10302044,coffee industry,,,no NAICS or SIC on the company or its industries
FEIN 521700207,Sirius XM Radio,596,Q3277465,Sirius XM Rad,alias,Q273623,radio broadcasting,,,no NAICS or SIC on the company or its industries
FEIN 830784802,Kpit Technologies,595,Q15822351,KPIT Technologies,label,Q1481411|Q1540863,IT service management|information technology consulting,54,reviewed industry table,
NTT DATA,NTT Data,588,Q1030691,NTT Data Group,label,Q1481411|Q1540863,IT service management|information technology consulting,54,reviewed industry table,
FEIN 386005984,Michigan State University,576,Q270222,Michigan State University,label,,,,,no NAICS or SIC on the company or its industries
FEIN 113735091,Hughes Network Systems,567,Q282161,Hughes Communications,alias,,,,,no NAICS or SIC on the company or its industries
FEIN 135562308,NEW York University,558,Q49210,New York University,label,Q136822,higher education,61,reviewed industry table,
FEIN 231352166,Children S Hospital of Philadelphia,557,Q4569202,Children's Hospital of Philadelphia,label,,,,,no NAICS or SIC on the company or its industries
FEIN 330629048,Pacific Investment Management,549,Q1970040,PIMCO,alias,Q837171,financial services,52,reviewed industry table,
FEIN 131740114,Montefiore Medical Center,546,Q6905066,Montefiore Medical Center,label,Q130370834,hospitals and rehabilitation,62,reviewed industry table,
FEIN 861432226,Collabera,541,Q5145789,Collabera,label,Q1056396|Q1481411|Q1318054,human resource management|IT service management|enterprise software,54,reviewed industry table,
FEIN 590735717,Howard Hughes Medical Institute,537,Q1512226,Howard Hughes Medical Institute,label,,,,,no NAICS or SIC on the company or its industries
FEIN 942905596,Samsung Semiconductor,537,Q20718,Samsung Electronics,alias,Q5358497,electronics industry,31-33,reviewed industry table,
FEIN 431833073,Black and Veatch,532,Q107004645,Black and Veatch,label,,,,,no NAICS or SIC on the company or its industries
FEIN 260451139,Credit Karma,520,Q5183722,Credit Karma,label,Q253613,personal finance,,,no NAICS or SIC on the company or its industries
FEIN 223703452,3I Infotech,506,Q4636612,3i Infotech Limited,label,Q1200977,quaternary sector of the economy,,,no NAICS or SIC on the company or its industries
FEIN 208775560,Insight Global,498,Q5570420,Global Insight,alias,,,,,no NAICS or SIC on the company or its industries
OPTUM,Optum,492,Q30284383,Optum,label,Q7180823,pharmacy benefits manager,,,no NAICS or SIC on the company or its industries
FEIN 043219960,Ansys,481,Q295774,,alias,Q29584754,software publishing,,,no NAICS or SIC on the company or its industries
FEIN 131959883,Moody S Investors Service,475,Q4159021,Moody's Investors Service,label,,,,,no NAICS or SIC on the company or its industries
FEIN 581276168,Lexisnexis Risk Solutions,474,Q134660580,LexisNexis® Risk Solutions,label,Q112165709,"wholesale (business-to-business) of computers, computer peripheral equipment and software",,,no NAICS or SIC on the company or its industries
FEIN 951780067,City National Bank,470,Q16958644,City National Bank of Florida,alias,Q806718|Q837171|Q57774188,economics of banking|financial services|financial sector,52,reviewed industry table,
FEIN 411416330,RBC Capital Markets,455,Q17112366,RBC Capital Markets,label,Q837171,financial services,52,reviewed industry table,
FEIN 135611820,Sumitomo Mitsui Banking,434,Q2660418,Sumitomo Mitsui Banking Corporation,label,Q837171,financial services,52,reviewed industry table,
FEIN 134064930,Alliancebernstein,419,Q4732268,AllianceBernstein,label,Q873442,asset management,52,reviewed industry table,
FEIN 113403915,Brookhaven National Laboratory,418,Q585777,Brookhaven National Laboratory,label,,,,,no NAICS or SIC on the company or its industries
FEIN 362756407,Options Clearing,417,Q7099026,Options Clearing Corporation,label,Q837171,financial services,52,reviewed industry table,
FEIN 042103881,Beth Israel Deaconess Medical Center,413,Q4897536,Beth Israel Deaconess Medical Center,label,,,,,no NAICS or SIC on the company or its industries
FEIN 454411958,Incedo,412,Q131294847,Incedo Inc.,label,,,,,no NAICS or SIC on the company or its industries
FEIN 043130648,Sapient,410,Q1602881,Publicis Sapient,alias,,,,,no NAICS or SIC on the company or its industries
FEIN 201001796,Ally Bank,410,Q4733393,Ally Bank,label,,,,,no NAICS or SIC on the company or its industries
FIDELITY,Fidelity,397,Q1411292,Fidelity Investments,alias,Q837171,financial services,52,reviewed industry table,
FEIN 210634479,Educational Testing Service,386,Q959089,Educational Testing Service,label,Q2585724,educational assessment,,,no NAICS or SIC on the company or its industries
FEIN 770441625,Cepheid,381,Q15964713,Cepheid,label,,,,,no NAICS or SIC on the company or its industries
COFORGE,Coforge,379,Q104864251,Coforge,label,Q11661,information technology,,,no NAICS or SIC on the company or its industries
FEIN 860673401,Blue Yonder,378,Q6107934,Blue Yonder,label,Q492886|Q1540863|Q880371|Q638608,supply chain management|information technology consulting|software industry|software development,54,reviewed industry table,
FEIN 041679980,Northeastern University,375,Q37548,Northeastern University,label,Q136822,higher education,61,reviewed industry table,
FEIN 951644600,Cedars Sinai Medical Center,375,Q1052562,Cedars-Sinai Medical Center,label,,,,,no NAICS or SIC on the company or its industries
FEIN 020567016,Novartis Institutes for Biomedical Research,372,Q127415627,Novartis Institutes for BioMedical Research,label,,,,,no NAICS or SIC on the company or its industries
FEIN 330867496,Cyient,372,Q6031376,Cyient,label,Q778575,conglomerate,,,no NAICS or SIC on the company or its industries
FEIN 131624096,Mount Sinai Hospital,371,Q1476505,Mount Sinai Hospital,label,Q130370834,hospitals and rehabilitation,62,reviewed industry table,
FEIN 381285128,DOW Chemical,367,Q855639,Dow Chemical Company,label,Q207652,chemical industry,31-33,reviewed industry table,
FEIN 946174066,Stanford Health Care,357,Q130530819,Stanford Health Care,label,,,,,no NAICS or SIC on the company or its industries
MEDLINE INDUSTRIES,Medline Industries,343,Q6807236,Medline Industries,label,Q6657015,medical equipment,,,no NAICS or SIC on the company or its industries
FEIN 590324412,Publix Super Markets,336,Q672170,Publix,alias,Q126793,retail,44-45,reviewed industry table,
FEIN 520556948,T Rowe Price Associates,331,Q3511946,T. Rowe Price,alias,Q873442,asset management,52,reviewed industry table,
FEIN 135123390,Guardian Life Insurance Company of America,325,Q3118789,Guardian Life Insurance Company of America,label,Q112128806,life insurance,,,no NAICS or SIC on the company or its industries
FEIN 141682529,Nbcuniversal Media,321,Q724759,NBCUniversal,alias,Q289,television,,,no NAICS or SIC on the company or its industries
FEIN 136400434,NEW York City Department of Education,318,Q408230,New York City Public Schools,alias,,,,,no NAICS or SIC on the company or its industries
FEIN 752614700,Infovision,317,Q137598951,InfoVision Optoelectronics,alias,,,,,no NAICS or SIC on the company or its industries
FEIN 576000254,Clemson University,316,Q631066,Clemson University,label,,,,,no NAICS or SIC on the company or its industries
FEIN 454964116,Qualtrics,315,Q7268803,Qualtrics,label,,,,,no NAICS or SIC on the company or its industries
FEIN 043387530,Athenahealth,313,Q4813401,athenahealth,label,,,,,no NAICS or SIC on the company or its industries
FEIN 362369491,Molex,313,Q1943468,Molex,label,Q11650,electronics,,,no NAICS or SIC on the company or its industries
FEIN 870189025,Zions Bancorporation,309,Q205378,Zions Bancorporation,label,Q837171,financial services,52,reviewed industry table,
FEIN 956006145,University of California at Santa Barbara,307,Q263064,"University of California, Santa Barbara",label,,,,,no NAICS or SIC on the company or its industries
FEIN 263428781,Broad Institute,295,Q4971893,Broad Institute,label,,,,,no NAICS or SIC on the company or its industries
FEIN 043230035,Mass General Brigham,293,Q7140719,Mass General Brigham,label,,,,,no NAICS or SIC on the company or its industries
FEIN 043834872,Dematic,292,Q826437,Dematic,label,Q101333,mechanical engineering,31-33,reviewed industry table,
FEIN 205276211,Early Warning Services,287,Q30295146,Early Warning Services,label,,,,,no NAICS or SIC on the company or its industries
BLUE CROSS BLUE SHIELD ASSOCIATION,BLUE CROSS BLUE SHIELD ASSOCIATION,286,Q4929017,Blue Cross Blue Shield Association,label,Q334911,health insurance,,,no NAICS or SIC on the company or its industries
FEIN 270726696,CSC,278,Q680971,Experimental Centre of Cinematography,alias,,,,,no NAICS or SIC on the company or its industries
FEIN 933499050,Worldpay,278,Q7915220,Worldpay,label,Q837171,financial services,52,reviewed industry table,
FEIN 521640403,Children S National Medical Center,275,Q5098193,Children's National Hospital,alias,,,,,no NAICS or SIC on the company or its industries
FEIN 581395222,Gulfstream Aerospace,275,Q1554299,Gulfstream Aerospace,label,Q64310284|Q1434048,Aviation|aircraft construction,,,no NAICS or SIC on the company or its industries
FEIN 940304228,Mufg Union Bank,264,Q1442804,MUFG Union Bank,label,Q3435731|Q837171|Q57774188,banking|financial services|financial sector,52,reviewed industry table,
FEIN 232518618,Penske Truck Leasing,262,Q7164817,Penske Truck Leasing,label,Q157171,renting,,,no NAICS or SIC on the company or its industries
FEIN 751943604,Michaels Stores,260,Q6835667,Michaels,alias,Q126793,retail,44-45,reviewed industry table,
FEIN 161469571,State University of NEW York Upstate Medical University,258,Q3297997,State University of New York Upstate Medical University,label,,,,,no NAICS or SIC on the company or its industries
FEIN 135034940,DOW Jones,257,Q1126244,Dow Jones & Company,label,Q38926|Q56611639,news|media industry,51,reviewed industry table,
FEIN 746001255,Houston Independent School District,257,Q1029560,Houston Independent School District,label,,,,,no NAICS or SIC on the company or its industries
FEIN 160743134,Rochester General Hospital,256,Q28229048,Rochester General Hospital,label,,,,,no NAICS or SIC on the company or its industries
FEIN 530196965,Food and Drug Administration,254,Q20991955,Food and Drug Administration,label,,,,,no NAICS or SIC on the company or its industries
FEIN 900928452,Global Atlantic Financial,251,Q140870725,Global Atlantic Financial Group,label,Q2518196,insurance industry,,,no NAICS or SIC on the company or its industries
FEIN 132655001,NEW York City Health and Hospitals,249,Q7013226,NYC Health + Hospitals,alias,,,,,no NAICS or SIC on the company or its industries
DEPUY SYNTHES,Depuy Synthes,248,Q4037082,DePuy,alias,,,,,no NAICS or SIC on the company or its industries
FEIN 382182248,Vizient,244,Q120486111,"Vizient, Inc.",label,Q31207,health care,62,reviewed industry table,
FEIN 131938568,Hertz,241,Q1543874,The Hertz Corporation,label,Q9323634,tourism industry,,,no NAICS or SIC on the company or its industries
FEIN 943273443,Hitachi Energy,240,Q107530770,Hitachi Energy,label,Q2151621,energy industry,,,no NAICS or SIC on the company or its industries
FEIN 060646652,Yale NEW Haven Hospital,237,Q12073283,Yale – New Haven Hospital,label,,,,,no NAICS or SIC on the company or its industries
FEIN 133090509,Bank of China,236,Q790068,Bank of China,label,Q57774188,financial sector,52,reviewed industry table,
FEIN 946002606,SAN Jose Unified School District,235,Q7414497,San José Unified School District,alias,,,,,no NAICS or SIC on the company or its industries
SWIFT,Swift,232,Q257597,SWIFT,label,Q2401742,telecommunications industry,51,reviewed industry table,
FEIN 061497995,Thomson Reuters,231,Q1141267,Thomson Reuters,label,Q56611639,media industry,51,reviewed industry table,
FEIN 933126143,Capital,230,Q505275,Capital Group Companies,alias,Q837171,financial services,52,reviewed industry table,
FEIN 930432081,Georgia Pacific,226,Q1509282,Georgia-Pacific,label,Q2283886,pulp and paper industry,,,no NAICS or SIC on the company or its industries
CLEVELAND CLINIC FOUNDATION,Cleveland Clinic Foundation,225,Q120908545,Cleveland Clinic Foundation,label,,,,,no NAICS or SIC on the company or its industries
FEIN 042655386,Bose,224,Q571949,Baise,alias,,,,,no NAICS or SIC on the company or its industries
FEIN 952795851,East West Bank,223,Q3046549,East West Bank,label,Q837171,financial services,52,reviewed industry table,
FEIN 390402810,Kohler,221,Q6426036,Kohler Company,label,Q187939,industrial manufacturing,31-33,reviewed industry table,
FEIN 510524195,Janssen Research and Development,216,Q903523,Janssen Pharmaceutica,alias,Q507443,pharmaceutical industry,31-33,reviewed industry table,
FEIN 912032865,Avanade,216,Q2277744,Avanade,label,Q2029911,professional service,,,no NAICS or SIC on the company or its industries
FEIN 330425071,Panasonic Avionics,215,Q7130064,Panasonic Avionics Corporation,label,,,,,no NAICS or SIC on the company or its industries
FEIN 111635081,Maimonides Medical Center,214,Q6735870,Maimonides Medical Center,label,,,,,no NAICS or SIC on the company or its industries
FEIN 271437501,Bridgewater Associates,214,Q652431,Bridgewater Associates,label,Q837171|Q105611,financial services|hedge fund,52,reviewed industry table,
TEKSYSTEMS GLOBAL SERVICES,Teksystems Global Services,213,Q126863027,TEKsystems,alias,,,,,no NAICS or SIC on the company or its industries
FEIN 202189518,Torc Robotics,210,Q30694374,Torc Robotics,label,,,,,no NAICS or SIC on the company or its industries
MOVE,Move,210,Q285547,Move,label,,,,,no NAICS or SIC on the company or its industries
FEIN 591285786,Southern Glazer S Wine and Spirits,208,Q7570632,Southern Glazer's Wine & Spirits,label,,,,,no NAICS or SIC on the company or its industries
CHICAGO MERCANTILE EXCHANGE,Chicago Mercantile Exchange,207,Q1071967,Chicago Mercantile Exchange,label,Q7406919,service,,,no NAICS or SIC on the company or its industries
FEIN 221603684,Pearson Education,207,Q6420723,Pearson Education,label,,,,,no NAICS or SIC on the company or its industries
FEIN 232809344,CSL Behring,206,Q692524,CSL Behring,label,,,,,no NAICS or SIC on the company or its industries
FEIN 132623356,Siemens,204,Q81230,Siemens,label,Q43035|Q609131|Q327092|Q1786253|Q101333|Q17177506|Q6554101|Q1326885|Q5358497|Q2401742,electrical engineering|powertrain technology|biomedical engineering|power plant technology|mechanical engineering|lighting technique|medical device|electrical industry|electronics industry|telecommunications industry,31-33,reviewed industry table,
FEIN 231352651,Thomas Jefferson University,203,Q2471216,Thomas Jefferson University,label,Q136822,higher education,61,reviewed industry table,
FEIN 956001908,LOS Angeles Unified School District,202,Q1320340,Los Angeles Unified School District,label,,,,,no NAICS or SIC on the company or its industries
FEIN 854136092,Alexion Pharmaceuticals,201,Q204727,Alexion Pharmaceuticals,label,Q507443,pharmaceutical industry,31-33,reviewed industry table,
FEIN 520883107,Federal National Mortgage Association,199,Q621096,Fannie Mae,alias,Q837171,financial services,52,reviewed industry table,
FEIN 204429448,Coupa Software,198,Q5177980,Coupa,alias,Q880371,software industry,51,reviewed industry table,
FEIN 530088710,Financial Industry Regulatory Authority,197,Q387071,Financial Industry Regulatory Authority,label,Q96472438,securities industry,,,no NAICS or SIC on the company or its industries
LABORATORY CORPORATION OF AMERICA,Laboratory Corporation of America,192,Q6466630,LabCorp,alias,Q31207,health care,62,reviewed industry table,
FEIN 041045815,Blue Cross Blue Shield of Massachusetts,189,Q4929019,Blue Cross Blue Shield of Massachusetts,label,Q15067276,health care industry,62,reviewed industry table,
FEIN 204530702,Refinitiv,188,Q60741469,Refinitiv,label,Q16319025,fintech,,,no NAICS or SIC on the company or its industries
FEIN 943267373,Abbott Diabetes Care,185,Q45135103,Abbott Diabetes Care,label,,,,,no NAICS or SIC on the company or its industries
FEIN 310621866,Kettering Medical Center,184,Q2945882,Kettering Medical Center,label,,,,,no NAICS or SIC on the company or its industries
FMR,FMR,183,Q1411292,Fidelity Investments,alias,Q837171,financial services,52,reviewed industry table,
FEIN 650267668,Baptist Health South Florida,181,Q25007161,Baptist Health South Florida,label,,,,,no NAICS or SIC on the company or its industries
FEIN 711028222,Tencent America,181,Q125960596,TENCENT AMERICA LLC,label,,,,,no NAICS or SIC on the company or its industries
FEIN 061061602,Novo Nordisk,179,Q818846,Novo,alias,Q507443,pharmaceutical industry,31-33,reviewed industry table,
FEIN 132642206,Nomura Securities International,179,Q114587053,Nomura Securities International,label,,,,,no NAICS or SIC on the company or its industries
FEIN 943024325,Petsmart,178,Q3307147,PetSmart,label,Q126793,retail,44-45,reviewed industry table,
FEIN 910564748,Seattle Children S Hospital,177,Q7442069,Seattle Children's,alias,,,,,no NAICS or SIC on the company or its industries
FEIN 530197038,Pentagon Federal Credit Union,176,Q3374885,Pentagon Federal Credit Union,label,Q806718|Q57774188|Q837171,economics of banking|financial sector|financial services,52,reviewed industry table,
FEIN 920400838,PWC,176,Q488048,PricewaterhouseCoopers,alias,Q2089936|Q10757701|Q23699878|Q181487|Q268626,consulting company|accounting services|management consulting industry|audit|consultation,54,reviewed industry table,
FEIN 760509980,Charles River Laboratories,175,Q5082076,Charles River Laboratories,label,,,,,no NAICS or SIC on the company or its industries
CLEVELAND CLINIC,Cleveland Clinic,174,Q4117596,Cleveland Clinic,label,Q130370834|Q42240,hospitals and rehabilitation|research,62,reviewed industry table,
FEIN 800958082,TD Securities,174,Q7669903,Td Securities,label,Q837171,financial services,52,reviewed industry table,
SYNEOS HEALTH,Syneos Health,173,Q18153430,Syneos Health,label,Q507443,pharmaceutical industry,31-33,reviewed industry table,
Blue Cross Blue Shield (unspecified),Blue Cross Blue Shield (unspecified),171,Q4929017,Blue Cross Blue Shield Association,alias,Q334911,health insurance,,,no NAICS or SIC on the company or its industries
FEIN 042955676,Cytel,169,Q5201299,Cytel,label,Q13199995,statistical package,,,no NAICS or SIC on the company or its industries
REGIONS BANK,Regions Bank,169,Q917131,Regions Financial Corporation,alias,Q837171|Q806718|Q57774188,financial services|economics of banking|financial sector,52,reviewed industry table,
FEIN 946001323,Union Pacific Railroad,168,Q725793,Union Pacific Railroad,label,Q3565868,rail transport,,,no NAICS or SIC on the company or its industries
FEIN 042033129,Fidelity Management and Research,166,Q1411292,Fidelity Investments,alias,Q837171,financial services,52,reviewed industry table,
FEIN 134973745,Brown Brothers Harriman,166,Q3645421,Brown Brothers Harriman & Co.,label,Q837171,financial services,52,reviewed industry table,
FEIN 951040600,Beckman Coulter,166,Q479952,Beckman Coulter,label,Q7108,biotechnology,,,no NAICS or SIC on the company or its industries
FEIN 980033013,Sanofi Pasteur,166,Q688657,Sanofi Pasteur,label,Q112165285,Q112165285,,,no NAICS or SIC on the company or its industries
ALIXPARTNERS,Alixpartners,165,Q4727496,AlixPartners,label,Q130286,business and other management consultancy activities,54,reviewed industry table,
FEIN 472573795,Aveva Software,165,Q129425457,AVEVA SOFTWARE,label,,,,,no NAICS or SIC on the company or its industries
FEIN 912198647,Blackhawk Network,165,Q22090238,Blackhawk Network Holdings,label,,,,,no NAICS or SIC on the company or its industries
FEIN 521271901,Sentara Health,163,Q7451179,Sentara Healthcare,label,Q31207,health care,62,reviewed industry table,
SIEMENS ENERGY,Siemens Energy,163,Q89189545,Siemens Energy AG,alias,Q14554973,energy technology,,,no NAICS or SIC on the company or its industries
FEIN 431420563,Express Scripts,162,Q768231,Express Scripts,label,Q126793|Q7180823,retail|pharmacy benefits manager,44-45,reviewed industry table,
FEIN 131387680,Tiffany,161,Q1066858,Tiffany & Co.,label,Q126793|Q57262277|Q161439|Q6189617,retail|jewelry industry|jewelry|jewelry design,44-45,reviewed industry table,
FEIN 561133017,SAS Institute,161,Q1473820,SAS Institute,label,Q485396|Q880371|Q11660,analytics|software industry|artificial intelligence,51,reviewed industry table,
FEIN 770401990,Omnivision Technologies,161,Q17084327,OmniVision Technologies,label,,,,,no NAICS or SIC on the company or its industries
FEIN 586051157,Centers for Disease Control and Prevention,160,Q583725,United States Centers for Disease Control and Prevention,alias,,,,,no NAICS or SIC on the company or its industries
FEIN 620427913,Bluecross Blueshield of Tennessee,160,Q4928749,BlueCross BlueShield of Tennessee,label,,,,,no NAICS or SIC on the company or its industries
FEIN 943355101,Mitchell International,160,Q6881252,"Mitchell International, Inc.",label,Q880371,software industry,51,reviewed industry table,
FEIN 366006541,Cook County Health,159,Q30286975,Cook County Health and Hospitals System,alias,,,,,no NAICS or SIC on the company or its industries
FEIN 222872365,Thales Avionics,158,Q2383491,Thales Avionics,label,Q112165389,Q112165389,,,no NAICS or SIC on the company or its industries
FEIN 382651421,Denso International America,157,Q21125052,Denso International America,label,,,,,no NAICS or SIC on the company or its industries
BAYER CROP SCIENCE,BAYER CROP SCIENCE,155,Q812131,Bayer CropScience,label,,,,,no NAICS or SIC on the company or its industries
FEIN 131958712,Elsevier,154,Q746413,Elsevier,label,Q3972943,publishing,,,no NAICS or SIC on the company or its industries
FEIN 461142752,Ulta,154,Q7880076,Ulta Beauty,alias,Q12752882,cosmetics industry,,,no NAICS or SIC on the company or its industries
FEIN 546001730,Virginia Department of Transportation,154,Q7934247,Virginia Department of Transportation,label,,,,,no NAICS or SIC on the company or its industries
FEIN 581916822,Elavon,154,Q5353627,Elavon,label,Q837171,financial services,52,reviewed industry table,
FEIN 930790608,Daimler Truck North America,154,Q16834431,Daimler Truck North America,label,Q190117,automotive industry,31-33,reviewed industry table,
FEIN 942473210,University of Phoenix,154,Q1889100,University of Phoenix,label,,,,,no NAICS or SIC on the company or its industries
FEIN 770212977,Calpine,151,Q5023914,Calpine,label,,,,,no NAICS or SIC on the company or its industries
FEIN 941649123,Hyatt,151,Q1425063,Hyatt Hotels Corporation,alias,Q1495452,hospitality industry,,,no NAICS or SIC on the company or its industries
FEIN 541194322,General Dynamics Information Technology,148,Q130724592,General Dynamics Information Technology,label,,,,,no NAICS or SIC on the company or its industries
FEIN 203928590,Rheem Manufacturing,146,Q7320324,Rheem,alias,,,,,no NAICS or SIC on the company or its industries
FEIN 461065454,London Stock Exchange,146,Q171240,London Stock Exchange,label,Q475000,stock market,,,no NAICS or SIC on the company or its industries
FEIN 910499247,Premera Blue Cross,146,Q7240256,Premera Blue Cross,label,Q334911,health insurance,,,no NAICS or SIC on the company or its industries
FEIN 042743260,Abiomed,145,Q4667884,AbioMed,label,,,,,no NAICS or SIC on the company or its industries
FEIN 133914479,Daiichi Sankyo,141,Q669441,Daiichi Sankyo,label,Q507443,pharmaceutical industry,31-33,reviewed industry table,
FEIN 300002784,Aetna,140,Q26049,Aetna,label,Q1416012|Q43183,managed care|insurance,52,reviewed industry table,
FEIN 931179316,Cambia Health Solutions,140,Q7760047,Cambia Health Solutions,label,Q31207,health care,62,reviewed industry table,
NATIONAL LIFE,National Life,140,Q6974184,National Life Group,label,Q2518196|Q626608|Q837171,insurance industry|life insurance|financial services,52,reviewed industry table,
FEIN 133974563,Fitch Ratings,139,Q871325,Fitch Group,alias,Q837171,financial services,52,reviewed industry table,
FEIN 134144544,Next Generation Technology,137,Q137375860,Next Generation Technology Group,label,,,,,no NAICS or SIC on the company or its industries
FEIN 314394942,Ohiohealth,136,Q7080724,OhioHealth,label,,,,,no NAICS or SIC on the company or its industries
FEIN 752007383,HD Supply,136,Q5629392,Home Depot Supply,alias,,,,,no NAICS or SIC on the company or its industries
FEIN 223364205,Eisai,135,Q903384,Eisai,label,Q507443,pharmaceutical industry,31-33,reviewed industry table,
NEW YORK STATE OFFICE OF INFORMATION TECHNOLOGY SERVICES,NEW York State Office of Information Technology Services,135,Q136650467,New York State Office of Information Technology Services,label,,,,,no NAICS or SIC on the company or its industries
FEIN 366005821,Chicago Public Schools,134,Q2963340,Chicago Public Schools,label,,,,,no NAICS or SIC on the company or its industries
FEIN 371131470,North American Lighting,134,Q140597206,"NORTH AMERICAN LIGHTING, INC.",label,,,,,no NAICS or SIC on the company or its industries
FEIN 362235791,Alight Solutions,132,Q65091232,Alight Solutions,label,Q2029911,professional service,,,no NAICS or SIC on the company or its industries
FEIN 953790111,Insurance Auto Auctions,132,Q106241592,insurance auto auctions inc,label,,,,,no NAICS or SIC on the company or its industries
FEIN 056000522,University of Rhode Island,131,Q1641788,University of Rhode Island,label,,,,,no NAICS or SIC on the company or its industries
FEIN 752921540,Nationstar Mortgage,131,Q23807959,Mr. Cooper,alias,Q837171,financial services,52,reviewed industry table,
FEIN 954841215,Toyota Material Handling,131,Q7830822,"Toyota Material Handling, U.S.A., Inc.",label,,,,,no NAICS or SIC on the company or its industries
FEIN 473902376,GE Digital,130,Q55612178,GE Digital,label,Q880371,software industry,51,reviewed industry table,
FEIN 592015694,Blue Cross and Blue Shield of Florida,130,Q113509572,Florida Blue,alias,,,,,no NAICS or SIC on the company or its industries
FEIN 611591182,Neuberger Berman,130,Q1851010,Neuberger Berman,label,Q837171,financial services,52,reviewed industry table,
FEIN 630103830,Blue Cross and Blue Shield of Alabama,130,Q4929026,Blue Cross and Blue Shield of Alabama,label,Q43183,insurance,52,reviewed industry table,
FEIN 752695994,Texas Capital Bank,130,Q54622058,Texas Capital Bank,label,Q22687,bank,,,no NAICS or SIC on the company or its industries
FEIN 223842168,Ethicon Endo Surgery,129,Q5403439,Ethicon Endo-Surgery,label,Q507443,pharmaceutical industry,31-33,reviewed industry table,
FEIN 522064235,Baltimore City Public Schools,129,Q4852821,Baltimore City Public Schools,label,,,,,no NAICS or SIC on the company or its industries
FEIN 650655753,Tracfone Wireless,129,Q9089355,TracFone WirelessICR,alias,Q2401742|Q56598901|Q1058891|Q2858140,telecommunications industry|mobile phone industry|mobile virtual network operator|prepaid mobile phone,51,reviewed industry table,
FEIN 742638006,Texas Health and Human Services Commission,128,Q7707726,Texas Health and Human Services Commission,label,,,,,no NAICS or SIC on the company or its industries
FEIN 362317983,Wheels,127,Q7950139,WHEELS,label,,,,,no NAICS or SIC on the company or its industries
FEIN 383382353,Corewell Health,127,Q123561060,Corewell Health,label,Q130370834,hospitals and rehabilitation,62,reviewed industry table,
FEIN 132834414,Mercer,126,Q1186529,Mercer,label,,,,,no NAICS or SIC on the company or its industries
FEIN 134921556,American Bureau of Shipping,126,Q463645,American Bureau of Shipping,label,Q155930,water transport,,,no NAICS or SIC on the company or its industries
FORD MOTOR CREDIT,Ford Motor Credit,126,Q1436735,Ford Motor Credit Company,label,Q29584334,"financial service activities, except insurance and pension funding",,,no NAICS or SIC on the company or its industries
FEIN 363642294,US Foods,125,Q1668265,US Foods,label,Q540912|Q5465458|Q5465569,food industry|food distribution|foodservice distributor,,,no NAICS or SIC on the company or its industries
FEIN 371542226,Newrez,125,Q137187313,Newrez,label,Q1210094|Q17154779,mortgage loan|mortgage servicer,,,no NAICS or SIC on the company or its industries
FEIN 410365145,Land O Lakes,125,Q6483918,Land O'Lakes,label,Q540912,food industry,,,no NAICS or SIC on the company or its industries
FEIN 521630683,Otsuka America Pharmaceutical,125,Q30338439,Otsuka (United States),alias,,,,,no NAICS or SIC on the company or its industries
FEIN 465064661,Point72 Asset Management,124,Q2204741,Point72 Asset Management,label,Q837171|Q105611,financial services|hedge fund,52,reviewed industry table,
FEIN 042902449,Hologic,123,Q5884072,Hologic,label,Q1519843,medical technology,,,no NAICS or SIC on the company or its industries
FEIN 560754594,American Tire Distributors,123,Q108315061,American Tire Distributors,label,,,,,no NAICS or SIC on the company or its industries
INTERNATIONAL BANK FOR RECONSTRUCTION AND DEVELOPMENT,International Bank for Reconstruction and Development,123,Q191384,International Bank for Reconstruction and Development,label,Q107607934,international governmental or non-governmental organizations,,,no NAICS or SIC on the company or its industries
FEIN 060273620,Webster Bank,122,Q7978891,Webster Bank,label,Q43015,finance,,,no NAICS or SIC on the company or its industries
FEIN 131850882,NEW York Power Authority,122,Q269610,New York Power Authority,label,Q1326624,electricity supply company,,,no NAICS or SIC on the company or its industries
FEIN 560791228,University of North Carolina at Charlotte,122,Q1783178,University of North Carolina at Charlotte,label,,,,,no NAICS or SIC on the company or its industries
FEIN 223713430,Avaya,121,Q212433,Avaya,label,Q2401742|Q101333,telecommunications industry|mechanical engineering,51,reviewed industry table,
FEIN 382772023,Detroit Diesel,121,Q1201531,Detroit Diesel,label,Q190117,automotive industry,31-33,reviewed industry table,
FEIN 880097390,Aristocrat Technologies,121,Q130307069,Aristocrat Technologies,label,,,,,no NAICS or SIC on the company or its industries
KIRKLAND AND ELLIS,Kirkland and Ellis,120,Q1743511,Kirkland & Ellis,label,Q1494322,legal services,,,no NAICS or SIC on the company or its industries
FEIN 953621514,Solar Turbines,119,Q7556054,Solar Turbines,label,,,,,no NAICS or SIC on the company or its industries
FEIN 562472344,Sony Music Entertainment,117,Q56760250,Sony Music,alias,Q746359|Q19595701|Q625568,music industry|entertainment industry|show business,,,no NAICS or SIC on the company or its industries
FEIN 203552316,Hanesbrands,116,Q5647768,Hanesbrands,label,,,,,no NAICS or SIC on the company or its industries
FEIN 230334400,Ricoh,116,Q178778,Ricoh,label,Q5358497,electronics industry,31-33,reviewed industry table,
GE APPLIANCES,GE Appliances,116,Q1485263,GE Appliances,label,Q187939,industrial manufacturing,31-33,reviewed industry table,
FEIN 463131350,Baylor Scott and White Health,115,Q41568258,Baylor Scott & White Health,label,Q31207,health care,62,reviewed industry table,
FEIN 470259043,First National Bank of Omaha,115,Q5453412,First National Bank of Omaha,label,Q837171,financial services,52,reviewed industry table,
FEIN 770223411,Risk Management Solutions,115,Q139927377,"RISK MANAGEMENT SOLUTIONS, INC.",label,,,,,no NAICS or SIC on the company or its industries
FEIN 611293786,University Medical Center,112,Q7894762,University Hospital,alias,,,,,no NAICS or SIC on the company or its industries
CATHOLIC HEALTH INITIATIVES,Catholic Health Initiatives,111,Q5053168,Catholic Health Initiatives,label,Q31207,health care,62,reviewed industry table,
FEIN 060646668,Hartford Hospital,110,Q14714913,Hartford Hospital,label,,,,,no NAICS or SIC on the company or its industries
FEIN 592124491,Cengage Learning,110,Q2944238,Cengage Group,alias,,,,,no NAICS or SIC on the company or its industries
FEIN 362880742,Mizuho Securities,109,Q6884799,Mizuho Securities,label,Q319845,investment bank,,,no NAICS or SIC on the company or its industries
FEIN 941237296,Driscoll S,109,Q5307795,Driscoll's,label,,,,,no NAICS or SIC on the company or its industries
FEIN 262602465,Ascend Learning,107,Q139764143,Ascend Learning,label,Q1068473,educational technology,,,no NAICS or SIC on the company or its industries
DEUTSCHE BANK AG,Deutsche Bank AG,106,Q93360878,Deutsche Bank AG - London,alias,,,,,no NAICS or SIC on the company or its industries
FEIN 042800590,Plymouth Rock Assurance,106,Q140870191,Plymouth Rock Assurance,label,Q2518196,insurance industry,,,no NAICS or SIC on the company or its industries
FEIN 113665754,Ascensus,106,Q28206746,Ascensus,label,Q837171,financial services,52,reviewed industry table,
KAISER,Kaiser,106,Q1721601,Kaiser Permanente,alias,Q31207,health care,62,reviewed industry table,
WAL MART STORES,WAL Mart Stores,106,Q483551,,alias,Q126793|Q507619|Q16766413|Q220695,retail|retail chain|big-box store|wholesale,44-45,reviewed industry table,
FEIN 201177241,Hsbc Bank,105,Q190464,HSBC,alias,Q837171|Q43183|Q806718|Q57774188,financial services|insurance|economics of banking|financial sector,52,reviewed industry table,
FEIN 204297839,Sensata Technologies,105,Q131635515,SENSATA TECHNOLOGIES,label,,,,,no NAICS or SIC on the company or its industries
FEIN 731587712,Chevron Phillips Chemical,105,Q5094438,Chevron Phillips Chemical,label,Q862571|Q16070574,petroleum industry|petrochemical industry,,,no NAICS or SIC on the company or its industries
FEIN 390698170,West Bend Mutual Insurance,104,Q140870190,West Bend Mutual Insurance,label,Q2518196,insurance industry,,,no NAICS or SIC on the company or its industries
FEIN 314192970,Grange Insurance,103,Q17183481,Grange Insurance,label,Q43183|Q2424752,insurance|product,52,reviewed industry table,
CON EDISON,CON Edison,102,Q1127536,Consolidated Edison,alias,Q2151621,energy industry,,,no NAICS or SIC on the company or its industries
WABTEC,Wabtec,102,Q741707,Wabtec,label,Q2516512,transport industry,,,no NAICS or SIC on the company or its industries
DISNEY,Disney,101,Q178837,Disney Channel,alias,,,,,no NAICS or SIC on the company or its industries
FEIN 470705334,Kiewit,101,Q1741142,Kiewit Corporation,label,Q385378,construction,,,no NAICS or SIC on the company or its industries
FIRST CITIZENS BANK,First Citizens Bank,101,Q5452734,First Citizens Bank,label,Q806718|Q837171|Q57774188,economics of banking|financial services|financial sector,52,reviewed industry table,
AMERICAN FAMILY INSURANCE,American Family Insurance,100,Q4743730,American Family Insurance,label,Q43183,insurance,52,reviewed industry table,
FEIN 060646554,Bridgeport Hospital,99,Q4966597,Bridgeport Hospital,label,,,,,no NAICS or SIC on the company or its industries
FEIN 390963276,Generac Power Systems,99,Q5531627,Generac Holdings Inc.,alias,Q187939,industrial manufacturing,31-33,reviewed industry table,
CHRISTUS HEALTH,Christus Health,98,Q5011309,CHRISTUS Health,label,Q31207,health care,62,reviewed industry table,
FEIN 133461988,Fresenius Medical Care,98,Q650259,Fresenius Medical Care,label,Q31207|Q63383285|Q507443,health care|medical technology industry|pharmaceutical industry,62,reviewed industry table,
FLORIDA DEPARTMENT OF HEALTH,Florida Department of Health,98,Q5461315,Florida Department of Health,label,,,,,no NAICS or SIC on the company or its industries
FEIN 341694736,Electrolux Home Products,97,Q128031832,Electrolux Home Products,label,,,,,no NAICS or SIC on the company or its industries
FEIN 740635455,Frost Bank,97,Q5506152,Frost Bank,label,Q57774188|Q806718|Q837171,financial sector|economics of banking|financial services,52,reviewed industry table,
STATE OF MARYLAND,State of Maryland,97,Q1391,Maryland,alias,,,,,no NAICS or SIC on the company or its industries
VOLKSWAGEN,Volkswagen,97,Q246,Volkswagen,label,Q190117,automotive industry,31-33,reviewed industry table,
FEIN 221682767,Sealed AIR,96,Q7440621,Sealed Air,label,Q778575,conglomerate,,,no NAICS or SIC on the company or its industries
FEIN 341270056,Schindler Elevator,96,Q651212,Schindler Elevator,label,Q101333,mechanical engineering,31-33,reviewed industry table,
FEIN 581734543,Danfoss,96,Q1159510,Danfoss,label,Q187939|Q14554973,industrial manufacturing|energy technology,31-33,reviewed industry table,
FEIN 593164851,Citizens Property Insurance,96,Q5122723,Citizens Property Insurance Corporation,label,Q43183,insurance,52,reviewed industry table,
FEIN 834654304,Wisk Aero,96,Q111950315,Wisk Aero,label,,,,,no NAICS or SIC on the company or its industries
HUNTINGTON BANK,Huntington Bank,96,Q798819,Huntington Bancshares,alias,Q806718|Q837171,economics of banking|financial services,52,reviewed industry table,
NEW YORK CITY HOUSING AUTHORITY,NEW York City Housing Authority,96,Q1983035,New York City Housing Authority,label,,,,,no NAICS or SIC on the company or its industries
TEXAS DEPARTMENT OF TRANSPORTATION,Texas Department of Transportation,96,Q568743,Texas Department of Transportation,label,,,,,no NAICS or SIC on the company or its industries
DEPARTMENT OF VETERANS AFFAIRS,Department of Veterans Affairs,95,Q592576,United States Department of Veterans Affairs,alias,,,,,no NAICS or SIC on the company or its industries
FEIN 942728480,Permanente Medical,95,Q110111832,Permanente Medical Groups,alias,,,,,no NAICS or SIC on the company or its industries
SOUTHERN CALIFORNIA GAS,Southern California GAS,95,Q7569714,Southern California Gas Company,label,Q1951366,public utility,,,no NAICS or SIC on the company or its industries
STATE OF NEW JERSEY,State of NEW Jersey,95,Q1408,New Jersey,alias,,,,,no NAICS or SIC on the company or its industries
TCS,TCS,95,Q7721993,The Chainsmokers,alias,,,,,no NAICS or SIC on the company or its industries
VA CONNECTICUT HEALTHCARE SYSTEM,VA Connecticut Healthcare System,95,Q30253438,VA Connecticut Healthcare System,label,,,,,no NAICS or SIC on the company or its industries
ETHICON,Ethicon,94,Q3733763,Ethicon Inc.,label,Q507443,pharmaceutical industry,31-33,reviewed industry table,
FEIN 130872805,International Paper,93,Q202972,International Paper,label,Q2283886,pulp and paper industry,,,no NAICS or SIC on the company or its industries
FEIN 450233470,Banner Health,93,Q4856918,Banner Health,label,Q31207,health care,62,reviewed industry table,
GM FINANCIAL,GM Financial,93,Q5513853,GM Financial,label,Q837171|Q123132248|Q57261084,financial services|Consumer Lending|automotive services industry,52,P3224 (industry),
NOVARTIS,Novartis,92,Q507154,Novartis,label,Q507443|Q207652,pharmaceutical industry|chemical industry,31-33,reviewed industry table,
SOCIAL SECURITY ADMINISTRATION,Social Security Administration,92,Q2824618,Social Security Administration,label,,,,,no NAICS or SIC on the company or its industries
TIAA CREF,Tiaa Cref,92,Q740999,TIAA,alias,Q837171,financial services,52,reviewed industry table,
FEIN 131623965,College Board,91,Q1109023,College Board,label,,,,,no NAICS or SIC on the company or its industries
FEIN 440194180,UMB Bank,91,Q7865088,UMB Financial Corporation,alias,Q57774188,financial sector,52,reviewed industry table,
FEIN 943148464,Crowley Maritime,91,Q5189276,Crowley Maritime,label,Q2516512,transport industry,,,no NAICS or SIC on the company or its industries
ACCENTURE FEDERAL SERVICES,Accenture Federal Services,90,Q135711447,Accenture Federal Services,label,,,,,no NAICS or SIC on the company or its industries
FEIN 470355979,National Indemnity,90,Q6973483,National Indemnity Company,label,Q43183,insurance,52,reviewed industry table,
HCSC,Hcsc,90,Q1951936,HCSC,label,,,,,no NAICS or SIC on the company or its industries
CHILDREN S OF ALABAMA,Children S of Alabama,89,Q5098262,Children's of Alabama,label,,,,,no NAICS or SIC on the company or its industries
FEIN 135620131,Lord Abbett,89,Q6678883,Lord Abbett,label,Q14864997,investment management,,,no NAICS or SIC on the company or its industries
FEIN 232811186,Emerson,89,Q1335585,Emerson Electric,alias,Q1326885,electrical industry,,,no NAICS or SIC on the company or its industries
COX ENTERPRISES,COX Enterprises,88,Q1138249,Cox Enterprises,label,Q778575,conglomerate,,,no NAICS or SIC on the company or its industries
FEIN 860138899,Best Western International,88,Q830334,Best Western,alias,Q1495452,hospitality industry,,,no NAICS or SIC on the company or its industries
FEIN 866004791,Arizona Office of Economic Opportunity,88,Q816,Arizona,alias,,,,,no NAICS or SIC on the company or its industries
FEIN 411919752,Securian Financial,87,Q16988133,Securian Financial Group,label,Q837171,financial services,52,reviewed industry table,
FORD,Ford,87,Q44294,Ford Motor Company,alias,Q190117,automotive industry,31-33,reviewed industry table,
BERKSHIRE HATHAWAY ENERGY,Berkshire Hathaway Energy,85,Q16840677,Berkshire Hathaway Energy,label,Q862571,petroleum industry,,,no NAICS or SIC on the company or its industries
BNP PARIBAS,BNP Paribas,85,Q499707,BNP Paribas,label,Q112165989,other monetary intermediations,,,no NAICS or SIC on the company or its industries
FEIN 133789912,Macquarie,85,Q1200904,Macquarie Group,label,Q837171|Q57774188,financial services|financial sector,52,reviewed industry table,
FEIN 232142673,Ceva Contract Logistics,85,Q2136905,CEVA Logistics,label,Q177777,logistics,,,no NAICS or SIC on the company or its industries
FEIN 440272180,Hallmark Cards,85,Q1521910,Hallmark Cards,label,Q126793,retail,44-45,reviewed industry table,
FEIN 522131600,Railinc,85,Q7284018,Railinc Corporation,label,Q1254596,software as a service,51,reviewed industry table,
FEIN 231554199,TTX,84,Q80562365,Trenitalia Tper,alias,Q14626453,regional rail,,,no NAICS or SIC on the company or its industries
FEIN 381736584,Alticor,84,Q4033840,Alticor,label,Q219577,holding company,,,no NAICS or SIC on the company or its industries
NATIONAL INSTITUTE OF HEALTH,National Institute of Health,84,Q6973660,National Institute of Health,label,,,,,no NAICS or SIC on the company or its industries
FEIN 330653185,Leidos Biomedical Research,83,Q125761917,Leidos Biomedical Research Inc. (United States),alias,,,,,no NAICS or SIC on the company or its industries
FEIN 824944494,Disney Streaming Services,83,Q29015971,Disney Streaming,alias,,,,,no NAICS or SIC on the company or its industries
FEIN 860011170,Arizona Public Service,83,Q1242804,Arizona Public Service,label,Q383973,electricity generation,,,no NAICS or SIC on the company or its industries
FEIN 210515330,Wawa,82,Q1284782,Wawa,label,,,,,no NAICS or SIC on the company or its industries
FEIN 611603903,Motiva Enterprises,82,Q11201012,Motiva Enterprises,label,Q862571,petroleum industry,,,no NAICS or SIC on the company or its industries
NOVELIS,Novelis,82,Q2002891,Novelis,label,Q4063722,aluminium industry,,,no NAICS or SIC on the company or its industries
FEIN 871631677,Brooks Automation,81,Q16985452,Brooks Automation,label,,,,,no NAICS or SIC on the company or its industries
REGENERON,Regeneron,81,Q7308054,Regeneron Pharmaceuticals,alias,Q507443,pharmaceutical industry,31-33,reviewed industry table,
FEIN 043400617,Tufts Medical Center,80,Q7851542,Tufts Medical Center,label,,,,,no NAICS or SIC on the company or its industries
FEIN 880062109,IGT,80,Q30291979,GTech (Canada),alias,,,,,no NAICS or SIC on the company or its industries
LOWES,Lowes,80,Q1373493,Lowe's,alias,Q811530,hardware store,,,no NAICS or SIC on the company or its industries
PHILIPS HEALTHCARE,Philips Healthcare,80,Q4046835,Philips Healthcare,label,,,,,no NAICS or SIC on the company or its industries
SUPREME COURT OF VIRGINIA,Supreme Court of Virginia,80,Q2398783,Supreme Court of Virginia,label,,,,,no NAICS or SIC on the company or its industries
TRAVELERS INSURANCE,Travelers Insurance,80,Q942471,The Travelers Companies,alias,Q43183,insurance,52,reviewed industry table,
FEIN 132857105,Kohlberg Kravis Roberts,79,Q1570773,Kohlberg Kravis Roberts,label,Q5418962|Q873442|Q14864997,private equity firm|asset management|investment management,52,reviewed industry table,
TEKSYSTEMS,Teksystems,79,Q126863027,TEKsystems,label,,,,,no NAICS or SIC on the company or its industries
WESTFIELD INSURANCE,Westfield Insurance,79,Q7988700,Westfield Insurance,label,Q837171,financial services,52,reviewed industry table,
FEIN 060646597,Danbury Hospital,78,Q5214961,Danbury Hospital,label,,,,,no NAICS or SIC on the company or its industries
FEIN 741149540,Circle K Stores,78,Q3268010,,alias,Q126793|Q40050,retail|drink,44-45,reviewed industry table,
FEIN 910374630,Puget Sound Energy,78,Q7258927,Puget Sound Energy,label,Q466707,utility,,,no NAICS or SIC on the company or its industries
JLG INDUSTRIES,JLG Industries,78,Q12060878,JLG Industries,label,,,,,no NAICS or SIC on the company or its industries
SIRIUSXM,Siriusxm,78,Q3277465,Sirius XM Rad,alias,Q273623,radio broadcasting,,,no NAICS or SIC on the company or its industries
FEIN 300588666,Cetera Financial,77,Q43401235,Cetera Financial Group,label,Q837171,financial services,52,reviewed industry table,
FEIN 465612095,Solenis,77,Q19881788,Solenis,label,Q187939,industrial manufacturing,31-33,reviewed industry table,
FEIN 743197526,Boehringer Ingelheim,77,Q30260626,Boehringer Ingelheim,label,,,,,no NAICS or SIC on the company or its industries
FEIN 770208119,Mattson Technology,77,Q17068557,Mattson Technology,label,,,,,no NAICS or SIC on the company or its industries
FM GLOBAL,FM Global,77,Q1391731,FM Global,label,Q2143354,insurance company,,,no NAICS or SIC on the company or its industries
NBCUNIVERSAL,Nbcuniversal,77,Q724759,NBCUniversal,label,Q289,television,,,no NAICS or SIC on the company or its industries
FEIN 383020060,Kellogg,76,Q990875,Kellogg,label,,,,,no NAICS or SIC on the company or its industries
FEIN 822266384,Form Energy,76,Q107803062,Form Energy,label,,,,,no NAICS or SIC on the company or its industries
NASCO,Nasco,76,Q7053997,North Atlantic Salmon Conservation Organization,alias,,,,,no NAICS or SIC on the company or its industries
COMMONWEALTH OF MASSACHUSETTS,Commonwealth of Massachusetts,75,Q771,Massachusetts,alias,,,,,no NAICS or SIC on the company or its industries
FEIN 050389840,IGT Global Solutions,75,Q139848151,IGT Global Solutions Corporation,label,,,,,no NAICS or SIC on the company or its industries
FEIN 236003047,City of Philadelphia,75,Q1345,Philadelphia,alias,,,,,no NAICS or SIC on the company or its industries
FIDELITY INFORMATION SERVICES,Fidelity Information Services,75,Q1411295,Fidelity National Information Services,alias,Q837171,financial services,52,reviewed industry table,
ONEAMERICA FINANCIAL PARTNERS,Oneamerica Financial Partners,75,Q25052782,"OneAmerica Financial Partners, Inc.",label,Q43183,insurance,52,reviewed industry table,
PENSKE,Penske,75,Q2225273,Penske Corporation,label,Q7590,transport,48-49,reviewed industry table,
FEIN 232085699,Janssen Pharmaceuticals,74,Q903523,Janssen Pharmaceutica,alias,Q507443,pharmaceutical industry,31-33,reviewed industry table,
FEIN 383899873,Lineage Logistics,74,Q60746845,Lineage Logistics,label,,,,,no NAICS or SIC on the company or its industries
FEIN 770016691,Altera,74,Q438294,Altera,label,Q2986369,semiconductor industry,,,no NAICS or SIC on the company or its industries
FEIN 881348969,Cariad,74,Q106215606,CARIAD,label,,,,,no NAICS or SIC on the company or its industries
FEIN 820196611,JR Simplot,73,Q3484788,Simplot,alias,Q540912,food industry,,,no NAICS or SIC on the company or its industries
FEIN 930246090,Pacificorp,73,Q2045479,PacifiCorp,label,Q2316331,electric power industry,,,no NAICS or SIC on the company or its industries
FEIN 951985500,Aarp,73,Q463410,AARP,label,,,,,no NAICS or SIC on the company or its industries
FEIN 990042880,Hawaiian Airlines,73,Q642610,Hawaiian Airlines,label,,,,,no NAICS or SIC on the company or its industries
TENNECO,Tenneco,73,Q1509038,Tenneco,label,Q6405028,automotive part,,,no NAICS or SIC on the company or its industries
FEIN 630274273,Southern Company Services,72,Q7569789,Southern Company Services,label,Q1326624,electricity supply company,,,no NAICS or SIC on the company or its industries
FEIN 880335067,Bridgestone Americas,72,Q27978540,Bridgestone Americas,label,,,,,no NAICS or SIC on the company or its industries
FEIN 954337490,Lennar,72,Q16981175,Lennar Corporation,label,Q385378,construction,,,no NAICS or SIC on the company or its industries
STATE OF INDIANA,State of Indiana,72,Q1415,Indiana,alias,,,,,no NAICS or SIC on the company or its industries
AMEX,Amex,71,Q194360,American Express,alias,Q837171|Q29584334|Q3043893,"financial services|financial service activities, except insurance and pension funding|payment card industry",52,reviewed industry table,
ATHENE,Athene,71,Q59536537,ATHENE,label,,,,,no NAICS or SIC on the company or its industries
FEIN 061665964,Michael Kors,71,Q19572998,Capri Holdings,alias,Q11828862,clothing industry,,,no NAICS or SIC on the company or its industries
FEIN 311746517,CRC Insurance,71,Q126913759,McGriff,alias,,,,,no NAICS or SIC on the company or its industries
FEIN 460522543,Kaseya,71,Q107420131,Kaseya,label,,,,,no NAICS or SIC on the company or its industries
BASF,Basf,70,Q9401,BASF,label,Q207652|Q1944497|Q1349660,chemical industry|plant protection|extraction of petroleum,31-33,reviewed industry table,
STATE OF TEXAS,State of Texas,70,Q1439,Texas,alias,,,,,no NAICS or SIC on the company or its industries
FEIN 042599931,Mapfre,69,Q544532,MAPFRE,label,Q43183,insurance,52,reviewed industry table,
FEIN 391413708,ABC Supply,69,Q4650247,ABC Supply,label,,,,,no NAICS or SIC on the company or its industries
FEIN 446000308,Missouri State University,69,Q1249251,Missouri State University,label,,,,,no NAICS or SIC on the company or its industries
FEIN 474903750,Volvo CAR,69,Q2734260,Volvo Car,label,,,,,no NAICS or SIC on the company or its industries
FEIN 950514585,Automobile Club of Southern California,69,Q806089,Automobile Club of Southern California,label,,,,,no NAICS or SIC on the company or its industries
LOWE S,Lowe S,69,Q1373493,Lowe's,label,Q811530,hardware store,,,no NAICS or SIC on the company or its industries
PIMCO,Pimco,69,Q1970040,PIMCO,label,Q837171,financial services,52,reviewed industry table,
EVEREST RE,Everest RE,68,Q1381973,Everest Re,label,Q837171,financial services,52,reviewed industry table,
FEIN 360700810,ACE Hardware,68,Q4672981,Ace Hardware,label,Q811530,hardware store,,,no NAICS or SIC on the company or its industries
FEIN 800818212,Cricket Wireless,68,Q5184987,Cricket Wireless,label,Q2401742|Q56598901,telecommunications industry|mobile phone industry,51,reviewed industry table,
TRUSTAGE,Trustage,68,Q5014700,CUNA Mutual Group,alias,Q43183,insurance,52,reviewed industry table,
FEIN 251579550,Alstom Transport,67,Q13400350,Alstom Transport,label,Q112165457,construction of locomotives and other railway rolling stock,,,no NAICS or SIC on the company or its industries
FEIN 470098400,Ameritas Life Insurance,67,Q4745801,Ameritas Life Insurance Company,label,Q43183,insurance,52,reviewed industry table,
FEIN 650003177,Cleveland Clinic Florida,67,Q30281796,Cleveland Clinic Florida,label,,,,,no NAICS or SIC on the company or its industries
FEIN 746000064,Austin Independent School District,67,Q4823141,Austin Independent School District,label,,,,,no NAICS or SIC on the company or its industries
FORD MOTORS,Ford Motors,67,Q44294,Ford Motor Company,alias,Q190117,automotive industry,31-33,reviewed industry table,
FEIN 134921002,Hess,66,Q1615684,Hess Corporation,label,Q862571|Q29585145,petroleum industry|manufacture of refined petroleum products,,,no NAICS or SIC on the company or its industries
FEIN 381747023,Spirit Airlines,66,Q1190598,Spirit Airlines,label,,,,,no NAICS or SIC on the company or its industries
NATIONWIDE,Nationwide,66,Q6979886,Nationwide Mutual Insurance Company,alias,Q837171,financial services,52,reviewed industry table,
ARMY AND AIR FORCE EXCHANGE SERVICE,Army and AIR Force Exchange Service,65,Q671921,Army and Air Force Exchange Service,label,Q126793,retail,44-45,reviewed industry table,
FEIN 380819050,Steelcase,65,Q479167,Steelcase,label,Q187939,industrial manufacturing,31-33,reviewed industry table,
FEIN 390123480,Thrivent Financial for Lutherans,65,Q7798301,Thrivent Financial for Lutherans,label,Q837171,financial services,52,reviewed industry table,
FLORIDA DEPARTMENT OF TRANSPORTATION,Florida Department of Transportation,65,Q3074270,Florida Department of Transportation,label,,,,,no NAICS or SIC on the company or its industries
STATE OF WISCONSIN,State of Wisconsin,65,Q1537,Wisconsin,alias,,,,,no NAICS or SIC on the company or its industries
CAPGEMINI,Capgemini,64,Q1034621,Capgemini,label,Q1481411|Q112166038,IT service management|activities of head offices,54,reviewed industry table,
FEIN 133440076,Convera,64,Q5166345,Convera Corporation,label,Q75,Internet,,,no NAICS or SIC on the company or its industries
FEIN 223541162,Universal Service Administrative,64,Q114032250,Universal Service Administrative Company,label,Q123132281,Administrative Management and General Management Consulting Services,54,P3224 (industry),
FEIN 451221469,Crunchyroll,64,Q1142035,Crunchyroll,label,Q2575347|Q220499,anime industry|streaming media,,,no NAICS or SIC on the company or its industries
FEIN 821328840,Henkel,64,Q5270450,Henkel Corporation,label,,,,,no NAICS or SIC on the company or its industries
FEIN 841256945,Frontier Airlines,64,Q1139541,Frontier Airlines,label,,,,,no NAICS or SIC on the company or its industries
AUTO OWNERS INSURANCE,Auto Owners Insurance,63,Q4826032,Auto-Owners Insurance,label,Q837171,financial services,52,reviewed industry table,
FEIN 330949894,Bausch Health,63,Q1700871,Bausch Health,label,Q507443,pharmaceutical industry,31-33,reviewed industry table,
FEIN 470617373,Commonspirit Health,63,Q85753582,CommonSpirit Health,label,Q31207,health care,62,reviewed industry table,
FLORIDA DEPARTMENT OF REVENUE,Florida Department of Revenue,63,Q60792907,Florida Department of Revenue,label,,,,,no NAICS or SIC on the company or its industries
ROSS DRESS FOR LESS,Ross Dress for Less,63,Q3442791,Ross Dress for Less,label,Q126793,retail,44-45,reviewed industry table,
VETERANS AFFAIRS MEDICAL CENTER,Veterans Affairs Medical Center,63,Q30279708,Washington DC VA Medical Center,alias,,,,,no NAICS or SIC on the company or its industries
FEIN 050158952,Blue Cross and Blue Shield of Rhode Island,62,Q96255801,Blue Cross & Blue Shield of Rhode Island,label,,,,,no NAICS or SIC on the company or its industries
FEIN 132884976,William F Ryan Community Health Center,62,Q30292656,William F Ryan Community Health Center,label,,,,,no NAICS or SIC on the company or its industries
FEIN 160835158,Coopervision,62,Q15030582,CooperVision,label,,,,,no NAICS or SIC on the company or its industries
FEIN 311725961,Safelite,62,Q785614,Belton,alias,Q506095,car glass,,,no NAICS or SIC on the company or its industries
FEIN 561376950,Novant Health,62,Q14956815,Novant Health,label,Q11000047,health system,,,no NAICS or SIC on the company or its industries
FEIN 953069495,Yamaha Motor,62,Q158888,Yamaha Motor Company,label,Q190117|Q101333|Q187939,automotive industry|mechanical engineering|industrial manufacturing,31-33,reviewed industry table,
FEIN 951184800,SAN Diego GAS and Electric,61,Q7413674,San Diego Gas & Electric,label,Q1951366,public utility,,,no NAICS or SIC on the company or its industries
METHODIST UNIVERSITY HOSPITAL,Methodist University Hospital,61,Q30253991,Methodist University Hospital,label,,,,,no NAICS or SIC on the company or its industries
STATE OF MISSOURI,State of Missouri,61,Q1581,Missouri,alias,,,,,no NAICS or SIC on the company or its industries
COSTCO,Costco,60,Q715583,Costco,label,Q126793,retail,44-45,reviewed industry table,
FEIN 842745636,Arconic,60,Q25104597,Howmet Aerospace,alias,Q3477363,aerospace industry,,,no NAICS or SIC on the company or its industries
FEIN 910656890,Recreational Equipment,60,Q3414933,"Recreational Equipment, Inc.",label,Q126793,retail,44-45,reviewed industry table,
SAM S CLUB,SAM S Club,60,Q1972120,Sam's Club,label,Q126793,retail,44-45,reviewed industry table,
FEIN 132673100,General Reinsurance,59,Q110418364,General Reinsurance Corporation,label,,,,,no NAICS or SIC on the company or its industries
FEIN 133024042,Nintendo of America,59,Q20651008,Nintendo of America,label,,,,,no NAICS or SIC on the company or its industries
FEIN 231693419,Subaru of America,59,Q7630825,Subaru of America,label,Q190117,automotive industry,31-33,reviewed industry table,
FEIN 310600670,TBC,59,Q28874479,The Boring Company,alias,Q376799,transport infrastructure,,,no NAICS or SIC on the company or its industries
FEIN 420497670,Pella,59,Q22549,Pella,label,,,,,no NAICS or SIC on the company or its industries
FEIN 431869775,Bass PRO,59,Q4867953,Bass Pro Shops,alias,Q14373|Q36963|Q2252077|Q455550|Q968907,fishing|hunting|shooting|camping|outdoor recreation,,,no NAICS or SIC on the company or its industries
FEIN 462654405,Spark Therapeutics,59,Q30269302,Spark Therapeutics (United States),alias,Q7108,biotechnology,,,no NAICS or SIC on the company or its industries
FEIN 562002553,Elanco,59,Q30280160,Elanco,label,Q507443,pharmaceutical industry,31-33,reviewed industry table,
ALTICE,Altice,58,Q15944611,Altice,label,Q2401742,telecommunications industry,51,reviewed industry table,
BRITISH PETROLEUM,British Petroleum,58,Q1377448,Europäische Petroleum-Union,alias,Q862571,petroleum industry,,,no NAICS or SIC on the company or its industries
COVENANT MEDICAL CENTER,Covenant Medical Center,58,Q50036791,Covenant Medical Center,label,,,,,no NAICS or SIC on the company or its industries
FEIN 134924125,Munich Reinsurance America,58,Q6936103,Munich Reinsurance America,label,Q476118,reinsurance,,,no NAICS or SIC on the company or its industries
FEIN 340714478,Cleveland Clinic Akron General Medical Center,58,Q104144949,Cleveland Clinic Akron General,label,,,,,no NAICS or SIC on the company or its industries
FEIN 562384277,Tory Burch,58,Q19988222,Tory Burch LLC,label,Q11828862|Q126793,clothing industry|retail,44-45,reviewed industry table,
FEIN 840772929,Graphic Packaging International,58,Q5597139,Graphic Packaging,alias,,,,,no NAICS or SIC on the company or its industries
VA MEDICAL CENTER,VA Medical Center,58,Q7906562,VA Boston Healthcare System,alias,,,,,no NAICS or SIC on the company or its industries
COUNTRY FINANCIAL,Country Financial,57,Q5177282,Country Financial,label,,,,,no NAICS or SIC on the company or its industries
FEIN 221186387,Valley National Bank,57,Q7912152,Valley National Bank,label,Q837171,financial services,52,reviewed industry table,
FEIN 870477597,UBS Bank,57,Q3919666,BSB Bank,alias,Q806718|Q837171,economics of banking|financial services,52,reviewed industry table,
DILIGENT,Diligent,56,Q22907813,Diligent Corporation,label,Q1254596,software as a service,51,reviewed industry table,
FEIN 223329332,Ortho Clinical Diagnostics,56,Q7104389,Ortho-Clinical Diagnostics,label,,,,,no NAICS or SIC on the company or its industries
TEXAS COMPTROLLER OF PUBLIC ACCOUNTS,Texas Comptroller of Public Accounts,56,Q8350359,Texas Comptroller of Public Accounts,label,,,,,no NAICS or SIC on the company or its industries
BCBS,Bcbs,55,Q661858,Basel Committee on Banking Supervision,alias,,,,,no NAICS or SIC on the company or its industries
FEIN 042711626,Zoll Medical,55,Q118075142,ZOLL Medical,label,,,,,no NAICS or SIC on the company or its industries
FEIN 133006584,Rockefeller Capital Management,55,Q108661056,Rockefeller Capital Management,label,Q837171,financial services,52,reviewed industry table,
FEIN 251897152,United States Steel,55,Q72539,U.S. Steel,alias,Q2285982,iron and steel industry,,,no NAICS or SIC on the company or its industries
FEIN 316402047,Ohio Department of Transportation,55,Q4955209,Ohio Department of Transportation,label,,,,,no NAICS or SIC on the company or its industries
FEIN 465065972,Karma Automotive,55,Q22671741,Karma Automotive,label,Q190117,automotive industry,31-33,reviewed industry table,
FEIN 593630324,Energy Transfer Partners,55,Q5377000,Energy Transfer,alias,Q862571,petroleum industry,,,no NAICS or SIC on the company or its industries
QC,QC,55,Q176,Quebec,alias,,,,,no NAICS or SIC on the company or its industries
FEIN 223531045,Forefront,54,Q28451496,Forefront,label,,,,,no NAICS or SIC on the company or its industries
FEIN 262011084,Genmab,54,Q2076526,Genmab,label,Q7108,biotechnology,,,no NAICS or SIC on the company or its industries
FEIN 451177477,Fujifilm Diosynth Biotechnologies,54,Q98768263,Fujifilm Diosynth Biotechnologies,label,Q7108,biotechnology,,,no NAICS or SIC on the company or its industries
FEIN 741612229,US Department of Veterans Affairs Veteran S Health Administration,54,Q7906562,VA Boston Healthcare System,label,,,,,no NAICS or SIC on the company or its industries
FORTRESS INVESTMENT,Fortress Investment,54,Q1439011,Fortress Investment Group,label,,,,,no NAICS or SIC on the company or its industries
KEYBANK,Keybank,54,Q1740314,KeyBank,label,Q837171|Q57774188|Q806718,financial services|financial sector|economics of banking,52,reviewed industry table,
NATIONAL SCIENCE FOUNDATION,National Science Foundation,54,Q304878,National Science Foundation,label,,,,,no NAICS or SIC on the company or its industries
WEBMD,Webmd,54,Q3536160,WebMD,label,Q31207,health care,62,reviewed industry table,
CARNIVAL CRUISE LINE,Carnival Cruise Line,53,Q656554,Carnival Cruise Line,label,Q49389,tourism,,,no NAICS or SIC on the company or its industries
FEIN 135150451,Hudson Insurance,53,Q23008373,Hudson Insurance Company,label,,,,,no NAICS or SIC on the company or its industries
FEIN 570287419,Blue Cross Blue Shield of South Carolina,53,Q16966744,Blue Cross Blue Shield of South Carolina,label,Q334911,health insurance,,,no NAICS or SIC on the company or its industries
FEIN 731726638,Astellas,53,Q15872750,Astellas,label,,,,,no NAICS or SIC on the company or its industries
MCKINSEY,Mckinsey,53,Q310207,McKinsey & Company,label,Q23699878,management consulting industry,54,reviewed industry table,
BUFFALO GENERAL MEDICAL CENTER,Buffalo General Medical Center,52,Q30254166,Buffalo General Medical Center,label,,,,,no NAICS or SIC on the company or its industries
FEIN 060646917,Stamford Hospital,52,Q7597401,Stamford Hospital,label,,,,,no NAICS or SIC on the company or its industries
FEIN 236003240,Pennsylvania Turnpike Commission,52,Q1646331,Pennsylvania Turnpike Commission,label,,,,,no NAICS or SIC on the company or its industries
FEIN 390379990,SC Johnson and SON,52,Q683170,S. C. Johnson & Son,label,Q1187656,fast-moving consumer goods,,,no NAICS or SIC on the company or its industries
FEIN 463113568,Venture Global LNG,52,Q127256056,Venture Global LNG,label,,,,,no NAICS or SIC on the company or its industries
FIRST NATIONAL BANK,First National Bank,52,Q11602127,Daiichi Bank,alias,,,,,no NAICS or SIC on the company or its industries
GE AEROSPACE,GE Aerospace,52,Q1485061,GE Aerospace,label,Q3477363,aerospace industry,,,no NAICS or SIC on the company or its industries
HARVARD BUSINESS SCHOOL,Harvard Business School,52,Q49126,Harvard Business School,label,,,,,no NAICS or SIC on the company or its industries
BMW,BMW,51,Q26678,BMW,label,Q190117|Q29584629|Q4828699|Q112122778,automotive industry|manufacture of motor vehicles|aeronautical engineering|activities of holding companies,31-33,reviewed industry table,
DEPARTMENT OF LABOR,Department of Labor,51,Q628807,United States Department of Labor,alias,,,,,no NAICS or SIC on the company or its industries
FEIN 420841485,ACT,51,Q288810,ACT Music,alias,,,,,no NAICS or SIC on the company or its industries
FEIN 522126008,Popular Bank,51,Q7229656,"Popular, Inc.",alias,Q837171,financial services,52,reviewed industry table,
FEIN 522358139,Otsuka Pharmaceutical Development and Commercialization,51,Q140351345,"Otsuka Pharmaceutical Development & Commercialization, Inc. (United States)",alias,,,,,no NAICS or SIC on the company or its industries
FEIN 822921700,BCS Automotive Interface Solutions,51,Q58194962,BCS Automotive Interface Solutions,label,Q190117,automotive industry,31-33,reviewed industry table,
FLORIDA DEPARTMENT OF CORRECTIONS,Florida Department of Corrections,51,Q5461316,Florida Department of Corrections,label,,,,,no NAICS or SIC on the company or its industries
GILEAD,Gilead,51,Q663596,Gilead Sciences,alias,Q507443,pharmaceutical industry,31-33,reviewed industry table,
PERATON,Peraton,51,Q108443888,Peraton,label,Q16955053|Q17233037,defence industry|cybersecurity,,,no NAICS or SIC on the company or its industries
BEST BRAINS,Best Brains,50,Q4896597,Best Brains,label,Q173799,entertainment,,,no NAICS or SIC on the company or its industries
CSX TRANSPORTATION,CSX Transportation,50,Q856783,CSX Transportation,label,,,,,no NAICS or SIC on the company or its industries
FEIN 210524225,NEW Jersey Manufacturers Insurance,50,Q17083216,New Jersey Manufacturers Insurance Company,label,Q43183,insurance,52,reviewed industry table,
FEIN 452820736,Honda Aircraft,50,Q1626480,Honda Aircraft Company,label,Q765633,aviation,,,no NAICS or SIC on the company or its industries
FEIN 593228107,Dayforce,50,Q5064245,"Dayforce, Inc.",label,,,,,no NAICS or SIC on the company or its industries
FEIN 760596008,Mattress Firm,50,Q6791878,Mattress Firm,label,Q126793|Q1762457,retail|bedding,44-45,reviewed industry table,
FEIN 840857401,Gates,50,Q5527100,Gates Corporation,label,Q3477381,automotive supplier,,,no NAICS or SIC on the company or its industries
FLORIDA DEPARTMENT OF ENVIRONMENTAL PROTECTION,Florida Department of Environmental Protection,50,Q730654,Florida Department of Environmental Protection,label,,,,,no NAICS or SIC on the company or its industries
MICHELIN,Michelin,50,Q151107,Michelin,label,Q190117|Q29585181|Q107598157|Q112166041,automotive industry|manufacture of rubber tyres and tubes; retreading and rebuilding of rubber tyres|plastics and rubber industry|business and other management consulting,31-33,reviewed industry table,
MICHELIN NORTH AMERICA,Michelin North America,50,Q30273404,Michelin North America,label,,,,,no NAICS or SIC on the company or its industries
MR COOPER,MR Cooper,50,Q23807959,Mr. Cooper,label,Q837171,financial services,52,reviewed industry table,
ASCENSION HEALTH,Ascension Health,49,Q96372437,Ascension,alias,Q31207,health care,62,reviewed industry table,
CVS CAREMARK,CVS Caremark,49,Q5039014,CVS Caremark,label,Q7180823,pharmacy benefits manager,,,no NAICS or SIC on the company or its industries
FEIN 042949533,Paramount Global,49,Q76846862,Paramount Global,label,Q11033|Q1916382,mass media|media conglomerate,,,no NAICS or SIC on the company or its industries
FEIN 473071926,GE Grid Solutions,49,Q2840226,GE Grid Solutions,label,Q112165400,production of electrical distribution and control equipment,,,no NAICS or SIC on the company or its industries
FEIN 510083365,WL Gore and Associates,49,Q471316,W. L. Gore & Associates,label,,,,,no NAICS or SIC on the company or its industries
FEIN 742639167,Texas Department of Family and Protective Services,49,Q5803328,Texas Department of Family and Protective Services,label,,,,,no NAICS or SIC on the company or its industries
FEIN 954376145,Skechers,49,Q2945643,Skechers,label,Q11828862,clothing industry,,,no NAICS or SIC on the company or its industries
GEORGIA DEPARTMENT OF LABOR,Georgia Department of Labor,49,Q5547452,Georgia Department of Labor,label,,,,,no NAICS or SIC on the company or its industries
THOMAS JEFFERSON UNIVERSITY HOSPITAL,Thomas Jefferson University Hospital,49,Q14956773,Jefferson Health,alias,Q15067276,health care industry,62,reviewed industry table,
UNIVAR SOLUTIONS,Univar Solutions,49,Q772813,Univar Solutions,label,,,,,no NAICS or SIC on the company or its industries
WESTERN GOVERNORS UNIVERSITY,Western Governors University,49,Q7987876,Western Governors University,label,Q136822,higher education,61,reviewed industry table,
FEIN 593531592,Everbank,48,Q5416802,EverBank,label,Q837171,financial services,52,reviewed industry table,
FEIN 611697358,Hanon Systems,48,Q5642735,Hanon Systems,label,,,,,no NAICS or SIC on the company or its industries
RITE AID,Rite AID,48,Q3433273,Rite Aid,label,Q126793,retail,44-45,reviewed industry table,
FEIN 043537967,Geode Capital Management,47,Q105773164,Geode Capital Management,label,,,,,no NAICS or SIC on the company or its industries
INTERCONTINENTAL HOTELS,Intercontinental Hotels,47,Q1424962,IHG Hotels & Resorts,alias,Q1285245|Q4899370,hotel industry|beverage industry,,,no NAICS or SIC on the company or its industries
METROPOLITAN TRANSPORTATION AUTHORITY,Metropolitan Transportation Authority,47,Q1146109,Metropolitan Transportation Authority,label,Q2072431,passenger transport,,,no NAICS or SIC on the company or its industries
NJM INSURANCE,NJM Insurance,47,Q17083216,New Jersey Manufacturers Insurance Company,alias,Q43183,insurance,52,reviewed industry table,
BAPTIST MEDICAL CENTER SOUTH,Baptist Medical Center South,46,Q107170115,Baptist Medical Center South,label,,,,,no NAICS or SIC on the company or its industries
CALSAWS,Calsaws,46,Q138817501,California Statewide Automated Welfare System,alias,,,,,no NAICS or SIC on the company or its industries
CARLE FOUNDATION HOSPITAL,Carle Foundation Hospital,46,Q5041133,Carle Foundation Hospital,label,Q130370834,hospitals and rehabilitation,62,reviewed industry table,
CHICK FIL A,Chick FIL A,46,Q491516,Chick-fil-A,label,Q11707,restaurant,,,no NAICS or SIC on the company or its industries
FEIN 043372500,ISO NEW England,46,Q5974452,ISO New England,label,Q2316331,electric power industry,,,no NAICS or SIC on the company or its industries
FEIN 132741729,Pershing,46,Q7170167,Pershing LLC,label,,,,,no NAICS or SIC on the company or its industries
FEIN 522140933,Westinghouse Electric,46,Q632404,Westinghouse Electric Corporation,label,,,,,no NAICS or SIC on the company or its industries
FEIN 856000565,State of NEW Mexico,46,Q1522,New Mexico,alias,,,,,no NAICS or SIC on the company or its industries
US DEPARTMENT OF VETERANS AFFAIRS,US Department of Veterans Affairs,46,Q592576,United States Department of Veterans Affairs,alias,,,,,no NAICS or SIC on the company or its industries
US FOOD AND DRUG ADMINISTRATION,US Food and Drug Administration,46,Q204711,United States Food and Drug Administration,alias,,,,,no NAICS or SIC on the company or its industries
BAYER AG,Bayer AG,45,Q152051,Bayer,alias,Q507443|Q902296|Q11474|Q207652,pharmaceutical industry|phytopharmaceuticals|plastic|chemical industry,31-33,reviewed industry table,
CALIFORNIA DEPARTMENT OF HEALTH CARE SERVICES,California Department of Health Care Services,45,Q5020424,California Department of Health Care Services,label,,,,,no NAICS or SIC on the company or its industries
CREDIT ONE,Credit ONE,45,Q5183728,Credit One Bank,alias,Q837171,financial services,52,reviewed industry table,
FEDERAL AVIATION ADMINISTRATION,Federal Aviation Administration,45,Q335357,Federal Aviation Administration,label,,,,,no NAICS or SIC on the company or its industries
FEIN 134941092,Bank of Montreal,45,Q806693,Bank of Montreal,label,Q837171|Q806718|Q57774188,financial services|economics of banking|financial sector,52,reviewed industry table,
FEIN 431257251,Blue Cross and Blue Shield of Kansas City,45,Q4929024,Blue Cross and Blue Shield of Kansas City,label,Q334911,health insurance,,,no NAICS or SIC on the company or its industries
FEIN 760419117,Cardtronics,45,Q50239180,Cardtronics,label,Q108742045,ATM operator,,,no NAICS or SIC on the company or its industries
FEIN 941441976,Dodge and COX,45,Q1234076,Dodge & Cox,label,Q14864997,investment management,,,no NAICS or SIC on the company or its industries
NORTH CAROLINA DEPARTMENT OF HEALTH AND HUMAN SERVICES,North Carolina Department of Health and Human Services,45,Q7054475,North Carolina Department of Health and Human Services,label,,,,,no NAICS or SIC on the company or its industries
ADVENTHEALTH ORLANDO,Adventhealth Orlando,44,Q3145309,AdventHealth Orlando,label,,,,,no NAICS or SIC on the company or its industries
FEIN 060646768,Hospital of Central Connecticut,44,Q50035465,The Hospital of Central Connecticut,label,,,,,no NAICS or SIC on the company or its industries
FEIN 946000416,SAN Francisco Unified School District,44,Q2215009,San Francisco Unified School District,label,,,,,no NAICS or SIC on the company or its industries
MFS INVESTMENT MANAGEMENT,MFS Investment Management,44,Q6715642,MFS Investment Management,label,Q14864997,investment management,,,no NAICS or SIC on the company or its industries
PENNSYLVANIA DEPARTMENT OF TRANSPORTATION,Pennsylvania Department of Transportation,44,Q5569650,Pennsylvania Department of Transportation,label,,,,,no NAICS or SIC on the company or its industries
ROYAL CARIBBEAN,Royal Caribbean,44,Q929872,Royal Caribbean International,alias,Q946499,cruise line,,,no NAICS or SIC on the company or its industries
VOLVO,Volvo,44,Q163810,AB Volvo,alias,Q190117,automotive industry,31-33,reviewed industry table,
WEST ROXBURY VA MEDICAL CENTER,West Roxbury VA Medical Center,44,Q89037429,West Roxbury VA Medical Center,label,,,,,no NAICS or SIC on the company or its industries
AHOLD DELHAIZE,Ahold Delhaize,43,Q20539261,Ahold Delhaize,label,Q126793,retail,44-45,reviewed industry table,
AT AND T LABS,At and T Labs,43,Q4654544,AT&T Labs,label,Q276099,research and development,,,no NAICS or SIC on the company or its industries
BLUE CROSS AND BLUE SHIELD OF MINNESOTA,Blue Cross and Blue Shield of Minnesota,43,Q21400279,Blue Cross and Blue Shield of Minnesota,label,Q31207,health care,62,reviewed industry table,
COMMONWEALTH OF PENNSYLVANIA,Commonwealth of Pennsylvania,43,Q1400,Pennsylvania,alias,,,,,no NAICS or SIC on the company or its industries
FEIN 431109770,Biomerieux,43,Q2904021,bioMérieux,alias,Q112165285,Q112165285,,,no NAICS or SIC on the company or its industries
FEIN 630288878,Tuskegee University,43,Q1682329,Tuskegee University,label,Q136822,higher education,61,reviewed industry table,
FEIN 943309549,Everi Payments,43,Q140312451,Everi Payments Inc.,label,,,,,no NAICS or SIC on the company or its industries
NASA GODDARD SPACE FLIGHT CENTER,Nasa Goddard Space Flight Center,43,Q52152,,alias,,,,,no NAICS or SIC on the company or its industries
PANASONIC,Panasonic,43,Q53247,Panasonic Holdings Corporation,label,Q2986369|Q11650|Q212920|Q941594,semiconductor industry|electronics|home appliance|video game industry,51,reviewed industry table,
SPECTRUM,Spectrum,43,Q2961234,Charter Communications,alias,Q2401742,telecommunications industry,51,reviewed industry table,
SYRACUSE VA MEDICAL CENTER,Syracuse VA Medical Center,43,Q30281007,Syracuse VA Medical Center,label,,,,,no NAICS or SIC on the company or its industries
FEIN 132511923,Roche Diagnostics,42,Q1592110,Roche Diagnostics,label,,,,,no NAICS or SIC on the company or its industries
FEIN 133863161,Davidson Kempner Capital Management,42,Q16989193,Davidson Kempner Capital Management,label,Q105611,hedge fund,,,no NAICS or SIC on the company or its industries
FEIN 232896884,PJM Interconnection,42,Q25004450,PJM Interconnection,label,Q2316331,electric power industry,,,no NAICS or SIC on the company or its industries
FEIN 520847040,Washington Metropolitan Area Transit Authority,42,Q7972051,WMATA,alias,,,,,no NAICS or SIC on the company or its industries
FEIN 756001613,Fort Worth Independent School District,42,Q5472395,Fort Worth Independent School District,label,,,,,no NAICS or SIC on the company or its industries
FEIN 830382654,Erie County Medical Center,42,Q5388295,Erie County Medical Center,label,,,,,no NAICS or SIC on the company or its industries
MERCY MEDICAL CENTER,Mercy Medical Center,42,Q6818780,"Mercy Medical Center (Baltimore, Maryland)",alias,,,,,no NAICS or SIC on the company or its industries
WESTCHESTER MEDICAL CENTER,Westchester Medical Center,42,Q7987259,Westchester Medical Center,label,,,,,no NAICS or SIC on the company or its industries
ABBOTT LABS,Abbott Labs,41,Q306764,Abbott Laboratories,alias,Q63383285,medical technology industry,,,no NAICS or SIC on the company or its industries
FEIN 450997587,Toyota Tsusho Systems,41,Q65283140,Toyota Tsusho Systems Corporation,label,,,,,no NAICS or SIC on the company or its industries
FEIN 770559191,Consolidated Electrical Distributors,41,Q121336535,CED Careers,alias,Q5357714,Electrical distribution industry,,,no NAICS or SIC on the company or its industries
ALSAC,Alsac,40,Q4744318,American Lebanese Syrian Associated Charities,alias,,,,,no NAICS or SIC on the company or its industries
AVANGRID,Avangrid,40,Q5983823,Avangrid,label,Q2151621,energy industry,,,no NAICS or SIC on the company or its industries
CARESOURCE,Caresource,40,Q5038835,CareSource,label,Q15067276,health care industry,62,reviewed industry table,
CROUSE HOSPITAL,Crouse Hospital,40,Q30254229,Crouse Hospital,label,,,,,no NAICS or SIC on the company or its industries
FEIN 320272653,Shionogi,40,Q3482319,Shionogi,label,Q7108,biotechnology,,,no NAICS or SIC on the company or its industries
FEIN 350302190,Indiana Farm Bureau Insurance,40,Q140015932,Indiana Farm Bureau,alias,,,,,no NAICS or SIC on the company or its industries
FEIN 470966043,Textron Aviation,40,Q16985472,Textron Aviation,label,Q3477363,aerospace industry,,,no NAICS or SIC on the company or its industries
VIRGINIA STATE POLICE,Virginia State Police,40,Q3560687,Virginia State Police,label,,,,,no NAICS or SIC on the company or its industries
FARM BUREAU INSURANCE OF TENNESSEE,Farm Bureau Insurance of Tennessee,39,Q120732726,Farm Bureau Insurance of Tennessee,label,Q43183,insurance,52,reviewed industry table,
FEIN 541138147,American Woodmark,39,Q4745391,American Woodmark,label,,,,,no NAICS or SIC on the company or its industries
ROCHE,Roche,39,Q212646,Hoffmann-La Roche,alias,Q507443|Q207652,pharmaceutical industry|chemical industry,31-33,reviewed industry table,
UNIVERSITY OF PITTSBURGH MEDICAL CENTER,University of Pittsburgh Medical Center,39,Q7896131,University of Pittsburgh Medical Center,label,Q31207,health care,62,reviewed industry table,
ZURICH INSURANCE,Zurich Insurance,39,Q230426,Zurich Insurance Group,label,Q43183,insurance,52,reviewed industry table,
FEIN 430161000,Anheuser Busch,38,Q125074,Anheuser-Busch,label,Q11644505,brewing industry,,,no NAICS or SIC on the company or its industries
FEIN 621211267,TK Elevator,38,Q2430466,TK Elevator,label,Q101333,mechanical engineering,31-33,reviewed industry table,
FEIN 630782739,Globe Life and Accident Insurance,38,Q5570993,Globe Life,alias,Q626608,life insurance,,,no NAICS or SIC on the company or its industries
FEIN 730717979,Choctaw Nation of Oklahoma,38,Q324516,Choctaw,alias,,,,,no NAICS or SIC on the company or its industries
FEIN 883460258,Scout Motors,38,Q2261450,Scout Motors,label,Q190117,automotive industry,31-33,reviewed industry table,
FEIN 931070707,State of Oregon,38,Q824,Oregon,alias,,,,,no NAICS or SIC on the company or its industries
JAZZ TECHNOLOGIES,Jazz Technologies,38,Q6168317,"Jazz Technologies, Inc.",label,,,,,no NAICS or SIC on the company or its industries
JOHNSON AND JOHNSON VISION,Johnson and Johnson Vision,38,Q4686236,Advanced Medical Optics,alias,Q161437,ophthalmology,,,no NAICS or SIC on the company or its industries
OHIO DEPARTMENT OF JOB AND FAMILY SERVICES,Ohio Department of JOB and Family Services,38,Q7080798,Ohio Department of Job and Family Services,label,,,,,no NAICS or SIC on the company or its industries
PUBLICIS SAPIENT,Publicis Sapient,38,Q1602881,Publicis Sapient,label,,,,,no NAICS or SIC on the company or its industries
RENT A CENTER,Rent A Center,38,Q7313497,Rent-A-Center,label,Q14745,furniture,,,no NAICS or SIC on the company or its industries
SAMSUNG ELECTRONICS,Samsung Electronics,38,Q20718,Samsung Electronics,label,Q5358497,electronics industry,31-33,reviewed industry table,
STATE OF FLORIDA,State of Florida,38,Q812,Florida,alias,,,,,no NAICS or SIC on the company or its industries
US DEPARTMENT OF LABOR,US Department of Labor,38,Q628807,United States Department of Labor,alias,,,,,no NAICS or SIC on the company or its industries
WALGREENS BOOTS ALLIANCE,Walgreens Boots Alliance,38,Q18712620,Walgreens Boots Alliance,label,Q126793,retail,44-45,reviewed industry table,
AMERICAN AUTOMOBILE ASSOCIATION,American Automobile Association,37,Q463436,American Automobile Association,label,,,,,no NAICS or SIC on the company or its industries
ARVEST BANK,Arvest Bank,37,Q4802393,Arvest Bank,label,Q1210094,mortgage loan,,,no NAICS or SIC on the company or its industries
BCBSA,Bcbsa,37,Q4929017,Blue Cross Blue Shield Association,alias,Q334911,health insurance,,,no NAICS or SIC on the company or its industries
ENVISION HEALTHCARE,Envision Healthcare,37,Q28155562,Envision Healthcare,label,Q31207|Q7242,health care|beauty,62,reviewed industry table,
FEIN 431912740,Computershare,37,Q176712,Computershare,label,Q837171,financial services,52,reviewed industry table,
FEIN 521618917,Ctis,37,Q30255499,Capital Technology Information Services,alias,,,,,no NAICS or SIC on the company or its industries
FEIN 650773649,WR Grace,37,Q498746,W. R. Grace and Company,label,Q2309453,specialty chemicals,,,no NAICS or SIC on the company or its industries
KEMPER INSURANCE,Kemper Insurance,37,Q140188066,Lumbermen's Mutual Casualty Company,alias,,,,,no NAICS or SIC on the company or its industries
MARRIOTT,Marriott,37,Q1141173,Marriott International,alias,Q1495452|Q9323634,hospitality industry|tourism industry,,,no NAICS or SIC on the company or its industries
ALABAMA MEDICAID AGENCY,Alabama Medicaid Agency,36,Q139408521,Alabama Medicaid Agency,label,,,,,no NAICS or SIC on the company or its industries
ARIZONA DEPARTMENT OF ECONOMIC SECURITY,Arizona Department of Economic Security,36,Q4791292,Arizona Department of Economic Security,label,,,,,no NAICS or SIC on the company or its industries
DEPARTMENT OF HEALTH AND HUMAN SERVICES,Department of Health and Human Services,36,Q942326,United States Department of Health and Human Services,alias,,,,,no NAICS or SIC on the company or its industries
FEIN 201344184,Finish Line,36,Q5450341,"Finish Line, Inc.",label,Q126793,retail,44-45,reviewed industry table,
FEIN 203640361,Daikin,36,Q11439298,Daikin,label,,,,,no NAICS or SIC on the company or its industries
FEIN 390619790,AO Smith,36,Q4648219,A. O. Smith,label,Q474883,"water collection, treatment and supply",,,no NAICS or SIC on the company or its industries
FEIN 450457885,J and J,36,Q333718,Johnson & Johnson,alias,Q507443|Q63383285,pharmaceutical industry|medical technology industry,31-33,reviewed industry table,
FEIN 471987678,Just Evotec Biologics,36,Q104282651,Just-Evotec Biologics,label,,,,,no NAICS or SIC on the company or its industries
FEIN 621762537,Sunrise Hospital and Medical Center,36,Q7641087,Sunrise Hospital & Medical Center,label,,,,,no NAICS or SIC on the company or its industries
FEIN 630251578,Motion Industries,36,Q17108808,Motion Industries,label,,,,,no NAICS or SIC on the company or its industries
FEIN 742206635,Mission Regional Medical Center,36,Q6878595,Mission Health System,alias,,,,,no NAICS or SIC on the company or its industries
FEIN 752516853,Pioneer Natural Resources,36,Q4046987,Pioneer Natural Resources,label,Q862571,petroleum industry,,,no NAICS or SIC on the company or its industries
FEIN 860062700,Tucson Electric Power,36,Q16897777,Tucson Electric Power,label,,,,,no NAICS or SIC on the company or its industries
FEIN 942863686,Simpson Strong TIE,36,Q29469208,Simpson Manufacturing Company,alias,Q385378|Q811891,construction|building materials trade,,,no NAICS or SIC on the company or its industries
JP MORGAN,JP Morgan,36,Q2633403,J.P. Morgan & Co.,label,Q837171,financial services,52,reviewed industry table,
STATE OF LOUISIANA,State of Louisiana,36,Q1588,Louisiana,alias,,,,,no NAICS or SIC on the company or its industries
AVANOS MEDICAL,Avanos Medical,35,Q56276948,Avanos Medical,label,Q31207,health care,62,reviewed industry table,
FEIN 460522280,Sagemcom,35,Q3461387,Sagemcom,label,Q112165711,Wholesale (intercompany trade) of electronic and telecommunications equipment and parts,,,no NAICS or SIC on the company or its industries
FEIN 741185010,Randolph Brooks Federal Credit Union,35,Q17108408,Randolph-Brooks Federal Credit Union,label,,,,,no NAICS or SIC on the company or its industries
FEIN 752196684,Oldcastle Buildingenvelope,35,Q118895939,Oldcastle BuildingEnvelope,label,,,,,no NAICS or SIC on the company or its industries
FEIN 946001157,Sacramento Municipal Utility District,35,Q7397001,Sacramento Municipal Utility District,label,,,,,no NAICS or SIC on the company or its industries
NYC DEPARTMENT OF EDUCATION,NYC Department of Education,35,Q408230,New York City Public Schools,alias,,,,,no NAICS or SIC on the company or its industries
TEACHER RETIREMENT SYSTEM OF TEXAS,Teacher Retirement System of Texas,35,Q7691212,Teacher Retirement System of Texas,label,,,,,no NAICS or SIC on the company or its industries
AMERICAN EXPRESS GLOBAL BUSINESS TRAVEL,American Express Global Business Travel,34,Q48774804,American Express Global Business Travel,label,,,,,no NAICS or SIC on the company or its industries
FEIN 061653795,Bayer Healthcare,34,Q812134,Bayer HealthCare,label,,,,,no NAICS or SIC on the company or its industries
FEIN 132700161,Victory Capital Management,34,Q121816947,Victory Capital,alias,Q837171,financial services,52,reviewed industry table,
FEIN 202278027,Astellas Pharma,34,Q528842,Astellas Pharma,label,Q507443,pharmaceutical industry,31-33,reviewed industry table,
FEIN 205152109,Total Quality Logistics,34,Q7828052,Total Quality Logistics,label,Q177777,logistics,,,no NAICS or SIC on the company or its industries
FEIN 340549970,Cooper Standard Automotive,34,Q5167736,Cooper-Standard Automotive,label,,,,,no NAICS or SIC on the company or its industries
FEIN 351620927,Medpro,34,Q6806406,Medical Protective,alias,,,,,no NAICS or SIC on the company or its industries
FEIN 366005820,City of Chicago,34,Q1297,Chicago,alias,,,,,no NAICS or SIC on the company or its industries
GEORGIA DEPARTMENT OF TRANSPORTATION,Georgia Department of Transportation,34,Q944993,Georgia Department of Transportation,label,,,,,no NAICS or SIC on the company or its industries
JAMES J PETERS VA MEDICAL CENTER,James J Peters VA Medical Center,34,Q47321182,James J. Peters VA Medical Center,label,,,,,no NAICS or SIC on the company or its industries
MAZDA NORTH AMERICAN OPERATIONS,Mazda North American Operations,34,Q6798354,Mazda North American Operations,label,Q190117,automotive industry,31-33,reviewed industry table,
ONEMAIN FINANCIAL,Onemain Financial,34,Q28444592,OneMain Financial,label,Q837171,financial services,52,reviewed industry table,
PHILIPS,Philips,34,Q170416,Koninklijke Philips NV,alias,Q5358497|Q1326885|Q73768396,electronics industry|electrical industry|consumer electronics industry,31-33,reviewed industry table,
SAINT FRANCIS HOSPITAL AND MEDICAL CENTER,Saint Francis Hospital and Medical Center,34,Q2318222,Saint Francis Hospital & Medical Center,label,,,,,no NAICS or SIC on the company or its industries
SMBC,Smbc,34,Q2660418,Sumitomo Mitsui Banking Corporation,alias,Q837171,financial services,52,reviewed industry table,
STATE OF ILLINOIS,State of Illinois,34,Q1204,Illinois,alias,,,,,no NAICS or SIC on the company or its industries
VIRGINIA RETIREMENT SYSTEM,Virginia Retirement System,34,Q115813717,Virginia Retirement System,label,,,,,no NAICS or SIC on the company or its industries
ADVENTHEALTH TAMPA,Adventhealth Tampa,33,Q30281511,AdventHealth Tampa,label,,,,,no NAICS or SIC on the company or its industries
BIRMINGHAM VA MEDICAL CENTER,Birmingham VA Medical Center,33,Q30253386,Birmingham VA Medical Center,label,,,,,no NAICS or SIC on the company or its industries
CALIFORNIA DEPARTMENT OF MOTOR VEHICLES,California Department of Motor Vehicles,33,Q5020431,California Department of Motor Vehicles,label,,,,,no NAICS or SIC on the company or its industries
FEIN 430345811,Edward D Jones,33,Q5343830,Edward Jones,alias,Q837171,financial services,52,reviewed industry table,
FEIN 582504530,ST Francis Hospital,33,Q7401259,UCSF Health Saint Francis Hospital,alias,,,,,no NAICS or SIC on the company or its industries
FEIN 630784277,UCB,33,Q168756,"University of California, Berkeley",alias,,,,,no NAICS or SIC on the company or its industries
FEIN 820516012,Mountain View Hospital,33,Q6925376,Mountain View Hospital,label,,,,,no NAICS or SIC on the company or its industries
FEIN 853984443,Lonza,33,Q674216,Lonza Group,label,Q207652|Q1326594,"chemical industry|electric power generation, transmission and distribution",31-33,reviewed industry table,
FEIN 941525814,Lakeshore Learning Materials,33,Q105555834,Lakeshore Learning Materials,label,,,,,no NAICS or SIC on the company or its industries
RAPIDES REGIONAL MEDICAL CENTER,Rapides Regional Medical Center,33,Q30288332,Rapides Regional Medical Center,label,,,,,no NAICS or SIC on the company or its industries
ADVENTHEALTH SEBRING,Adventhealth Sebring,32,Q5461446,AdventHealth Sebring,label,,,,,no NAICS or SIC on the company or its industries
APPLE COMPUTER,Apple Computer,32,Q59536017,Apple (United Kingdom),alias,,,,,no NAICS or SIC on the company or its industries
BCBSM,Bcbsm,32,Q4929020,Blue Cross Blue Shield of Michigan,alias,Q2518196,insurance industry,,,no NAICS or SIC on the company or its industries
DELTA,Delta,32,Q188920,Delta Air Lines,alias,Q1757562|Q765633,air transport|aviation,,,no NAICS or SIC on the company or its industries
DUPONT,Dupont,32,Q221062,DuPont,label,Q207652,chemical industry,31-33,reviewed industry table,
FEIN 060646715,Midstate Medical Center,32,Q50036797,Midstate Medical Center,label,,,,,no NAICS or SIC on the company or its industries
FEIN 262012549,Zayo,32,Q8067574,Zayo Group,label,Q2401749,telecommunications company,,,no NAICS or SIC on the company or its industries
FEIN 381658363,Sandoz,32,Q528468,Sandoz,label,Q507443|Q207652,pharmaceutical industry|chemical industry,31-33,reviewed industry table,
FEIN 421674923,Gexa Energy,32,Q5554954,Gexa Energy,label,Q2151621,energy industry,,,no NAICS or SIC on the company or its industries
FEIN 592603930,Exactech,32,Q140158767,"EXACTECH, INC.",label,,,,,no NAICS or SIC on the company or its industries
FEIN 640503423,Ergon,32,Q67804869,ERGON,label,,,,,no NAICS or SIC on the company or its industries
FEIN 952412883,Walt Disney Parks and Resorts,32,Q1431781,Disney Experiences,alias,,,,,no NAICS or SIC on the company or its industries
NJ TRANSIT,NJ Transit,32,Q498553,New Jersey Transit,alias,,,,,no NAICS or SIC on the company or its industries
NORTH CAROLINA DEPARTMENT OF TRANSPORTATION,North Carolina Department of Transportation,32,Q3438398,North Carolina Department of Transportation,label,,,,,no NAICS or SIC on the company or its industries
NYU LANGONE HEALTH,NYU Langone Health,32,Q6956114,NYU Langone Health,label,,,,,no NAICS or SIC on the company or its industries
STATE OF VIRGINIA,State of Virginia,32,Q1370,Virginia,alias,,,,,no NAICS or SIC on the company or its industries
CHRISTUS ST FRANCES CABRINI HOSPITAL,Christus ST Frances Cabrini Hospital,31,Q50036490,CHRISTUS St. Frances Cabrini Hospital,label,,,,,no NAICS or SIC on the company or its industries
DIALYSIS CLINIC,Dialysis Clinic,31,Q5270633,"Dialysis Clinic, Inc.",label,,,,,no NAICS or SIC on the company or its industries
FEIN 340715726,VA Northeast Ohio Health Care System,31,Q30253634,Louis Stokes Cleveland VA Medical Center,label,,,,,no NAICS or SIC on the company or its industries
FEIN 410991680,Fairview Health Services,31,Q5430813,M Health Fairview,alias,Q31207,health care,62,reviewed industry table,
FEIN 611028725,Norton Healthcare,31,Q3344261,Norton Healthcare,label,,,,,no NAICS or SIC on the company or its industries
FEIN 680328265,Endologix,31,Q140158738,Endologix LLC,label,,,,,no NAICS or SIC on the company or its industries
FEIN 741675622,Enterprise Products,31,Q5380346,Enterprise Products,label,Q862571,petroleum industry,,,no NAICS or SIC on the company or its industries
FEIN 954160558,Lyondell Chemical,31,Q27181380,Lyondell Chemical,label,Q207652,chemical industry,31-33,reviewed industry table,
LENDING CLUB,Lending Club,31,Q6522340,Lending Club,label,Q43015,finance,,,no NAICS or SIC on the company or its industries
MODERNA THERAPEUTICS,Moderna Therapeutics,31,Q17081612,Moderna,alias,Q12303494|Q507443,biotechnology industry|pharmaceutical industry,31-33,reviewed industry table,
OHIO DEPARTMENT OF MEDICAID,Ohio Department of Medicaid,31,Q126565522,Ohio Department of Medicaid,label,,,,,no NAICS or SIC on the company or its industries
RESTORATION HARDWARE,Restoration Hardware,31,Q7316207,Restoration Hardware,label,Q126793,retail,44-45,reviewed industry table,
SAINT MARY S HOSPITAL,Saint Mary S Hospital,31,Q7594497,Saint Mary's Hospital,label,,,,,no NAICS or SIC on the company or its industries
STATE OF SOUTH CAROLINA,State of South Carolina,31,Q1456,South Carolina,alias,,,,,no NAICS or SIC on the company or its industries
STATE OF UTAH,State of Utah,31,Q829,Utah,alias,,,,,no NAICS or SIC on the company or its industries
TAKEDA,Takeda,31,Q899133,Takeda Pharmaceutical Company,alias,Q507443,pharmaceutical industry,31-33,reviewed industry table,
WEATHERFORD,Weatherford,31,Q970527,Weatherford,label,,,,,no NAICS or SIC on the company or its industries
CALIFORNIA FRANCHISE TAX BOARD,California Franchise TAX Board,30,Q5020495,California Franchise Tax Board,label,,,,,no NAICS or SIC on the company or its industries
CARLE HEALTH METHODIST HOSPITAL,Carle Health Methodist Hospital,30,Q43895422,Carle Health Methodist Hospital,label,,,,,no NAICS or SIC on the company or its industries
FEIN 621762545,Wesley Medical Center,30,Q7983961,Wesley Medical Center,label,,,,,no NAICS or SIC on the company or its industries
GWINNETT COUNTY,Gwinnett County,30,Q490065,Gwinnett County,label,,,,,no NAICS or SIC on the company or its industries
HOSPITAL OF THE UNIVERSITY OF PENNSYLVANIA,Hospital of the University of Pennsylvania,30,Q5908783,Hospital of the University of Pennsylvania,label,,,,,no NAICS or SIC on the company or its industries
HYUNDAI,Hyundai,30,Q55931,Hyundai Motor Company,alias,Q190117,automotive industry,31-33,reviewed industry table,
ILLINOIS STATE POLICE,Illinois State Police,30,Q3148730,Illinois State Police,label,,,,,no NAICS or SIC on the company or its industries
LINCARE,Lincare,30,Q6550318,Lincare Holdings Inc.,label,Q31207,health care,62,reviewed industry table,
MILLARD FILLMORE SUBURBAN HOSPITAL,Millard Fillmore Suburban Hospital,30,Q30280587,Millard Fillmore Suburban Hospital,label,,,,,no NAICS or SIC on the company or its industries
ROGER WILLIAMS MEDICAL CENTER,Roger Williams Medical Center,30,Q7359131,Roger Williams Medical Center,label,Q130370834,hospitals and rehabilitation,62,reviewed industry table,
SAFELITE AUTOGLASS,Safelite Autoglass,30,Q28797369,Safelite,alias,,,,,no NAICS or SIC on the company or its industries
STATE OF MASSACHUSETTS,State of Massachusetts,30,Q771,Massachusetts,alias,,,,,no NAICS or SIC on the company or its industries
STATE OF NEBRASKA,State of Nebraska,30,Q1553,Nebraska,alias,,,,,no NAICS or SIC on the company or its industries
UNIVERSAL MUSIC,Universal Music,30,Q38903,Universal Music Group,label,Q746359|Q10302058,music industry|phonographic industry,,,no NAICS or SIC on the company or its industries
ADVENTHEALTH LAKE PLACID,Adventhealth Lake Placid,29,Q5461448,AdventHealth Lake Placid,label,,,,,no NAICS or SIC on the company or its industries
AETNA LIFE INSURANCE,Aetna Life Insurance,29,Q106763330,Aetna Life Insurance Company,label,Q43183,insurance,52,reviewed industry table,
AKRON CHILDREN S HOSPITAL,Akron Children S Hospital,29,Q4701673,Akron Children's Hospital,label,,,,,no NAICS or SIC on the company or its industries
BNYM,Bnym,29,Q93362847,BNY Mellon International - London Branch,alias,,,,,no NAICS or SIC on the company or its industries
EVERSOURCE,Eversource,29,Q3344199,Eversource Energy,alias,Q1951366,public utility,,,no NAICS or SIC on the company or its industries
FEIN 042323989,Massachusetts BAY Transportation Authority,29,Q171985,Massachusetts Bay Transportation Authority,label,,,,,no NAICS or SIC on the company or its industries
FEIN 330098815,Hyundai Motor America,29,Q17062565,Hyundai Motor America,label,Q190117,automotive industry,31-33,reviewed industry table,
FEIN 366066772,Alliant Credit Union,29,Q4732491,Alliant Credit Union,label,,,,,no NAICS or SIC on the company or its industries
FEIN 522336242,Safran Seats,29,Q77930466,Safran Seats,label,Q112165459,aircraft and space construction,,,no NAICS or SIC on the company or its industries
FEIN 870216202,America First Credit Union,29,Q4742758,America First Credit Union,label,Q837171,financial services,52,reviewed industry table,
MCDERMOTT,Mcdermott,29,Q1915092,McDermott Will & Emery,alias,,,,,no NAICS or SIC on the company or its industries
MICHAELS,Michaels,29,Q6835667,Michaels,label,Q126793,retail,44-45,reviewed industry table,
PEPSI,Pepsi,29,Q334800,PepsiCo,alias,Q4899370|Q1187656|Q540912,beverage industry|fast-moving consumer goods|food industry,,,no NAICS or SIC on the company or its industries
PHARMERICA,Pharmerica,29,Q3378100,PharMerica,label,,,,,no NAICS or SIC on the company or its industries
STATE OF ALABAMA,State of Alabama,29,Q173,Alabama,alias,,,,,no NAICS or SIC on the company or its industries
UNITED STATES DEPARTMENT OF AGRICULTURE,United States Department of Agriculture,29,Q501542,United States Department of Agriculture,label,,,,,no NAICS or SIC on the company or its industries
VIRGINIA DEPARTMENT OF HEALTH,Virginia Department of Health,29,Q7934241,Virginia Department of Health,label,,,,,no NAICS or SIC on the company or its industries
WORTHINGTON INDUSTRIES,Worthington Industries,29,Q2594130,Worthington Industries,label,,,,,no NAICS or SIC on the company or its industries
AIRBUS,Airbus,28,Q67,Airbus Commercial Aircraft,alias,Q112165459,aircraft and space construction,,,no NAICS or SIC on the company or its industries
CHASE BANK,Chase Bank,28,Q524629,Chase Bank,label,Q57774188|Q837171,financial sector|financial services,52,reviewed industry table,
FEIN 130794380,Graybar Electric,28,Q5598285,Graybar,alias,Q177777,logistics,,,no NAICS or SIC on the company or its industries
FEIN 161012691,Canton Potsdam Hospital,28,Q50039190,Canton-Potsdam Hospital,label,,,,,no NAICS or SIC on the company or its industries
FEIN 161095651,Reckitt Benckiser,28,Q1190881,Reckitt,alias,Q3246832|Q57262255|Q207652,personal care product|consumer products distribution|chemical industry,31-33,reviewed industry table,
FEIN 383539609,Amway,28,Q481800,Amway,label,Q12752882,cosmetics industry,,,no NAICS or SIC on the company or its industries
FEIN 410953246,Piper Sandler,28,Q3389022,Piper Sandler Companies,alias,Q837171,financial services,52,reviewed industry table,
FEIN 626000361,City of Memphis,28,Q108897564,City of Memphis,label,,,,,no NAICS or SIC on the company or its industries
FEIN 752302928,Medical Center Hospital,28,Q30287814,Medical Center Hospital,label,,,,,no NAICS or SIC on the company or its industries
FEIN 833137719,HRA,28,Q5963489,Human Rights Activists in Iran,alias,,,,,no NAICS or SIC on the company or its industries
FEIN 946000533,County of Santa Clara Valley Medical Center,28,Q106513502,County of Santa Clara,label,,,,,no NAICS or SIC on the company or its industries
FLORIDA DEPARTMENT OF LAW ENFORCEMENT,Florida Department of LAW Enforcement,28,Q5461319,Florida Department of Law Enforcement,label,,,,,no NAICS or SIC on the company or its industries
ILLINOIS STATE BOARD OF EDUCATION,Illinois State Board of Education,28,Q5999741,Illinois State Board of Education,label,,,,,no NAICS or SIC on the company or its industries
NEW YORK STATE INSURANCE FUND,NEW York State Insurance Fund,28,Q28228170,New York State Insurance Fund,label,,,,,no NAICS or SIC on the company or its industries
QUEENS HOSPITAL CENTER,Queens Hospital Center,28,Q30280557,Queens Hospital Center,label,,,,,no NAICS or SIC on the company or its industries
ST LUKE S HOSPITAL,ST Luke S Hospital,28,Q124022568,St Luke's Hospital,label,,,,,no NAICS or SIC on the company or its industries
VIACOM,Viacom,28,Q214346,Viacom,label,Q56611639,media industry,51,reviewed industry table,
AIRGAS,Airgas,27,Q80635,Airgas,label,Q4456821,industrial gas,,,no NAICS or SIC on the company or its industries
ALFA INSURANCE,Alfa Insurance,27,Q4033696,Alfa Insurance,label,Q2518196,insurance industry,,,no NAICS or SIC on the company or its industries
BANK OF NEW YORK,Bank of NEW York,27,Q806686,Bank of New York,label,,,,,no NAICS or SIC on the company or its industries
EVERNORTH,Evernorth,27,Q112130817,Evernorth,label,Q7180823|Q13107184,pharmacy benefits manager|pharmacy,,,no NAICS or SIC on the company or its industries
FEDERAL HOME LOAN BANK,Federal Home Loan Bank,27,Q448217,Federal Home Loan Banks,label,Q806718,economics of banking,52,reviewed industry table,
FEIN 111631788,Jamaica Hospital Medical Center,27,Q97354861,Jamaica Hospital Medical Center,label,,,,,no NAICS or SIC on the company or its industries
FEIN 261965852,SRS Distribution,27,Q114515256,SRS Distribution,label,,,,,no NAICS or SIC on the company or its industries
FEIN 362164842,Chicago Transit Authority,27,Q371938,Chicago,alias,,,,,no NAICS or SIC on the company or its industries
FEIN 710162300,Simmons Bank,27,Q28402389,Simmons Bank,label,Q837171|Q57774188|Q806718,financial services|financial sector|economics of banking,52,reviewed industry table,
FEIN 880922210,Cytiva,27,Q98654256,Cytiva,label,Q7108,biotechnology,,,no NAICS or SIC on the company or its industries
FEIN 946000385,Oakland Unified School District,27,Q4992429,Oakland Unified School District,label,,,,,no NAICS or SIC on the company or its industries
INTER AMERICAN DEVELOPMENT BANK,Inter American Development Bank,27,Q1153087,Inter-American Development Bank,label,Q107607934,international governmental or non-governmental organizations,,,no NAICS or SIC on the company or its industries
SCHLUMBERGER,Schlumberger,27,Q1425316,SLB,alias,Q862571,petroleum industry,,,no NAICS or SIC on the company or its industries
STATE OF CONNECTICUT,State of Connecticut,27,Q779,Connecticut,alias,,,,,no NAICS or SIC on the company or its industries
ADVENTHEALTH DAYTONA BEACH,Adventhealth Daytona Beach,26,Q30269896,AdventHealth Daytona Beach,label,,,,,no NAICS or SIC on the company or its industries
AXA EQUITABLE LIFE INSURANCE,AXA Equitable Life Insurance,26,Q4655171,Equitable Holdings,alias,Q43183|Q626608,insurance|life insurance,52,reviewed industry table,
CRUM AND FORSTER,Crum and Forster,26,Q23009866,Crum & Forster Holdings Corp.,label,,,,,no NAICS or SIC on the company or its industries
FEIN 200469279,Dunnhumby,26,Q5315592,Dunnhumby,label,Q39809,marketing,,,no NAICS or SIC on the company or its industries
FEIN 475190378,GAF Materials,26,Q5512817,GAF,alias,Q29585464|Q29585175,roofing|Manufacture of other chemical products n.e.c.,,,no NAICS or SIC on the company or its industries
ILLINOIS DEPARTMENT OF INNOVATION AND TECHNOLOGY,Illinois Department of Innovation and Technology,26,Q104878843,Illinois Department of Innovation and Technology,label,,,,,no NAICS or SIC on the company or its industries
PRUDENTIAL INSURANCE,Prudential Insurance,26,Q96110861,Prudential Insurance Co. Ltd.,label,Q29585701,non-life insurance,,,no NAICS or SIC on the company or its industries
SPRING VALLEY HOSPITAL,Spring Valley Hospital,26,Q7580736,Spring Valley Hospital,label,,,,,no NAICS or SIC on the company or its industries
STATE OF MAINE,State of Maine,26,Q724,Maine,alias,,,,,no NAICS or SIC on the company or its industries
STATE OF NORTH CAROLINA,State of North Carolina,26,Q1454,North Carolina,alias,,,,,no NAICS or SIC on the company or its industries
TEXAS WORKFORCE COMMISSION,Texas Workforce Commission,26,Q7708214,Texas Workforce Commission,label,,,,,no NAICS or SIC on the company or its industries
TOKIO MARINE HCC,Tokio Marine HCC,26,Q5629085,Tokio Marine HCC,label,Q43183,insurance,52,reviewed industry table,
UNION BANK OF SWITZERLAND,Union Bank of Switzerland,26,Q6881495,Union Bank of Switzerland,label,Q43015,finance,,,no NAICS or SIC on the company or its industries
UPMC,Upmc,26,Q5908783,Hospital of the University of Pennsylvania,alias,,,,,no NAICS or SIC on the company or its industries
US CENSUS BUREAU,US Census Bureau,26,Q637413,United States Census Bureau,alias,,,,,no NAICS or SIC on the company or its industries
USPTO,Uspto,26,Q1459541,United States Patent and Trademark Office,alias,,,,,no NAICS or SIC on the company or its industries
AMAZON ROBOTICS,Amazon Robotics,25,Q6418754,Amazon Robotics,label,Q1759595,automated storage and retrieval system,,,no NAICS or SIC on the company or its industries
AMERICAN FAMILY LIFE ASSURANCE,American Family Life Assurance,25,Q26311,Aflac,alias,,,,,no NAICS or SIC on the company or its industries
BOEING EMPLOYEES CREDIT UNION,Boeing Employees Credit Union,25,Q4835409,BECU,alias,Q837171|Q806718|Q57774188,financial services|economics of banking|financial sector,52,reviewed industry table,
CMS,CMS,25,Q5060058,Centers for Medicare and Medicaid Services,alias,,,,,no NAICS or SIC on the company or its industries
CRATE AND BARREL,Crate and Barrel,25,Q5182604,Crate & Barrel,label,Q126793,retail,44-45,reviewed industry table,
FEIN 042103586,Lawrence General Hospital,25,Q30270059,Lawrence General Hospital,label,,,,,no NAICS or SIC on the company or its industries
FEIN 131922622,National Football League,25,Q1215884,National Football League,label,,,,,no NAICS or SIC on the company or its industries
FEIN 473179974,Baker and Taylor,25,Q4587754,Baker & Taylor,label,,,,,no NAICS or SIC on the company or its industries
FEIN 475226798,TCW,25,Q7669794,TCW Group,label,Q14864997,investment management,,,no NAICS or SIC on the company or its industries
FEIN 860623854,Osaic,25,Q4686817,Osaic,label,,,,,no NAICS or SIC on the company or its industries
FEIN 870409179,Dyno Nobel,25,Q5319225,Dyno Nobel,label,,,,,no NAICS or SIC on the company or its industries
FEIN 941513561,Grocery Outlet,25,Q5609934,Grocery Outlet,label,Q126793,retail,44-45,reviewed industry table,
GEORGIA DEPARTMENT OF CORRECTIONS,Georgia Department of Corrections,25,Q15571815,Georgia Department of Corrections,label,,,,,no NAICS or SIC on the company or its industries
MARTIN MARIETTA,Martin Marietta,25,Q626800,Martin Marietta,label,Q392933|Q3477363,weapons industry|aerospace industry,,,no NAICS or SIC on the company or its industries
NEWTON COUNTY SCHOOL SYSTEM,Newton County School System,25,Q7020194,Newton County School System,label,,,,,no NAICS or SIC on the company or its industries
PRINCETON UNIVERSITY,Princeton University,25,Q21578,Princeton University,label,Q136822,higher education,61,reviewed industry table,
STATE OF COLORADO,State of Colorado,25,Q1261,Colorado,alias,,,,,no NAICS or SIC on the company or its industries
UNITED STATES POSTAL SERVICE,United States Postal Service,25,Q668687,United States Postal Service,label,Q49845,mail,,,no NAICS or SIC on the company or its industries
WESCO,Wesco,25,Q36875363,Wesco,label,,,,,no NAICS or SIC on the company or its industries
ACCIDENT FUND,Accident Fund,24,Q4672559,Accident Fund,label,Q43183,insurance,52,reviewed industry table,
CLEARING HOUSE,Clearing House,24,Q5130863,Clearing House,label,,,,,no NAICS or SIC on the company or its industries
FEIN 132670991,Franklin Templeton Investments,24,Q744683,Franklin Templeton Investments,label,Q837171,financial services,52,reviewed industry table,
FEIN 160743094,Niagara Falls Memorial Medical Center,24,Q7023671,Niagara Falls Memorial Medical Center,label,Q130370834,hospitals and rehabilitation,62,reviewed industry table,
FEIN 232650298,Clean Earth,24,Q130243887,Clean Earth,label,,,,,no NAICS or SIC on the company or its industries
FEIN 311703368,Caresource Management,24,Q5038835,CareSource,alias,Q15067276,health care industry,62,reviewed industry table,
FEIN 390355180,Secura Insurance,24,Q7389618,SECURA Insurance,label,Q43183,insurance,52,reviewed industry table,
FEIN 580201800,Synovus Financial,24,Q3508889,Synovus,alias,Q22687,bank,,,no NAICS or SIC on the company or its industries
FEIN 593725585,Neogenomics Laboratories,24,Q48976818,NeoGenomics,alias,Q7108,biotechnology,,,no NAICS or SIC on the company or its industries
FEIN 720564834,US Department of Agriculture,24,Q501542,United States Department of Agriculture,alias,,,,,no NAICS or SIC on the company or its industries
GEORGIA DEPARTMENT OF EDUCATION,Georgia Department of Education,24,Q5547450,Georgia Department of Education,label,,,,,no NAICS or SIC on the company or its industries
HENDERSON HOSPITAL,Henderson Hospital,24,Q47522985,Henderson Hospital,label,,,,,no NAICS or SIC on the company or its industries
NETJETS,Netjets,24,Q1504132,NetJets,label,,,,,no NAICS or SIC on the company or its industries
PRESBYTERIAN RUST MEDICAL CENTER,Presbyterian Rust Medical Center,24,Q50036968,Presbyterian Rust Medical Center,label,,,,,no NAICS or SIC on the company or its industries
ROSWELL PARK COMPREHENSIVE CANCER CENTER,Roswell Park Comprehensive Cancer Center,24,Q7370121,Roswell Park Comprehensive Cancer Center,label,,,,,no NAICS or SIC on the company or its industries
STATE OF GEORGIA,State of Georgia,24,Q1428,Georgia,alias,,,,,no NAICS or SIC on the company or its industries
TEXAS HIGHER EDUCATION COORDINATING BOARD,Texas Higher Education Coordinating Board,24,Q7707732,Texas Higher Education Coordinating Board,label,,,,,no NAICS or SIC on the company or its industries
ABM,ABM,23,Q644673,Abahlali baseMjondolo,alias,,,,,no NAICS or SIC on the company or its industries
ADVENTHEALTH PALM COAST,Adventhealth Palm Coast,23,Q126910217,AdventHealth Palm Coast,label,,,,,no NAICS or SIC on the company or its industries
ALABAMA DEPARTMENT OF PUBLIC HEALTH,Alabama Department of Public Health,23,Q4705249,Alabama Department of Public Health,label,,,,,no NAICS or SIC on the company or its industries
CENTERS FOR MEDICARE AND MEDICAID SERVICES,Centers for Medicare and Medicaid Services,23,Q5060058,Centers for Medicare and Medicaid Services,label,,,,,no NAICS or SIC on the company or its industries
COUNTY OF SAN BERNARDINO,County of SAN Bernardino,23,Q138891274,County of San Bernardino,label,,,,,no NAICS or SIC on the company or its industries
FEIN 133488925,Club CAR,23,Q5136163,Club Car,label,Q190117,automotive industry,31-33,reviewed industry table,
FEIN 260100647,White CAP,23,Q17363891,Whitecap Dakota First Nation,alias,,,,,no NAICS or SIC on the company or its industries
FEIN 362369161,Follett,23,Q582752,Follett,label,,,,,no NAICS or SIC on the company or its industries
FEIN 590243800,Beall S,23,Q4876153,Bealls,label,Q126793,retail,44-45,reviewed industry table,
FEIN 590792436,Gerdau Ameristeel,23,Q137915762,Gerdau Ameristeel Corp,label,Q1778629,coal industry,,,no NAICS or SIC on the company or its industries
FEIN 621763364,Alldata,23,Q4652384,ALLDATA,label,Q190117,automotive industry,31-33,reviewed industry table,
FEIN 626002166,Cookeville Regional Medical Center,23,Q30286982,Cookeville Regional Medical Center,label,,,,,no NAICS or SIC on the company or its industries
FEIN 650160635,Vitas Healthcare,23,Q19856497,VITAS Healthcare,label,,,,,no NAICS or SIC on the company or its industries
FEIN 831246927,Civica,23,Q5124371,Civica,label,,,,,no NAICS or SIC on the company or its industries
FEIN 942573850,Quidel,23,Q15917582,Quidel,label,Q15067276,health care industry,62,reviewed industry table,
FEIN 942767678,Accela,23,Q119873622,Accela,label,Q638608,software development,,,no NAICS or SIC on the company or its industries
MISSISSIPPI DEPARTMENT OF HUMAN SERVICES,Mississippi Department of Human Services,23,Q5438728,Mississippi Department of Human Services,label,,,,,no NAICS or SIC on the company or its industries
PROVIDENCE ST MARY MEDICAL CENTER,Providence ST Mary Medical Center,23,Q81654898,Providence St. Mary Medical Center,label,,,,,no NAICS or SIC on the company or its industries
SCHNEIDER,Schneider,23,Q30279944,Schneider Children's Medical Center of Israel,alias,,,,,no NAICS or SIC on the company or its industries
ST JOSEPH MEDICAL CENTER,ST Joseph Medical Center,23,Q16899615,St. Joseph Medical Center,label,,,,,no NAICS or SIC on the company or its industries
VOLVO CARS,Volvo Cars,23,Q215293,Volvo Cars,label,Q190117|Q108428104,automotive industry|car manufacturing,31-33,reviewed industry table,
WISCONSIN DEPARTMENT OF TRANSPORTATION,Wisconsin Department of Transportation,23,Q8027162,Wisconsin Department of Transportation,label,,,,,no NAICS or SIC on the company or its industries
AAA,AAA,22,Q280732,AAA,label,,,,,no NAICS or SIC on the company or its industries
BAPTIST HEALTH,Baptist Health,22,Q4857639,Baptist Health,label,Q31207,health care,62,reviewed industry table,
CENTENNIAL HILLS HOSPITAL,Centennial Hills Hospital,22,Q5059168,Centennial Hills Hospital,label,,,,,no NAICS or SIC on the company or its industries
FEIN 042683316,First Technology Federal Credit Union,22,Q5275860,Digital Federal Credit Union,label,Q837171,financial services,52,reviewed industry table,
FEIN 486033703,Lawrence Memorial Hospital,22,Q125389113,Lawrence Memorial Hospital,label,,,,,no NAICS or SIC on the company or its industries
FEIN 752722144,Securus Technologies,22,Q21071019,Securus Technologies,label,Q11016,technology,,,no NAICS or SIC on the company or its industries
FLEXTRONICS,Flextronics,22,Q1140680,Flex Ltd.,alias,Q11650,electronics,,,no NAICS or SIC on the company or its industries
FLORIDA DEPARTMENT OF CHILDREN AND FAMILIES,Florida Department of Children and Families,22,Q5461312,Florida Department of Children and Families,label,,,,,no NAICS or SIC on the company or its industries
HARMAN INTERNATIONAL INDUSTRIES,Harman International Industries,22,Q1585599,Harman International Industries,label,Q11650,electronics,,,no NAICS or SIC on the company or its industries
HENRY COUNTY SCHOOL DISTRICT,Henry County School District,22,Q5719876,Henry County School District,label,,,,,no NAICS or SIC on the company or its industries
MILLIPORE SIGMA,Millipore Sigma,22,Q156959,Merck KGaA,alias,Q207652|Q507443|Q29584494,chemical industry|pharmaceutical industry|manufacture of pharmaceutical preparations,31-33,reviewed industry table,
MUTUAL OF OMAHA,Mutual of Omaha,22,Q17108173,Mutual of Omaha,label,Q43183,insurance,52,reviewed industry table,
PUBLIX,Publix,22,Q672170,Publix,label,Q126793,retail,44-45,reviewed industry table,
RYDER,Ryder,22,Q2233888,Ryder,label,,,,,no NAICS or SIC on the company or its industries
SELECT SPECIALTY HOSPITAL,Select Specialty Hospital,22,Q16984522,Select Medical,alias,Q31207,health care,62,reviewed industry table,
VALLEY HOSPITAL,Valley Hospital,22,Q10858356,Valley Hospital Medical Center,alias,,,,,no NAICS or SIC on the company or its industries
WINDHAM HOSPITAL,Windham Hospital,22,Q54888779,Windham Hospital,label,,,,,no NAICS or SIC on the company or its industries
ACADEMY SPORTS OUTDOORS,Academy Sports Outdoors,21,Q4671380,Academy Sports + Outdoors,label,Q126793,retail,44-45,reviewed industry table,
ADVENTHEALTH WINTER PARK,Adventhealth Winter Park,21,Q136431648,AdventHealth Winter Park,label,,,,,no NAICS or SIC on the company or its industries
ASCENSION,Ascension,21,Q2990967,Ascensión Municipality,alias,,,,,no NAICS or SIC on the company or its industries
CAPITOL ONE,Capitol ONE,21,Q111865153,Capitol One,label,,,,,no NAICS or SIC on the company or its industries
FEIN 160612110,Rochester GAS and Electric,21,Q125472940,Rochester Gas & Electric,label,Q1341477,energy supply,,,no NAICS or SIC on the company or its industries
FEIN 351709710,Subaru of Indiana Automotive,21,Q958510,"Subaru of Indiana Automotive, Inc.",label,Q190117,automotive industry,31-33,reviewed industry table,
FEIN 371499686,Midwest Tape,21,Q30289567,"Midwest Tape, LLC",label,,,,,no NAICS or SIC on the company or its industries
FEIN 576000217,Citadel,21,Q2974366,Citadel LLC,label,Q105611|Q14864997,hedge fund|investment management,,,no NAICS or SIC on the company or its industries
FIRST TECH FEDERAL CREDIT UNION,First Tech Federal Credit Union,21,Q5453865,First Tech Federal Credit Union,label,,,,,no NAICS or SIC on the company or its industries
FISHER INVESTMENTS,Fisher Investments,21,Q54074163,Fisher Investments,label,Q837171,financial services,52,reviewed industry table,
HILLCREST MEDICAL CENTER,Hillcrest Medical Center,21,Q38250506,"UC San Diego Medical Center, Hillcrest",alias,,,,,no NAICS or SIC on the company or its industries
ISRAEL DISCOUNT BANK,Israel Discount Bank,21,Q250362,Israel Discount Bank Ltd.,label,Q57774188,financial sector,52,reviewed industry table,
JOHNSON MEMORIAL HOSPITAL,Johnson Memorial Hospital,21,Q87932404,Johnson Memorial Hospital,label,,,,,no NAICS or SIC on the company or its industries
JUDICIAL COUNCIL OF CALIFORNIA,Judicial Council of California,21,Q6302869,Judicial Council of California,label,,,,,no NAICS or SIC on the company or its industries
KUBOTA,Kubota,21,Q1514221,Kubota,label,Q1957908,manufacture of machinery and equipment,,,no NAICS or SIC on the company or its industries
PORT AUTHORITY OF NEW YORK AND NEW JERSEY,Port Authority of NEW York and NEW Jersey,21,Q908666,Port Authority of New York and New Jersey,label,,,,,no NAICS or SIC on the company or its industries
RBFCU,Rbfcu,21,Q17108408,Randolph-Brooks Federal Credit Union,alias,,,,,no NAICS or SIC on the company or its industries
US DEPARTMENT OF TRANSPORTATION,US Department of Transportation,21,Q852211,United States Department of Transportation,alias,,,,,no NAICS or SIC on the company or its industries
VEXCEL,Vexcel,21,Q135350080,Vexcel Group Inc,label,,,,,no NAICS or SIC on the company or its industries
ALO YOGA,ALO Yoga,20,Q123700068,Alo Yoga,label,Q126793,retail,44-45,reviewed industry table,
BANFIELD PET HOSPITAL,Banfield PET Hospital,20,Q2882416,Banfield Pet Hospital,label,,,,,no NAICS or SIC on the company or its industries
BAPTIST MEMORIAL HOSPITAL MEMPHIS,Baptist Memorial Hospital Memphis,20,Q4857658,Baptist Memorial Hospital-Memphis,label,,,,,no NAICS or SIC on the company or its industries
BJC HEALTHCARE,BJC Healthcare,20,Q4835761,BJC HealthCare,label,Q130370834,hospitals and rehabilitation,62,reviewed industry table,
CPS ENERGY,CPS Energy,20,Q5013736,CPS Energy,label,,,,,no NAICS or SIC on the company or its industries
DEPARTMENT OF HUMAN SERVICES,Department of Human Services,20,Q56395328,Department of Human Services,label,,,,,no NAICS or SIC on the company or its industries
FEIN 041215610,Ocean Spray Cranberries,20,Q3348672,Ocean Spray,alias,,,,,no NAICS or SIC on the company or its industries
FEIN 205683269,Golub Capital,20,Q22032296,Golub Capital,label,,,,,no NAICS or SIC on the company or its industries
FEIN 232896725,George Washington University Hospital,20,Q5546034,George Washington University Hospital,label,,,,,no NAICS or SIC on the company or its industries
FEIN 251512436,Meadville Medical Center,20,Q106610616,Meadville Medical Center,label,Q31207,health care,62,reviewed industry table,
FEIN 341710051,Mitsubishi Logisnext Americas,20,Q109570506,Mitsubishi Logisnext Americas Inc.,label,Q187939,industrial manufacturing,31-33,reviewed industry table,
FEIN 410950297,Entrust,20,Q5380812,Entrust,label,Q3510521,computer security,,,no NAICS or SIC on the company or its industries
FEIN 541179881,Ferring Pharmaceuticals,20,Q686794,Ferring Pharmaceuticals,label,Q507443,pharmaceutical industry,31-33,reviewed industry table,
FEIN 941242813,Rosendin Electric,20,Q7368564,Rosendin Electric,label,Q385378,construction,,,no NAICS or SIC on the company or its industries
FOOT LOCKER,Foot Locker,20,Q63335,Foot Locker,label,Q126793,retail,44-45,reviewed industry table,
IDAHO TRANSPORTATION DEPARTMENT,Idaho Transportation Department,20,Q4925016,Idaho Transportation Department,label,,,,,no NAICS or SIC on the company or its industries
KLA TENCOR,KLA Tencor,20,Q624649,KLA Corporation,alias,Q11650,electronics,,,no NAICS or SIC on the company or its industries
NEW YORK STATE DEPARTMENT OF FINANCIAL SERVICES,NEW York State Department of Financial Services,20,Q17018979,New York State Department of Financial Services,label,,,,,no NAICS or SIC on the company or its industries
NEW YORK STATE DEPARTMENT OF TAXATION AND FINANCE,NEW York State Department of Taxation and Finance,20,Q7014085,New York State Department of Taxation and Finance,label,,,,,no NAICS or SIC on the company or its industries
NEWPORT HOSPITAL,Newport Hospital,20,Q14956795,Newport Hospital,label,,,,,no NAICS or SIC on the company or its industries
NEWTON COUNTY SCHOOL DISTRICT,Newton County School District,20,Q17108906,Newton County School District,label,,,,,no NAICS or SIC on the company or its industries
PENFED,Penfed,20,Q3374885,Pentagon Federal Credit Union,alias,Q806718|Q57774188|Q837171,economics of banking|financial sector|financial services,52,reviewed industry table,
STATE OF ARKANSAS,State of Arkansas,20,Q1612,Arkansas,alias,,,,,no NAICS or SIC on the company or its industries
STATE OF IOWA,State of Iowa,20,Q1546,Iowa,alias,,,,,no NAICS or SIC on the company or its industries
STATE OF WASHINGTON,State of Washington,20,Q1223,Washington,alias,,,,,no NAICS or SIC on the company or its industries
TEXAS DEPARTMENT OF MOTOR VEHICLES,Texas Department of Motor Vehicles,20,Q4170975,Texas Department of Motor Vehicles,label,,,,,no NAICS or SIC on the company or its industries
TRUSTAGE FINANCIAL,Trustage Financial,20,Q140870595,TruStage Financial Group,label,Q2518196,insurance industry,,,no NAICS or SIC on the company or its industries
UNIVERSITY OF CALIFORNIA,University of California,20,Q184478,University of California,label,,,,,no NAICS or SIC on the company or its industries
VOLVO TRUCKS,Volvo Trucks,20,Q163810,AB Volvo,alias,Q190117,automotive industry,31-33,reviewed industry table,
CNBC,Cnbc,19,Q1023912,CNBC,label,Q11030,journalism,,,no NAICS or SIC on the company or its industries
COMMONWEALTH OF VIRGINIA,Commonwealth of Virginia,19,Q1370,Virginia,alias,,,,,no NAICS or SIC on the company or its industries
DAIMLER TRUCK,Daimler Truck,19,Q1157624,Daimler Truck,label,Q190117,automotive industry,31-33,reviewed industry table,
EMPLOYEES RETIREMENT SYSTEM OF TEXAS,Employees Retirement System of Texas,19,Q5374310,Employees Retirement System of Texas,label,,,,,no NAICS or SIC on the company or its industries
FEIN 364268649,Argo,19,Q647984,Argo,label,,,,,no NAICS or SIC on the company or its industries
FEIN 475606960,Imperative Care,19,Q139848159,"Imperative Care, Inc.",label,,,,,no NAICS or SIC on the company or its industries
FEIN 520888853,Perdue Farms,19,Q7167716,Perdue Farms,label,Q540912,food industry,,,no NAICS or SIC on the company or its industries
FEIN 611273583,Research Medical Center,19,Q7315115,Research Medical Center,label,,,,,no NAICS or SIC on the company or its industries
FEIN 742481167,Southwest KEY Programs,19,Q55315781,Southwest Key,alias,,,,,no NAICS or SIC on the company or its industries
FEIN 866000256,City of Phoenix,19,Q16556,Phoenix,alias,,,,,no NAICS or SIC on the company or its industries
FIDELITY AND GUARANTY LIFE,Fidelity and Guaranty Life,19,Q5446775,Fidelity & Guaranty Life,label,Q837171,financial services,52,reviewed industry table,
HENRY FORD HOSPITAL,Henry Ford Hospital,19,Q3145166,Henry Ford Hospital,label,,,,,no NAICS or SIC on the company or its industries
MARYLAND DEPARTMENT OF PUBLIC SAFETY AND CORRECTIONAL SERVICES,Maryland Department of Public Safety and Correctional Services,19,Q6781312,Maryland Department of Public Safety and Correctional Services,label,,,,,no NAICS or SIC on the company or its industries
MARYLAND DEPARTMENT OF TRANSPORTATION,Maryland Department of Transportation,19,Q8469802,Maryland Department of Transportation,label,,,,,no NAICS or SIC on the company or its industries
MASSMUTUAL,Massmutual,19,Q4385833,Massachusetts Mutual Life Insurance Company,alias,Q837171|Q2518196,financial services|insurance industry,52,reviewed industry table,
NESTLE PURINA PETCARE,Nestle Purina Petcare,19,Q542376,Nestlé Purina PetCare,alias,Q540912,food industry,,,no NAICS or SIC on the company or its industries
OTSUKA PHARMACEUTICAL,Otsuka Pharmaceutical,19,Q386434,Otsuka Pharmaceutical,label,Q507443,pharmaceutical industry,31-33,reviewed industry table,
PENSION BENEFIT GUARANTY,Pension Benefit Guaranty,19,Q7164754,Pension Benefit Guaranty Corporation,label,,,,,no NAICS or SIC on the company or its industries
SENTARA NORFOLK GENERAL HOSPITAL,Sentara Norfolk General Hospital,19,Q13527986,Sentara Norfolk General Hospital,label,,,,,no NAICS or SIC on the company or its industries
AHOLD,Ahold,18,Q795473,Ahold,label,Q126793,retail,44-45,reviewed industry table,
ASCAP,Ascap,18,Q373087,"American Society of Composers, Authors and Publishers",alias,,,,,no NAICS or SIC on the company or its industries
BOMBARDIER,Bombardier,18,Q333498,Bombardier,label,Q10302057|Q3477363,rail industry|aerospace industry,,,no NAICS or SIC on the company or its industries
CENGAGE,Cengage,18,Q2944238,Cengage Group,label,,,,,no NAICS or SIC on the company or its industries
DHL SUPPLY CHAIN,DHL Supply Chain,18,Q474230,DHL Supply Chain,label,Q177777,logistics,,,no NAICS or SIC on the company or its industries
DURACELL,Duracell,18,Q858702,Duracell,label,,,,,no NAICS or SIC on the company or its industries
EVEREST INSURANCE,Everest Insurance,18,Q96112645,Everest Insurance Co. Ltd.,label,Q29585701,non-life insurance,,,no NAICS or SIC on the company or its industries
FEIN 330502805,Desert Valley Hospital,18,Q14681826,Desert Valley Hospital,label,,,,,no NAICS or SIC on the company or its industries
FEIN 770404318,Avalonbay Communities,18,Q4827537,AvalonBay,alias,Q697852,real estate investment trust,,,no NAICS or SIC on the company or its industries
FEIN 930496342,Jeld WEN,18,Q1612593,Jeld-Wen,label,,,,,no NAICS or SIC on the company or its industries
FEIN 994871381,Auger,18,Q669367,Auger-Saint-Vincent,alias,,,,,no NAICS or SIC on the company or its industries
NEW YORK STATE DEPARTMENT OF TRANSPORTATION,NEW York State Department of Transportation,18,Q527769,New York State Department of Transportation,label,,,,,no NAICS or SIC on the company or its industries
NISSAN,Nissan,18,Q20165,Nissan,label,Q190117,automotive industry,31-33,reviewed industry table,
OHIO DEPARTMENT OF PUBLIC SAFETY,Ohio Department of Public Safety,18,Q7080801,Ohio Department of Public Safety,label,,,,,no NAICS or SIC on the company or its industries
PNM RESOURCES,PNM Resources,18,Q7119849,TXNM Energy,alias,,,,,no NAICS or SIC on the company or its industries
PURE INSURANCE,Pure Insurance,18,Q43080884,Pure Insurance,label,,,,,no NAICS or SIC on the company or its industries
RICHMOND COUNTY SCHOOL SYSTEM,Richmond County School System,18,Q7330801,Richmond County School System,label,,,,,no NAICS or SIC on the company or its industries
SEVEN ELEVEN,Seven Eleven,18,Q259340,7-Eleven,alias,Q126793,retail,44-45,reviewed industry table,
THRIVENT,Thrivent,18,Q140870592,Thrivent,label,Q2518196,insurance industry,,,no NAICS or SIC on the company or its industries
UBER,Uber,18,Q780442,Uber,label,Q11661|Q23582374,information technology|peer-to-peer ridesharing,,,no NAICS or SIC on the company or its industries
US BUREAU OF LABOR STATISTICS,US Bureau of Labor Statistics,18,Q2928428,Bureau of Labor Statistics,alias,,,,,no NAICS or SIC on the company or its industries
WEILL CORNELL MEDICAL CENTER,Weill Cornell Medical Center,18,Q3567094,Weill Cornell Medicine,alias,Q136822,higher education,61,reviewed industry table,
ADVENTHEALTH,Adventhealth,17,Q3509447,AdventHealth,label,Q15067276,health care industry,62,reviewed industry table,
ADVENTHEALTH PALM COAST PARKWAY,Adventhealth Palm Coast Parkway,17,Q121590706,AdventHealth Palm Coast Parkway,label,,,,,no NAICS or SIC on the company or its industries
COMMSCOPE,Commscope,17,Q5152057,CommScope,label,Q418,telecommunications,,,no NAICS or SIC on the company or its industries
COMMUNITY HOSPITAL,Community Hospital,17,Q117011282,Kenney Memorial Hospital,alias,,,,,no NAICS or SIC on the company or its industries
DAVE AND BUSTER S,Dave and Buster S,17,Q5228205,Dave & Buster's,label,Q19595701|Q171141,entertainment industry|gastronomy,,,no NAICS or SIC on the company or its industries
DAVITA KIDNEY CARE,Davita Kidney Care,17,Q5207184,DaVita,alias,Q15067276,health care industry,62,reviewed industry table,
DIGITAL REALTY,Digital Realty,17,Q5275969,Digital Realty Trust,alias,Q697852,real estate investment trust,,,no NAICS or SIC on the company or its industries
FEIN 221487322,Holy Name Medical Center,17,Q14705603,Holy Name Medical Center,label,,,,,no NAICS or SIC on the company or its industries
FEIN 230960890,Arkema,17,Q673327,Arkema,label,Q207652|Q112165265,chemical industry|Q112165265,31-33,reviewed industry table,
FEIN 364200026,Berlin Packaging,17,Q4892453,Berlin Packaging,label,Q138580,food packaging,,,no NAICS or SIC on the company or its industries
FEIN 720703433,Intertek,17,Q1136085,Intertek,label,,,,,no NAICS or SIC on the company or its industries
FLORIDA DEPARTMENT OF EDUCATION,Florida Department of Education,17,Q2890950,Florida Department of Education,label,,,,,no NAICS or SIC on the company or its industries
MOODY,Moody,17,Q982051,Moody,label,,,,,no NAICS or SIC on the company or its industries
NEW YORK CITY SCHOOL CONSTRUCTION AUTHORITY,NEW York City School Construction Authority,17,Q7013288,New York City School Construction Authority,label,,,,,no NAICS or SIC on the company or its industries
OAKLAND COUNTY,Oakland County,17,Q498024,Oakland County,label,,,,,no NAICS or SIC on the company or its industries
ORLANDO HEALTH,Orlando Health,17,Q7103097,Orlando Health,label,Q31207,health care,62,reviewed industry table,
PROVIDENCE VA MEDICAL CENTER,Providence VA Medical Center,17,Q7252501,Providence VA Medical Center,label,,,,,no NAICS or SIC on the company or its industries
REYNOLDS AMERICAN,Reynolds American,17,Q947718,Reynolds American,label,Q907703,tobacco industry,,,no NAICS or SIC on the company or its industries
ST MARY MEDICAL CENTER,ST Mary Medical Center,17,Q7590505,St. Mary Medical Center,label,,,,,no NAICS or SIC on the company or its industries
STATE OF NEW JERSEY DEPARTMENT OF HEALTH,State of NEW Jersey Department of Health,17,Q5788429,New Jersey Department of Health,alias,,,,,no NAICS or SIC on the company or its industries
TEXAS DEPARTMENT OF AGRICULTURE,Texas Department of Agriculture,17,Q7707628,Texas Department of Agriculture,label,,,,,no NAICS or SIC on the company or its industries
VIRGINIA DEPARTMENT OF SOCIAL SERVICES,Virginia Department of Social Services,17,Q30264293,Virginia Department of Social Services,label,,,,,no NAICS or SIC on the company or its industries
WASHINGTON STATE DEPARTMENT OF LABOR AND INDUSTRIES,Washington State Department of Labor and Industries,17,Q48800726,Washington State Department of Labor and Industries,label,,,,,no NAICS or SIC on the company or its industries
ADVENTHEALTH HEART OF FLORIDA,Adventhealth Heart of Florida,16,Q118903926,AdventHealth Heart of Florida,label,,,,,no NAICS or SIC on the company or its industries
ADVENTHEALTH WAUCHULA,Adventhealth Wauchula,16,Q5461449,AdventHealth Wauchula,label,,,,,no NAICS or SIC on the company or its industries
BNY,BNY,16,Q589288,The Bank of New York Mellon,alias,Q806718,economics of banking,52,reviewed industry table,
FEIN 050258812,Butler Hospital,16,Q5002619,Butler Hospital,label,Q130370834,hospitals and rehabilitation,62,reviewed industry table,
FEIN 060646678,Charlotte Hungerford Hospital,16,Q16918162,Charlotte Hungerford Hospital,label,,,,,no NAICS or SIC on the company or its industries
FEIN 131913732,Combe,16,Q5150764,Combe Incorporated,label,Q507443,pharmaceutical industry,31-33,reviewed industry table,
FEIN 271694029,Latham Pool Products,16,Q140374624,"Latham Pool Products, Inc.",label,,,,,no NAICS or SIC on the company or its industries
FEIN 330277305,Corona Norco Unified School District,16,Q14681779,Corona-Norco Unified School District,label,,,,,no NAICS or SIC on the company or its industries
FEIN 344297750,Cooper Tire and Rubber,16,Q1129847,Cooper Tire & Rubber Company,label,Q187939|Q29585181,industrial manufacturing|manufacture of rubber tyres and tubes; retreading and rebuilding of rubber tyres,31-33,reviewed industry table,
FEIN 410695598,ST Francis Medical Center,16,Q91025320,Bon Secours St. Francis Medical Center,alias,,,,,no NAICS or SIC on the company or its industries
FEIN 522104148,Canton,16,Q16572,Guangzhou,alias,,,,,no NAICS or SIC on the company or its industries
FEIN 731695305,RJ Reynolds Tobacco,16,Q1759032,R. J. Reynolds Tobacco Company,label,Q907703,tobacco industry,,,no NAICS or SIC on the company or its industries
FEIN 873751590,Empower,16,Q1275239,EMPOWER,label,,,,,no NAICS or SIC on the company or its industries
FEIN 942161050,Tokyo Electron,16,Q1351484,Tokyo Electron,label,Q11650,electronics,,,no NAICS or SIC on the company or its industries
FEIN 952586175,Stater Bros Markets,16,Q7604016,Stater Bros.,alias,Q1295201,grocery store,,,no NAICS or SIC on the company or its industries
FREMONT UNIFIED SCHOOL DISTRICT,Fremont Unified School District,16,Q4162485,Fremont Unified School District,label,,,,,no NAICS or SIC on the company or its industries
GEORGIA DEPARTMENT OF HUMAN SERVICES,Georgia Department of Human Services,16,Q30253360,Georgia Department of Human Services,label,,,,,no NAICS or SIC on the company or its industries
GRAINGER,Grainger,16,Q1627894,W. W. Grainger,alias,,,,,no NAICS or SIC on the company or its industries
HCL TECHNOLOGIES,HCL Technologies,16,Q5629103,HCL Technologies,label,Q11661|Q638608|Q61515,information technology|software development|outsourcing,,,no NAICS or SIC on the company or its industries
MASSACHUSETTS GENERAL HOSPITAL,Massachusetts General Hospital,16,Q126412,Massachusetts General Hospital,label,,,,,no NAICS or SIC on the company or its industries
MOUNT SINAI REHABILITATION HOSPITAL,Mount Sinai Rehabilitation Hospital,16,Q50037001,Mount Sinai Rehabilitation Hospital,label,,,,,no NAICS or SIC on the company or its industries
NASHVILLE ELECTRIC SERVICE,Nashville Electric Service,16,Q6966967,Nashville Electric Service,label,Q1326624,electricity supply company,,,no NAICS or SIC on the company or its industries
NATIXIS,Natixis,16,Q571156,Natixis,label,Q112165997,Q112165997,,,no NAICS or SIC on the company or its industries
NORTON HOSPITAL,Norton Hospital,16,Q50036894,Norton Hospital,label,,,,,no NAICS or SIC on the company or its industries
O REILLY AUTO PARTS,O Reilly Auto Parts,16,Q7071951,O'Reilly Auto Parts,label,Q126793,retail,44-45,reviewed industry table,
OHIO DEPARTMENT OF EDUCATION,Ohio Department of Education,16,Q7080796,Ohio Department of Education and Workforce,alias,,,,,no NAICS or SIC on the company or its industries
PENNYMAC LOAN SERVICES,Pennymac Loan Services,16,Q16966786,PennyMac Loan Services,label,Q1210094,mortgage loan,,,no NAICS or SIC on the company or its industries
PROVIDENCE HOSPITAL,Providence Hospital,16,Q30280436,Providence Hospital,label,,,,,no NAICS or SIC on the company or its industries
SAINT FRANCIS MEDICAL CENTER,Saint Francis Medical Center,16,Q30280952,Saint Francis Medical Center,label,,,,,no NAICS or SIC on the company or its industries
STATE OF MINNESOTA,State of Minnesota,16,Q1527,Minnesota,alias,,,,,no NAICS or SIC on the company or its industries
STATE OF PENNSYLVANIA,State of Pennsylvania,16,Q1400,Pennsylvania,alias,,,,,no NAICS or SIC on the company or its industries
TEXAS DEPARTMENT OF CRIMINAL JUSTICE,Texas Department of Criminal Justice,16,Q3819598,Texas Department of Criminal Justice,label,,,,,no NAICS or SIC on the company or its industries
ADVENTHEALTH CELEBRATION,Adventhealth Celebration,15,Q5461445,AdventHealth Celebration,label,,,,,no NAICS or SIC on the company or its industries
ALAMEDA COUNTY,Alameda County,15,Q107146,Alameda County,label,,,,,no NAICS or SIC on the company or its industries
CALIFORNIA DEPARTMENT OF TECHNOLOGY,California Department of Technology,15,Q5021134,California Department of Technology,label,,,,,no NAICS or SIC on the company or its industries
CARLE HEALTH,Carle Health,15,Q131469011,Carle Health,label,Q31207,health care,62,reviewed industry table,
COOK MEDICAL,Cook Medical,15,Q111395427,Cook Medical,label,,,,,no NAICS or SIC on the company or its industries
ELECTROLUX,Electrolux,15,Q505922,Electrolux,label,Q56604188|Q56573357|Q101333|Q1326885,home appliance industry|consumer goods industry|mechanical engineering|electrical industry,31-33,reviewed industry table,
ENDO PHARMACEUTICALS,Endo Pharmaceuticals,15,Q5376211,Endo International plc,alias,Q507443,pharmaceutical industry,31-33,reviewed industry table,
FAIRFIELD SUISUN UNIFIED SCHOOL DISTRICT,Fairfield Suisun Unified School District,15,Q5430227,Fairfield-Suisun Unified School District,label,,,,,no NAICS or SIC on the company or its industries
FEIN 042103590,Lowell General Hospital,15,Q2078787,Lowell General Hospital,label,,,,,no NAICS or SIC on the company or its industries
FEIN 060646659,Greenwich Hospital,15,Q15137935,Greenwich Hospital,label,,,,,no NAICS or SIC on the company or its industries
FEIN 350868130,Marion General Hospital,15,Q30293438,Marion General Hospital,label,,,,,no NAICS or SIC on the company or its industries
FEIN 391367484,Menasha,15,Q1570626,Menasha,label,,,,,no NAICS or SIC on the company or its industries
FEIN 930256722,Northwest Natural GAS,15,Q6955989,NW Natural,alias,,,,,no NAICS or SIC on the company or its industries
FITCH,Fitch,15,Q871325,Fitch Group,label,Q837171,financial services,52,reviewed industry table,
GILLIG,Gillig,15,Q1524597,Gillig,label,Q124192,automotive engineering,,,no NAICS or SIC on the company or its industries
ILLINOIS DEPARTMENT OF TRANSPORTATION,Illinois Department of Transportation,15,Q4925114,Illinois Department of Transportation,label,,,,,no NAICS or SIC on the company or its industries
JOHN PETER SMITH HOSPITAL,John Peter Smith Hospital,15,Q14710539,John Peter Smith Hospital,label,,,,,no NAICS or SIC on the company or its industries
MARATHON OIL,Marathon OIL,15,Q1577587,Marathon Oil,label,Q862571|Q21328659,petroleum industry|gas industry,,,no NAICS or SIC on the company or its industries
NEVADA DEPARTMENT OF TRANSPORTATION,Nevada Department of Transportation,15,Q886390,Nevada Department of Transportation,label,,,,,no NAICS or SIC on the company or its industries
NEW JERSEY DEPARTMENT OF HEALTH,NEW Jersey Department of Health,15,Q5788429,New Jersey Department of Health,label,,,,,no NAICS or SIC on the company or its industries
PANAMA BUENA VISTA UNION SCHOOL DISTRICT,Panama Buena Vista Union School District,15,Q16999874,Panama Buena Vista Union School District,label,,,,,no NAICS or SIC on the company or its industries
PENNSYLVANIA DEPARTMENT OF CORRECTIONS,Pennsylvania Department of Corrections,15,Q7163705,Pennsylvania Department of Corrections,label,,,,,no NAICS or SIC on the company or its industries
PENNSYLVANIA DEPARTMENT OF HUMAN SERVICES,Pennsylvania Department of Human Services,15,Q7163716,Pennsylvania Department of Human Services,label,,,,,no NAICS or SIC on the company or its industries
PHILADELPHIA GAS WORKS,Philadelphia GAS Works,15,Q7182700,Philadelphia Gas Works,label,Q2151621,energy industry,,,no NAICS or SIC on the company or its industries
SANOFI GENZYME,Sanofi Genzyme,15,Q1502740,Genzyme,alias,Q507443,pharmaceutical industry,31-33,reviewed industry table,
SIEMENS DIGITAL INDUSTRIES SOFTWARE,Siemens Digital Industries Software,15,Q15898201,Siemens Digital Industries Software,label,Q880371,software industry,51,reviewed industry table,
TENNOVA HEALTHCARE CLARKSVILLE,Tennova Healthcare Clarksville,15,Q136663725,Community Health Systems - Tennova Healthcare - Clarksville,alias,,,,,no NAICS or SIC on the company or its industries
AMERIGAS,Amerigas,14,Q23130318,AmeriGas,label,Q2151621,energy industry,,,no NAICS or SIC on the company or its industries
CALIFORNIA ISO,California ISO,14,Q16850559,California Independent System Operator,alias,Q2316331,electric power industry,,,no NAICS or SIC on the company or its industries
CALIFORNIA STATE TEACHERS RETIREMENT SYSTEM,California State Teachers Retirement System,14,Q14681677,CalSTRS,alias,,,,,no NAICS or SIC on the company or its industries
CLARK CONSTRUCTION,Clark Construction,14,Q28131920,Clark Construction,label,Q385378,construction,,,no NAICS or SIC on the company or its industries
FEIN 010211534,Mercy Hospital,14,Q7865510,UPMC Mercy,alias,,,,,no NAICS or SIC on the company or its industries
FEIN 331169273,Sabic Innovative Plastics,14,Q18071191,SABIC Innovative Plastics,label,,,,,no NAICS or SIC on the company or its industries
FEIN 461679835,Kuka,14,Q163566,KUKA,label,Q184199|Q29584583|Q1924906|Q392933,automation|manufacture of weapons and ammunition|metal industry|weapons industry,,,no NAICS or SIC on the company or its industries
FEIN 840166760,Children S Hospital Colorado,14,Q5098125,Children's Hospital Colorado,label,Q130370834,hospitals and rehabilitation,62,reviewed industry table,
FEIN 910606624,Fluke,14,Q1434157,Fluke Corporation,label,,,,,no NAICS or SIC on the company or its industries
FLORIDA DEPARTMENT OF FINANCIAL SERVICES,Florida Department of Financial Services,14,Q5461318,Florida Department of Financial Services,label,,,,,no NAICS or SIC on the company or its industries
GOOD SAMARITAN HOSPITAL,Good Samaritan Hospital,14,Q5582919,Good Samaritan Hospital,label,,,,,no NAICS or SIC on the company or its industries
HONDA AMERICA,Honda America,14,Q4744011,American Honda Motor Company,alias,Q190117,automotive industry,31-33,reviewed industry table,
LANDMARK MEDICAL CENTER,Landmark Medical Center,14,Q6484787,Landmark Medical Center,label,,,,,no NAICS or SIC on the company or its industries
NEW YORK STATE DEPARTMENT OF PUBLIC SERVICE,NEW York State Department of Public Service,14,Q16965819,New York State Department of Public Service,label,,,,,no NAICS or SIC on the company or its industries
NICE ACTIMIZE,Nice Actimize,14,Q4676831,Actimize,alias,,,,,no NAICS or SIC on the company or its industries
NICKLAUS CHILDREN S HOSPITAL,Nicklaus Children S Hospital,14,Q6827285,Miami Children's Hospital,alias,,,,,no NAICS or SIC on the company or its industries
OFFICE OF THE NEW YORK STATE COMPTROLLER,Office of the NEW York State Comptroller,14,Q136651074,Office of the New York State Comptroller,label,,,,,no NAICS or SIC on the company or its industries
REDDY ICE,Reddy ICE,14,Q7305666,Reddy Ice,label,Q1187656,fast-moving consumer goods,,,no NAICS or SIC on the company or its industries
RR DONNELLEY,RR Donnelley,14,Q2124539,RR Donnelley,label,,,,,no NAICS or SIC on the company or its industries
SMALL BUSINESS ADMINISTRATION,Small Business Administration,14,Q495354,Small Business Administration,label,,,,,no NAICS or SIC on the company or its industries
STARWOOD,Starwood,14,Q552363,Starwood,label,Q1285245,hotel industry,,,no NAICS or SIC on the company or its industries
UNITED NATIONS DEVELOPMENT PROGRAMME,United Nations Development Programme,14,Q161718,United Nations Development Programme,label,Q107607934,international governmental or non-governmental organizations,,,no NAICS or SIC on the company or its industries
VEOLIA,Veolia,14,Q1632461,Veolia,label,Q1061108|Q180388|Q112166112,water supply|waste management|Q112166112,,,no NAICS or SIC on the company or its industries
WALLENIUS WILHELMSEN,Wallenius Wilhelmsen,14,Q2090767,Wallenius Wilhelmsen,label,Q651658,freight transport,,,no NAICS or SIC on the company or its industries
ADVENTHEALTH LAKE WALES,Adventhealth Lake Wales,13,Q14686090,AdventHealth Lake Wales,label,,,,,no NAICS or SIC on the company or its industries
ADVENTHEALTH ZEPHYRHILLS,Adventhealth Zephyrhills,13,Q135583761,AdventHealth Zephyrhills,label,,,,,no NAICS or SIC on the company or its industries
AMERIHEALTH,Amerihealth,13,Q4742479,AmeriHealth,label,Q334911,health insurance,,,no NAICS or SIC on the company or its industries
APL LOGISTICS,APL Logistics,13,Q296174,APL Logistics,label,Q177777,logistics,,,no NAICS or SIC on the company or its industries
CITY OF SEATTLE,City of Seattle,13,Q55127905,City of Seattle,label,,,,,no NAICS or SIC on the company or its industries
COUNTY OF LOS ANGELES,County of LOS Angeles,13,Q5589236,County of Los Angeles,label,,,,,no NAICS or SIC on the company or its industries
DOCTORS,Doctors,13,Q7730494,The Doctors Company,label,Q2663825,general insurance,,,no NAICS or SIC on the company or its industries
EL PASO CHILDREN S HOSPITAL,EL Paso Children S Hospital,13,Q30294627,El Paso Children's Hospital,label,,,,,no NAICS or SIC on the company or its industries
EXPORT IMPORT BANK OF THE UNITED STATES,Export Import Bank of the United States,13,Q1384697,Export-Import Bank of the United States,label,,,,,no NAICS or SIC on the company or its industries
FEIN 042631963,NEW England Biolabs,13,Q17134414,New England Biolabs,label,,,,,no NAICS or SIC on the company or its industries
FEIN 133979511,Marathon Asset Management,13,Q6754999,Marathon Asset Management,label,Q105611|Q873442,hedge fund|asset management,52,reviewed industry table,
FEIN 208922307,Surgical Care Affiliates,13,Q7646199,Surgical Care Affiliates,label,Q31207,health care,62,reviewed industry table,
FEIN 270219853,Ascend Performance Materials,13,Q130296807,Ascend Performance Materials,label,,,,,no NAICS or SIC on the company or its industries
FEIN 521590951,Maxim Healthcare Services,13,Q6795585,Maxim Healthcare Services,label,,,,,no NAICS or SIC on the company or its industries
FEIN 541074144,Virginia Information Technologies Agency,13,Q7934328,Virginia Information Technologies Agency,label,,,,,no NAICS or SIC on the company or its industries
FEIN 581954432,Northside Hospital,13,Q7059745,Northside Hospital Atlanta,alias,,,,,no NAICS or SIC on the company or its industries
FEIN 746002070,City of SAN Antonio,13,Q975,San Antonio,alias,,,,,no NAICS or SIC on the company or its industries
HOSPITAL FOR SPECIAL SURGERY,Hospital for Special Surgery,13,Q5908726,Hospital for Special Surgery,label,,,,,no NAICS or SIC on the company or its industries
ILLINOIS DEPARTMENT OF HEALTHCARE AND FAMILY SERVICES,Illinois Department of Healthcare and Family Services,13,Q5999427,Illinois Department of Healthcare and Family Services,label,,,,,no NAICS or SIC on the company or its industries
LOUISIANA DEPARTMENT OF EDUCATION,Louisiana Department of Education,13,Q16949210,Louisiana Department of Education,label,,,,,no NAICS or SIC on the company or its industries
MOHAWK,Mohawk,13,Q116971,Mohawk,label,,,,,no NAICS or SIC on the company or its industries
NATIONAL LABOR RELATIONS BOARD,National Labor Relations Board,13,Q3024155,National Labor Relations Board,label,,,,,no NAICS or SIC on the company or its industries
NEW JERSEY TRANSIT,NEW Jersey Transit,13,Q498553,New Jersey Transit,label,,,,,no NAICS or SIC on the company or its industries
NYC DEPARTMENT OF BUILDINGS,NYC Department of Buildings,13,Q13358874,New York City Department of Buildings,alias,,,,,no NAICS or SIC on the company or its industries
OHIO DEPARTMENT OF AGING,Ohio Department of Aging,13,Q7080794,Ohio Department of Aging,label,,,,,no NAICS or SIC on the company or its industries
OHIO DEPARTMENT OF DEVELOPMENTAL DISABILITIES,Ohio Department of Developmental Disabilities,13,Q126546538,Ohio Department of Developmental Disabilities,label,,,,,no NAICS or SIC on the company or its industries
OHIO DEPARTMENT OF REHABILITATION AND CORRECTION,Ohio Department of Rehabilitation and Correction,13,Q7080800,Ohio Department of Rehabilitation and Correction,label,,,,,no NAICS or SIC on the company or its industries
OTSUKA,Otsuka,13,Q386434,Otsuka Pharmaceutical,alias,Q507443,pharmaceutical industry,31-33,reviewed industry table,
PALMDALE REGIONAL MEDICAL CENTER,Palmdale Regional Medical Center,13,Q7128175,Palmdale Regional Medical Center,label,,,,,no NAICS or SIC on the company or its industries
PARAMOUNT,Paramount,13,Q927134,Paramount,label,,,,,no NAICS or SIC on the company or its industries
SAIA LTL FREIGHT,Saia LTL Freight,13,Q7399844,Saia,alias,Q2516512,transport industry,,,no NAICS or SIC on the company or its industries
SAINT FRANCIS HOSPITAL,Saint Francis Hospital,13,Q7401259,UCSF Health Saint Francis Hospital,alias,,,,,no NAICS or SIC on the company or its industries
SEDGWICK CMS,Sedgwick CMS,13,Q140240376,Sedgwick Claims Management Services,alias,,,,,no NAICS or SIC on the company or its industries
SOUND TRANSIT,Sound Transit,13,Q3965367,Sound Transit,label,,,,,no NAICS or SIC on the company or its industries
SSA,SSA,13,Q2824618,Social Security Administration,alias,,,,,no NAICS or SIC on the company or its industries
TERUMO,Terumo,13,Q3518961,Terumo,label,Q6554101,medical device,,,no NAICS or SIC on the company or its industries
TEXAS PARKS AND WILDLIFE DEPARTMENT,Texas Parks and Wildlife Department,13,Q7707904,Texas Parks and Wildlife Department,label,,,,,no NAICS or SIC on the company or its industries
THERMO FISHER,Thermo Fisher,13,Q643674,Thermo Fisher Scientific Inc.,alias,Q12303494,biotechnology industry,,,no NAICS or SIC on the company or its industries
TOYOTA CONNECTED,Toyota Connected,13,Q11321577,Toyota Media Service,alias,,,,,no NAICS or SIC on the company or its industries
UNITED STATES PATENT AND TRADEMARK OFFICE,United States Patent and Trademark Office,13,Q1459541,United States Patent and Trademark Office,label,,,,,no NAICS or SIC on the company or its industries
UNIVERSAL STUDIOS,Universal Studios,13,Q101552926,Universal Filmed Entertainment Group,alias,Q173799,entertainment,,,no NAICS or SIC on the company or its industries
VETERANS UNITED HOME LOANS,Veterans United Home Loans,13,Q30589379,Veterans United Home Loans,label,Q837171,financial services,52,reviewed industry table,
VIRGINIA EMPLOYMENT COMMISSION,Virginia Employment Commission,13,Q7934259,Virginia Employment Commission,label,,,,,no NAICS or SIC on the company or its industries
WISCONSIN DEPARTMENT OF HEALTH SERVICES,Wisconsin Department of Health Services,13,Q17004374,Wisconsin Department of Health Services,label,,,,,no NAICS or SIC on the company or its industries
WORLD WIDE TECHNOLOGY,World Wide Technology,13,Q8036496,World Wide Technology,label,,,,,no NAICS or SIC on the company or its industries
AAFES,Aafes,12,Q671921,Army and Air Force Exchange Service,alias,Q126793,retail,44-45,reviewed industry table,
ADVENTHEALTH OCALA,Adventhealth Ocala,12,Q6936845,AdventHealth Ocala,label,,,,,no NAICS or SIC on the company or its industries
ASSUREDPARTNERS,Assuredpartners,12,Q6983958,AssuredPartners,label,Q43183,insurance,52,reviewed industry table,
AUSTIN ENERGY,Austin Energy,12,Q4823071,Austin Energy,label,,,,,no NAICS or SIC on the company or its industries
BANCO POPULAR,Banco Popular,12,Q7229656,"Popular, Inc.",alias,Q837171,financial services,52,reviewed industry table,
BRIGHT HORIZONS,Bright Horizons,12,Q4967421,Bright Horizons,label,Q1455871,child care,,,no NAICS or SIC on the company or its industries
BURNS AND MCDONNELL,Burns and Mcdonnell,12,Q112892698,Burns & McDonnell,label,,,,,no NAICS or SIC on the company or its industries
DELAWARE DEPARTMENT OF TRANSPORTATION,Delaware Department of Transportation,12,Q3297972,Delaware Department of Transportation,label,,,,,no NAICS or SIC on the company or its industries
ELI LILY,ELI Lily,12,Q632240,Eli Lilly and Company,alias,Q507443,pharmaceutical industry,31-33,reviewed industry table,
FEIN 361799520,South Shore Hospital,12,Q96406082,South Shore Hospital,label,,,,,no NAICS or SIC on the company or its industries
FEIN 370815318,Growmark,12,Q5611697,Growmark,label,Q11451,agriculture,,,no NAICS or SIC on the company or its industries
FEIN 546001734,Virginia Department of Taxation,12,Q116797530,Virginia Department of Taxation,label,,,,,no NAICS or SIC on the company or its industries
FEIN 580566223,ST Mary S Hospital,12,Q3495342,St Mary's Hospital,label,,,,,no NAICS or SIC on the company or its industries
FEIN 650773338,Florida Crystals,12,Q96368398,Florida Crystals Corporation,label,,,,,no NAICS or SIC on the company or its industries
FEIN 752416720,Airbus Helicopters,12,Q155573,Airbus Helicopters,label,Q112165459,aircraft and space construction,,,no NAICS or SIC on the company or its industries
FLORIDA DEPARTMENT OF COMMERCE,Florida Department of Commerce,12,Q133539898,Florida Department of Commerce,label,,,,,no NAICS or SIC on the company or its industries
FRANCISCAN HEALTH OLYMPIA FIELDS,Franciscan Health Olympia Fields,12,Q97928624,Franciscan Health Olympia Fields,label,,,,,no NAICS or SIC on the company or its industries
KERING,Kering,12,Q931207,Kering,label,Q112166038,activities of head offices,,,no NAICS or SIC on the company or its industries
LUTHERAN HOSPITAL,Lutheran Hospital,12,Q5618619,Gundersen Lutheran Medical Center,alias,Q31207,health care,62,reviewed industry table,
MILLENNIUM MANAGEMENT,Millennium Management,12,Q65089884,Millennium Management,label,Q2867142,real estate manager,,,no NAICS or SIC on the company or its industries
NEBRASKA DEPARTMENT OF TRANSPORTATION,Nebraska Department of Transportation,12,Q16861277,Nebraska Department of Transportation,label,,,,,no NAICS or SIC on the company or its industries
NEW BALANCE,NEW Balance,12,Q742988,New Balance,label,Q5915560,footwear industry,,,no NAICS or SIC on the company or its industries
OIT,OIT,12,Q427553,Oregon Institute of Technology,alias,,,,,no NAICS or SIC on the company or its industries
SIGNATURE AVIATION,Signature Aviation,12,Q4834739,Sampad Aviation,alias,Q765633,aviation,,,no NAICS or SIC on the company or its industries
SUMITOMO MITSUI TRUST BANK,Sumitomo Mitsui Trust Bank,12,Q5215421,Sumitomo Mitsui Trust Bank,label,,,,,no NAICS or SIC on the company or its industries
TRIWEST HEALTHCARE ALLIANCE,Triwest Healthcare Alliance,12,Q7839825,TriWest Healthcare Alliance,label,Q334911,health insurance,,,no NAICS or SIC on the company or its industries
WISCONSIN DEPARTMENT OF CORRECTIONS,Wisconsin Department of Corrections,12,Q8027155,Wisconsin Department of Corrections,label,,,,,no NAICS or SIC on the company or its industries
WK KELLOGG,WK Kellogg,12,Q123112141,WK Kellogg Co,label,,,,,no NAICS or SIC on the company or its industries
ADVENT HEALTH,Advent Health,11,Q3509447,AdventHealth,alias,Q15067276,health care industry,62,reviewed industry table,
ADVENTHEALTH DADE CITY,Adventhealth Dade City,11,Q122363686,AdventHealth Dade City,label,,,,,no NAICS or SIC on the company or its industries
ADVENTHEALTH KISSIMMEE,Adventhealth Kissimmee,11,Q50036663,AdventHealth Kissimmee,label,,,,,no NAICS or SIC on the company or its industries
AMERICAN COLLEGE OF CARDIOLOGY,American College of Cardiology,11,Q4743449,American College of Cardiology,label,,,,,no NAICS or SIC on the company or its industries
AMERICAN FEDERATION OF TEACHERS,American Federation of Teachers,11,Q4743760,American Federation of Teachers,label,,,,,no NAICS or SIC on the company or its industries
AMEX GBT,Amex GBT,11,Q48774804,American Express Global Business Travel,alias,,,,,no NAICS or SIC on the company or its industries
AVEVA,Aveva,11,Q847869,AVEVA,label,Q880371,software industry,51,reviewed industry table,
BAPTIST HEALTH CORBIN,Baptist Health Corbin,11,Q50039586,Baptist Health Corbin,label,,,,,no NAICS or SIC on the company or its industries
BOULDER CITY HOSPITAL,Boulder City Hospital,11,Q4949542,Boulder City Hospital,label,,,,,no NAICS or SIC on the company or its industries
BRADLEY HOSPITAL,Bradley Hospital,11,Q4954944,Bradley Hospital,label,,,,,no NAICS or SIC on the company or its industries
CALIFORNIA HIGH SPEED RAIL AUTHORITY,California High Speed Rail Authority,11,Q5020545,California High-Speed Rail Authority,label,,,,,no NAICS or SIC on the company or its industries
CALPERS,Calpers,11,Q2933412,CalPERS,label,,,,,no NAICS or SIC on the company or its industries
CITY OF LOS ANGELES,City of LOS Angeles,11,Q65,Los Angeles,alias,,,,,no NAICS or SIC on the company or its industries
COLUMBIA UNIVERSITY IRVING MEDICAL CENTER,Columbia University Irving Medical Center,11,Q2415975,Columbia University Irving Medical Center,label,,,,,no NAICS or SIC on the company or its industries
COUNTY OF ORANGE,County of Orange,11,Q135990426,County of Orange,label,,,,,no NAICS or SIC on the company or its industries
DEPARTMENT OF MOTOR VEHICLES,Department of Motor Vehicles,11,Q17109616,New York State Department of Motor Vehicles,alias,,,,,no NAICS or SIC on the company or its industries
DEPARTMENT OF TRANSPORTATION,Department of Transportation,11,Q852211,United States Department of Transportation,alias,,,,,no NAICS or SIC on the company or its industries
DETROIT PUBLIC SCHOOLS COMMUNITY DISTRICT,Detroit Public Schools Community District,11,Q2497108,Detroit Public Schools,alias,,,,,no NAICS or SIC on the company or its industries
EMPLOYMENT DEVELOPMENT DEPARTMENT,Employment Development Department,11,Q5374334,Employment Development Department,label,,,,,no NAICS or SIC on the company or its industries
FEIN 221434516,Wakefern Food,11,Q7961016,Wakefern Food Corporation,label,,,,,no NAICS or SIC on the company or its industries
FEIN 274933380,LCF,11,Q30261524,Laboratoire Charles Fabry,alias,,,,,no NAICS or SIC on the company or its industries
FEIN 310672132,Dayton Children S Hospital,11,Q5243510,Dayton Children's Hospital,label,,,,,no NAICS or SIC on the company or its industries
FEIN 310785108,Wendy S International,11,Q2559339,Wendy's International,label,,,,,no NAICS or SIC on the company or its industries
FEIN 320113643,Texas Department of State Health Services,11,Q5649489,Texas Department of State Health Services,label,,,,,no NAICS or SIC on the company or its industries
FEIN 416005875,Ramsey County,11,Q491201,Ramsey County,label,,,,,no NAICS or SIC on the company or its industries
FEIN 756000508,City of Dallas,11,Q6503166,City of Dallas,label,,,,,no NAICS or SIC on the company or its industries
FEIN 800468695,Viiv Healthcare,11,Q7929051,ViiV Healthcare,label,Q507443,pharmaceutical industry,31-33,reviewed industry table,
FEIN 870234341,Church of Jesus Christ of Latter DAY Saints,11,Q42504,The Church of Jesus Christ of Latter-day Saints,label,Q130370869,religious congregations and associations,,,no NAICS or SIC on the company or its industries
FEIN 956000944,County of Ventura,11,Q138952275,County of Ventura,label,,,,,no NAICS or SIC on the company or its industries
FLOWERS HOSPITAL,Flowers Hospital,11,Q136663660,Community Health Systems - Flowers Hospital,alias,,,,,no NAICS or SIC on the company or its industries
FUJIFILM,Fujifilm,11,Q164740,Fujifilm Corporation,label,Q1439700|Q172839|Q6500733|Q1061415|Q55864724|Q931309,photo industry|photographic process|printing company|regenerative medicine|Document Solutions|medical imaging,,,no NAICS or SIC on the company or its industries
HURLEY MEDICAL CENTER,Hurley Medical Center,11,Q14716149,Hurley Medical Center,label,,,,,no NAICS or SIC on the company or its industries
HYBRID,Hybrid,11,Q851798,Hybrid,label,,,,,no NAICS or SIC on the company or its industries
INTERNATIONAL GAME TECHNOLOGY,International Game Technology,11,Q5514677,International Game Technology,label,Q11416,gambling,,,no NAICS or SIC on the company or its industries
LENOVO,Lenovo,11,Q14799,Lenovo,label,Q11650|Q132898730,electronics|computer hardware industry,,,no NAICS or SIC on the company or its industries
MONTGOMERY COUNTY PUBLIC SCHOOLS,Montgomery County Public Schools,11,Q599573,Montgomery County Public Schools,label,,,,,no NAICS or SIC on the company or its industries
NBCU,Nbcu,11,Q724759,NBCUniversal,alias,Q289,television,,,no NAICS or SIC on the company or its industries
NEW YORK STATE OFFICE OF CHILDREN AND FAMILY SERVICES,NEW York State Office of Children and Family Services,11,Q7014150,New York State Office of Children and Family Services,label,,,,,no NAICS or SIC on the company or its industries
NEW YORK STATE OFFICE OF TEMPORARY AND DISABILITY ASSISTANCE,NEW York State Office of Temporary and Disability Assistance,11,Q30264277,New York State Office of Temporary and Disability Assistance,label,,,,,no NAICS or SIC on the company or its industries
NORFOLK SOUTHERN RAILWAY,Norfolk Southern Railway,11,Q1321054,Norfolk Southern Railway,label,Q7590,transport,48-49,reviewed industry table,
PALM BEACH COUNTY,Palm Beach County,11,Q484294,Palm Beach County,label,,,,,no NAICS or SIC on the company or its industries
PENNSYLVANIA DEPARTMENT OF AGRICULTURE,Pennsylvania Department of Agriculture,11,Q7163701,Pennsylvania Department of Agriculture,label,,,,,no NAICS or SIC on the company or its industries
PENNSYLVANIA HOSPITAL,Pennsylvania Hospital,11,Q1273145,Pennsylvania Hospital,label,,,,,no NAICS or SIC on the company or its industries
RAILROAD COMMISSION OF TEXAS,Railroad Commission of Texas,11,Q1647484,Railroad Commission of Texas,label,,,,,no NAICS or SIC on the company or its industries
RANDSTAD,Randstad,11,Q267840,Randstad N.V.,alias,Q1056396|Q63348704,human resource management|employment services industry,,,no NAICS or SIC on the company or its industries
SAINT MICHAEL S MEDICAL CENTER,Saint Michael S Medical Center,11,Q30280920,Saint Michael's Medical Center,label,,,,,no NAICS or SIC on the company or its industries
SALT RIVER PROJECT,Salt River Project,11,Q7405933,Salt River Project,label,Q1951366,public utility,,,no NAICS or SIC on the company or its industries
SOUTH FLORIDA WATER MANAGEMENT DISTRICT,South Florida Water Management District,11,Q7567249,South Florida Water Management District,label,,,,,no NAICS or SIC on the company or its industries
UNITED STATES CELLULAR,United States Cellular,11,Q2466256,U.S. Cellular,alias,Q2401742|Q56598901,telecommunications industry|mobile phone industry,51,reviewed industry table,
UNITED STATES DEPARTMENT OF VETERANS AFFAIRS,United States Department of Veterans Affairs,11,Q592576,United States Department of Veterans Affairs,label,,,,,no NAICS or SIC on the company or its industries
US COURTS,US Courts,11,Q4683474,Administrative Office of the United States Courts,alias,,,,,no NAICS or SIC on the company or its industries
WAYNE COUNTY AIRPORT AUTHORITY,Wayne County Airport Authority,11,Q7976131,Wayne County Airport Authority,label,,,,,no NAICS or SIC on the company or its industries
WESTERN MIDSTREAM,Western Midstream,11,Q106241323,"Western Midstream Partners, LP",alias,,,,,no NAICS or SIC on the company or its industries
ACCESS HEALTH CT,Access Health CT,10,Q16833664,Access Health CT,label,,,,,no NAICS or SIC on the company or its industries
ALLEGHENY COUNTY DEPARTMENT OF HUMAN SERVICES,Allegheny County Department of Human Services,10,Q30254898,Allegheny County Department of Human Services,label,,,,,no NAICS or SIC on the company or its industries
ASML HOLDING,Asml Holding,10,Q297879,ASML Holding,label,Q2986369,semiconductor industry,,,no NAICS or SIC on the company or its industries
CALIFORNIA DEPARTMENT OF GENERAL SERVICES,California Department of General Services,10,Q5020423,California Department of General Services,label,,,,,no NAICS or SIC on the company or its industries
CHARLTON MEMORIAL HOSPITAL,Charlton Memorial Hospital,10,Q30279762,Charlton Memorial Hospital,label,,,,,no NAICS or SIC on the company or its industries
CIRCET,Circet,10,Q96634245,Circet,label,Q112165959,Q112165959,,,no NAICS or SIC on the company or its industries
CLARK COUNTY SCHOOL DISTRICT,Clark County School District,10,Q4261591,Clark County School District,label,,,,,no NAICS or SIC on the company or its industries
DAVITA DIALYSIS,Davita Dialysis,10,Q5207184,DaVita,alias,Q15067276,health care industry,62,reviewed industry table,
DISCOVER FINANCIAL,Discover Financial,10,Q5281775,Discover Financial,label,Q837171,financial services,52,reviewed industry table,
FEIN 060938363,Thales,10,Q1161666,Thales Group,label,Q392933|Q3477363|Q2401742|Q112166038|Q3510521|Q880371,weapons industry|aerospace industry|telecommunications industry|activities of head offices|computer security|software industry,51,reviewed industry table,
FEIN 274105807,ELF Cosmetics,10,Q5422801,e.l.f. Cosmetics,label,Q12752882,cosmetics industry,,,no NAICS or SIC on the company or its industries
FEIN 953858259,Scan Health Plan,10,Q7389069,SCAN Health Plan,label,Q31207,health care,62,reviewed industry table,
GEORGIA DEPARTMENT OF PUBLIC HEALTH,Georgia Department of Public Health,10,Q30282508,Georgia Department of Public Health,label,,,,,no NAICS or SIC on the company or its industries
GOOGLE FIBER,Google Fiber,10,Q166561,Google Fiber,label,,,,,no NAICS or SIC on the company or its industries
HALLMARK,Hallmark,10,Q3126163,Hallmark Records,alias,,,,,no NAICS or SIC on the company or its industries
KENMORE MERCY HOSPITAL,Kenmore Mercy Hospital,10,Q107026260,Kenmore Mercy Hospital,label,,,,,no NAICS or SIC on the company or its industries
MEDSTAR WASHINGTON HOSPITAL CENTER,Medstar Washington Hospital Center,10,Q7971940,Washington Hospital Center,alias,,,,,no NAICS or SIC on the company or its industries
METRA,Metra,10,Q1814208,Metra,label,Q1412403,commuter rail,,,no NAICS or SIC on the company or its industries
MONTGOMERY COUNTY,Montgomery County,10,Q488659,Montgomery County,label,,,,,no NAICS or SIC on the company or its industries
PRINCESS CRUISES,Princess Cruises,10,Q745700,Princess Cruises,label,Q49389,tourism,,,no NAICS or SIC on the company or its industries
RESIDEO,Resideo,10,Q110443096,Resideo,label,,,,,no NAICS or SIC on the company or its industries
SAINT MARY S REGIONAL MEDICAL CENTER,Saint Mary S Regional Medical Center,10,Q7401841,Saint Mary's Regional Medical Center,label,,,,,no NAICS or SIC on the company or its industries
SENTARA NORTHERN VIRGINIA MEDICAL CENTER,Sentara Northern Virginia Medical Center,10,Q7451177,Sentara Northern Virginia Medical Center,label,,,,,no NAICS or SIC on the company or its industries
SISTERS OF CHARITY HOSPITAL,Sisters of Charity Hospital,10,Q7531321,Sisters of Charity Hospital,label,,,,,no NAICS or SIC on the company or its industries
SOUTHAMPTON HIGH SCHOOL,Southampton High School,10,Q7569136,Southampton High School,label,,,,,no NAICS or SIC on the company or its industries
SOUTHERN HILLS HOSPITAL AND MEDICAL CENTER,Southern Hills Hospital and Medical Center,10,Q7569991,Southern Hills Hospital & Medical Center,label,,,,,no NAICS or SIC on the company or its industries
ST PETER S HOSPITAL,ST Peter S Hospital,10,Q18392694,St Peter's Hospital,label,,,,,no NAICS or SIC on the company or its industries
UN WOMEN,UN Women,10,Q641576,UN Women,label,,,,,no NAICS or SIC on the company or its industries
ACS,ACS,9,Q193481,AC Sparta Prague,alias,Q4438117,sports industry,,,no NAICS or SIC on the company or its industries
ADVENTHEALTH WATERMAN,Adventhealth Waterman,9,Q93121675,AdventHealth Waterman,label,,,,,no NAICS or SIC on the company or its industries
ARAMCO,Aramco,9,Q679322,Saudi Aramco,alias,Q862571|Q1349660|Q214261|Q12089268,petroleum industry|extraction of petroleum|oil refining|extraction of crude petroleum and natural gas,,,no NAICS or SIC on the company or its industries
AT AND T WIRELESS,At and T Wireless,9,Q298594,AT&T Mobility,alias,Q2401742|Q56598901,telecommunications industry|mobile phone industry,51,reviewed industry table,
ATRIUM MEDICAL CENTER,Atrium Medical Center,9,Q130375959,Atrium Medical Center,label,,,,,no NAICS or SIC on the company or its industries
BIG LOTS,BIG Lots,9,Q4905973,Big Lots,label,Q126793,retail,44-45,reviewed industry table,
CITY OF BOSTON,City of Boston,9,Q100,Boston,alias,,,,,no NAICS or SIC on the company or its industries
CITY OF MIAMI,City of Miami,9,Q8652,Miami,alias,,,,,no NAICS or SIC on the company or its industries
CONTINENTAL,Continental,9,Q174769,United Airlines,alias,Q1757562,air transport,,,no NAICS or SIC on the company or its industries
CUMBERLAND MEDICAL CENTER,Cumberland Medical Center,9,Q30269631,Cumberland Medical Center,label,,,,,no NAICS or SIC on the company or its industries
FARM BUREAU INSURANCE,Farm Bureau Insurance,9,Q54006666,Farm Bureau Insurance,label,Q2518196,insurance industry,,,no NAICS or SIC on the company or its industries
FEIN 133916524,Flightsafety International,9,Q1428683,FlightSafety International,label,Q1875606,aircraft industry,,,no NAICS or SIC on the company or its industries
FEIN 470947482,Fast Retailing,9,Q1397688,Fast Retailing,label,Q126793,retail,44-45,reviewed industry table,
FEIN 480962626,Commerce Bank,9,Q5152411,Commerce Bancshares,alias,Q57774188,financial sector,52,reviewed industry table,
FEIN 510282961,Safran,9,Q1886126,Safran,label,Q16955053|Q112166038|Q3477363,defence industry|activities of head offices|aerospace industry,,,no NAICS or SIC on the company or its industries
FEIN 746000057,Office of the Attorney General,9,Q13022698,Office of the Attorney-General (Thailand),alias,,,,,no NAICS or SIC on the company or its industries
FEIN 841650027,Clearing House Payments,9,Q7723351,"The Clearing House Payments Company, LLC",label,,,,,no NAICS or SIC on the company or its industries
FLANDERS,Flanders,9,Q9337,Flemish Region,alias,,,,,no NAICS or SIC on the company or its industries
GUILD MORTGAGE,Guild Mortgage,9,Q122074693,Guild Mortgage Company,label,,,,,no NAICS or SIC on the company or its industries
HUNTINGTON,Huntington,9,Q241808,Huntington,label,,,,,no NAICS or SIC on the company or its industries
IOWA LUTHERAN HOSPITAL,Iowa Lutheran Hospital,9,Q50036753,Iowa Lutheran Hospital,label,,,,,no NAICS or SIC on the company or its industries
KAISER FOUNDATION HOSPITAL,Kaiser Foundation Hospital,9,Q7074025,Oakland Medical Center,alias,,,,,no NAICS or SIC on the company or its industries
KELLANOVA,Kellanova,9,Q856897,Kellanova,label,Q540912|Q1187656,food industry|fast-moving consumer goods,,,no NAICS or SIC on the company or its industries
MILLIPORESIGMA,Milliporesigma,9,Q680841,Sigma-Aldrich,alias,Q12303494|Q7108,biotechnology industry|biotechnology,,,no NAICS or SIC on the company or its industries
MODERN WOODMEN OF AMERICA,Modern Woodmen of America,9,Q6888934,Modern Woodmen of America,label,,,,,no NAICS or SIC on the company or its industries
NATIONAL INSTITUTE OF MENTAL HEALTH,National Institute of Mental Health,9,Q1967405,National Institute of Mental Health,label,,,,,no NAICS or SIC on the company or its industries
NEW YORK CITY EMPLOYEES RETIREMENT SYSTEM,NEW York City Employees Retirement System,9,Q136697144,New York City Employees' Retirement System,label,,,,,no NAICS or SIC on the company or its industries
SLATE AUTO,Slate Auto,9,Q134100360,Slate Auto,label,Q190117,automotive industry,31-33,reviewed industry table,
ST CLARE HOSPITAL,ST Clare Hospital,9,Q2653173,St Clara Hospital,alias,,,,,no NAICS or SIC on the company or its industries
STATE OF KANSAS,State of Kansas,9,Q1558,Kansas,alias,,,,,no NAICS or SIC on the company or its industries
VALLEY BANK,Valley Bank,9,Q7912152,Valley National Bank,alias,Q837171,financial services,52,reviewed industry table,
VISTRA ENERGY,Vistra Energy,9,Q104158381,Vistra,alias,,,,,no NAICS or SIC on the company or its industries
WISCONSIN DEPARTMENT OF WORKFORCE DEVELOPMENT,Wisconsin Department of Workforce Development,9,Q16938380,Wisconsin Department of Workforce Development,label,,,,,no NAICS or SIC on the company or its industries
WUXI APPTEC,Wuxi Apptec,9,Q8038871,WuXi AppTec,label,Q507443,pharmaceutical industry,31-33,reviewed industry table,
AMERICAN ASSOCIATION OF RETIRED PERSONS,American Association of Retired Persons,8,Q463410,AARP,alias,,,,,no NAICS or SIC on the company or its industries
AMERICOLD,Americold,8,Q24197334,Americold,label,,,,,no NAICS or SIC on the company or its industries
ASTRONAUTICS CORPORATION OF AMERICA,Astronautics Corporation of America,8,Q4811622,Astronautics Corporation of America,label,Q3477363,aerospace industry,,,no NAICS or SIC on the company or its industries
AT AND T MOBILITY,At and T Mobility,8,Q298594,AT&T Mobility,label,Q2401742|Q56598901,telecommunications industry|mobile phone industry,51,reviewed industry table,
BECHTEL,Bechtel,8,Q813639,Bechtel,label,Q11023|Q385378,engineering|construction,,,no NAICS or SIC on the company or its industries
CASEY S,Casey S,8,Q2940968,Casey's General Stores,alias,Q126793,retail,44-45,reviewed industry table,
CIRCLE K,Circle K,8,Q139573172,Circle K,label,,,,,no NAICS or SIC on the company or its industries
CLAYTON HOMES,Clayton Homes,8,Q5130257,Clayton Homes,label,,,,,no NAICS or SIC on the company or its industries
COOK COUNTY GOVERNMENT,Cook County Government,8,Q16991558,Cook County Government,label,,,,,no NAICS or SIC on the company or its industries
EAST ALABAMA MEDICAL CENTER,East Alabama Medical Center,8,Q91075114,East Alabama Medical Center,label,,,,,no NAICS or SIC on the company or its industries
FEIN 043072771,Coterra Energy,8,Q4035714,Coterra Energy,label,Q862571,petroleum industry,,,no NAICS or SIC on the company or its industries
FEIN 060646649,Gaylord Hospital,8,Q30280429,Gaylord Hospital,label,,,,,no NAICS or SIC on the company or its industries
FEIN 160442930,Tegna,8,Q67962,Tegna,label,,,,,no NAICS or SIC on the company or its industries
FEIN 205298861,Success Academy Charter Schools,8,Q14707388,Success Academy Charter Schools,label,,,,,no NAICS or SIC on the company or its industries
FEIN 566000674,Lenoir Memorial Hospital,8,Q6523047,Lenoir Memorial Hospital,label,,,,,no NAICS or SIC on the company or its industries
FEIN 580863362,Colonial Pipeline,8,Q107145391,Colonial Pipeline,label,,,,,no NAICS or SIC on the company or its industries
FEIN 746000121,Texas Department of Insurance,8,Q7707634,Texas Department of Insurance,label,,,,,no NAICS or SIC on the company or its industries
FEIN 953679695,Guess,8,Q2470307,Guess,label,Q126793,retail,44-45,reviewed industry table,
FEIN 980381967,Homeserve,8,Q5890431,Homeserve,label,Q5889160|Q474883,"home repair|water collection, treatment and supply",,,no NAICS or SIC on the company or its industries
FLORIDA DEPARTMENT OF AGRICULTURE AND CONSUMER SERVICES,Florida Department of Agriculture and Consumer Services,8,Q5461309,Florida Department of Agriculture and Consumer Services,label,,,,,no NAICS or SIC on the company or its industries
GREENSKY,Greensky,8,Q28403120,GreenSky LLC,label,,,,,no NAICS or SIC on the company or its industries
IOWA METHODIST MEDICAL CENTER,Iowa Methodist Medical Center,8,Q30280192,Iowa Methodist Medical Center,label,,,,,no NAICS or SIC on the company or its industries
JACKSON MEMORIAL HOSPITAL,Jackson Memorial Hospital,8,Q3157429,Jackson Memorial Hospital,label,,,,,no NAICS or SIC on the company or its industries
KAISER PERMANENTE DIVISION OF RESEARCH,Kaiser Permanente Division of Research,8,Q30288243,Kaiser Permanente Division of Research,label,,,,,no NAICS or SIC on the company or its industries
KANSAS CITY BOARD OF PUBLIC UTILITIES,Kansas City Board of Public Utilities,8,Q29641882,Kansas City Board of Public Utilities,label,Q1326624,electricity supply company,,,no NAICS or SIC on the company or its industries
KOMATSU,Komatsu,8,Q646898,Komatsu,label,,,,,no NAICS or SIC on the company or its industries
LAUSD,Lausd,8,Q1320340,Los Angeles Unified School District,alias,,,,,no NAICS or SIC on the company or its industries
LEVIS,Levis,8,Q139208,Lévis,alias,,,,,no NAICS or SIC on the company or its industries
LUXOTTICA,Luxottica,8,Q1878364,Luxottica,label,Q14620,optics,,,no NAICS or SIC on the company or its industries
METROPOLITAN COUNCIL,Metropolitan Council,8,Q6825065,Metropolitan Council,label,,,,,no NAICS or SIC on the company or its industries
NASSAU COUNTY,Nassau County,8,Q54064,Nassau County,label,,,,,no NAICS or SIC on the company or its industries
NATIONAL GYPSUM,National Gypsum,8,Q6972968,National Gypsum,label,,,,,no NAICS or SIC on the company or its industries
ONCOURSE HOME SOLUTIONS,Oncourse Home Solutions,8,Q140473815,Oncourse Home Solutions,label,,,,,no NAICS or SIC on the company or its industries
PATTERN ENERGY,Pattern Energy,8,Q60764012,Pattern Energy,label,Q383973|Q48767813,electricity generation|renewable energy industry,,,no NAICS or SIC on the company or its industries
PRESIDIO,Presidio,8,Q970777,Presidio,label,,,,,no NAICS or SIC on the company or its industries
SECURITAS,Securitas,8,Q662174,Securitas,label,Q1116826,private security company,,,no NAICS or SIC on the company or its industries
SUBARU,Subaru,8,Q172741,Subaru,label,Q190117,automotive industry,31-33,reviewed industry table,
TALCOTT RESOLUTION,Talcott Resolution,8,Q117275230,Talcott Resolution,label,,,,,no NAICS or SIC on the company or its industries
TEXAS EDUCATION AGENCY,Texas Education Agency,8,Q1647529,Texas Education Agency,label,,,,,no NAICS or SIC on the company or its industries
UNFI,Unfi,8,Q7888979,United Natural Foods,alias,Q220695|Q5465458|Q57262255,wholesale|food distribution|consumer products distribution,,,no NAICS or SIC on the company or its industries
USPS,Usps,8,Q133809555,Unitarian Society for Psychical Studies,alias,,,,,no NAICS or SIC on the company or its industries
WATERBURY HOSPITAL,Waterbury Hospital,8,Q30281090,Waterbury Hospital,label,,,,,no NAICS or SIC on the company or its industries
WESTCHESTER COUNTY,Westchester County,8,Q54066,Westchester County,label,,,,,no NAICS or SIC on the company or its industries
BMO FINANCIAL,BMO Financial,7,Q806693,Bank of Montreal,alias,Q837171|Q806718|Q57774188,financial services|economics of banking|financial sector,52,reviewed industry table,
CENTINELA HOSPITAL MEDICAL CENTER,Centinela Hospital Medical Center,7,Q23926524,Centinela Hospital Medical Center,label,,,,,no NAICS or SIC on the company or its industries
CHI HEALTH,CHI Health,7,Q4714382,CHI Health,label,Q31207,health care,62,reviewed industry table,
CONCENTRA,Concentra,7,Q5158304,Concentra,label,Q31207,health care,62,reviewed industry table,
CRASH CHAMPIONS,Crash Champions,7,Q121435028,Crash Champions,label,,,,,no NAICS or SIC on the company or its industries
CREDIT AGRICOLE,Credit Agricole,7,Q590952,Credit Agricole Group,label,Q112165989|Q57774188,other monetary intermediations|financial sector,52,reviewed industry table,
DASSAULT,Dassault,7,Q460487,Dassault Aviation,alias,Q3477363|Q392933|Q112165459,aerospace industry|weapons industry|aircraft and space construction,,,no NAICS or SIC on the company or its industries
DEPARTMENT OF REVENUE,Department of Revenue,7,Q5260472,Department of Revenue,label,,,,,no NAICS or SIC on the company or its industries
DISH TV,Dish TV,7,Q3519770,Dish TV,label,Q209588,satellite television,,,no NAICS or SIC on the company or its industries
FEIN 042921956,Boston IVF,7,Q30269486,Boston IVF,label,,,,,no NAICS or SIC on the company or its industries
FEIN 043335829,Harbourvest Partners,7,Q16994799,HarbourVest Partners,label,,,,,no NAICS or SIC on the company or its industries
FEIN 133861539,Sony Music Publishing,7,Q333040,Sony Music Publishing,label,Q746359,music industry,,,no NAICS or SIC on the company or its industries
FEIN 150398550,NEW York State Electric and GAS,7,Q48976501,New York State Electric & Gas,label,Q1341477,energy supply,,,no NAICS or SIC on the company or its industries
GD ENERGY PRODUCTS,GD Energy Products,7,Q140314882,"GD ENERGY PRODUCTS, LLC",label,,,,,no NAICS or SIC on the company or its industries
GEISINGER HEALTH SYSTEM,Geisinger Health System,7,Q5530225,Geisinger Health,alias,,,,,no NAICS or SIC on the company or its industries
GUTHRIE LOURDES HOSPITAL,Guthrie Lourdes Hospital,7,Q6689772,Guthrie Lourdes Hospital,label,,,,,no NAICS or SIC on the company or its industries
HARRIS COUNTY TOLL ROAD AUTHORITY,Harris County Toll Road Authority,7,Q5664855,Harris County Toll Road Authority,label,,,,,no NAICS or SIC on the company or its industries
HOLY FAMILY HOSPITAL,Holy Family Hospital,7,Q30279984,Holy Family Hospital,label,,,,,no NAICS or SIC on the company or its industries
LG CNS,LG CNS,7,Q10854619,LG CNS,label,Q11661,information technology,,,no NAICS or SIC on the company or its industries
MADISON SQUARE GARDEN,Madison Square Garden,7,Q1573416,Madison Square Garden Sports,alias,Q1369650,professional sport,,,no NAICS or SIC on the company or its industries
MERIT HEALTH WESLEY,Merit Health Wesley,7,Q136663872,Community Health Systems - Merit Health Wesley,alias,,,,,no NAICS or SIC on the company or its industries
MOFFITT CANCER CENTER,Moffitt Cancer Center,7,Q6010468,H. Lee Moffitt Cancer Center & Research Institute,alias,,,,,no NAICS or SIC on the company or its industries
NEW MEXICO DEPARTMENT OF WORKFORCE SOLUTIONS,NEW Mexico Department of Workforce Solutions,7,Q97168597,New Mexico Department of Workforce Solutions,label,,,,,no NAICS or SIC on the company or its industries
NORTH VISTA HOSPITAL,North Vista Hospital,7,Q7057133,North Vista Hospital,label,,,,,no NAICS or SIC on the company or its industries
NV ENERGY,NV Energy,7,Q1961658,NV Energy,label,Q1341477,energy supply,,,no NAICS or SIC on the company or its industries
PARADIGM,Paradigm,7,Q7134155,Paradigm,label,,,,,no NAICS or SIC on the company or its industries
PAREXEL,Parexel,7,Q824467,PAREXEL,label,Q507443,pharmaceutical industry,31-33,reviewed industry table,
PRESBYTERIAN HOSPITAL,Presbyterian Hospital,7,Q7163209,Penn Presbyterian Medical Center,alias,,,,,no NAICS or SIC on the company or its industries
RESURRECTION MEDICAL CENTER,Resurrection Medical Center,7,Q30280684,Resurrection Medical Center,label,,,,,no NAICS or SIC on the company or its industries
SENTARA MARTHA JEFFERSON HOSPITAL,Sentara Martha Jefferson Hospital,7,Q6774437,Sentara Martha Jefferson Hospital,label,,,,,no NAICS or SIC on the company or its industries
SOCALGAS,Socalgas,7,Q7569714,Southern California Gas Company,alias,Q1951366,public utility,,,no NAICS or SIC on the company or its industries
TECO ENERGY,Teco Energy,7,Q7669940,TECO Energy,label,Q2151621,energy industry,,,no NAICS or SIC on the company or its industries
VANTIVE,Vantive,7,Q2510510,Vantive,label,,,,,no NAICS or SIC on the company or its industries
WELLMARK BLUE CROSS BLUE SHIELD,Wellmark Blue Cross Blue Shield,7,Q18394814,Wellmark Blue Cross Blue Shield,label,Q2518196,insurance industry,,,no NAICS or SIC on the company or its industries
WHATABURGER,Whataburger,7,Q376627,Whataburger,label,Q11707,restaurant,,,no NAICS or SIC on the company or its industries
WILKES BARRE VA MEDICAL CENTER,Wilkes Barre VA Medical Center,7,Q104480588,Wilkes-Barre VA Medical Center,label,,,,,no NAICS or SIC on the company or its industries
AMERICAN TELEPHONE AND TELEGRAPH,American Telephone and Telegraph,6,Q2843047,AT&T Corporation,alias,Q2401742,telecommunications industry,51,reviewed industry table,
ARKANSAS DEPARTMENT OF EDUCATION,Arkansas Department of Education,6,Q4791767,Arkansas Department of Education,label,,,,,no NAICS or SIC on the company or its industries
CALIFORNIA DEPARTMENT OF HOUSING AND COMMUNITY DEVELOPMENT,California Department of Housing and Community Development,6,Q5020426,California Department of Housing and Community Development,label,,,,,no NAICS or SIC on the company or its industries
CALIFORNIA EMPLOYMENT DEVELOPMENT DEPARTMENT,California Employment Development Department,6,Q5374334,Employment Development Department,alias,,,,,no NAICS or SIC on the company or its industries
CITY OF BALTIMORE,City of Baltimore,6,Q5092,Baltimore,alias,,,,,no NAICS or SIC on the company or its industries
CITY OF JACKSONVILLE,City of Jacksonville,6,Q6503164,City of Jacksonville,label,,,,,no NAICS or SIC on the company or its industries
CITY OF LONG BEACH,City of Long Beach,6,Q40209,Long Beach,alias,,,,,no NAICS or SIC on the company or its industries
COUNTY OF SACRAMENTO,County of Sacramento,6,Q5589307,County of Sacramento,label,,,,,no NAICS or SIC on the company or its industries
FEIN 042266945,Flexcon,6,Q5426522,Flexcon,label,Q187939,industrial manufacturing,31-33,reviewed industry table,
FEIN 461616891,Viking Range,6,Q7929477,Viking Range,label,,,,,no NAICS or SIC on the company or its industries
FEIN 946000403,City of Richmond,6,Q139008160,City of Richmond,label,,,,,no NAICS or SIC on the company or its industries
FORTRESS,Fortress,6,Q15904138,Fortress,label,,,,,no NAICS or SIC on the company or its industries
FULLBEAUTY BRANDS,Fullbeauty Brands,6,Q19753941,Fullbeauty Brands,label,Q212930,online shopping,,,no NAICS or SIC on the company or its industries
GAF,GAF,6,Q56013,German Air Force,alias,,,,,no NAICS or SIC on the company or its industries
GENERAL SERVICES ADMINISTRATION,General Services Administration,6,Q1501657,General Services Administration,label,,,,,no NAICS or SIC on the company or its industries
HCTRA,Hctra,6,Q5664855,Harris County Toll Road Authority,alias,,,,,no NAICS or SIC on the company or its industries
HENNEPIN COUNTY MEDICAL CENTER,Hennepin County Medical Center,6,Q5714832,Hennepin County Medical Center,label,,,,,no NAICS or SIC on the company or its industries
HOLMAN,Holman,6,Q718822,Ulukhaktok,alias,,,,,no NAICS or SIC on the company or its industries
INSTACART,Instacart,6,Q22909236,Instacart,label,Q126793|Q2334804|Q10932402|Q951964,retail|delivery|food delivery|food product,44-45,reviewed industry table,
LENOX HILL HOSPITAL,Lenox Hill Hospital,6,Q6523170,Lenox Hill Hospital,label,,,,,no NAICS or SIC on the company or its industries
LIGO HANFORD OBSERVATORY,Ligo Hanford Observatory,6,Q51792451,LIGO Hanford Observatory,label,,,,,no NAICS or SIC on the company or its industries
MEDICAL GUARDIAN,Medical Guardian,6,Q39053197,Medical Guardian,label,,,,,no NAICS or SIC on the company or its industries
NINTENDO,Nintendo,6,Q8093,Nintendo,label,Q941594|Q1368944|Q941594,video game industry|game industry|video game industry,51,reviewed industry table,
NXP SEMICONDUCTORS,NXP Semiconductors,6,Q1155668,NXP Semiconductors,label,Q11650,electronics,,,no NAICS or SIC on the company or its industries
PARKVIEW REGIONAL MEDICAL CENTER,Parkview Regional Medical Center,6,Q17062505,Parkview Regional Medical Center,label,,,,,no NAICS or SIC on the company or its industries
RICHMOND UNIVERSITY MEDICAL CENTER,Richmond University Medical Center,6,Q7331030,Richmond University Medical Center,label,,,,,no NAICS or SIC on the company or its industries
SAINT ANNE S HOSPITAL,Saint Anne S Hospital,6,Q5902543,Archbishop Loayza National Hospital,alias,,,,,no NAICS or SIC on the company or its industries
SALEM HOSPITAL,Salem Hospital,6,Q22001404,Salem-Spital,alias,,,,,no NAICS or SIC on the company or its industries
SAN MATEO COUNTY TRANSIT DISTRICT,SAN Mateo County Transit District,6,Q7407040,SamTrans,alias,,,,,no NAICS or SIC on the company or its industries
SAP,SAP,6,Q552581,SAP,label,Q880371|Q638608,software industry|software development,51,reviewed industry table,
SHELL ENERGY,Shell Energy,6,Q5454046,Shell Energy,label,Q1951366|Q2151621,public utility|energy industry,,,no NAICS or SIC on the company or its industries
SSM HEALTH ST MARY S HOSPITAL,SSM Health ST Mary S Hospital,6,Q107466302,St. Mary's Hospital,alias,,,,,no NAICS or SIC on the company or its industries
ST ANNE S HOSPITAL,ST Anne S Hospital,6,Q6818755,St John of God Mt Lawley Hospital,alias,,,,,no NAICS or SIC on the company or its industries
ST MARK S HOSPITAL,ST Mark S Hospital,6,Q7589963,St. Mark's Hospital,label,,,,,no NAICS or SIC on the company or its industries
TAYLOR,Taylor,6,Q988136,Taylor,label,,,,,no NAICS or SIC on the company or its industries
US NATIONAL INSTITUTES OF HEALTH,US National Institutes of Health,6,Q390551,United States National Institutes of Health,alias,,,,,no NAICS or SIC on the company or its industries
VA NY HARBOR HEALTHCARE SYSTEM,VA NY Harbor Healthcare System,6,Q29469843,VA New York Harbor Healthcare System,alias,,,,,no NAICS or SIC on the company or its industries
VDOT,Vdot,6,Q7934247,Virginia Department of Transportation,alias,,,,,no NAICS or SIC on the company or its industries
VYSTAR CREDIT UNION,Vystar Credit Union,6,Q7943760,VyStar Credit Union,label,Q837171,financial services,52,reviewed industry table,
WMATA,Wmata,6,Q7972051,WMATA,label,,,,,no NAICS or SIC on the company or its industries
ADVENTHEALTH EAST ORLANDO,Adventhealth East Orlando,5,Q5461444,AdventHealth East Orlando,label,,,,,no NAICS or SIC on the company or its industries
ADVENTIST HEALTH SYSTEM,Adventist Health System,5,Q3509447,AdventHealth,alias,Q15067276,health care industry,62,reviewed industry table,
ALLIED WORLD ASSURANCE,Allied World Assurance,5,Q19834411,Allied World Assurance,label,Q2143354,insurance company,,,no NAICS or SIC on the company or its industries
AMERICAN LEBANESE SYRIAN ASSOCIATED CHARITIES,American Lebanese Syrian Associated Charities,5,Q4744318,American Lebanese Syrian Associated Charities,label,,,,,no NAICS or SIC on the company or its industries
ASCOT,Ascot,5,Q2866421,Ascot,label,,,,,no NAICS or SIC on the company or its industries
BUREAU OF MOTOR VEHICLES,Bureau of Motor Vehicles,5,Q74329867,Ohio Bureau of Motor Vehicles,alias,,,,,no NAICS or SIC on the company or its industries
CENTRAL BANK,Central Bank,5,Q113482320,Central Bank,label,,,,,no NAICS or SIC on the company or its industries
COUNTY OF SAN MATEO,County of SAN Mateo,5,Q107126301,County of San Mateo,label,,,,,no NAICS or SIC on the company or its industries
DAIKIN COMFORT TECHNOLOGIES,Daikin Comfort Technologies,5,Q131918828,Daikin Comfort Technologies,label,,,,,no NAICS or SIC on the company or its industries
FEIN 561484844,Wayne Memorial Hospital,5,Q7976472,Wayne Memorial Hospital,label,,,,,no NAICS or SIC on the company or its industries
FEIN 710057070,Evolve Bank and Trust,5,Q129177010,Evolve Bank & Trust,label,,,,,no NAICS or SIC on the company or its industries
FEIN 736060890,Oklahoma Turnpike Authority,5,Q7082412,Oklahoma Turnpike Authority,label,,,,,no NAICS or SIC on the company or its industries
FEIN 742378168,Texas Water Development Board,5,Q30264265,Texas Water Development Board,label,,,,,no NAICS or SIC on the company or its industries
FEIN 930704365,Finastra,5,Q1939341,Finastra,label,Q880371|Q16319025,software industry|fintech,51,reviewed industry table,
FIDELITY CHARITABLE,Fidelity Charitable,5,Q130894743,Fidelity Charitable,label,Q130370981,"economic, social and community development",,,no NAICS or SIC on the company or its industries
FINANCIAL PARTNERS,Financial Partners,5,Q96313269,"Financial Partners Group Co.,Ltd.",label,Q96472438,securities industry,,,no NAICS or SIC on the company or its industries
FLUIDRA,Fluidra,5,Q11922225,Fluidra,label,Q57264543,sporting goods industry,,,no NAICS or SIC on the company or its industries
HCA FLORIDA ORANGE PARK HOSPITAL,HCA Florida Orange Park Hospital,5,Q137842507,HCA Florida Orange Park Hospital,label,,,,,no NAICS or SIC on the company or its industries
ILLINOIS DEPARTMENT OF CHILDREN AND FAMILY SERVICES,Illinois Department of Children and Family Services,5,Q17183816,Illinois Department of Children and Family Services,label,,,,,no NAICS or SIC on the company or its industries
INDIANA PUBLIC RETIREMENT SYSTEM,Indiana Public Retirement System,5,Q16847362,Indiana Public Retirement System,label,Q182103,pension fund,,,no NAICS or SIC on the company or its industries
INTERNATIONAL,International,5,Q29739,International,label,Q190117,automotive industry,31-33,reviewed industry table,
KEYCORP,Keycorp,5,Q1740314,KeyBank,alias,Q837171|Q57774188|Q806718,financial services|financial sector|economics of banking,52,reviewed industry table,
LINK LOGISTICS,Link Logistics,5,Q121314886,Link Logistics,label,Q177777,logistics,,,no NAICS or SIC on the company or its industries
MANNINGTON MILLS,Mannington Mills,5,Q17080219,Mannington Mills,label,,,,,no NAICS or SIC on the company or its industries
MANUFACTURERS LIFE INSURANCE,Manufacturers Life Insurance,5,Q115461646,Manufacturers Life Insurance Company,label,,,,,no NAICS or SIC on the company or its industries
MCNEILUS,Mcneilus,5,Q17108454,McNeilus,label,,,,,no NAICS or SIC on the company or its industries
MERIT HEALTH NATCHEZ,Merit Health Natchez,5,Q136663789,Community Health Systems - Merit Health Natchez,alias,,,,,no NAICS or SIC on the company or its industries
MOLSON COORS,Molson Coors,5,Q3319685,Molson Coors Brewing Company,alias,Q11644505,brewing industry,,,no NAICS or SIC on the company or its industries
NCDOT,Ncdot,5,Q3438398,North Carolina Department of Transportation,alias,,,,,no NAICS or SIC on the company or its industries
NEW JERSEY STATE POLICE,NEW Jersey State Police,5,Q15679789,New Jersey State Police,label,,,,,no NAICS or SIC on the company or its industries
OAK RIDGE NATIONAL LABORATORY,OAK Ridge National Laboratory,5,Q714439,Oak Ridge National Laboratory,label,,,,,no NAICS or SIC on the company or its industries
OHIO ENVIRONMENTAL PROTECTION AGENCY,Ohio Environmental Protection Agency,5,Q7080814,Ohio Environmental Protection Agency,label,Q130370849,environment,,,no NAICS or SIC on the company or its industries
OXY,OXY,5,Q1346110,Occidental College,alias,Q136822,higher education,61,reviewed industry table,
PARKVIEW HOSPITAL RANDALLIA,Parkview Hospital Randallia,5,Q50036903,Parkview Hospital Randallia,label,,,,,no NAICS or SIC on the company or its industries
PINNACLE,Pinnacle,5,Q134462942,Pinnacle Blooms Network,alias,Q15067276,health care industry,62,reviewed industry table,
PRINCE WILLIAM COUNTY,Prince William County,5,Q183263,Prince William County,label,,,,,no NAICS or SIC on the company or its industries
PROVIDENCE ST VINCENT MEDICAL CENTER,Providence ST Vincent Medical Center,5,Q7252480,Providence St. Vincent Medical Center,label,,,,,no NAICS or SIC on the company or its industries
RENOWN HEALTH,Renown Health,5,Q19881380,Renown Health,label,Q31207,health care,62,reviewed industry table,
ROYAL CARIBBEAN INTERNATIONAL,Royal Caribbean International,5,Q929872,Royal Caribbean International,label,Q946499,cruise line,,,no NAICS or SIC on the company or its industries
SCHWAB REHABILITATION HOSPITAL,Schwab Rehabilitation Hospital,5,Q30288626,Schwab Rehabilitation Hospital,label,,,,,no NAICS or SIC on the company or its industries
SHARP ELECTRONICS,Sharp Electronics,5,Q53227,Sharp Corporation,alias,Q73768396|Q2986369,consumer electronics industry|semiconductor industry,,,no NAICS or SIC on the company or its industries
SOUTHWEST POWER POOL,Southwest Power Pool,5,Q7571339,Southwest Power Pool,label,Q2316331,electric power industry,,,no NAICS or SIC on the company or its industries
SPRINGFIELD REGIONAL MEDICAL CENTER,Springfield Regional Medical Center,5,Q50037111,Springfield Regional Medical Center,label,,,,,no NAICS or SIC on the company or its industries
ST MARY S GENERAL HOSPITAL,ST Mary S General Hospital,5,Q7590299,St. Mary's General Hospital,label,,,,,no NAICS or SIC on the company or its industries
STINE SEED,Stine Seed,5,Q21071085,Stine Seed,label,,,,,no NAICS or SIC on the company or its industries
TEXAS DEPARTMENT OF INFORMATION RESOURCES,Texas Department of Information Resources,5,Q7707633,Texas Department of Information Resources,label,,,,,no NAICS or SIC on the company or its industries
WINGSTOP RESTAURANTS,Wingstop Restaurants,5,Q8025339,Wingstop,alias,Q11707,restaurant,,,no NAICS or SIC on the company or its industries
