# Listed companies matched to week 4 clients and filing firms by exact normalized name; SIC from the SEC submissions API, NAICS sector by week04_sec.sector_of_sic().
key,cik,ticker,sec_name,sic,sic_description,naics2,filings
Amazon,0001018724,AMZN,AMAZON COM INC,5961,Retail-Catalog & Mail-Order Houses,44-45,104923
Cognizant,0001058290,CTSH,COGNIZANT TECHNOLOGY SOLUTIONS CORP,7371,Services-Computer Programming Services,54,54688
Microsoft,0000789019,MSFT,MICROSOFT CORP,7372,Services-Prepackaged Software,51,44164
Infosys,0001067491,INFY,Infosys Ltd,7371,Services-Computer Programming Services,54,31866
Apple,0000320193,AAPL,Apple Inc.,3571,Electronic Computers,31-33,28815
Meta,0001326801,META,"Meta Platforms, Inc.",7370,"Services-Computer Programming, Data Processing, Etc.",54,28351
JPMorgan Chase,0000019617,JPM,JPMORGAN CHASE & CO,6021,National Commercial Banks,52,20915
Walmart,0000104169,WMT,Walmart Inc.,5331,Retail-Variety Stores,44-45,18824
Intel,0000050863,INTC,INTEL CORP,3674,Semiconductors & Related Devices,31-33,17316
Citigroup,0000831001,C,CITIGROUP INC,6021,National Commercial Banks,52,16338
Accenture,0001467373,ACN,Accenture plc,7389,"Services-Business Services, NEC",56,14289
Goldman Sachs,0000886982,GS,GOLDMAN SACHS GROUP INC,6211,"Security Brokers, Dealers & Flotation Companies",52,12265
Wipro,0001123799,WIT,WIPRO LTD,7371,Services-Computer Programming Services,54,11203
Qualcomm,0000804328,QCOM,QUALCOMM INC/DE,3663,Radio & Tv Broadcasting & Communications Equipment,31-33,10850
Bank of America,0000070858,BAC,BANK OF AMERICA CORP /DE/,6021,National Commercial Banks,52,9956
FEIN 912197729,0001318605,TSLA,"Tesla, Inc.",3711,Motor Vehicles & Passenger Car Bodies,31-33,9892
Cisco,0000858877,CSCO,"CISCO SYSTEMS, INC.",3576,Computer Communications Equipment,31-33,9806
Capital One,0000927628,COF,CAPITAL ONE FINANCIAL CORP,6021,National Commercial Banks,52,9625
Wells Fargo,0000072971,WFC,WELLS FARGO & COMPANY/MN,6021,National Commercial Banks,52,8899
Salesforce,0001108524,CRM,"Salesforce, Inc.",7372,Services-Prepackaged Software,51,8848
American Express,0000004962,AXP,AMERICAN EXPRESS CO,6199,Finance Services,52,8675
Verizon,0000732712,VZ,VERIZON COMMUNICATIONS INC,4813,Telephone Communications (No Radiotelephone),51,8611
AT&T,0000732717,T,AT&T INC.,4813,Telephone Communications (No Radiotelephone),51,7644
Nvidia,0001045810,NVDA,NVIDIA CORP,3674,Semiconductors & Related Devices,31-33,7555
Ford,0000037996,F,FORD MOTOR CO,3711,Motor Vehicles & Passenger Car Bodies,31-33,7226
Morgan Stanley,0000895421,MS,MORGAN STANLEY,6211,"Security Brokers, Dealers & Flotation Companies",52,7067
Elevance Health,0001156039,ELV,"Elevance Health, Inc.",6324,Hospital & Medical Service Plans,52,5818
CVS Health,0000064803,CVS,CVS HEALTH Corp,5912,Retail-Drug Stores and Proprietary Stores,44-45,5689
T-Mobile,0001283699,TMUS,"T-Mobile US, Inc.",4812,Radiotelephone Communications,51,5599
Adobe,0000796343,ADBE,ADOBE INC.,7372,Services-Prepackaged Software,51,5202
Charter Communications,0001091667,CHTR,"CHARTER COMMUNICATIONS, INC. /MO/",4841,Cable & Other Pay Television Services,51,5169
Cummins,0000026172,CMI,CUMMINS INC,3510,Engines & Turbines,31-33,4847
PayPal,0001633917,PYPL,"PayPal Holdings, Inc.",7389,"Services-Business Services, NEC",56,4698
FedEx,0001048911,FDX,FEDEX CORP,4513,Air Courier Services,48-49,4282
General Motors,0001467858,GM,General Motors Co,3711,Motor Vehicles & Passenger Car Bodies,31-33,4152
FEIN 202056195,0001373715,NOW,"ServiceNow, Inc.",7372,Services-Prepackaged Software,51,4102
Fiserv,0000798354,FISV,FISERV INC,7389,"Services-Business Services, NEC",56,4046
Intuit,0000896878,INTU,INTUIT INC.,7372,Services-Prepackaged Software,51,3939
FEIN 452647441,0001543151,UBER,"Uber Technologies, Inc",7389,"Services-Business Services, NEC",56,3919
Barclays,0000312069,BCS,BARCLAYS PLC,6029,"Commercial Banks, NEC",52,3795
Mastercard,0001141391,MA,Mastercard Inc,7389,"Services-Business Services, NEC",56,3752
PNC,0000713676,PNC,"PNC FINANCIAL SERVICES GROUP, INC.",6021,National Commercial Banks,52,3661
Kforce,0000930420,KFRC,KFORCE INC,7363,Services-Help Supply Services,56,3602
AMD,0000002488,AMD,ADVANCED MICRO DEVICES INC,3674,Semiconductors & Related Devices,31-33,3574
Caterpillar,0000018230,CAT,CATERPILLAR INC,3531,Construction Machinery & Equip,31-33,3564
Humana,0000049071,HUM,HUMANA INC,6324,Hospital & Medical Service Plans,52,3474
Truist,0000092230,TFC,TRUIST FINANCIAL CORP,6021,National Commercial Banks,52,3420
eBay,0001065088,EBAY,EBAY INC,7389,"Services-Business Services, NEC",56,3349
Hewlett Packard Enterprise,0001645590,HPE,Hewlett Packard Enterprise Co,3570,Computer & office Equipment,31-33,3094
Freddie Mac,0001026214,FMCC,FEDERAL HOME LOAN MORTGAGE CORP,6111,Federal & Federally-Sponsored Credit Agencies,52,2912
State Street,0000093751,STT,STATE STREET CORP,6022,State Commercial Banks,52,2875
Johnson & Johnson,0000200406,JNJ,JOHNSON & JOHNSON,2834,Pharmaceutical Preparations,31-33,2843
Rivian,0001874178,RIVN,"Rivian Automotive, Inc. / DE",3711,Motor Vehicles & Passenger Car Bodies,31-33,2817
Nike,0000320187,NKE,"NIKE, Inc.",3021,Rubber & Plastics Footwear,31-33,2767
Amgen,0000318154,AMGN,AMGEN INC,2836,"Biological Products, (No Diagnostic Substances)",31-33,2725
Applied Materials,0000006951,AMAT,APPLIED MATERIALS INC /DE,3674,Semiconductors & Related Devices,31-33,2589
Micron,0000723125,MU,MICRON TECHNOLOGY INC,3674,Semiconductors & Related Devices,31-33,2513
American Airlines,0000006201,AAL,American Airlines Group Inc.,4512,"Air Transportation, Scheduled",48-49,2480
Lucid,0001811210,LCID,"Lucid Group, Inc.",3711,Motor Vehicles & Passenger Car Bodies,31-33,2461
Expedia,0001324424,EXPE,"Expedia Group, Inc.",4700,Transportation Services,48-49,2437
FEIN 202530195,0001327567,PANW,Palo Alto Networks Inc,3577,"Computer Peripheral Equipment, NEC",31-33,2375
Visa,0001403161,V,VISA INC.,7389,"Services-Business Services, NEC",56,2373
BlackRock,0002012383,BLK,"BlackRock, Inc.",6211,"Security Brokers, Dealers & Flotation Companies",52,2372
FEIN 462852392,0001792789,DASH,"DoorDash, Inc.",7389,"Services-Business Services, NEC",56,2359
Comcast,0001166691,CMCSA,COMCAST CORP,4841,Cable & Other Pay Television Services,51,2277
AbbVie,0001551152,ABBV,AbbVie Inc.,2834,Pharmaceutical Preparations,31-33,2258
Eli Lilly,0000059478,LLY,ELI LILLY & Co,2834,Pharmaceutical Preparations,31-33,2242
Cigna,0001739940,CI,Cigna Group,6324,Hospital & Medical Service Plans,52,2208
Equifax,0000033185,EFX,EQUIFAX INC,7320,"Services-Consumer Credit Reporting, Collection Agencies",56,2170
Medtronic,0001613103,MDT,Medtronic plc,3845,Electromedical & Electrotherapeutic Apparatus,31-33,2169
Delta Air Lines,0000027904,DAL,"DELTA AIR LINES, INC.",4512,"Air Transportation, Scheduled",48-49,2152
Northern Trust,0000073124,NTRS,NORTHERN TRUST CORP,6022,State Commercial Banks,52,2126
BNY Mellon,0001390777,BNY,Bank of New York Mellon Corp,6022,State Commercial Banks,52,2014
MetLife,0001099219,MET,METLIFE INC,6311,Life Insurance,52,1932
Albertsons,0001646972,ACI,"Albertsons Companies, Inc.",5411,Retail-Grocery Stores,44-45,1886
Gilead Sciences,0000882095,GILD,"GILEAD SCIENCES, INC.",2836,"Biological Products, (No Diagnostic Substances)",31-33,1850
United Airlines,0000100517,UAL,"United Airlines Holdings, Inc.",4512,"Air Transportation, Scheduled",48-49,1812
Merck,0000310158,MRK,"Merck & Co., Inc.",2834,Pharmaceutical Preparations,31-33,1796
FEIN 202480422,0001327811,WDAY,"Workday, Inc.",7374,Services-Computer Processing & Data Preparation,54,1788
Bristol Myers Squibb,0000014272,BMY,BRISTOL MYERS SQUIBB CO,2834,Pharmaceutical Preparations,31-33,1718
FEIN 560578072,0000060667,LOW,LOWES COMPANIES INC,5211,Retail-Lumber & Other Building Materials Dealers,44-45,1692
Abbott,0000001800,ABT,ABBOTT LABORATORIES,2834,Pharmaceutical Preparations,31-33,1590
FEIN 262188108,0001616707,W,Wayfair Inc.,5961,Retail-Catalog & Mail-Order Houses,44-45,1513
Dell,0001571996,DELL,Dell Technologies Inc.,3571,Electronic Computers,31-33,1501
Pfizer,0000078003,PFE,PFIZER INC,2834,Pharmaceutical Preparations,31-33,1497
Thermo Fisher Scientific,0000097745,TMO,THERMO FISHER SCIENTIFIC INC.,3829,"Measuring & Controlling Devices, NEC",31-33,1485
FEIN 912183967,0001261333,DOCU,"DOCUSIGN, INC.",7372,Services-Prepackaged Software,51,1474
Regeneron,0000872589,REGN,"REGENERON PHARMACEUTICALS, INC.",2834,Pharmaceutical Preparations,31-33,1451
EXL,0001297989,EXLS,"ExlService Holdings, Inc.",7389,"Services-Business Services, NEC",56,1446
Best Buy,0000764478,BBY,BEST BUY CO INC,5731,"Retail-Radio, Tv & Consumer Electronics Stores",44-45,1440
FEIN 460636374,0001640147,SNOW,Snowflake Inc.,7372,Services-Prepackaged Software,51,1430
Intuitive Surgical,0001035267,ISRG,INTUITIVE SURGICAL INC,3842,"Orthopedic, Prosthetic & Surgical Appliances & Supplies",31-33,1406
FEIN 263607129,0001506293,PINS,"PINTEREST, INC.",7370,"Services-Computer Programming, Data Processing, Etc.",54,1391
Home Depot,0000354950,HD,"HOME DEPOT, INC.",5211,Retail-Lumber & Other Building Materials Dealers,44-45,1378
FEIN 042564110,0000319201,KLAC,KLA CORP,3827,Optical Instruments & Lenses,31-33,1369
FEIN 770467272,0001065280,NFLX,NETFLIX INC,7841,Services-Video Tape Rental,71,1362
LPL Financial,0001397911,LPLA,LPL Financial Holdings Inc.,6200,"Security & Commodity Brokers, Dealers, Exchanges & Services",52,1355
FEIN 770148231,0000813672,CDNS,CADENCE DESIGN SYSTEMS INC,7372,Services-Prepackaged Software,51,1336
Macy's,0000794367,M,"Macy's, Inc.",5311,Retail-Department Stores,44-45,1318
John Deere,0000315189,DE,DEERE & CO,3523,Farm Machinery & Equipment,31-33,1308
Southwest Airlines,0000092380,LUV,SOUTHWEST AIRLINES CO,4512,"Air Transportation, Scheduled",48-49,1305
Prudential,0001137774,PRU,PRUDENTIAL FINANCIAL INC,6311,Life Insurance,52,1288
FEIN 942819853,0000769397,ADSK,"Autodesk, Inc.",7372,Services-Prepackaged Software,51,1271
UnitedHealth Group,0000731766,UNH,UNITEDHEALTH GROUP INC,6324,Hospital & Medical Service Plans,52,1252
PepsiCo,0000077476,PEP,PEPSICO INC,2080,Beverages,31-33,1246
Honeywell,0000773840,HON,HONEYWELL INTERNATIONAL INC,3724,Aircraft Engines & Engine Parts,31-33,1235
McKesson,0000927653,MCK,MCKESSON CORP,5122,"Wholesale-Drugs, Proprietaries & Druggists' Sundries",42,1223
FEIN 942634797,0000707549,LRCX,LAM RESEARCH CORP,3559,"Special Industry Machinery, NEC",31-33,1174
Kroger,0000056873,KR,KROGER CO,5411,Retail-Grocery Stores,44-45,1167
Cardinal Health,0000721371,CAH,CARDINAL HEALTH INC,5122,"Wholesale-Drugs, Proprietaries & Druggists' Sundries",42,1159
FEIN 800429876,0001512673,XYZ,"Block, Inc.",7372,Services-Prepackaged Software,51,1154
FEIN 593797948,0001650372,TEAM,Atlassian Corp,7372,Services-Prepackaged Software,51,1152
Chevron,0000093410,CVX,CHEVRON CORP,2911,Petroleum Refining,31-33,1144
FEIN 901020167,0001766502,CHWY,"Chewy, Inc.",5961,Retail-Catalog & Mail-Order Houses,44-45,1100
UPS,0001090727,UPS,UNITED PARCEL SERVICE INC,4210,Trucking & Courier Services (No Air),48-49,1055
FEIN 043432319,0001086222,AKAM,AKAMAI TECHNOLOGIES INC,7389,"Services-Business Services, NEC",56,1051
FEIN 223658826,0001398659,G,Genpact LTD,8742,Services-Management Consulting Services,54,1019
FEIN 263051428,0001559720,ABNB,"Airbnb, Inc.",7340,Services-To Dwellings & Other Buildings,56,1016
Marriott,0001048286,MAR,MARRIOTT INTERNATIONAL INC /MD/,7011,Hotels & Motels,72,1012
FEIN 042348234,0000006281,ADI,ANALOG DEVICES INC,3674,Semiconductors & Related Devices,31-33,1009
Becton Dickinson,0000010795,BDX,BECTON DICKINSON & CO,3841,Surgical & Medical Instruments & Apparatus,31-33,1008
FEIN 980443443,0001973239,ARM,ARM HOLDINGS PLC /UK,3674,Semiconductors & Related Devices,31-33,1000
FEIN 061506026,0001478242,IQV,IQVIA HOLDINGS INC.,8731,Services-Commercial Physical & Biological Research,54,996
FEIN 611648780,0001585521,ZM,"Zoom Communications, Inc.",7370,"Services-Computer Programming, Data Processing, Etc.",54,996
FEIN 521471842,0000929869,RELX,RELX PLC,7389,"Services-Business Services, NEC",56,962
FEIN 582555670,0001571949,ICE,"Intercontinental Exchange, Inc.",6200,"Security & Commodity Brokers, Dealers, Exchanges & Services",52,961
FEIN 262574840,0001447669,TWLO,TWILIO INC,7372,Services-Prepackaged Software,51,956
Vertex Pharmaceuticals,0000875320,VRTX,VERTEX PHARMACEUTICALS INC / MA,2834,Pharmaceutical Preparations,31-33,954
FEIN 223536104,0001352010,EPAM,"EPAM Systems, Inc.",7371,Services-Computer Programming Services,54,952
FEIN 770307520,0001002047,NTAP,"NetApp, Inc.",3572,Computer Storage Devices,31-33,939
FEIN 561546236,0000883241,SNPS,SYNOPSYS INC,7372,Services-Prepackaged Software,51,937
FEIN 750289970,0000097476,TXN,TEXAS INSTRUMENTS INC,3674,Semiconductors & Related Devices,31-33,909
SEI,0000350894,SEIC,SEI INVESTMENTS CO,6211,"Security Brokers, Dealers & Flotation Companies",52,909
FEIN 464364776,0001783879,HOOD,"Robinhood Markets, Inc.",6211,"Security Brokers, Dealers & Flotation Companies",52,892
Gap,0000039911,GAP,GAP INC,5651,Retail-Family Clothing Stores,44-45,883
FEIN 364262739,0001552033,TRU,TransUnion,7320,"Services-Consumer Credit Reporting, Collection Agencies",56,870
Centene,0001071739,CNC,CENTENE CORP,6324,Hospital & Medical Service Plans,52,864
UBS,0001114446,AMUB,UBS AG,6021,National Commercial Banks,52,861
FEIN 270989767,0001618732,NTNX,"Nutanix, Inc.",7372,Services-Prepackaged Software,51,853
FEIN 271069557,0001474432,P,"Everpure, Inc.",3572,Computer Storage Devices,31-33,852
Boston Scientific,0000885725,BSX,BOSTON SCIENTIFIC CORP,3841,Surgical & Medical Instruments & Apparatus,31-33,828
FEIN 200991664,0001315098,RBLX,Roblox Corp,7372,Services-Prepackaged Software,51,827
FEIN 361115800,0000068505,MSI,"Motorola Solutions, Inc.",3663,Radio & Tv Broadcasting & Communications Equipment,31-33,823
FEIN 050412693,0000759944,CFG,CITIZENS FINANCIAL GROUP INC/RI,6022,State Commercial Banks,52,819
Santander,0000811830,SNUS-PI,"Santander Holdings USA, Inc.",6021,National Commercial Banks,52,812
Ameriprise Financial,0000820027,AMP,AMERIPRISE FINANCIAL INC,6282,Investment Advice,52,798
DaVita,0000927066,DVA,DAVITA INC.,8090,"Services-Misc Health & Allied Services, NEC",62,775
FEIN 911714307,0001048695,FFIV,"F5, INC.",3576,Computer Communications Equipment,31-33,760
Arista Networks,0001596532,ANET,"Arista Networks, Inc.",3576,Computer Communications Equipment,31-33,758
HP,0000047217,HPQ,HP INC,3570,Computer & office Equipment,31-33,752
FEIN 770560389,0001262039,FTNT,"Fortinet, Inc.",3577,"Computer Peripheral Equipment, NEC",31-33,751
FEIN 208809830,0001759509,LYFT,"Lyft, Inc.",7389,"Services-Business Services, NEC",56,747
Archer Daniels Midland,0000007084,ADM,Archer-Daniels-Midland Co,2070,Fats & Oils,31-33,743
Western Union,0001365135,WU,Western Union CO,7389,"Services-Business Services, NEC",56,740
GE,0000040545,GE,GENERAL ELECTRIC CO,3600,Electronic & Other Electrical Equipment (No Computer Equip),31-33,733
M&T Bank,0000036270,MTB,M&T BANK CORP,6022,State Commercial Banks,52,731
FEIN 261173892,0001713683,ZS,"Zscaler, Inc.",7371,Services-Computer Programming Services,54,729
Stryker,0000310764,SYK,STRYKER CORP,3841,Surgical & Medical Instruments & Apparatus,31-33,727
Boeing,0000012927,BA,BOEING CO,3721,Aircraft,31-33,689
Quest Diagnostics,0001022079,DGX,QUEST DIAGNOSTICS INC,8071,Services-Medical Laboratories,62,685
FEIN 202000033,0001617640,ZG,"ZILLOW GROUP, INC.",7389,"Services-Business Services, NEC",56,681
Eaton,0001551182,ETN,Eaton Corp plc,3590,Misc Industrial & Commercial Machinery & Equipment,31-33,675
FEIN 262087865,0001428439,ROKU,"ROKU, INC",4841,Cable & Other Pay Television Services,51,673
CGI,0001061574,GIB,CGI INC,8742,Services-Management Consulting Services,54,664
FEIN 770487526,0001101239,EQIX,EQUINIX INC,6798,Real Estate Investment Trusts,52,661
Broadridge,0001383312,BR,"BROADRIDGE FINANCIAL SOLUTIONS, INC.",7389,"Services-Business Services, NEC",56,658
FEIN 264175727,0001660134,OKTA,"Okta, Inc.",7372,Services-Prepackaged Software,51,650
Zoetis,0001555280,ZTS,Zoetis Inc.,2834,Pharmaceutical Preparations,31-33,639
ExxonMobil,0002115436,XOM,ExxonMobil Holdings Corp,2911,Petroleum Refining,31-33,637
Biogen,0000875045,BIIB,BIOGEN INC.,2836,"Biological Products, (No Diagnostic Substances)",31-33,632
Molina Healthcare,0001179929,MOH,"MOLINA HEALTHCARE, INC.",6324,Hospital & Medical Service Plans,52,631
FEIN 330804655,0001110803,ILMN,"ILLUMINA, INC.",3826,Laboratory Analytical Instruments,31-33,624
McDonald's,0000063908,MCD,MCDONALDS CORP,5812,Retail-Eating  Places,72,605
Erie Insurance,0000922621,ERIE,ERIE INDEMNITY CO,6411,"Insurance Agents, Brokers & Service",52,603
FEIN 460723335,0001579091,CART,Maplebear Inc.,7389,"Services-Business Services, NEC",56,599
Ally Financial,0000040729,ALLY,Ally Financial Inc.,6022,State Commercial Banks,52,595
Broadcom,0001730168,AVGO,Broadcom Inc.,3674,Semiconductors & Related Devices,31-33,591
Genuine Parts,0000040987,GPC,GENUINE PARTS CO,5013,Wholesale-Motor Vehicle Supplies & New Parts,42,591
FEIN 261463205,0001441816,MDB,"MongoDB, Inc.",7372,Services-Prepackaged Software,51,582
FEIN 043705970,0001477449,TDOC,"Teladoc Health, Inc.",8011,Services-Offices & Clinics of  Doctors of  Medicine,62,582
SNAP,0001564408,SNAP,Snap Inc,7370,"Services-Computer Programming, Data Processing, Etc.",54,579
FEIN 202632791,0001404655,HUBS,HUBSPOT INC,7372,Services-Prepackaged Software,51,571
NextEra Energy,0000753308,NEE,NEXTERA ENERGY INC,4911,Electric Services,22,556
FEIN 860629024,0000827054,MCHP,MICROCHIP TECHNOLOGY INC,3674,Semiconductors & Related Devices,31-33,550
IBM,0000051143,IBM,INTERNATIONAL BUSINESS MACHINES CORP,3570,Computer & office Equipment,31-33,549
FEIN 455413534,0001820953,AFRM,"Affirm Holdings, Inc.",6141,Personal Credit Institutions,52,545
Southern California Edison,0000092103,SCE-PM,SOUTHERN CALIFORNIA EDISON Co,4911,Electric Services,22,545
FEIN 582373424,0001056696,MANH,MANHATTAN ASSOCIATES INC,7372,Services-Prepackaged Software,51,542
Sherwin-Williams,0000089800,SHW,SHERWIN WILLIAMS CO,5200,"Retail-Building Materials, Hardware, Garden Supply",44-45,540
Rockwell Automation,0001024478,ROK,"ROCKWELL AUTOMATION, INC",3829,"Measuring & Controlling Devices, NEC",31-33,540
FEIN 270791190,0001521332,APTV,Aptiv PLC,3714,Motor Vehicle Parts & Accessories,31-33,539
Lincoln Financial,0000059558,LNC,LINCOLN NATIONAL CORP,6311,Life Insurance,52,524
FEIN 464254555,0001601046,KEYS,"Keysight Technologies, Inc.",3823,"Industrial Instruments For Measurement, Display, and Control",31-33,519
FEIN 680551851,0001321655,PLTR,Palantir Technologies Inc.,7372,Services-Prepackaged Software,51,518
FEIN 230332575,0001385157,TEL,TE Connectivity plc,5065,"Wholesale-Electronic Parts & Equipment, NEC",42,514
Lumen,0000018926,LUMN,"Lumen Technologies, Inc.",4813,Telephone Communications (No Radiotelephone),51,508
FEIN 310387920,0000070866,VYX,NCR Voyix Corp,3578,Calculating & Accounting Machines (No Electronic Computers),31-33,507
FEIN 270805829,0001477333,NET,"Cloudflare, Inc.",7372,Services-Prepackaged Software,51,504
FEIN 260138832,0001467623,DBX,"DROPBOX, INC.",7372,Services-Prepackaged Software,51,503
Halliburton,0000045012,HAL,HALLIBURTON CO,1389,"Oil & Gas Field Services, NEC",21,494
FEIN 042302115,0000004127,SWKS,"SKYWORKS SOLUTIONS, INC.",3674,Semiconductors & Related Devices,31-33,494
Procter & Gamble,0000080424,PG,PROCTER & GAMBLE Co,2840,"Soap, Detergents, Cleang Preparations, Perfumes, Cosmetics",31-33,491
FEIN 362675536,0000877212,ZBRA,ZEBRA TECHNOLOGIES CORP,3560,General Industrial Machinery & Equipment,31-33,487
Williams-Sonoma,0000719955,WSM,WILLIAMS SONOMA INC,5700,"Retail-Home Furniture, Furnishings & Equipment Stores",44-45,485
FEIN 814387104,0001828108,AUR,"Aurora Innovation, Inc.",7373,Services-Computer Integrated Systems Design,54,473
BP,0000313807,BP,BP PLC,2911,Petroleum Refining,31-33,467
FEIN 060548860,0000093556,SWK,"STANLEY BLACK & DECKER, INC.",3420,"Cutlery, Handtools & General Hardware",31-33,466
FEIN 464560494,0001943896,RBRK,"Rubrik, Inc.",7372,Services-Prepackaged Software,51,459
CSX,0000277948,CSX,CSX CORP,4011,"Railroads, Line-Haul Operating",48-49,458
FEIN 460925388,0001795586,CHYM,"Chime Financial, Inc.",6199,Finance Services,52,456
Leidos,0001336920,LDOS,"Leidos Holdings, Inc.",7373,Services-Computer Integrated Systems Design,54,452
Tractor Supply,0000916365,TSCO,TRACTOR SUPPLY CO /DE/,5200,"Retail-Building Materials, Hardware, Garden Supply",44-45,451
FEIN 263122131,0001709048,GFS,GLOBALFOUNDRIES Inc.,3674,Semiconductors & Related Devices,31-33,450
FEIN 431339487,0001062579,DOX,AMDOCS LTD,7371,Services-Computer Programming Services,54,448
Disney,0001744489,DIS,Walt Disney Co,7990,Services-Miscellaneous Amusement & Recreation,71,439
FEIN 860741227,0001069183,AXON,"AXON ENTERPRISE, INC.",3480,"Ordnance & Accessories, (No Vehicles/Guided Missiles)",31-33,434
FEIN 364468504,0001528396,GWRE,"Guidewire Software, Inc.",7372,Services-Prepackaged Software,51,434
FEIN 910351110,0000075362,PCAR,PACCAR INC,3711,Motor Vehicles & Passenger Car Bodies,31-33,429
FEIN 263999357,0001577526,AI,"C3.ai, Inc.",7372,Services-Prepackaged Software,51,420
Whirlpool,0000106640,WHR,WHIRLPOOL CORP /DE/,3630,Household Appliances,31-33,418
Coca-Cola,0000021344,KO,COCA COLA CO,2080,Beverages,31-33,416
Baxter,0000010456,BAX,BAXTER INTERNATIONAL INC,3841,Surgical & Medical Instruments & Apparatus,31-33,408
NRG Energy,0001013871,NRG,"NRG ENERGY, INC.",4911,Electric Services,22,406
FEIN 753060494,0001397187,LULU,lululemon athletica inc.,2300,Apparel & Other Finishd Prods of  Fabrics & Similar Matl,31-33,405
FEIN 202714444,0001372612,BOX,BOX INC,7372,Services-Prepackaged Software,51,404
Starbucks,0000829224,SBUX,STARBUCKS CORP,5810,Retail-Eating & Drinking Places,72,402
Duke Energy,0001326160,DUK,Duke Energy CORP,4931,Electric & Other Services Combined,22,401
FEIN 134038723,0001408198,MSCI,MSCI Inc.,7389,"Services-Business Services, NEC",56,400
FEIN 621611055,0000866787,AZO,AUTOZONE INC,5531,Retail-Auto & Home Supply Stores,44-45,397
FEIN 363100018,0001091587,ABLZF,ABB LTD,3613,Switchgear & Switchboard Apparatus,31-33,394
Levi Strauss,0000094845,LEVI,LEVI STRAUSS & CO,2300,Apparel & Other Finishd Prods of  Fabrics & Similar Matl,31-33,391
FEIN 061169696,0001402436,SSNC,SS&C Technologies Holdings Inc,7372,Services-Prepackaged Software,51,390
GSK,0001131399,GSK,GSK plc,2834,Pharmaceutical Preparations,31-33,374
FEIN 942867490,0000900075,CPRT,COPART INC,5500,Retail-Auto Dealers & Gasoline Stations,44-45,372
TJX,0000109198,TJX,TJX COMPANIES INC /DE/,5651,Retail-Family Clothing Stores,44-45,371
FEIN 953654013,0001604778,QRVO,"Qorvo, Inc.",3674,Semiconductors & Related Devices,31-33,369
FEIN 473533761,0001639825,PTON,"PELOTON INTERACTIVE, INC.",3949,"Sporting & Athletic Goods, NEC",31-33,366
FEIN 453135639,0001535527,CRWD,"CrowdStrike Holdings, Inc.",7372,Services-Prepackaged Software,51,363
FEIN 452546501,0001713445,RDDT,"Reddit, Inc.",7374,Services-Computer Processing & Data Preparation,54,363
NOV,0001021860,NOV,NOV Inc.,3533,Oil & Gas Field Machinery & Equipment,31-33,358
Trane,0001466258,TT,Trane Technologies plc,3822,Auto Controls For Regulating Residential & Comml Environments,31-33,354
FEIN 133637000,0001393818,BX,Blackstone Inc.,6282,Investment Advice,52,352
FEIN 363073579,0001818201,CCC,CCC Intelligent Solutions Holdings Inc.,7372,Services-Prepackaged Software,51,347
FEIN 272825503,0001561550,DDOG,"Datadog, Inc.",7372,Services-Prepackaged Software,51,346
S&P Global,0000064040,SPGI,S&P Global Inc.,7320,"Services-Consumer Credit Reporting, Collection Agencies",56,343
FEIN 263912448,0001477720,ASAN,"Asana, Inc.",7372,Services-Prepackaged Software,51,342
FEIN 010894487,0001604821,NTRA,"Natera, Inc.",8071,Services-Medical Laboratories,62,338
FEIN 770518772,0001090872,A,"AGILENT TECHNOLOGIES, INC.",3826,Laboratory Analytical Instruments,31-33,337
FEIN 208235463,0001393052,VEEV,VEEVA SYSTEMS INC,7372,Services-Prepackaged Software,51,337
FEIN 730400345,0001163165,COP,CONOCOPHILLIPS,2911,Petroleum Refining,31-33,336
FEIN 364345053,0001099800,EW,Edwards Lifesciences Corp,3842,"Orthopedic, Prosthetic & Surgical Appliances & Supplies",31-33,334
FEIN 383943496,0001626115,PJT,PJT Partners Inc.,6282,Investment Advice,52,333
FEIN 943267295,0001097149,ALGN,ALIGN TECHNOLOGY INC,3842,"Orthopedic, Prosthetic & Surgical Appliances & Supplies",31-33,325
FEIN 831896756,0001794515,GTM,ZoomInfo Technologies Inc.,7372,Services-Prepackaged Software,51,323
Waste Management,0000823768,WM,WASTE MANAGEMENT INC,4953,Refuse Systems,22,320
FEIN 111806155,0000007536,ARW,"ARROW ELECTRONICS, INC.",5065,"Wholesale-Electronic Parts & Equipment, NEC",42,319
Norfolk Southern,0000702165,NSC,NORFOLK SOUTHERN CORP,4011,"Railroads, Line-Haul Operating",48-49,318
Paychex,0000723531,PAYX,PAYCHEX INC,8700,"Services-Engineering, Accounting, Research, Management",54,314
FEIN 043360747,0001531152,BJ,"BJ's Wholesale Club Holdings, Inc.",5331,Retail-Variety Stores,44-45,313
FEIN 474903308,0001717115,TEM,"Tempus AI, Inc.",7370,"Services-Computer Programming, Data Processing, Etc.",54,312
Moody's,0001059556,MCO,MOODYS CORP /DE/,7320,"Services-Consumer Credit Reporting, Collection Agencies",56,310
3M,0000066740,MMM,3M CO,3841,Surgical & Medical Instruments & Apparatus,31-33,308
FEIN 042866152,0000857005,PTC,PTC INC.,7372,Services-Prepackaged Software,51,306
FEIN 274306690,0001522540,MQ,"Marqeta, Inc.",7372,Services-Prepackaged Software,51,303
FEIN 042372210,0001053706,CRAI,"CRA INTERNATIONAL, INC.",8111,Services-Legal Services,54,301
FEIN 473100039,0001642896,IOT,Samsara Inc.,7373,Services-Computer Integrated Systems Design,54,294
FEIN 510123924,0000845982,SNN,SMITH & NEPHEW PLC,3842,"Orthopedic, Prosthetic & Surgical Appliances & Supplies",31-33,294
FEIN 590739250,0000085961,R,RYDER SYSTEM INC,7510,Services-Auto Rental & Leasing (No Drivers),81,294
FEIN 770534145,0001107843,QLYS,"QUALYS, INC.",7372,Services-Prepackaged Software,51,288
Carrier,0001783180,CARR,CARRIER GLOBAL Corp,3585,Air-Cond & Warm Air Heatg Equip & Comm & Indl Refrig Equip,31-33,287
Global Payments,0001123360,GPN,GLOBAL PAYMENTS INC,7389,"Services-Business Services, NEC",56,287
CenterPoint Energy,0001130310,CNP,CENTERPOINT ENERGY INC,4911,Electric Services,22,286
Parker Hannifin,0000076334,PH,Parker-Hannifin Corp,3490,Miscellaneous Fabricated Metal Products,31-33,285
Tapestry,0001116132,TPR,"TAPESTRY, INC.",3100,Leather & Leather Products,31-33,282
FEIN 814788063,0001823593,TSPH,TuSimple Holdings Inc.,7373,Services-Computer Integrated Systems Design,54,282
FEIN 043523891,0001145197,PODD,INSULET CORP,3841,Surgical & Medical Instruments & Apparatus,31-33,280
FEIN 043099750,0000749251,IT,GARTNER INC,8741,Services-Management Services,54,279
COMPASS,0001563190,COMP,"Compass, Inc.",6531,Real Estate Agents & Managers (For Others),53,278
FEIN 591562976,0000815097,CCL,Carnival Corp Ltd.,4400,Water Transportation,48-49,277
CBRE,0001138118,CBRE,"CBRE GROUP, INC.",6500,Real Estate,53,275
Assurant,0001267238,AIZ,"ASSURANT, INC.",6399,"Insurance Carriers, NEC",52,274
FEIN 541000588,0001032220,MMS,"MAXIMUS, INC.",7389,"Services-Business Services, NEC",56,272
First Horizon,0000036966,FHN,FIRST HORIZON CORP,6021,National Commercial Banks,52,271
Phillips 66,0001534701,PSX,Phillips 66,2911,Petroleum Refining,31-33,270
FEIN 942802192,0000864749,TRMB,TRIMBLE INC.,3829,"Measuring & Controlling Devices, NEC",31-33,269
American Electric Power,0000004904,AEP,AMERICAN ELECTRIC POWER CO INC,4911,Electric Services,22,268
FEIN 941381833,0000012208,BIO,"BIO-RAD LABORATORIES, INC.",3826,Laboratory Analytical Instruments,31-33,266
FEIN 330857544,0001093557,DXCM,DEXCOM INC,3841,Surgical & Medical Instruments & Apparatus,31-33,265
FEIN 381886260,0000898293,JBL,JABIL INC,3672,Printed Circuit Boards,31-33,265
FEIN 330174996,0000797721,VSAT,VIASAT INC,4899,"Communications Services, NEC",51,262
FEIN 208782926,0001837240,SYM,Symbotic Inc.,3569,"General Industrial Machinery & Equipment, NEC",31-33,259
FEIN 382511577,0001286681,DPZ,DOMINOS PIZZA INC,5140,Wholesale-Groceries & Related Products,42,258
Unum,0000005513,UNM,Unum Group,6321,Accident & Health Insurance,52,257
National Grid,0001004315,NGG,NATIONAL GRID PLC,4922,Natural Gas Transmission,22,256
Eversource Energy,0000072741,ES,EVERSOURCE ENERGY,4911,Electric Services,22,255
DTE Energy,0000936340,DTE,DTE ENERGY CO,4911,Electric Services,22,253
FEIN 610502302,0000029534,DG,DOLLAR GENERAL CORP,5331,Retail-Variety Stores,44-45,252
FEIN 160393470,0000024741,GLW,CORNING INC /NY,3357,Drawing & Insulating of  Nonferrous Wire,31-33,250
FEIN 454788036,0001690820,CVNA,CARVANA CO.,5500,Retail-Auto Dealers & Gasoline Stations,44-45,250
FEIN 261429475,0001758730,TW,Tradeweb Markets Inc.,6200,"Security & Commodity Brokers, Dealers, Exchanges & Services",52,248
Marathon Petroleum,0001510295,MPC,Marathon Petroleum Corp,2911,Petroleum Refining,31-33,247
FEIN 470684736,0000821189,EOG,EOG RESOURCES INC,1311,Crude Petroleum & Natural Gas,21,243
FEIN 752303920,0000860731,TYL,TYLER TECHNOLOGIES INC,7372,Services-Prepackaged Software,51,243
FEIN 410251095,0000823277,CHSCP,CHS INC,5150,Wholesale-Farm Product Raw Materials,42,242
FEIN 260331862,0001638826,TTAN,"ServiceTitan, Inc.",7372,Services-Prepackaged Software,51,241
FEIN 461141117,0002063196,NTSK,Netskope Inc,7372,Services-Prepackaged Software,51,239
FEIN 133068979,0001793229,CTEV,Claritev Corp,7389,"Services-Business Services, NEC",56,239
Chubb,0000896159,CB,Chubb Ltd,6331,"Fire, Marine & Casualty Insurance",52,237
FEIN 223447504,0001169561,CVLT,COMMVAULT SYSTEMS INC,7372,Services-Prepackaged Software,51,235
FEIN 530181291,0001140536,WTW,WILLIS TOWERS WATSON PLC,6411,"Insurance Agents, Brokers & Service",52,234
FEIN 201854266,0001345016,YELP,YELP INC,7200,Services-Personal Services,81,234
FEIN 521604305,0000851968,MHK,MOHAWK INDUSTRIES INC,2273,Carpets & Rugs,31-33,233
FEIN 911011792,0000780571,ITRI,"ITRON, INC.",3825,Instruments For Meas & Testing of  Electricity & Elec Signals,31-33,232
FEIN 132721761,0000919012,AEO,AMERICAN EAGLE OUTFITTERS INC,5651,Retail-Family Clothing Stores,44-45,232
FEIN 363310735,0001402057,CDW,CDW Corp,5961,Retail-Catalog & Mail-Order Houses,44-45,230
FEIN 420991521,0001069202,LII,LENNOX INTERNATIONAL INC,3585,Air-Cond & Warm Air Heatg Equip & Comm & Indl Refrig Equip,31-33,227
FEIN 453055872,0001562088,DUOL,"Duolingo, Inc.",7372,Services-Prepackaged Software,51,227
FEIN 943322844,0001384905,RNG,"RingCentral, Inc.",7374,Services-Computer Processing & Data Preparation,54,226
FEIN 863936742,0000055785,KMB,KIMBERLY CLARK CORP,2670,Converted Paper & Paperboard Prods (No Contaners/Boxes),31-33,223
Xerox,0001770450,XRX,Xerox Holdings Corp,3577,"Computer Peripheral Equipment, NEC",31-33,222
FEIN 381999511,0000885550,CACC,CREDIT ACCEPTANCE CORP,6141,Personal Credit Institutions,52,220
FEIN 870617894,0001158463,JBLU,JETBLUE AIRWAYS CORP,4512,"Air Transportation, Scheduled",48-49,217
FEIN 132622036,0001037038,RL,RALPH LAUREN CORP,2320,"Men's & Boys' Furnishgs, Work Clothg, & Allied Garments",31-33,216
FEIN 510323571,0001050446,MSTR,Strategy Inc,6199,Finance Services,52,215
FEIN 770181864,0000849399,GEN,Gen Digital Inc.,7372,Services-Prepackaged Software,51,214
FEIN 271887399,0001671933,TTD,"Trade Desk, Inc.",7370,"Services-Computer Programming, Data Processing, Etc.",54,214
FEIN 361150280,0000277135,GWW,"W.W. GRAINGER, INC.",5000,Wholesale-Durable Goods,42,213
FEIN 381510762,0000055135,KELYA,KELLY SERVICES INC,7363,Services-Help Supply Services,56,213
Sysco,0000096021,SYY,SYSCO CORP,5140,Wholesale-Groceries & Related Products,42,211
FEIN 454139254,0001576280,GH,"Guardant Health, Inc.",8071,Services-Medical Laboratories,62,211
FEIN 060495050,0000078814,PBI,PITNEY BOWES INC /DE/,3579,"Office Machines, NEC",31-33,210
Exelon,0001109357,EXC,EXELON CORP,4931,Electric & Other Services Combined,22,208
FEIN 471039071,0001594805,SHOP,SHOPIFY INC.,7372,Services-Prepackaged Software,51,206
FEIN 204898921,0001370637,ETSY,ETSY INC,7389,"Services-Business Services, NEC",56,206
Conduent,0001677703,CNDT,CONDUENT Inc,7389,"Services-Business Services, NEC",56,203
FEIN 823437062,0001736297,ALAB,"Astera Labs, Inc.",3674,Semiconductors & Related Devices,31-33,202
FEIN 042272148,0000097210,TER,"TERADYNE, INC",3825,Instruments For Meas & Testing of  Electricity & Elec Signals,31-33,201
FEIN 462843087,0001579878,FIG,"Figma, Inc.",7372,Services-Prepackaged Software,51,201
Xcel Energy,0000072903,XEL,XCEL ENERGY INC,4931,Electric & Other Services Combined,22,200
FEIN 050605598,0001321732,PEN,Penumbra Inc,3841,Surgical & Medical Instruments & Apparatus,31-33,198
FEIN 410216800,0000027996,DLX,DELUXE CORP,2780,"Blankbooks, Looseleaf Binders & Bookbindg & Relatd Work",31-33,198
FEIN 380387840,0000746838,UIS,UNISYS CORP,7373,Services-Computer Integrated Systems Design,54,198
FEIN 133362547,0001013237,FDS,FACTSET RESEARCH SYSTEMS INC,7370,"Services-Computer Programming, Data Processing, Etc.",54,197
FEIN 473424780,0001639723,NAVN,"Navan, Inc.",7372,Services-Prepackaged Software,51,197
FEIN 861182761,0001867072,KD,"Kyndryl Holdings, Inc.",7373,Services-Computer Integrated Systems Design,54,196
FEIN 943136539,0000879169,INCY,INCYTE CORP,8731,Services-Commercial Physical & Biological Research,54,195
FEIN 133357362,0000885639,KSS,KOHLS Corp,5311,Retail-Department Stores,44-45,194
FEIN 134941099,0000009631,BNS,BANK OF NOVA SCOTIA,6022,State Commercial Banks,52,193
FEIN 800885860,0001951070,MH,"McGraw Hill, Inc.",2741,Miscellaneous Publishing,31-33,193
FEIN 454168768,0001650164,TOST,"Toast, Inc.",7374,Services-Computer Processing & Data Preparation,54,192
FEIN 133386776,0000842162,LEA,LEAR CORP,3714,Motor Vehicle Parts & Accessories,31-33,192
FEIN 411857431,0000931015,PII,Polaris Inc.,3790,Miscellaneous Transportation Equipment,31-33,192
FEIN 411941551,0001101302,ENTG,ENTEGRIS INC,3089,"Plastics Products, NEC",31-33,191
FEIN 463584674,0001883685,DKNG,DraftKings Inc.,7990,Services-Miscellaneous Amusement & Recreation,71,191
FEIN 461065454,0001842726,LSEGY,London Stock Exchange Group plc,,,,189
Hanover Insurance,0000944695,THG,"HANOVER INSURANCE GROUP, INC.",6331,"Fire, Marine & Casualty Insurance",52,189
FEIN 454343781,0001703056,ADT,ADT Inc.,7381,"Services-Detective, Guard & Armored Car Services",56,188
FEIN 364815718,0001651308,ONC,BeOne Medicines Ltd.,2834,Pharmaceutical Preparations,31-33,187
Mondelez,0001103982,MDLZ,"Mondelez International, Inc.",2000,Food and Kindred Products,31-33,186
TRINET,0000937098,TNET,"TRINET GROUP, INC.",7389,"Services-Business Services, NEC",56,186
FEIN 770353939,0001375365,SMCI,"Super Micro Computer, Inc.",3571,Electronic Computers,31-33,183
FEIN 770565408,0001664703,BE,Bloom Energy Corp,3620,Electrical Industrial Apparatus,31-33,182
FEIN 753263336,0001846069,NXDR,"Nextdoor Holdings, Inc.",7370,"Services-Computer Programming, Data Processing, Etc.",54,181
FEIN 650716904,0001060391,RSG,"REPUBLIC SERVICES, INC.",4953,Refuse Systems,22,180
FEIN 954035997,0000797468,OXY,OCCIDENTAL PETROLEUM CORP /DE/,1311,Crude Petroleum & Natural Gas,21,180
FEIN 043843478,0001494259,CARG,"CarGurus, Inc.",7374,Services-Computer Processing & Data Preparation,54,180
FEIN 474333187,0001734722,PATH,"UiPath, Inc.",7372,Services-Prepackaged Software,51,177
FEIN 311188630,0000723254,CTAS,CINTAS CORP,2320,"Men's & Boys' Furnishgs, Work Clothg, & Allied Garments",31-33,176
FEIN 731636261,0001611052,PCOR,"PROCORE TECHNOLOGIES, INC.",7372,Services-Prepackaged Software,51,176
FEIN 204623678,0001274494,FSLR,"FIRST SOLAR, INC.",3674,Semiconductors & Related Devices,31-33,174
FEIN 161241537,0001089063,DKS,"DICK'S SPORTING GOODS, INC.",5940,Retail-Miscellaneous Shopping Goods Stores,44-45,174
FEIN 042787865,0001013857,PEGA,PEGASYSTEMS INC,7374,Services-Computer Processing & Data Preparation,54,174
FEIN 721074903,0001175454,CPAY,"CORPAY, INC.",7389,"Services-Business Services, NEC",56,173
FEIN 363873352,0001015328,WTFC,WINTRUST FINANCIAL CORP,6022,State Commercial Banks,52,171
FEIN 455614458,0001770787,TXG,"10x Genomics, Inc.",3826,Laboratory Analytical Instruments,31-33,170
FEIN 460989964,0001835830,KVYO,"Klaviyo, Inc.",7372,Services-Prepackaged Software,51,170
FEIN 030479476,0001314727,SONO,Sonos Inc,3651,Household Audio & Video Equipment,31-33,170
FEIN 941648752,0000315213,RHI,ROBERT HALF INC.,7363,Services-Help Supply Services,56,169
FEIN 263039436,0001666071,CDLX,"Cardlytics, Inc.",7370,"Services-Computer Programming, Data Processing, Etc.",54,169
FEIN 135593032,0000107140,WLY,"JOHN WILEY & SONS, INC.",2731,Books: Publishing or  Publishing & Printing,31-33,167
FEIN 364785571,0001652130,NTLA,"Intellia Therapeutics, Inc.",2835,In Vitro & In Vivo Diagnostic Substances,31-33,167
FEIN 232725311,0000936395,CIEN,CIENA CORP,3661,Telephone & Telegraph Apparatus,31-33,166
FEIN 202888396,0000733269,RAMP,"LiveRamp Holdings, Inc.",7374,Services-Computer Processing & Data Preparation,54,166
FEIN 680438710,0001406666,CALX,"CALIX, INC",4899,"Communications Services, NEC",51,165
Ameren,0001002910,AEE,AMEREN CORP,4931,Electric & Other Services Combined,22,164
FEIN 840273800,0000068622,CTGG,QWEST CORP,4813,Telephone Communications (No Radiotelephone),51,164
FEIN 250730780,0000079879,PPG,PPG INDUSTRIES INC,2851,"Paints, Varnishes, Lacquers, Enamels & Allied Prods",31-33,163
FEIN 900186021,0001723128,AMRX,"Amneal Pharmaceuticals, Inc.",2834,Pharmaceutical Preparations,31-33,163
FEIN 951492269,0000008818,AVY,Avery Dennison Corp,2670,Converted Paper & Paperboard Prods (No Contaners/Boxes),31-33,162
FEIN 742793174,0001038074,SLAB,SILICON LABORATORIES INC.,3674,Semiconductors & Related Devices,31-33,162
FEIN 943166458,0000926326,OMCL,"OMNICELL, INC.",3571,Electronic Computers,31-33,161
FEIN 380442310,0000201533,CMS-PB,CONSUMERS ENERGY CO,4931,Electric & Other Services Combined,22,161
FEIN 340253240,0000042582,GT,GOODYEAR TIRE & RUBBER CO /OH/,3011,Tires & Inner Tubes,31-33,160
FEIN 390875718,0000082811,RRX,REGAL REXNORD CORP,3569,"General Industrial Machinery & Equipment, NEC",31-33,156
FEIN 208980370,0001596967,MC,Moelis & Co,6282,Investment Advice,52,156
FEIN 815463676,0001867729,WRD,WeRide Inc.,7373,Services-Computer Integrated Systems Design,54,156
FEIN 232414041,0001254699,QVCG,"QVC Group, Inc.",5961,Retail-Catalog & Mail-Order Houses,44-45,154
FEIN 710225165,0000100493,TSN,"TYSON FOODS, INC.",2015,Poultry Slaughtering and Processing,31-33,151
Zimmer Biomet,0001136869,ZBH,"ZIMMER BIOMET HOLDINGS, INC.",3842,"Orthopedic, Prosthetic & Surgical Appliances & Supplies",31-33,151
Keurig Dr Pepper,0001418135,KDP,Keurig Dr Pepper Inc.,2080,Beverages,31-33,150
FEIN 541956084,0001441683,APPN,APPIAN CORP,7372,Services-Prepackaged Software,51,148
FEIN 561572719,0000895419,WOLF,"WOLFSPEED, INC.",3674,Semiconductors & Related Devices,31-33,148
FEIN 930256820,0000784977,POR,PORTLAND GENERAL ELECTRIC CO /OR/,4911,Electric Services,22,147
FEIN 470567215,0000935036,ACIW,"ACI WORLDWIDE, INC.",7372,Services-Prepackaged Software,51,146
FEIN 223270030,0000917520,IART,INTEGRA LIFESCIENCES HOLDINGS CORP,3841,Surgical & Medical Instruments & Apparatus,31-33,146
Nokia,0000924613,NOK,NOKIA CORP,3663,Radio & Tv Broadcasting & Communications Equipment,31-33,145
AMERICAN INTERNATIONAL,0000005272,AIG,"AMERICAN INTERNATIONAL GROUP, INC.",6331,"Fire, Marine & Casualty Insurance",52,145
NiSource,0001111711,NI,NISOURCE INC.,4931,Electric & Other Services Combined,22,145
FEIN 050563787,0001232524,JAZZ,Jazz Pharmaceuticals plc,2834,Pharmaceutical Preparations,31-33,145
Kemper,0000860748,KMPR,KEMPER Corp,6331,"Fire, Marine & Casualty Insurance",52,144
FEIN 980081645,0000884887,RCL,ROYAL CARIBBEAN CRUISES LTD,4400,Water Transportation,48-49,143
FEIN 580415192,0002083785,SUNB,"Sunbelt Rentals Holdings, Inc.",7359,"Services-Equipment Rental & Leasing, NEC",56,143
FEIN 232472830,0001520262,ALKS,Alkermes plc.,2834,Pharmaceutical Preparations,31-33,143
FEIN 141896129,0001288469,MXL,"MAXLINEAR, INC",3674,Semiconductors & Related Devices,31-33,143
FEIN 541955550,0001158172,SCOR,"COMSCORE, INC.",7389,"Services-Business Services, NEC",56,143
FEIN 840846841,0000927003,AEIS,ADVANCED ENERGY INDUSTRIES INC,3679,"Electronic Components, NEC",31-33,141
FEIN 410123208,0002065708,ANDG,Andersen Group Inc.,7389,"Services-Business Services, NEC",56,141
FEIN 131102020,0000071691,NYT,NEW YORK TIMES CO,2711,Newspapers: Publishing or  Publishing & Printing,31-33,140
BAKER HUGHES,0001701605,BKR,Baker Hughes Co,3533,Oil & Gas Field Machinery & Equipment,31-33,139
FEIN 131860817,0000073309,NUE,NUCOR CORP,3312,"Steel Works, Blast Furnaces & Rolling Mills (Coke Ovens)",31-33,139
MATCH,0000891103,MTCH,"Match Group, Inc.",7370,"Services-Computer Programming, Data Processing, Etc.",54,139
FEIN 770512121,0001117297,QNST,"QUINSTREET, INC",7389,"Services-Business Services, NEC",56,139
FEIN 383380735,0001670541,ADNT,Adient plc,3714,Motor Vehicle Parts & Accessories,31-33,138
FEIN 770430270,0001078271,EXTR,EXTREME NETWORKS INC,3576,Computer Communications Equipment,31-33,137
Sanofi,0001121404,SNY,Sanofi,2834,Pharmaceutical Preparations,31-33,135
FEIN 680397820,0001048477,BMRN,BIOMARIN PHARMACEUTICAL INC,2834,Pharmaceutical Preparations,31-33,135
FEIN 251695742,0001051470,CCI,CROWN CASTLE INC.,6798,Real Estate Investment Trusts,52,134
FEIN 621443555,0001095565,HSTM,HEALTHSTREAM INC,7370,"Services-Computer Programming, Data Processing, Etc.",54,132
FEIN 351965822,0001224608,CNO,"CNO Financial Group, Inc.",6321,Accident & Health Insurance,52,131
FEIN 720570912,0000066901,EMP,"ENTERGY MISSISSIPPI, LLC",4911,Electric Services,22,130
FEIN 131432060,0000051253,IFF,INTERNATIONAL FLAVORS & FRAGRANCES INC,2860,Industrial Organic Chemicals,31-33,129
FEIN 453264542,0001751008,APP,AppLovin Corp,7370,"Services-Computer Programming, Data Processing, Etc.",54,128
EXELIXIS,0000939767,EXEL,"EXELIXIS, INC.",2836,"Biological Products, (No Diagnostic Substances)",31-33,128
FEIN 260359894,0001433195,APPF,APPFOLIO INC,7372,Services-Prepackaged Software,51,128
FEIN 330022692,0000883984,ICUI,ICU MEDICAL INC/DE,3841,Surgical & Medical Instruments & Apparatus,31-33,128
FEIN 850540903,0001821825,OGN,Organon & Co.,2834,Pharmaceutical Preparations,31-33,128
FEIN 341482024,0001757898,STE,STERIS plc,3842,"Orthopedic, Prosthetic & Surgical Appliances & Supplies",31-33,127
FEIN 261080576,0001777393,CHPT,"ChargePoint Holdings, Inc.",3690,"Miscellaneous Electrical Machinery, Equipment & Supplies",31-33,127
FEIN 863673636,0001699031,GRAL,"GRAIL, Inc.",8071,Services-Medical Laboratories,62,126
FEIN 463955221,0001852131,NXT,Nextpower Inc.,3674,Semiconductors & Related Devices,31-33,125
FEIN 942276314,0000704532,ONTO,ONTO INNOVATION INC.,3829,"Measuring & Controlling Devices, NEC",31-33,123
ECOLAB,0000031462,ECL,ECOLAB INC.,2840,"Soap, Detergents, Cleang Preparations, Perfumes, Cosmetics",31-33,122
PRUDENTIAL,0001116578,PUK,PRUDENTIAL PLC,6311,Life Insurance,52,122
FEIN 410274440,0000040704,GIS,GENERAL MILLS INC,2040,Grain Mill Products,31-33,121
FEIN 852370585,0001682852,MRNA,"Moderna, Inc.",2836,"Biological Products, (No Diagnostic Substances)",31-33,120
KENVUE,0001944048,KVUE,Kenvue Inc.,2844,"Perfumes, Cosmetics & Other Toilet Preparations",31-33,120
MORNINGSTAR,0001289419,MORN,"Morningstar, Inc.",6282,Investment Advice,52,120
FEIN 201446869,0001580808,ATEN,"A10 Networks, Inc.",3576,Computer Communications Equipment,31-33,120
FEIN 043503532,0001526520,TRIP,"TripAdvisor, Inc.",7370,"Services-Computer Programming, Data Processing, Etc.",54,120
Shell,0001306965,SHEL,Shell plc,1311,Crude Petroleum & Natural Gas,21,119
FEIN 230691590,0000047111,HSY,HERSHEY CO,2060,Sugar & Confectionery Products,31-33,119
FEIN 942579683,0000912093,VIAV,VIAVI SOLUTIONS INC.,3674,Semiconductors & Related Devices,31-33,119
FEIN 822138818,0001868941,FLNC,"Fluence Energy, Inc.",3690,"Miscellaneous Electrical Machinery, Equipment & Supplies",31-33,119
FEIN 251795344,0001434621,TREE,"LendingTree, Inc.",6163,Loan Brokers,52,119
FEIN 650723837,0001053507,AMT,AMERICAN TOWER CORP /MA/,6798,Real Estate Investment Trusts,52,118
Markel,0001096343,MKL,MARKEL GROUP INC.,6331,"Fire, Marine & Casualty Insurance",52,118
FEIN 262837597,0001819928,DV,"DoubleVerify Holdings, Inc.",7370,"Services-Computer Programming, Data Processing, Etc.",54,118
FEIN 812256092,0002021728,CBRS,Cerebras Systems Inc.,3674,Semiconductors & Related Devices,31-33,117
FEIN 231210010,0000105770,WST,WEST PHARMACEUTICAL SERVICES INC,3841,Surgical & Medical Instruments & Apparatus,31-33,116
FEIN 581167100,0000004977,AFL,AFLAC INC,6321,Accident & Health Insurance,52,115
ALTRIA,0000764180,MO,"ALTRIA GROUP, INC.",2111,Cigarettes,31-33,114
FEIN 042713778,0000851205,CGNX,COGNEX CORP,3823,"Industrial Instruments For Measurement, Display, and Control",31-33,114
FEIN 770118518,0000817720,SYNA,SYNAPTICS Inc,3674,Semiconductors & Related Devices,31-33,114
FEIN 262841711,0001469367,RUN,Sunrun Inc.,1700,Construction - Special Trade Contractors,23,114
FEIN 364007085,0000940942,HUBG,"Hub Group, Inc.",4731,Arrangement of  Transportation of  Freight & Cargo,48-49,114
FEIN 260199180,0001588978,PRCT,PROCEPT BioRobotics Corp,3841,Surgical & Medical Instruments & Apparatus,31-33,114
FEIN 275026540,0001576942,SFIX,"Stitch Fix, Inc.",5961,Retail-Catalog & Mail-Order Houses,44-45,114
FEIN 042837575,0001078075,NTCT,NETSCOUT SYSTEMS INC,7373,Services-Computer Integrated Systems Design,54,113
CONTEXTLOGIC,0002064307,LOGC,ContextLogic Holdings Inc.,1400,Mining & Quarrying of  Nonmetallic Minerals (No Fuels),21,113
FEIN 760418502,0000860730,HCA,"HCA Healthcare, Inc.",8062,"Services-General Medical & Surgical Hospitals, NEC",62,112
Abercrombie & Fitch,0001018840,ANF,ABERCROMBIE & FITCH CO /DE/,5651,Retail-Family Clothing Stores,44-45,111
FEIN 223265977,0001965040,FTRE,Fortrea Holdings Inc.,8071,Services-Medical Laboratories,62,111
ASTRAZENECA,0000901832,AZN,ASTRAZENECA PLC,2834,Pharmaceutical Preparations,31-33,109
FEIN 362668272,0000062709,MRSH,"MARSH & MCLENNAN COMPANIES, INC.",6411,"Insurance Agents, Brokers & Service",52,109
FEIN 823060021,0001769628,CRWV,"CoreWeave, Inc.",7372,Services-Prepackaged Software,51,109
FEIN 133711155,0001039399,FORM,FORMFACTOR INC,3674,Semiconductors & Related Devices,31-33,109
FEIN 203237489,0001364954,CHGG,"CHEGG, INC",8200,Services-Educational Services,61,109
FEIN 953015862,0000910521,DECK,DECKERS OUTDOOR CORP,3021,Rubber & Plastics Footwear,31-33,108
FEIN 581960019,0000880266,AGCO,AGCO CORP /DE,3523,Farm Machinery & Equipment,31-33,108
VERTEX,0001806837,VERX,"Vertex, Inc.",7372,Services-Prepackaged Software,51,108
FEIN 010393723,0000874716,IDXX,IDEXX LABORATORIES INC /DE,2835,In Vitro & In Vivo Diagnostic Substances,31-33,107
FEIN 941499887,0000814547,FICO,FAIR ISAAC CORP,7389,"Services-Business Services, NEC",56,107
FEIN 520408290,0000063754,MKC,MCCORMICK & CO INC,2090,Miscellaneous Food Preparations & Kindred Products,31-33,107
FEIN 522383166,0001428336,HQY,"HEALTHEQUITY, INC.",7389,"Services-Business Services, NEC",56,107
FEIN 262387410,0000024545,TAP,MOLSON COORS BEVERAGE CO,2082,Malt Beverages,31-33,107
FEIN 010526993,0001309108,WEX,WEX Inc.,7389,"Services-Business Services, NEC",56,107
FEIN 954715639,0001889539,CRBG,"Corebridge Financial, Inc.",6311,Life Insurance,52,105
FEIN 411609563,0001326380,GME,GameStop Corp.,5734,Retail-Computer & Computer Software Stores,44-45,105
FEIN 953936623,0001031308,BSY,BENTLEY SYSTEMS INC,7372,Services-Prepackaged Software,51,105
FEIN 232003332,0000912615,URBN,URBAN OUTFITTERS INC,5651,Retail-Family Clothing Stores,44-45,105
FEIN 814870517,0001699963,LIME,"Neutron Holdings, Inc.",7372,Services-Prepackaged Software,51,105
FEIN 830632724,0001743725,GDYN,"GRID DYNAMICS HOLDINGS, INC.",7372,Services-Prepackaged Software,51,105
FEIN 621539359,0000915389,EMN,EASTMAN CHEMICAL CO,2821,"Plastic Materials, Synth Resins & Nonvulcan Elastomers",31-33,104
FEIN 521990078,0001336917,UAA,"Under Armour, Inc.",2300,Apparel & Other Finishd Prods of  Fabrics & Similar Matl,31-33,104
FEIN 464337682,0001627475,UPWK,"UPWORK, INC",7374,Services-Computer Processing & Data Preparation,54,104
FEIN 541972729,0001104506,INSM,INSMED Inc,2834,Pharmaceutical Preparations,31-33,103
FEIN 208865395,0001679273,LW,"Lamb Weston Holdings, Inc.",2030,"Canned, Frozen & Preservd Fruit, Veg & Food Specialties",31-33,103
FEIN 822688234,0001801198,LEGN,Legend Biotech Corp,2834,Pharmaceutical Preparations,31-33,103
FEIN 770546018,0001337634,STUB,"StubHub Holdings, Inc.",7990,Services-Miscellaneous Amusement & Recreation,71,103
FEIN 453937349,0001866692,AMPL,"Amplitude, Inc.",7372,Services-Prepackaged Software,51,103
FEIN 263118890,0001830214,DNA,"Ginkgo Bioworks Holdings, Inc.",2836,"Biological Products, (No Diagnostic Substances)",31-33,103
FEIN 830385267,0001280263,AMBA,AMBARELLA INC,3674,Semiconductors & Related Devices,31-33,102
FEIN 453337483,0001636422,HCAT,"Health Catalyst, Inc.",7370,"Services-Computer Programming, Data Processing, Etc.",54,102
FEIN 954649492,0001278021,MKTX,MARKETAXESS HOLDINGS INC,6211,"Security Brokers, Dealers & Flotation Companies",52,101
FEIN 453653763,0001809519,GDRX,"GoodRx Holdings, Inc.",7374,Services-Computer Processing & Data Preparation,54,101
FEIN 821204801,0001705110,ANGI,Angi Inc.,7310,Services-Advertising,56,101
FEIN 431128385,0000779152,JKHY,JACK HENRY & ASSOCIATES INC,7373,Services-Computer Integrated Systems Design,54,100
FEIN 204645388,0001463101,ENPH,"Enphase Energy, Inc.",3674,Semiconductors & Related Devices,31-33,100
FEIN 131824190,0000866729,SCHL,SCHOLASTIC CORP,2731,Books: Publishing or  Publishing & Printing,31-33,100
FEIN 753033627,0001668397,MEDP,"Medpace Holdings, Inc.",8731,Services-Commercial Physical & Biological Research,54,99
FEIN 205863224,0001422930,PUBM,"PubMatic, Inc.",7370,"Services-Computer Programming, Data Processing, Etc.",54,98
VERTIV,0001674101,VRT,Vertiv Holdings Co,3679,"Electronic Components, NEC",31-33,97
FEIN 223850167,0000350698,AN,"AUTONATION, INC.",5500,Retail-Auto Dealers & Gasoline Stations,44-45,97
ROYAL BANK OF CANADA,0001000275,RY,ROYAL BANK OF CANADA,6029,"Commercial Banks, NEC",52,96
FEIN 043490493,0001262976,CMPR,CIMPRESS plc,2750,Commercial Printing,31-33,96
FEIN 391434669,0000818479,XRAY,DENTSPLY SIRONA Inc.,3843,Dental Equipment & Supplies,31-33,96
FEIN 760533927,0001158114,AAOI,"APPLIED OPTOELECTRONICS, INC.",3674,Semiconductors & Related Devices,31-33,95
CENCORA,0001140859,COR,"Cencora, Inc.",5122,"Wholesale-Drugs, Proprietaries & Druggists' Sundries",42,94
FEIN 460525483,0001002638,OTEX,OPEN TEXT CORP,7373,Services-Computer Integrated Systems Design,54,94
FEIN 261318190,0000026780,DAN,DANA Inc,3714,Motor Vehicle Parts & Accessories,31-33,94
FEIN 941390387,0000745732,ROST,"ROSS STORES, INC.",5651,Retail-Family Clothing Stores,44-45,93
FEIN 384017666,0001582961,DOCN,"DigitalOcean Holdings, Inc.",7370,"Services-Computer Programming, Data Processing, Etc.",54,93
SCHNEIDER NATIONAL,0001692063,SNDR,"Schneider National, Inc.",4213,Trucking (No Local),48-49,92
FEIN 710130170,0001569650,OZK,Bank OZK,,,,92
ACADEMY SPORTS AND OUTDOORS,0001817358,ASO,"Academy Sports & Outdoors, Inc.",5940,Retail-Miscellaneous Shopping Goods Stores,44-45,92
FEIN 954284541,0001490978,SDGR,"Schrodinger, Inc.",2834,Pharmaceutical Preparations,31-33,92
FEIN 061249050,0001707925,LIN,LINDE PLC,2810,Industrial Inorganic Chemicals,31-33,91
TORONTO DOMINION BANK,0000947263,TD,TORONTO DOMINION BANK,6029,"Commercial Banks, NEC",52,91
FEIN 952388156,0001289308,ENS,EnerSys,3690,"Miscellaneous Electrical Machinery, Equipment & Supplies",31-33,91
BRUNSWICK,0000014930,BC,BRUNSWICK CORP,3510,Engines & Turbines,31-33,91
FEIN 930797222,0000873303,SRPT,"Sarepta Therapeutics, Inc.",2834,Pharmaceutical Preparations,31-33,91
FEIN 272976158,0001617553,ZIP,"ZIPRECRUITER, INC.",7370,"Services-Computer Programming, Data Processing, Etc.",54,91
PPL,0000922224,PPL,PPL Corp,4911,Electric Services,22,90
MOSAIC,0001285785,MOS,MOSAIC CO,2870,Agricultural Chemicals,31-33,90
FEIN 954766827,0001386278,GDOT,GREEN DOT CORP,6199,Finance Services,52,90
FEIN 770466789,0001280452,MPWR,"MONOLITHIC POWER SYSTEMS, INC.",3674,Semiconductors & Related Devices,31-33,89
FEIN 522294957,0001527166,CG,Carlyle Group Inc.,6282,Investment Advice,52,89
FEIN 043744954,0001237831,GMED,GLOBUS MEDICAL INC,3841,Surgical & Medical Instruments & Apparatus,31-33,89
FEIN 592921318,0000913760,SNEX,StoneX Group Inc.,6200,"Security & Commodity Brokers, Dealers, Exchanges & Services",52,89
AVNET,0000008858,AVT,AVNET INC,5065,"Wholesale-Electronic Parts & Equipment, NEC",42,89
FEIN 050376157,0001020859,UNFI,UNITED NATURAL FOODS INC,5141,"Wholesale-Groceries, General Line",42,89
FEIN 954318554,0000903129,THRM,Gentherm Inc,3714,Motor Vehicle Parts & Accessories,31-33,89
FEIN 541211771,0002011641,FERG,Ferguson Enterprises Inc. /DE/,5070,Wholesale-Hardware & Plumbing & Heating Equipment & Supplies,42,88
KRAFT HEINZ,0001637459,KHC,Kraft Heinz Co,2030,"Canned, Frozen & Preservd Fruit, Veg & Food Specialties",31-33,88
FIDELITY NATIONAL INFORMATION SERVICES,0001136893,FIS,"Fidelity National Information Services, Inc.",7389,"Services-Business Services, NEC",56,88
FEIN 363150143,0000730464,CVSA,Covista Inc.,8200,Services-Educational Services,61,88
FEIN 814421834,0001969302,PONY,Pony AI Inc.,7373,Services-Computer Integrated Systems Design,54,88
FEIN 541762351,0001847590,BWMN,Bowman Consulting Group Ltd.,8742,Services-Management Consulting Services,54,88
VERISK ANALYTICS,0001442145,VRSK,"Verisk Analytics, Inc.",7374,Services-Computer Processing & Data Preparation,54,86
CARMAX,0001170010,KMX,CARMAX INC,5500,Retail-Auto Dealers & Gasoline Stations,44-45,85
BRIGHTHOUSE FINANCIAL,0001685040,BHF,"Brighthouse Financial, Inc.",6311,Life Insurance,52,85
FEIN 454180440,0001625278,NRDS,"NERDWALLET, INC.",7374,Services-Computer Processing & Data Preparation,54,85
CONSOLIDATED EDISON,0001047862,ED,CONSOLIDATED EDISON INC,4931,Electric & Other Services Combined,22,84
FEIN 943221585,0001014473,VRSN,VERISIGN INC/CA,7371,Services-Computer Programming Services,54,84
FEIN 260197666,0001581760,LIF,"Life360, Inc.",7374,Services-Computer Processing & Data Preparation,54,84
FEIN 455211045,0001855747,BLND,"Blend Labs, Inc.",7370,"Services-Computer Programming, Data Processing, Etc.",54,84
ALNYLAM PHARMACEUTICALS,0001178670,ALNY,"ALNYLAM PHARMACEUTICALS, INC.",2834,Pharmaceutical Preparations,31-33,83
FEIN 922623933,0001964738,SOLV,Solventum Corp,3841,Surgical & Medical Instruments & Apparatus,31-33,83
FEIN 753000378,0001177609,FIVE,"FIVE BELOW, INC",5331,Retail-Variety Stores,44-45,83
FEIN 462058888,0001581280,TWST,Twist Bioscience Corp,2836,"Biological Products, (No Diagnostic Substances)",31-33,83
FEIN 383519512,0001111335,VC,VISTEON CORP,3714,Motor Vehicle Parts & Accessories,31-33,83
FEIN 272546083,0001515673,RARE,Ultragenyx Pharmaceutical Inc.,2834,Pharmaceutical Preparations,31-33,83
FEIN 362467635,0001556739,THRY,"Thryv Holdings, Inc.",7310,Services-Advertising,56,83
ULTA BEAUTY,0001403568,ULTA,"Ulta Beauty, Inc.",5990,"Retail-Retail Stores, NEC",44-45,82
FEIN 472362151,0001773383,DT,"Dynatrace, Inc.",7372,Services-Prepackaged Software,51,82
FEIN 474596669,0001736541,NIO,NIO Inc.,3711,Motor Vehicles & Passenger Car Bodies,31-33,82
FEIN 112617163,0001280058,BLKB,BLACKBAUD INC,7372,Services-Prepackaged Software,51,82
FEIN 581910859,0001710155,EYE,"National Vision Holdings, Inc.",3851,Ophthalmic Goods,31-33,82
SOUTHERN,0000092122,SO,SOUTHERN CO,4911,Electric Services,22,81
ESTEE LAUDER COMPANIES,0001001250,EL,ESTEE LAUDER COMPANIES INC,2844,"Perfumes, Cosmetics & Other Toilet Preparations",31-33,81
FEIN 210419870,0000016732,CPB,CAMPBELL'S Co,2000,Food and Kindred Products,31-33,81
COURSERA,0001651562,COUR,"Coursera, Inc.",7372,Services-Prepackaged Software,51,81
FEIN 270903295,0001490281,GRPN,"Groupon, Inc.",7311,Services-Advertising Agencies,56,81
FEIN 472029180,0001628171,RVMD,"Revolution Medicines, Inc.",2836,"Biological Products, (No Diagnostic Substances)",31-33,80
FEIN 042742817,0000751978,VICR,VICOR CORP,3679,"Electronic Components, NEC",31-33,80
FEIN 953797580,0000837465,CALY,Callaway Golf Co,3949,"Sporting & Athletic Goods, NEC",31-33,80
FEIN 943394123,0001288847,FIVN,"Five9, Inc.",7374,Services-Computer Processing & Data Preparation,54,80
FEIN 414490828,0001530721,CPRI,Capri Holdings Ltd,3100,Leather & Leather Products,31-33,80
FEIN 264307177,0001626450,CMRC,"Commerce.com, Inc.",7372,Services-Prepackaged Software,51,80
FEIN 231274455,0000002969,APD,"Air Products & Chemicals, Inc.",2810,Industrial Inorganic Chemicals,31-33,79
FEIN 251214948,0000820318,COHR,COHERENT CORP.,3827,Optical Instruments & Lenses,31-33,79
STELLANTIS NV,0001605484,STLA,Stellantis N.V.,3711,Motor Vehicles & Passenger Car Bodies,31-33,79
FEIN 223056180,0000866291,ALGM,"ALLEGRO MICROSYSTEMS, INC.",3674,Semiconductors & Related Devices,31-33,79
MATTEL,0000063276,MAT,MATTEL INC /DE/,3942,Dolls & Stuffed Toys,31-33,79
FEIN 420617510,0000048287,HNI,HNI CORP,2522,Office Furniture (No Wood),31-33,79
FEIN 112989601,0000103145,VECO,VEECO INSTRUMENTS INC,3559,"Special Industry Machinery, NEC",31-33,79
FEIN 042746201,0000876167,PRGS,PROGRESS SOFTWARE CORP /MA,7372,Services-Prepackaged Software,51,79
FEIN 470648386,0000793074,WERN,WERNER ENTERPRISES INC,4213,Trucking (No Local),48-49,78
SABRE,0001597033,SABR,Sabre Corp,7370,"Services-Computer Programming, Data Processing, Etc.",54,78
FEIN 116040273,0000105319,WW,"WW INTERNATIONAL, INC.",7200,Services-Personal Services,81,78
SYNCHRONY FINANCIAL,0001601712,SYF,Synchrony Financial,6199,Finance Services,52,77
FEIN 261196017,0001851003,ZETA,Zeta Global Holdings Corp.,7372,Services-Prepackaged Software,51,77
FEIN 741828067,0001035002,VLO,VALERO ENERGY CORP/TX,2911,Petroleum Refining,31-33,76
ENBRIDGE,0000895728,ENB,ENBRIDGE INC,4610,Pipe Lines (No Natural Gas),48-49,76
FEIN 061522496,0001067701,URI,"UNITED RENTALS, INC.",7359,"Services-Equipment Rental & Leasing, NEC",56,76
TAKEDA PHARMACEUTICAL,0001395064,TAK,TAKEDA PHARMACEUTICAL CO LTD,2834,Pharmaceutical Preparations,31-33,76
FEIN 752778918,0000030625,FLS,FLOWSERVE CORP,3561,Pumps & Pumping Equipment,31-33,76
FEIN 952770395,0001302215,HLI,"HOULIHAN LOKEY, INC.",6282,Investment Advice,52,76
FEIN 810971660,0001662991,SEZL,Sezzle Inc.,7389,"Services-Business Services, NEC",56,76
FEIN 930498284,0001050797,COLM,COLUMBIA SPORTSWEAR CO,2300,Apparel & Other Finishd Prods of  Fabrics & Similar Matl,31-33,76
FEIN 362512786,0000799288,LE,"LANDS' END, INC.",5651,Retail-Family Clothing Stores,44-45,76
FEIN 814290921,0001618756,QSR,Restaurant Brands International Inc.,5812,Retail-Eating  Places,72,75
FEIN 205446972,0001374310,CBOE,"Cboe Global Markets, Inc.",6200,"Security & Commodity Brokers, Dealers, Exchanges & Services",52,75
FEIN 473898435,0001724521,RCUS,"Arcus Biosciences, Inc.",2834,Pharmaceutical Preparations,31-33,75
FEIN 941369354,0000771497,ABM,ABM INDUSTRIES INC /DE/,7340,Services-To Dwellings & Other Buildings,56,75
FEIN 943008969,0001838987,SPWR,SunPower Inc.,1700,Construction - Special Trade Contractors,23,75
FEIN 811884841,0001673743,HNGE,"Hinge Health, Inc.",7374,Services-Computer Processing & Data Preparation,54,74
FREEPORT MCMORAN,0000831259,FCX,FREEPORT-MCMORAN INC,1000,Metal Mining,21,73
CORTEVA,0001755672,CTVA,"Corteva, Inc.",0100,Agricultural Production-Crops,11,73
FEIN 911589568,0001725964,NTR,Nutrien Ltd.,2870,Agricultural Chemicals,31-33,73
FEIN 872092143,0001915657,DINO,HF Sinclair Corp,4610,Pipe Lines (No Natural Gas),48-49,73
FEIN 461932921,0001571123,SAIC,Science Applications International Corp,7373,Services-Computer Integrated Systems Design,54,73
FEIN 870282025,0001828962,CRCT,"Cricut, Inc.",3559,"Special Industry Machinery, NEC",31-33,73
FEIN 010627671,0001181412,SPCX,SPACE EXPLORATION TECHNOLOGIES CORP,7370,"Services-Computer Programming, Data Processing, Etc.",54,73
FEIN 521165937,0001120193,NDAQ,"NASDAQ, INC.",6200,"Security & Commodity Brokers, Dealers, Exchanges & Services",52,72
PERFORMANCE FOOD,0001618673,PFGC,Performance Food Group Co,5141,"Wholesale-Groceries, General Line",42,72
FEIN 043416587,0001070081,PTCT,"PTC THERAPEUTICS, INC.",2834,Pharmaceutical Preparations,31-33,72
FEIN 272220139,0001551306,PGNY,"Progyny, Inc.",8090,"Services-Misc Health & Allied Services, NEC",62,72
FEIN 954752856,0001286139,LZ,"LEGALZOOM.COM, INC.",7374,Services-Computer Processing & Data Preparation,54,72
FEIN 930160700,0001173514,HY,"HYSTER-YALE, INC.",3537,"Industrial Trucks, Tractors, Trailors & Stackers",31-33,72
AON,0000315293,AON,Aon plc,6411,"Insurance Agents, Brokers & Service",52,71
FEIN 331218825,0001544522,FRSH,Freshworks Inc.,7372,Services-Prepackaged Software,51,71
FEIN 222816046,0001000694,NVAX,NOVAVAX INC,2836,"Biological Products, (No Diagnostic Substances)",31-33,71
FEIN 453084136,0001628908,EVH,"Evolent Health, Inc.",8741,Services-Management Services,54,71
LABCORP,0000920148,LH,LABCORP HOLDINGS INC.,8071,Services-Medical Laboratories,62,70
VOYA FINANCIAL,0001535929,VOYA,"Voya Financial, Inc.",6311,Life Insurance,52,70
FEIN 231498399,0000056978,KLIC,KULICKE & SOFFA INDUSTRIES INC,3674,Semiconductors & Related Devices,31-33,70
FEIN 204473811,0001937926,BAM,Brookfield Asset Management Ltd.,6282,Investment Advice,52,69
FEIN 202164234,0001334036,CROX,"Crocs, Inc.",3021,Rubber & Plastics Footwear,31-33,69
FEIN 943065014,0000833640,POWI,POWER INTEGRATIONS INC,3674,Semiconductors & Related Devices,31-33,69
TERADATA,0000816761,TDC,TERADATA CORP /DE/,7372,Services-Prepackaged Software,51,69
FEIN 831825597,0001754301,FOXA,Fox Corp,4833,Television Broadcasting Stations,51,68
FEIN 592459427,0000789460,WKC,WORLD KINECT CORP,5172,Wholesale-Petroleum & Petroleum Products (No Bulk Stations),42,68
DXC TECHNOLOGY,0001688568,DXC,DXC Technology Co,7374,Services-Computer Processing & Data Preparation,54,68
FEIN 953069495,0001447100,YMHAY,"Yamaha Motor Co., Ltd.",8880,American Depositary Receipts,,68
FEIN 470248710,0000023217,CAG,CONAGRA BRANDS INC.,2000,Food and Kindred Products,31-33,67
FEIN 980420726,0001306830,CE,Celanese Corp,2820,"Plastic Material, Synth Resin/Rubber, Cellulos (No Glass)",31-33,67
FEIN 271038236,0001631574,WVE,"Wave Life Sciences, Inc.",2834,Pharmaceutical Preparations,31-33,67
FEIN 770623294,0001692819,VST,Vistra Corp.,4911,Electric Services,22,66
FEIN 260413897,0001411207,ALSN,Allison Transmission Holdings Inc,3714,Motor Vehicle Parts & Accessories,31-33,66
FEIN 831381173,0001770121,SANA,"Sana Biotechnology, Inc.",2836,"Biological Products, (No Diagnostic Substances)",31-33,66
FEIN 161590339,0001299130,PACB,"PACIFIC BIOSCIENCES OF CALIFORNIA, INC.",3826,Laboratory Analytical Instruments,31-33,66
TARGET,0000027419,TGT,TARGET CORP,5331,Retail-Variety Stores,44-45,65
FEIN 943112828,0000917273,RMBS,RAMBUS INC,3674,Semiconductors & Related Devices,31-33,65
DOLBY LABORATORIES,0001308547,DLB,"Dolby Laboratories, Inc.",6794,Patent Owners & Lessors,52,65
FEIN 455372621,0001603015,VIA,"Via Transportation, Inc.",7372,Services-Prepackaged Software,51,65
FEIN 521975978,0001013934,STRA,"Strategic Education, Inc.",8200,Services-Educational Services,61,65
FEIN 901112566,0001580864,VRM,"Vroom, Inc.",5500,Retail-Auto Dealers & Gasoline Stations,44-45,65
HSBC,0001089113,HSBC,HSBC HOLDINGS PLC,6035,"Savings Institution, Federally Chartered",52,64
FEIN 954673646,0001032208,SRE,SEMPRA,4932,Gas & Other Services Combined,22,64
FEIN 470351813,0000102729,VMI,VALMONT INDUSTRIES INC,3440,Fabricated Structural Metal Products,31-33,64
FEIN 954774688,0001157408,LRN,"Stride, Inc.",8200,Services-Educational Services,61,64
FEIN 460784178,0001850351,LFTO,"Liftoff Mobile, Inc.",7374,Services-Computer Processing & Data Preparation,54,64
ADVANCE AUTO PARTS,0001158449,AAP,ADVANCE AUTO PARTS INC,5531,Retail-Auto & Home Supply Stores,44-45,64
FEIN 580506554,0000025475,CRD-A,CRAWFORD & CO,6411,"Insurance Agents, Brokers & Service",52,64
VERRA MOBILITY,0001682745,VRRM,VERRA MOBILITY Corp,4700,Transportation Services,48-49,64
DOMINION ENERGY,0000715957,D,"DOMINION ENERGY, INC",4911,Electric Services,22,63
FEIN 814133785,0001754180,VNTXF,VANTA HOLDINGS INC.,,,,63
WARNER BROS DISCOVERY,0001437107,WBD,"Warner Bros. Discovery, Inc.",4841,Cable & Other Pay Television Services,51,62
FEIN 841428543,0001030894,CLS,CELESTICA INC,3672,Printed Circuit Boards,31-33,62
ATI,0001018963,ATI,ATI INC,3317,Steel Pipe & Tubes,31-33,62
FEIN 310595760,0000021076,CLX,CLOROX CO /DE/,2842,"Specialty Cleaning, Polishing and Sanitation Preparations",31-33,62
FEIN 410858903,0000056679,KFY,KORN FERRY,7361,Services-Employment Agencies,56,62
FEIN 943316839,0001217234,CDNA,"CareDx, Inc.",8071,Services-Medical Laboratories,62,62
FEIN 208059722,0001614178,YEXT,"Yext, Inc.",7374,Services-Computer Processing & Data Preparation,54,62
CHURCH AND DWIGHT,0000313927,CHD,CHURCH & DWIGHT CO INC /DE/,2840,"Soap, Detergents, Cleang Preparations, Perfumes, Cosmetics",31-33,61
BUILDERS FIRSTSOURCE,0001316835,BLDR,"Builders FirstSource, Inc.",5211,Retail-Lumber & Other Building Materials Dealers,44-45,61
FEIN 811358701,0001828791,DSP,Viant Technology Inc.,7370,"Services-Computer Programming, Data Processing, Etc.",54,61
CANON,0000016988,CAJPY,CANON INC,3861,Photographic Equipment & Supplies,31-33,61
FEIN 411597886,0000827187,SNBRQ,Sleep Number Corp,2510,Household Furniture,31-33,61
FEIN 530257888,0000029905,DOV,DOVER Corp,3530,"Construction, Mining & Materials Handling Machinery & Equip",31-33,60
FEIN 331224916,0001800667,FROG,JFrog Ltd,7372,Services-Prepackaged Software,51,60
PEARSON,0000938323,PSO,PEARSON PLC,2731,Books: Publishing or  Publishing & Printing,31-33,60
FEIN 760236465,0001639691,LIVN,LivaNova PLC,3845,Electromedical & Electrotherapeutic Apparatus,31-33,60
FEIN 363514169,0000814453,NWL,NEWELL BRANDS INC.,3089,"Plastics Products, NEC",31-33,60
FEIN 611203323,0000901491,PZZA,PAPA JOHNS INTERNATIONAL INC,5812,Retail-Eating  Places,72,60
FEIN 310746639,0001319947,DBI,Designer Brands Inc.,5661,Retail-Shoe Stores,44-45,60
FEIN 843559776,0001839285,HCTI,"Healthcare Triangle, Inc.",7373,Services-Computer Integrated Systems Design,54,60
FEIN 222785165,0000820313,APH,AMPHENOL CORP /DE/,3678,Electronic Connectors,31-33,59
ENTERGY,0000065984,ETR,ENTERGY CORP /DE/,4911,Electric Services,22,59
FEIN 020713868,0001451809,SITM,SITIME Corp,3674,Semiconductors & Related Devices,31-33,59
SIRIUS XM,0000908937,SIRI,SIRIUS XM HOLDINGS INC.,4832,Radio Broadcasting Stations,51,59
FEIN 231180120,0000103379,VFC,V F CORP,2320,"Men's & Boys' Furnishgs, Work Clothg, & Allied Garments",31-33,59
HARLEY DAVIDSON,0000793952,HOG,"HARLEY-DAVIDSON, INC.",3751,"Motorcycles, Bicycles & Parts",31-33,59
FEIN 020513618,0001050377,CNXN,PC CONNECTION INC,5045,Wholesale-Computers & Peripheral Equipment & Software,42,59
FEIN 954352386,0000003570,LNG,"Cheniere Energy, Inc.",4924,Natural Gas Distribution,22,58
FEIN 251615902,0000943452,WAB,WESTINGHOUSE AIR BRAKE TECHNOLOGIES CORP,3743,Railroad Equipment,31-33,58
MGM RESORTS INTERNATIONAL,0000789570,MGM,MGM Resorts International,7011,Hotels & Motels,72,58
HILTON GRAND VACATIONS,0001674168,HGV,Hilton Grand Vacations Inc.,7000,"Hotels, Rooming Houses, Camps & Other Lodging Places",72,58
FEIN 454771485,0001569345,CXM,"Sprinklr, Inc.",7372,Services-Prepackaged Software,51,58
FEIN 050155090,0000046080,HAS,"HASBRO, INC.",3944,"Games, Toys & Children's Vehicles (No Dolls & Bicycles)",31-33,57
FEIN 811789115,0001675149,AA,Alcoa Corp,3334,Primary Production of  Aluminum,31-33,57
FEIN 043040660,0000933974,AZTA,"Azenta, Inc.",3559,"Special Industry Machinery, NEC",31-33,57
FLEX,0000866374,FLEX,FLEX LTD.,3672,Printed Circuit Boards,31-33,56
FEIN 911069248,0000746515,EXPD,EXPEDITORS INTERNATIONAL OF WASHINGTON INC,4731,Arrangement of  Transportation of  Freight & Cargo,48-49,56
FEIN 770629474,0001500435,GPRO,"GoPro, Inc.",3861,Photographic Equipment & Supplies,31-33,56
TAILORED BRANDS,0002045151,MW,"Tailored Brands, Inc. / DE",5600,Retail-Apparel & Accessory Stores,44-45,56
FEIN 510350842,0000946581,TTWO,TAKE TWO INTERACTIVE SOFTWARE INC,7372,Services-Prepackaged Software,51,55
GENWORTH FINANCIAL,0001276520,GNW,GENWORTH FINANCIAL INC,6311,Life Insurance,52,55
FEIN 452505271,0001676238,BRZE,"Braze, Inc.",7372,Services-Prepackaged Software,51,55
FEIN 815238376,0001745999,BEAM,Beam Therapeutics Inc.,2836,"Biological Products, (No Diagnostic Substances)",31-33,55
FEIN 812730369,0001706431,VIR,"Vir Biotechnology, Inc.",2836,"Biological Products, (No Diagnostic Substances)",31-33,55
FEIN 562428818,0001681556,GXXM,"GEX MANAGEMENT, INC.",8742,Services-Management Consulting Services,54,55
SELECTIVE INSURANCE,0000230557,SIGI,SELECTIVE INSURANCE GROUP INC,6331,"Fire, Marine & Casualty Insurance",52,54
FEIN 042929221,0001748824,AAMI,Acadian Asset Management Inc.,6282,Investment Advice,52,54
FEIN 384061754,0001736946,ARLO,"Arlo Technologies, Inc.",7381,"Services-Detective, Guard & Armored Car Services",56,54
FEIN 570847115,0001519401,RM,Regional Management Corp.,6141,Personal Credit Institutions,52,54
PRINCIPAL FINANCIAL,0001126328,PFG,PRINCIPAL FINANCIAL GROUP INC,6321,Accident & Health Insurance,52,53
FEIN 880085720,0001692115,SWX,"Southwest Gas Holdings, Inc.",4923,Natural Gas Transmisison & Distribution,22,53
FEIN 742976504,0001126956,SR,SPIRE INC,4924,Natural Gas Distribution,22,53
ARCHER AVIATION,0001824502,ACHR,Archer Aviation Inc.,3721,Aircraft,31-33,53
FEIN 954048939,0000910638,DDD,3D SYSTEMS CORP,7372,Services-Prepackaged Software,51,53
FEIN 364466253,0001683606,CARS,Cars.com Inc.,7374,Services-Computer Processing & Data Preparation,54,53
FEIN 810422894,0000750004,LNWO,"Light & Wonder, Inc.",7373,Services-Computer Integrated Systems Design,54,53
AUTOMATIC DATA PROCESSING,0000008670,ADP,AUTOMATIC DATA PROCESSING INC,7374,Services-Computer Processing & Data Preparation,54,52
FEIN 813181024,0001788451,LIFE,Ethos Technologies Inc.,6411,"Insurance Agents, Brokers & Service",52,52
FEIN 042797789,0001023313,FORR,"FORRESTER RESEARCH, INC.",8700,"Services-Engineering, Accounting, Research, Management",54,52
FEIN 160716709,0000016918,STZ,"CONSTELLATION BRANDS, INC.",2080,Beverages,31-33,51
FEIN 461809607,0001811935,PTRN,Pattern Group Inc.,5961,Retail-Catalog & Mail-Order Houses,44-45,51
FEIN 204327508,0001438133,TNDM,TANDEM DIABETES CARE INC,3841,Surgical & Medical Instruments & Apparatus,31-33,51
DAIMLER AG,0001067318,MBGAF,DAIMLER AG,3711,Motor Vehicles & Passenger Car Bodies,31-33,51
FEIN 521984749,0001082554,UTHR,UNITED THERAPEUTICS Corp,2834,Pharmaceutical Preparations,31-33,50
FEIN 990385461,0001583708,S,"SentinelOne, Inc.",7372,Services-Prepackaged Software,51,50
FEIN 341464672,0000764065,CLF,CLEVELAND-CLIFFS INC.,1000,Metal Mining,21,50
FEIN 933191139,0001519751,FBIN,"Fortune Brands Innovations, Inc.",2430,"Millwood, Veneer, Plywood, & Structural Wood Members",31-33,50
FEIN 463872213,0001714899,DNLI,Denali Therapeutics Inc.,2836,"Biological Products, (No Diagnostic Substances)",31-33,50
FEIN 750225040,0000099780,TRN,TRINITY INDUSTRIES INC,3743,Railroad Equipment,31-33,50
FEIN 270690799,0001580560,FLYW,Flywire Corp,7389,"Services-Business Services, NEC",56,50
FEIN 350225010,0000026058,CTS,CTS CORP,3672,Printed Circuit Boards,31-33,50
FEIN 452056131,0001740604,BTGO,"BITGO HOLDINGS, INC.",6199,Finance Services,52,50
FEIN 320272653,0001281721,SGIOF,SHIONOGI & CO LTD,8880,American Depositary Receipts,,50
FEIN 223627703,0001049521,MRCY,MERCURY SYSTEMS INC,3670,Electronic Components & Accessories,31-33,49
FEIN 260662915,0001439222,AGIO,"AGIOS PHARMACEUTICALS, INC.",2834,Pharmaceutical Preparations,31-33,49
FEIN 812562661,0002017526,FRNM,"Freenome, Inc.",8071,Services-Medical Laboratories,62,49
FEIN 842807586,0001861123,EIKN,"Eikon Therapeutics, Inc.",2836,"Biological Products, (No Diagnostic Substances)",31-33,49
FEIN 274296867,0001861795,DH,Definitive Healthcare Corp.,7372,Services-Prepackaged Software,51,49
FEIN 340276860,0000202058,LHX,"L3HARRIS TECHNOLOGIES, INC. /DE/",3812,"Search, Detection, Navigation, Guidance, Aeronautical Sys",31-33,48
WARNER MUSIC,0001319161,WMG,Warner Music Group Corp.,7900,Services-Amusement & Recreation Services,71,48
FEIN 412116508,0001366868,GSAT,"Globalstar, Inc.",4899,"Communications Services, NEC",51,48
FEIN 341818596,0001113232,ACLS,AXCELIS TECHNOLOGIES INC,3559,"Special Industry Machinery, NEC",31-33,48
FEIN 910462470,0000104918,AVA,AVISTA CORP,4931,Electric & Other Services Combined,22,48
FEIN 263101161,0001640428,EVER,"EverQuote, Inc.",7370,"Services-Computer Programming, Data Processing, Etc.",54,48
ALCON,0001167379,ALC,ALCON INC,3851,Ophthalmic Goods,31-33,47
FEIN 330525145,0000914475,NBIX,NEUROCRINE BIOSCIENCES INC,2836,"Biological Products, (No Diagnostic Substances)",31-33,47
FEIN 042882273,0000313143,HAE,HAEMONETICS CORP,3841,Surgical & Medical Instruments & Apparatus,31-33,47
FEIN 770218904,0000851520,EXPO,EXPONENT INC,8742,Services-Management Consulting Services,54,47
FEIN 341940305,0001323885,ATRC,"AtriCure, Inc.",3841,Surgical & Medical Instruments & Apparatus,31-33,47
FEIN 270838048,0001549595,NRIX,"Nurix Therapeutics, Inc.",2834,Pharmaceutical Preparations,31-33,47
FEIN 208280144,0001524566,WLTH,WEALTHFRONT CORP,6199,Finance Services,52,47
FEIN 475495280,0001819493,XOS,"Xos, Inc.",3714,Motor Vehicle Parts & Accessories,31-33,47
SEAGATE TECHNOLOGY,0001137789,STX,Seagate Technology Holdings plc,3572,Computer Storage Devices,31-33,46
TENET HEALTHCARE,0000070318,THC,TENET HEALTHCARE CORP,8062,"Services-General Medical & Surgical Hospitals, NEC",62,46
FRANKLIN TEMPLETON,0000038777,BEN,FRANKLIN TEMPLETON INC,6282,Investment Advice,52,46
FEIN 113136595,0001000228,HSIC,HENRY SCHEIN INC,5047,"Wholesale-Medical, Dental & Hospital Equipment & Supplies",42,46
WEATHERFORD INTERNATIONAL,0001603923,WFRD,Weatherford International plc,3533,Oil & Gas Field Machinery & Equipment,31-33,46
FEIN 363601505,0000913142,BDC,BELDEN INC.,3357,Drawing & Insulating of  Nonferrous Wire,31-33,46
FEIN 264087597,0001655210,BYND,"BEYOND MEAT, INC.",2000,Food and Kindred Products,31-33,46
FEIN 770466366,0001066194,EGAN,EGAIN Corp,7372,Services-Prepackaged Software,51,46
WILLIAMS COMPANIES,0000107263,WMB,"WILLIAMS COMPANIES, INC.",4922,Natural Gas Transmission,22,45
FEIN 340538550,0000091419,SJM,J M SMUCKER Co,2033,"Canned, Fruits, Veg, Preserves, Jams & Jellies",31-33,45
FEIN 133404508,0000908255,BWA,BORGWARNER INC,3714,Motor Vehicle Parts & Accessories,31-33,45
FEIN 431273600,0000720672,SF,STIFEL FINANCIAL CORP,6211,"Security Brokers, Dealers & Flotation Companies",52,45
FEIN 223514823,0001046257,INGR,Ingredion Inc,2040,Grain Mill Products,31-33,45
FEIN 275411834,0001517413,FSLY,"Fastly, Inc.",7372,Services-Prepackaged Software,51,45
FEIN 862528989,0001816581,OUST,"Ouster, Inc.",3569,"General Industrial Machinery & Equipment, NEC",31-33,45
FEIN 474303094,0001737953,REPL,"Replimune Group, Inc.",2836,"Biological Products, (No Diagnostic Substances)",31-33,45
FEIN 420802678,0000107687,WGO,WINNEBAGO INDUSTRIES INC,3716,Motor Homes,31-33,45
FEIN 811230166,0001759631,HYLN,Hyliion Holdings Corp.,3713,Truck & Bus Bodies,31-33,45
FEIN 061713274,0001327688,OOMA,OOMA INC,7374,Services-Computer Processing & Data Preparation,54,45
APOLLO GLOBAL MANAGEMENT,0001858681,APO,"Apollo Global Management, Inc.",6282,Investment Advice,52,44
HARTFORD INSURANCE,0000874766,HIG,"HARTFORD INSURANCE GROUP, INC.",6331,"Fire, Marine & Casualty Insurance",52,44
FEIN 390482000,0000067347,MOD,MODINE MANUFACTURING CO,3714,Motor Vehicle Parts & Accessories,31-33,44
WESTLAKE,0001262823,WLK,WESTLAKE CORP,2860,Industrial Organic Chemicals,31-33,44
FEIN 362478302,0000078890,BCO,BRINKS CO,4731,Arrangement of  Transportation of  Freight & Cargo,48-49,44
FEIN 831630228,0002100782,GENB,"Generate Biomedicines, Inc.",2834,Pharmaceutical Preparations,31-33,44
ILLINOIS TOOL WORKS,0000049826,ITW,ILLINOIS TOOL WORKS INC,3560,General Industrial Machinery & Equipment,31-33,43
FEIN 953551121,0001393311,PSA,Public Storage,6798,Real Estate Investment Trusts,52,43
FEIN 223627044,0001094366,RDWR,RADWARE LTD,7389,"Services-Business Services, NEC",56,43
FEIN 953797439,0000718937,STAA,STAAR SURGICAL CO,3851,Ophthalmic Goods,31-33,43
FEIN 743111935,0001560327,RPD,"Rapid7, Inc.",7372,Services-Prepackaged Software,51,43
FEIN 650750100,0001057379,HCKT,"HACKETT GROUP, INC.",8742,Services-Management Consulting Services,54,43
CREDIT SUISSE AG,0001053092,GLDI,CREDIT SUISSE AG,6211,"Security Brokers, Dealers & Flotation Companies",52,43
FEIN 464097528,0001650664,EDIT,"Editas Medicine, Inc.",2836,"Biological Products, (No Diagnostic Substances)",31-33,42
FEIN 222069427,0000700841,RCMT,"RCM TECHNOLOGIES, INC.",7363,Services-Help Supply Services,56,42
FEIN 770142404,0001023731,EGHT,8X8 INC /DE/,7374,Services-Computer Processing & Data Preparation,54,42
ON SEMICONDUCTOR,0001097864,ON,ON SEMICONDUCTOR CORP,3674,Semiconductors & Related Devices,31-33,41
FEIN 854299396,0001836833,PL,Planet Labs PBC,3663,Radio & Tv Broadcasting & Communications Equipment,31-33,41
MARRIOTT VACATIONS WORLDWIDE,0001524358,VAC,MARRIOTT VACATIONS WORLDWIDE Corp,6531,Real Estate Agents & Managers (For Others),53,41
FEIN 205455398,0001384101,VCYT,"VERACYTE, INC.",8071,Services-Medical Laboratories,62,41
FEIN 430955234,0001628369,CWK,Cushman & Wakefield Ltd.,6500,Real Estate,53,41
FEIN 200270429,0001459200,ALRM,"Alarm.com Holdings, Inc.",7372,Services-Prepackaged Software,51,41
FEIN 853174357,0001828318,ENVX,Enovix Corp,3690,"Miscellaneous Electrical Machinery, Equipment & Supplies",31-33,41
PROGRESSIVE,0000080661,PGR,PROGRESSIVE CORP/OH/,6331,"Fire, Marine & Casualty Insurance",52,40
FEIN 411956721,0001043277,CHRW,"C. H. ROBINSON WORLDWIDE, INC.",4731,Arrangement of  Transportation of  Freight & Cargo,48-49,40
WEYERHAEUSER,0000106535,WY,WEYERHAEUSER CO,6798,Real Estate Investment Trusts,52,40
FEIN 363795742,0000889331,LFUS,LITTELFUSE INC /DE,3613,Switchgear & Switchboard Apparatus,31-33,40
NORWEGIAN CRUISE LINE,0001513761,NCLH,Norwegian Cruise Line Holdings Ltd.,4400,Water Transportation,48-49,40
BATH AND BODY WORKS,0000701985,BBWI,"Bath & Body Works, Inc.",5990,"Retail-Retail Stores, NEC",44-45,40
FEIN 275411038,0001527753,PSNL,"Personalis, Inc.",8071,Services-Medical Laboratories,62,40
FEIN 562242657,0001514416,BAND,Bandwidth Inc.,7372,Services-Prepackaged Software,51,40
FEIN 800812659,0001549346,SSTK,"Shutterstock, Inc.",7374,Services-Computer Processing & Data Preparation,54,40
ORACLE,0001341439,ORCL,ORACLE CORP,7372,Services-Prepackaged Software,51,39
RESMED,0000943819,RMD,RESMED INC,3841,Surgical & Medical Instruments & Apparatus,31-33,39
FEIN 930835214,0000855658,LSCC,LATTICE SEMICONDUCTOR CORP,3674,Semiconductors & Related Devices,31-33,39
FEIN 464233385,0001649094,PCVX,"Vaxcyte, Inc.",2836,"Biological Products, (No Diagnostic Substances)",31-33,39
FEIN 331156466,0001796022,STEP,StepStone Group Inc.,6282,Investment Advice,52,39
FEIN 760638207,0001070235,BB,BLACKBERRY Ltd,7372,Services-Prepackaged Software,51,39
FEIN 451234222,0001573221,REAL,"TheRealReal, Inc.",5900,Retail-Miscellaneous Retail,44-45,39
WOODSIDE ENERGY,0000844551,WDS,WOODSIDE ENERGY GROUP LTD,1311,Crude Petroleum & Natural Gas,21,39
FEIN 042277512,0001049502,MKSI,MKS INC,3823,"Industrial Instruments For Measurement, Display, and Control",31-33,38
FEIN 570248420,0000091767,SON,SONOCO PRODUCTS CO,2650,Paperboard Containers & Boxes,31-33,38
SIGNET JEWELERS,0000832988,SIG,SIGNET JEWELERS LTD,5944,Retail-Jewelry Stores,44-45,38
ALIGNMENT HEALTHCARE,0001832466,ALHC,"Alignment Healthcare, Inc.",6324,Hospital & Medical Service Plans,52,38
FEIN 222267658,0000317788,APPS,"Digital Turbine, Inc.",6794,Patent Owners & Lessors,52,38
STONERIDGE,0001043337,SRI,STONERIDGE INC,3714,Motor Vehicle Parts & Accessories,31-33,38
FEIN 200514392,0001484612,OM,"Outset Medical, Inc.",3845,Electromedical & Electrotherapeutic Apparatus,31-33,38
FEIN 954717599,0001826889,BODI,"Beachbody Company, Inc.",5960,Retail-Nonstore Retailers,44-45,38
FEIN 341096634,0000766704,WELL,WELLTOWER INC.,6798,Real Estate Investment Trusts,52,37
WESTERN DIGITAL,0000106040,WDC,WESTERN DIGITAL CORP,3572,Computer Storage Devices,31-33,37
PROLOGIS,0001045609,PLD,"Prologis, Inc.",6798,Real Estate Investment Trusts,52,37
FEIN 800682103,0001506307,KMI,"KINDER MORGAN, INC.",4922,Natural Gas Transmission,22,37
FEIN 410948415,0000815556,FAST,FASTENAL CO,5200,"Retail-Building Materials, Hardware, Garden Supply",44-45,37
AXALTA COATING SYSTEMS,0001616862,AXTA,Axalta Coating Systems Ltd.,2851,"Paints, Varnishes, Lacquers, Enamels & Allied Prods",31-33,37
FEIN 753262430,0000097216,TEX,TEREX CORP,3537,"Industrial Trucks, Tractors, Trailors & Stackers",31-33,37
FLOOR AND DECOR,0001507079,FND,"Floor & Decor Holdings, Inc.",5211,Retail-Lumber & Other Building Materials Dealers,44-45,37
FEIN 410572550,0000097134,TNC,TENNANT CO,3580,Refrigeration & Service Industry Machinery,31-33,37
FEIN 132657051,0000712034,ACCO,ACCO BRANDS Corp,2780,"Blankbooks, Looseleaf Binders & Bookbindg & Relatd Work",31-33,37
FEIN 813983399,0001689375,TRDA,"Entrada Therapeutics, Inc.",2834,Pharmaceutical Preparations,31-33,37
FEIN 750725338,0000022444,CMC,COMMERCIAL METALS Co,3312,"Steel Works, Blast Furnaces & Rolling Mills (Coke Ovens)",31-33,37
INGERSOLL RAND,0001699150,IR,Ingersoll Rand Inc.,3560,General Industrial Machinery & Equipment,31-33,36
FEIN 272122990,0001849253,RYAN,"RYAN SPECIALTY HOLDINGS, INC.",6411,"Insurance Agents, Brokers & Service",52,36
FEIN 943291317,0001061983,CYTK,CYTOKINETICS INC,2834,Pharmaceutical Preparations,31-33,36
FEIN 371820831,0001567683,CWEN,"Clearway Energy, Inc.",4911,Electric Services,22,36
FEIN 381859358,0001076930,NOVT,NOVANTA INC,3690,"Miscellaneous Electrical Machinery, Equipment & Supplies",31-33,36
FEIN 260506743,0001464521,HTFL,"Heartflow, Inc.",3841,Surgical & Medical Instruments & Apparatus,31-33,36
FEIN 060918165,0000723612,CAR,"AVIS BUDGET GROUP, INC.",7510,Services-Auto Rental & Leasing (No Drivers),81,36
FEIN 680517515,0001757073,NVST,Envista Holdings Corp,3843,Dental Equipment & Supplies,31-33,36
FEIN 341562374,0000821026,ANDE,"Andersons, Inc.",5150,Wholesale-Farm Product Raw Materials,42,36
FEIN 222423556,0000109177,SPB,"Spectrum Brands Holdings, Inc.",3690,"Miscellaneous Electrical Machinery, Equipment & Supplies",31-33,36
FEIN 463837784,0001083446,ASTH,"Astrana Health, Inc.",8742,Services-Management Consulting Services,54,36
FMC,0000037785,FMC,FMC CORP,2800,Chemicals & Allied Products,31-33,36
FEIN 843097762,0001894562,PRME,"Prime Medicine, Inc.",2836,"Biological Products, (No Diagnostic Substances)",31-33,36
FEIN 330989359,0001294133,INGN,Inogen Inc,3842,"Orthopedic, Prosthetic & Surgical Appliances & Supplies",31-33,36
PG AND E,0001004980,PCG,PG&E Corp,4931,Electric & Other Services Combined,22,35
FEIN 263007140,0001493594,MTSI,"MACOM Technology Solutions Holdings, Inc.",3674,Semiconductors & Related Devices,31-33,35
FEIN 920919727,0001823945,OWL,BLUE OWL CAPITAL INC.,6282,Investment Advice,52,35
FEIN 954148514,0000831641,TTEK,TETRA TECH INC,8711,Services-Engineering Services,54,35
FEIN 390520270,0000775158,OSK,OSHKOSH CORP,3711,Motor Vehicles & Passenger Car Bodies,31-33,35
FEIN 510625438,0001827090,CERT,"Certara, Inc.",7372,Services-Prepackaged Software,51,35
FEIN 850402479,0001820721,ARRY,"Array Technologies, Inc.",3674,Semiconductors & Related Devices,31-33,35
FEIN 410222640,0000029644,DCI,DONALDSON Co INC,3564,Industrial & Commercial Fans & Blowers & Air Purifing Equip,31-33,35
ALPHABET,0001652044,GOOGL,Alphabet Inc.,7370,"Services-Computer Programming, Data Processing, Etc.",54,34
BAE SYSTEMS,0000895564,BAESY,BAE SYSTEMS PLC /FI/,,,,34
ENERGY TRANSFER,0001276187,ET,Energy Transfer LP,4922,Natural Gas Transmission,22,34
FEIN 251701361,0001120914,PDFS,PDF SOLUTIONS INC,7372,Services-Prepackaged Software,51,34
FEIN 352426358,0001538379,IBTA,"Ibotta, Inc.",7310,Services-Advertising,56,34
FEIN 813434516,0001681622,VREX,Varex Imaging Corp,3679,"Electronic Components, NEC",31-33,34
FEIN 231483991,0002104052,NVRI,Enviri Corp,4953,Refuse Systems,22,34
FEIN 371827430,0001818644,LIDR,"AEye, Inc.",3714,Motor Vehicle Parts & Accessories,31-33,34
FEIN 942703333,0001177394,SNX,TD SYNNEX CORP,5045,Wholesale-Computers & Peripheral Equipment & Software,42,34
HILTON WORLDWIDE,0001585689,HLT,Hilton Worldwide Holdings Inc.,7011,Hotels & Motels,72,33
FEIN 208579133,0001396009,VMC,Vulcan Materials CO,1400,Mining & Quarrying of  Nonmetallic Minerals (No Fuels),21,33
FEIN 541692118,0000915913,ALB,ALBEMARLE CORP,2821,"Plastic Materials, Synth Resins & Nonvulcan Elastomers",31-33,33
FEIN 272485512,0001516513,DOCS,"Doximity, Inc.",7371,Services-Computer Programming Services,54,33
FEIN 131166910,0000078239,PVH,PVH CORP. /DE/,2320,"Men's & Boys' Furnishgs, Work Clothg, & Allied Garments",31-33,33
FEIN 271911389,0001500412,AMBQ,"Ambiq Micro, Inc.",3674,Semiconductors & Related Devices,31-33,33
GE VERNOVA,0001996810,GEV,GE Vernova Inc.,3600,Electronic & Other Electrical Equipment (No Computer Equip),31-33,32
FEIN 561848578,0000916076,MLM,MARTIN MARIETTA MATERIALS INC,1400,Mining & Quarrying of  Nonmetallic Minerals (No Fuels),21,32
FEIN 330336973,0000874015,IONS,IONIS PHARMACEUTICALS INC,2834,Pharmaceutical Preparations,31-33,32
FEIN 333075644,0002067876,VSNT,"Versant Media Group, Inc.",4833,Television Broadcasting Stations,51,32
FEIN 753254381,0001425205,IOVA,"IOVANCE BIOTHERAPEUTICS, INC.",2836,"Biological Products, (No Diagnostic Substances)",31-33,32
ZIFF DAVIS,0001084048,ZD,"ZIFF DAVIS, INC.",4822,Telegraph & Other Message Communications,51,32
FEIN 133346717,0001941365,MBC,"MasterBrand, Inc.",2511,"Wood Household Furniture, (No Upholstered)",31-33,32
FEIN 952698708,0000807882,JACK,JACK IN THE BOX INC,5812,Retail-Eating  Places,72,32
FEIN 462007094,0001874097,CYN,Cyngn Inc.,7371,Services-Computer Programming Services,54,32
INTERACTIVE BROKERS,0001381197,IBKR,"Interactive Brokers Group, Inc.",6211,"Security Brokers, Dealers & Flotation Companies",52,31
FEIN 731567067,0001090012,DVN,DEVON ENERGY CORP/DE,1311,Crude Petroleum & Natural Gas,21,31
GLOBE LIFE,0000320335,GL,GLOBE LIFE INC.,6311,Life Insurance,52,31
ALLEGION,0001579241,ALLE,Allegion plc,7381,"Services-Detective, Guard & Armored Car Services",56,31
FEIN 410580470,0000737758,TTC,TORO CO,3524,Lawn & Garden Tractors & Home Lawn & Gardens Equip,31-33,31
FEIN 911650317,0001433660,JBTM,JBT MAREL Corp,3550,Special Industry Machinery (No Metalworking Machinery),31-33,31
FEIN 382030505,0000355811,GNTX,GENTEX CORP,3714,Motor Vehicle Parts & Accessories,31-33,31
FEIN 270907024,0001478320,ADPT,Adaptive Biotechnologies Corp,2836,"Biological Products, (No Diagnostic Substances)",31-33,31
FEIN 030486428,0001660280,TENB,"Tenable Holdings, Inc.",7372,Services-Prepackaged Software,51,31
FEIN 340183970,0000028823,DBD,"DIEBOLD NIXDORF, Inc",3578,Calculating & Accounting Machines (No Electronic Computers),31-33,31
FEIN 620873631,0000792987,ASTE,ASTEC INDUSTRIES INC,3531,Construction Machinery & Equip,31-33,31
FEIN 010724376,0001201792,APEI,AMERICAN PUBLIC EDUCATION INC,8200,Services-Educational Services,61,31
FEIN 133060083,0001632127,CABO,"Cable One, Inc.",4841,Cable & Other Pay Television Services,51,31
FEIN 161095651,0001420798,RBGLY,RECKITT BENCKISER GROUP PLC,,,,30
FEIN 452080495,0001524472,XYL,Xylem Inc.,3561,Pumps & Pumping Equipment,31-33,30
WESCO INTERNATIONAL,0000929008,WCC,WESCO INTERNATIONAL INC,5063,"Wholesale-Electrical Apparatus & Equipment, Wiring Supplies ",42,30
FEIN 541163725,0000874761,AES,AES CORP,4991,Cogeneration Services & Small Power Producers,22,30
FEIN 042729386,0000730272,RGEN,REPLIGEN CORP,2836,"Biological Products, (No Diagnostic Substances)",31-33,30
BRINKER INTERNATIONAL,0000703351,EAT,"BRINKER INTERNATIONAL, INC",5812,Retail-Eating  Places,72,30
FEIN 825339416,0001739445,ACA,"Arcosa, Inc.",3440,Fabricated Structural Metal Products,31-33,30
LITHIA MOTORS,0001023128,LAD,LITHIA MOTORS INC,5500,Retail-Auto Dealers & Gasoline Stations,44-45,30
ATLANTICUS,0001464343,ATLC,Atlanticus Holdings Corp,6141,Personal Credit Institutions,52,30
FEIN 770553536,0001387467,AOSL,ALPHA & OMEGA SEMICONDUCTOR Ltd,3674,Semiconductors & Related Devices,31-33,30
FEIN 264009181,0001484778,TDUP,ThredUp Inc.,5961,Retail-Catalog & Mail-Order Houses,44-45,30
FEIN 060570975,0000101829,RTX,RTX Corp,3724,Aircraft Engines & Engine Parts,31-33,29
TOYOTA MOTOR,0001094517,TM,TOYOTA MOTOR CORP/,3711,Motor Vehicles & Passenger Car Bodies,31-33,29
CLEAN HARBORS,0000822818,CLH,CLEAN HARBORS INC,4955,Hazardous Waste Management,22,29
HYATT HOTELS,0001468174,H,Hyatt Hotels Corp,7011,Hotels & Motels,72,29
OWENS CORNING,0001370946,OC,Owens Corning,3290,"Abrasive, Asbestos & Misc Nonmetallic Mineral Prods",31-33,29
FEIN 510105665,0001604028,WMS,"ADVANCED DRAINAGE SYSTEMS, INC.",3086,Plastics Foam Products,31-33,29
FEIN 751285071,0000802481,PPC,PILGRIMS PRIDE CORP,2015,Poultry Slaughtering and Processing,31-33,29
FEIN 811209168,0001820144,GRND,Grindr Inc.,7370,"Services-Computer Programming, Data Processing, Etc.",54,29
COHU,0000021535,COHU,COHU INC,3825,Instruments For Meas & Testing of  Electricity & Elec Signals,31-33,29
PRA,0001185348,PRAA,PRA GROUP INC,6153,Short-Term Business Credit Institutions,52,29
FEIN 463003182,0001640266,VYGR,"Voyager Therapeutics, Inc.",2836,"Biological Products, (No Diagnostic Substances)",31-33,29
FEIN 271113325,0001993400,FATN,Fatpipe Inc/UT,7372,Services-Prepackaged Software,51,29
FEIN 274326290,0001609809,MCRB,"Seres Therapeutics, Inc.",2834,Pharmaceutical Preparations,31-33,29
FEIN 263931704,0001503802,KPTI,Karyopharm Therapeutics Inc.,2834,Pharmaceutical Preparations,31-33,29
MSC INDUSTRIAL DIRECT,0001003078,MSM,MSC INDUSTRIAL DIRECT CO INC,5084,Wholesale-Industrial Machinery & Equipment,42,29
CME,0001156375,CME,CME GROUP INC.,6200,"Security & Commodity Brokers, Dealers, Exchanges & Services",52,28
FEIN 250317820,0000004281,HWM,Howmet Aerospace Inc.,3350,Rolling Drawing & Extruding of  Nonferrous Metals,31-33,28
FEIN 231722724,0001047127,AMKR,"AMKOR TECHNOLOGY, INC.",3674,Semiconductors & Related Devices,31-33,28
FEIN 630860407,0000785161,EHC,Encompass Health Corp,8060,Services-Hospitals,62,28
FEIN 411689746,0001869198,LTH,"Life Time Group Holdings, Inc.",7997,Services-Membership Sports & Recreation Clubs,71,28
FEIN 611088522,0000868857,ACM,AECOM,8711,Services-Engineering Services,54,28
H AND R BLOCK,0000012659,HRB,H&R BLOCK INC,7200,Services-Personal Services,81,28
FEIN 363352497,0000769520,MIDD,MIDDLEBY Corp,3580,Refrigeration & Service Industry Machinery,31-33,28
FEIN 341730488,0001122976,AVNT,AVIENT CORP,2821,"Plastic Materials, Synth Resins & Nonvulcan Elastomers",31-33,28
FEIN 465216257,0001794669,FOUR,"Shift4 Payments, Inc.",7389,"Services-Business Services, NEC",56,28
HEALTHCARE SERVICES,0000731012,HCSG,HEALTHCARE SERVICES GROUP INC,8050,Services-Nursing & Personal Care Facilities,62,28
FEIN 043559972,0001145986,ASPN,ASPEN AEROGELS INC,5030,Wholesale-Lumber & Other Construction Materials,42,28
FEIN 030491827,0001347178,VNDA,Vanda Pharmaceuticals Inc.,2834,Pharmaceutical Preparations,31-33,28
FEIN 871583942,0001872789,EMBC,Embecta Corp.,3841,Surgical & Medical Instruments & Apparatus,31-33,28
FEIN 680359556,0001001233,SGMOQ,"SANGAMO THERAPEUTICS, INC",2836,"Biological Products, (No Diagnostic Substances)",31-33,28
FEIN 881235576,0000771999,DSS,"DSS, INC.",2650,Paperboard Containers & Boxes,31-33,28
CONSTELLATION ENERGY,0001868275,CEG,Constellation Energy Corp,4911,Electric Services,22,27
DOLLAR TREE,0000935703,DLTR,"DOLLAR TREE, INC.",5331,Retail-Variety Stores,44-45,27
ELANCO ANIMAL HEALTH,0001739104,ELAN,Elanco Animal Health Inc,2834,Pharmaceutical Preparations,31-33,27
FEIN 042591836,0001672013,GOLF,Acushnet Holdings Corp.,3949,"Sporting & Athletic Goods, NEC",31-33,27
FEIN 453079342,0001841156,PAY,"Paymentus Holdings, Inc.",7389,"Services-Business Services, NEC",56,27
FEIN 223672377,0001093691,PLUG,PLUG POWER INC,3620,Electrical Industrial Apparatus,31-33,27
FEIN 060853042,0000886128,FCEL,FUELCELL ENERGY INC,3620,Electrical Industrial Apparatus,31-33,27
FEIN 264741839,0001891027,MNTN,"MNTN, Inc.",7310,Services-Advertising,56,27
FEIN 591517485,0000720005,RJF,RAYMOND JAMES FINANCIAL INC,6211,"Security Brokers, Dealers & Flotation Companies",52,26
FEIN 843332269,0001681459,FTI,TechnipFMC plc,3533,Oil & Gas Field Machinery & Equipment,31-33,26
FEIN 340359955,0000059527,LECO,LINCOLN ELECTRIC HOLDINGS INC,3540,Metalworkg Machinery & Equipment,31-33,26
FEIN 340117420,0000109563,AIT,APPLIED INDUSTRIAL TECHNOLOGIES INC,5080,"Wholesale-Machinery, Equipment & Supplies",42,26
FEIN 731481638,0001021635,OGE,OGE ENERGY CORP.,4911,Electric Services,22,26
FEIN 770024818,0000772406,CRUS,"CIRRUS LOGIC, INC.",3674,Semiconductors & Related Devices,31-33,26
FEIN 811082020,0002070849,BLLN,"BillionToOne, Inc.",8071,Services-Medical Laboratories,62,26
FEIN 463561936,0001587732,OGS,"ONE Gas, Inc.",4924,Natural Gas Distribution,22,26
BREAD FINANCIAL,0001101215,BFH,"BREAD FINANCIAL HOLDINGS, INC.",6141,Personal Credit Institutions,52,26
FEIN 871554861,0001886428,SLDE,"Slide Insurance Holdings, Inc.",6331,"Fire, Marine & Casualty Insurance",52,26
FEIN 412015127,0001092699,SPSC,SPS COMMERCE INC,7372,Services-Prepackaged Software,51,26
FEIN 382367843,0000711377,NEOG,NEOGEN CORP,2835,In Vitro & In Vivo Diagnostic Substances,31-33,26
RH,0001528849,RH,RH,5712,Retail-Furniture Stores,44-45,26
FEIN 272793871,0001568100,PD,"PagerDuty, Inc.",7372,Services-Prepackaged Software,51,26
FEIN 770419172,0001122904,NTGR,"NETGEAR, INC.",3576,Computer Communications Equipment,31-33,26
FEIN 522000730,0001616543,SENS,"Senseonics Holdings, Inc.",3823,"Industrial Instruments For Measurement, Display, and Control",31-33,26
FEIN 141902018,0001367644,EBS,Emergent BioSolutions Inc.,2834,Pharmaceutical Preparations,31-33,26
FEIN 814928437,0001808805,NAUT,"Nautilus Biotechnology, Inc.",3826,Laboratory Analytical Instruments,31-33,26
HERE,0001932770,HERE,Here Group Ltd,5945,"Retail-Hobby, Toy & Game Shops",44-45,26
FEIN 680623433,0001378950,PRTS,"CarParts.com, Inc.",5531,Retail-Auto & Home Supply Stores,44-45,26
FEIN 861072180,0002028464,ENT,"ENTRATA, INC.",7372,Services-Prepackaged Software,51,26
FEIN 351929476,0001022671,STLD,STEEL DYNAMICS INC,3312,"Steel Works, Blast Furnaces & Rolling Mills (Coke Ovens)",31-33,25
CF INDUSTRIES,0001324404,CF,"CF Industries Holdings, Inc.",2870,Agricultural Chemicals,31-33,25
EVERGY,0001711269,EVRG,"Evergy, Inc.",4931,Electric & Other Services Combined,22,25
FEIN 770228183,0000897723,SANM,SANMINA CORP,3672,Printed Circuit Boards,31-33,25
FEIN 520845861,0000091388,SFD,SMITHFIELD FOODS INC,2011,Meat Packing Plants,31-33,25
FEIN 474673720,0002065636,MWH,"SOLV Energy, Inc.",1600,Heavy Construction Other Than Bldg Const - Contractors,23,25
FEIN 043444218,0001111928,IPGP,IPG PHOTONICS CORP,3674,Semiconductors & Related Devices,31-33,25
FEIN 464084185,0001821769,NVTS,Navitas Semiconductor Corp,3674,Semiconductors & Related Devices,31-33,25
FEIN 135657518,0000791963,OPY,OPPENHEIMER HOLDINGS INC,6211,"Security Brokers, Dealers & Flotation Companies",52,25
FEIN 270117058,0001667011,AIP,"Arteris, Inc.",3674,Semiconductors & Related Devices,31-33,25
FEIN 870418827,0000807863,MITK,MITEK SYSTEMS INC,3577,"Computer Peripheral Equipment, NEC",31-33,25
FEIN 250644320,0000063296,MATW,MATTHEWS INTERNATIONAL CORP,3360,Nonferrous Foundries (Castings),31-33,25
FEIN 341113319,0001712463,PACK,Ranpak Holdings Corp.,2670,Converted Paper & Paperboard Prods (No Contaners/Boxes),31-33,25
FEIN 821236867,0001718728,SYTN,Syntiant Corp.,3674,Semiconductors & Related Devices,31-33,25
FEIN 133095268,0001070304,IX,ORIX CORP,6159,Miscellaneous Business Credit Institution,52,24
FEIN 900648790,0001329099,BIDU,"Baidu, Inc.",7370,"Services-Computer Programming, Data Processing, Etc.",54,24
NOMURA,0001163653,NMR,NOMURA HOLDINGS INC,6211,"Security Brokers, Dealers & Flotation Companies",52,24
DARDEN RESTAURANTS,0000940944,DRI,DARDEN RESTAURANTS INC,5812,Retail-Eating  Places,72,24
PLAINS ALL AMERICAN PIPELINE,0001070423,PAA,PLAINS ALL AMERICAN PIPELINE LP,4610,Pipe Lines (No Natural Gas),48-49,24
REINSURANCE GROUP OF AMERICA,0000898174,RGA,REINSURANCE GROUP OF AMERICA INC,6311,Life Insurance,52,24
FEIN 831629418,0000096943,TFX,TELEFLEX INC,3841,Surgical & Medical Instruments & Apparatus,31-33,24
FEIN 954371716,0000043920,GEF,"GREIF, INC",3412,"Metal Shipping Barrels, Drums, Kegs & Pails",31-33,24
MAGNITE,0001595974,MGNI,"MAGNITE, INC.",7370,"Services-Computer Programming, Data Processing, Etc.",54,24
FEIN 930768752,0000730263,THO,THOR INDUSTRIES INC,3716,Motor Homes,31-33,24
FEIN 943134940,0000906709,NKTR,NEKTAR THERAPEUTICS,2834,Pharmaceutical Preparations,31-33,24
FEIN 660449729,0001559865,EVTC,"EVERTEC, Inc.",7374,Services-Computer Processing & Data Preparation,54,24
FEIN 811591163,0001817229,VOR,Vor Biopharma Inc.,2836,"Biological Products, (No Diagnostic Substances)",31-33,24
FEIN 133607736,0000899460,MNKD,MANNKIND CORP,2834,Pharmaceutical Preparations,31-33,24
FEIN 330702205,0001297184,AMPH,"Amphastar Pharmaceuticals, Inc.",2834,Pharmaceutical Preparations,31-33,24
FEIN 453935628,0001665988,BVS,Bioventus Inc.,3841,Surgical & Medical Instruments & Apparatus,31-33,24
FEIN 384098362,0002055592,GEMI,"Gemini Space Station, Inc.",6199,Finance Services,52,24
FEIN 460920988,0001604464,ATRA,"Atara Biotherapeutics, Inc.",2836,"Biological Products, (No Diagnostic Substances)",31-33,24
FEIN 813909017,0001785279,MGX,"Metagenomi Therapeutics, Inc.",2836,"Biological Products, (No Diagnostic Substances)",31-33,24
COLGATE PALMOLIVE,0000021665,CL,COLGATE PALMOLIVE CO,2844,"Perfumes, Cosmetics & Other Toilet Preparations",31-33,23
ALLSTATE,0000899051,ALL,ALLSTATE CORP,6331,"Fire, Marine & Casualty Insurance",52,23
FEIN 460408024,0000879407,ARWR,"ARROWHEAD PHARMACEUTICALS, INC.",2834,Pharmaceutical Preparations,31-33,23
FEIN 730780382,0000875357,BOKF,BOK FINANCIAL CORP,6021,National Commercial Banks,52,23
FEDERAL NATIONAL MORTGAGE ASSOCIATION FANNIE MAE,0000310522,FNMA,FEDERAL NATIONAL MORTGAGE ASSOCIATION FANNIE MAE,6111,Federal & Federally-Sponsored Credit Agencies,52,23
KONTOOR BRANDS,0001760965,KTB,"Kontoor Brands, Inc.",2320,"Men's & Boys' Furnishgs, Work Clothg, & Allied Garments",31-33,23
FEIN 364899036,0002104204,ALMR,"Alamar Biosciences, Inc.",3826,Laboratory Analytical Instruments,31-33,23
FEIN 474027764,0001653477,NGVT,Ingevity Corp,2800,Chemicals & Allied Products,31-33,23
FEIN 250900168,0000055242,KMT,KENNAMETAL INC,3541,"Machine Tools, Metal Cutting Types",31-33,23
FEIN 464099738,0001601830,RXRX,"RECURSION PHARMACEUTICALS, INC.",2836,"Biological Products, (No Diagnostic Substances)",31-33,23
WENDY S,0000030697,WEN,Wendy's Co,5810,Retail-Eating & Drinking Places,72,23
FEIN 380751137,0000057131,LZB,LA-Z-BOY INC,2510,Household Furniture,31-33,23
VIRTUS INVESTMENT PARTNERS,0000883237,VRTS,"VIRTUS INVESTMENT PARTNERS, INC.",6282,Investment Advice,52,23
FEIN 460933951,0001728688,IIIV,"i3 Verticals, Inc.",7372,Services-Prepackaged Software,51,23
FEIN 954595609,0001023459,SLP,"Simulations Plus, Inc.",7373,Services-Computer Integrated Systems Design,54,23
FEIN 651311552,0001434316,FATE,FATE THERAPEUTICS INC,2836,"Biological Products, (No Diagnostic Substances)",31-33,23
FEIN 463109268,0001816431,QSI,Quantum-Si Inc,3829,"Measuring & Controlling Devices, NEC",31-33,23
ALSTOM,0001062066,AOMFF,ALSTOM,3621,Motors & Generators,31-33,23
MITSUBISHI UFJ FINANCIAL,0000067088,MUFG,MITSUBISHI UFJ FINANCIAL GROUP INC,6029,"Commercial Banks, NEC",52,22
EMERSON ELECTRIC,0000032604,EMR,EMERSON ELECTRIC CO,3600,Electronic & Other Electrical Equipment (No Computer Equip),31-33,22
FEIN 560751714,0000878927,ODFL,"OLD DOMINION FREIGHT LINE, INC.",4213,Trucking (No Local),48-49,22
VIATRIS,0001792044,VTRS,Viatris Inc,2834,Pharmaceutical Preparations,31-33,22
FEIN 330945406,0001192448,GKOS,GLAUKOS Corp,3841,Surgical & Medical Instruments & Apparatus,31-33,22
FEDERATED HERMES,0001056288,FHI,"FEDERATED HERMES, INC.",6282,Investment Advice,52,22
FEIN 371341308,0001748797,DOO,BRP Inc.,3790,Miscellaneous Transportation Equipment,31-33,22
ROGERS,0000084748,ROG,ROGERS CORP,2821,"Plastic Materials, Synth Resins & Nonvulcan Elastomers",31-33,22
FEIN 205560161,0001393434,OCUL,"OCULAR THERAPEUTIX, INC",2834,Pharmaceutical Preparations,31-33,22
FEIN 472415221,0001637873,ACVA,ACV Auctions Inc.,7389,"Services-Business Services, NEC",56,22
FEIN 522209244,0001235468,LQDT,LIQUIDITY SERVICES INC,7389,"Services-Business Services, NEC",56,22
FEIN 452355015,0001611115,OMDA,"Omada Health, Inc.",8000,Services-Health Services,62,22
FEIN 341185757,0001875444,ARHS,"Arhaus, Inc.",5712,Retail-Furniture Stores,44-45,22
FEIN 471785452,0001861107,CBLL,"Ceribell, Inc.",3845,Electromedical & Electrotherapeutic Apparatus,31-33,22
FEIN 202275479,0001412408,PHR,"Phreesia, Inc.",7389,"Services-Business Services, NEC",56,22
FEIN 630918200,0000926282,ADTN,"ADTRAN Holdings, Inc.",3661,Telephone & Telegraph Apparatus,31-33,22
FEIN 680262011,0001020214,CERS,CERUS CORP,3841,Surgical & Medical Instruments & Apparatus,31-33,22
FEIN 470926186,0001382101,STRO,"SUTRO BIOPHARMA, INC.",2836,"Biological Products, (No Diagnostic Substances)",31-33,22
FEIN 825282075,0001783328,TCRX,"TScan Therapeutics, Inc.",2836,"Biological Products, (No Diagnostic Substances)",31-33,22
FEIN 591995548,0000313616,DHR,DANAHER CORP /DE/,3823,"Industrial Instruments For Measurement, Display, and Control",31-33,21
WATERS,0001000697,WAT,WATERS CORP /DE/,3826,Laboratory Analytical Instruments,31-33,21
FEIN 465630757,0001635088,ROIV,Roivant Sciences Ltd.,2834,Pharmaceutical Preparations,31-33,21
EQUITABLE,0001333986,EQH,"Equitable Holdings, Inc.",6411,"Insurance Agents, Brokers & Service",52,21
FEIN 333437354,0002064953,SOLS,Solstice Advanced Materials Inc.,2800,Chemicals & Allied Products,31-33,21
LKQ,0001065696,LKQ,LKQ CORP,5010,Wholesale-Motor Vehicles & Motor Vehicle Parts & Supplies,42,21
FEIN 870816490,0001872195,BLSH,Bullish,6199,Finance Services,52,21
FEIN 571222280,0001361113,VRNS,VARONIS SYSTEMS INC,7372,Services-Prepackaged Software,51,21
FEIN 831276474,0001784570,BETA,"BETA Technologies, Inc.",3721,Aircraft,31-33,21
DAVE,0001841408,DAVE,Dave Inc./DE,6199,Finance Services,52,21
FEIN 474268251,0001676725,IDYA,"IDEAYA Biosciences, Inc.",2834,Pharmaceutical Preparations,31-33,21
FEIN 364883909,0001818794,DYN,"Dyne Therapeutics, Inc.",2834,Pharmaceutical Preparations,31-33,21
FEIN 134108681,0001024305,COTY,COTY INC.,2844,"Perfumes, Cosmetics & Other Toilet Preparations",31-33,21
FEIN 412070700,0001530804,TROX,Tronox Holdings plc,2810,Industrial Inorganic Chemicals,31-33,21
FEIN 760446294,0001958086,CLB,Core Laboratories Inc. /DE/,1389,"Oil & Gas Field Services, NEC",21,21
FEIN 770487658,0001088856,CORT,CORCEPT THERAPEUTICS INC,2834,Pharmaceutical Preparations,31-33,20
WATTS WATER TECHNOLOGIES,0000795403,WTS,WATTS WATER TECHNOLOGIES INC,3490,Miscellaneous Fabricated Metal Products,31-33,20
AXIS CAPITAL,0001214816,AXS,AXIS CAPITAL HOLDINGS LTD,6331,"Fire, Marine & Casualty Insurance",52,20
FEIN 320415449,0001657573,XMTR,"Xometry, Inc.",7389,"Services-Business Services, NEC",56,20
FEIN 940519552,0000861459,GVA,GRANITE CONSTRUCTION INC,1600,Heavy Construction Other Than Bldg Const - Contractors,23,20
REYNOLDS CONSUMER PRODUCTS,0001786431,REYN,Reynolds Consumer Products Inc.,2673,"Plastics, Foil & Coated Paper Bags",31-33,20
FEIN 042271897,0000016040,CBT,CABOT CORP,2890,Miscellaneous Chemical Products,31-33,20
NEWMARK,0001690680,NMRK,"NEWMARK GROUP, INC.",6531,Real Estate Agents & Managers (For Others),53,20
FEIN 330238801,0001039065,OSIS,OSI SYSTEMS INC,3674,Semiconductors & Related Devices,31-33,20
FEIN 202149352,0002085187,BOBS,"Bob's Discount Furniture, Inc.",5712,Retail-Furniture Stores,44-45,20
FEIN 911287341,0000768899,TBI,"TrueBlue, Inc.",7363,Services-Help Supply Services,56,20
FEIN 611677171,0001856725,RANI,"Rani Therapeutics Holdings, Inc.",2834,Pharmaceutical Preparations,31-33,20
FEIN 800376379,0001468327,RENT,"Rent the Runway, Inc.",5990,"Retail-Retail Stores, NEC",44-45,20
FEIN 390622040,0000091440,SNA,Snap-on Inc,3420,"Cutlery, Handtools & General Hardware",31-33,19
FEIN 410285640,0000042888,GGG,GRACO INC,3561,Pumps & Pumping Equipment,31-33,19
FEIN 990365994,0002003292,KLAR,Klarna Group plc,6199,Finance Services,52,19
FEIN 042103460,0000717954,UNF,UNIFIRST CORP,7200,Services-Personal Services,81,19
RADIAN,0000890926,RDN,RADIAN GROUP INC,6351,Surety Insurance,52,19
FEIN 930609074,0000060519,LPX,LOUISIANA-PACIFIC CORP,2400,Lumber & Wood Products (No Furniture),31-33,19
FEIN 952628227,0000073756,OII,OCEANEERING INTERNATIONAL INC,1389,"Oil & Gas Field Services, NEC",21,19
FEIN 770201147,0000851310,HLIT,HARMONIC INC.,3663,Radio & Tv Broadcasting & Communications Equipment,31-33,19
FEIN 061562737,0000810332,RJET,REPUBLIC AIRWAYS HOLDINGS INC.,4512,"Air Transportation, Scheduled",48-49,19
FEIN 430197190,0000014707,CAL,CALERES INC,3140,"Footwear, (No Rubber)",31-33,19
FEIN 475271393,0001822462,FHTX,Foghorn Therapeutics Inc.,2834,Pharmaceutical Preparations,31-33,19
FEIN 862130805,0001823878,MYPS,"PLAYSTUDIOS, Inc.",7372,Services-Prepackaged Software,51,19
FEIN 043306140,0001123494,HBIO,HARVARD BIOSCIENCE INC,3826,Laboratory Analytical Instruments,31-33,19
TC ENERGY,0001232384,TRP,TC ENERGY CORP,4922,Natural Gas Transmission,22,19
MARVELL TECHNOLOGY,0001835632,MRVL,"Marvell Technology, Inc.",3674,Semiconductors & Related Devices,31-33,18
ARTHUR J GALLAGHER,0000354190,AJG,Arthur J. Gallagher & Co.,6411,"Insurance Agents, Brokers & Service",52,18
IRON MOUNTAIN,0001020569,IRM,IRON MOUNTAIN INC,6798,Real Estate Investment Trusts,52,18
FEIN 812992166,0001815442,KYMR,"Kymera Therapeutics, Inc.",2836,"Biological Products, (No Diagnostic Substances)",31-33,18
BAUSCH AND LOMB,0001860742,BLCO,Bausch & Lomb Corp,3851,Ophthalmic Goods,31-33,18
FEIN 473923475,0001812364,RLAY,"Relay Therapeutics, Inc.",2836,"Biological Products, (No Diagnostic Substances)",31-33,18
FEIN 133588231,0000913241,SHOO,"STEVEN MADDEN, LTD.",3140,"Footwear, (No Rubber)",31-33,18
TRUSTMARK,0000036146,TRMK,TRUSTMARK CORP,6021,National Commercial Banks,52,18
FEIN 461140696,0000871763,MAN,ManpowerGroup Inc.,7363,Services-Help Supply Services,56,18
FEIN 270476525,0001468748,KOD,Kodiak Sciences Inc.,2836,"Biological Products, (No Diagnostic Substances)",31-33,18
OLIN,0000074303,OLN,OLIN Corp,2800,Chemicals & Allied Products,31-33,18
FEIN 380837640,0000066382,MLKN,"MILLERKNOLL, INC.",2520,Office Furniture,31-33,18
FEIN 263302902,0001609151,WEAV,"Weave Communications, Inc.",7372,Services-Prepackaged Software,51,18
FEIN 521375208,0000879526,WNC,WABASH NATIONAL Corp,3715,Truck Trailers,31-33,18
FEIN 620211340,0000018498,GCO,GENESCO INC,5661,Retail-Shoe Stores,44-45,18
FEIN 061591613,0001125345,MGNX,MACROGENICS INC,2834,Pharmaceutical Preparations,31-33,18
FEIN 811152476,0001736730,CAMP,Camp4 Therapeutics Corp,2834,Pharmaceutical Preparations,31-33,18
FEIN 522247327,0000785557,DLHC,DLH Holdings Corp.,7363,Services-Help Supply Services,56,18
FEIN 823912740,0001775734,BENF,Beneficient,6199,Finance Services,52,18
ANHEUSER BUSCH INBEV SA,0001668717,BUD,Anheuser-Busch InBev SA/NV,2082,Malt Beverages,31-33,17
UNILEVER,0000217410,UL,UNILEVER PLC,2840,"Soap, Detergents, Cleang Preparations, Perfumes, Cosmetics",31-33,17
FEIN 393317511,0002089271,HONA,Honeywell Aerospace Inc.,3724,Aircraft Engines & Engine Parts,31-33,17
FIFTH THIRD BANCORP,0000035527,FITB,FIFTH THIRD BANCORP,6022,State Commercial Banks,52,17
JONES LANG LASALLE,0001037976,JLL,JONES LANG LASALLE INC,6531,Real Estate Agents & Managers (For Others),53,17
FEIN 340577130,0000098362,TKR,TIMKEN CO,3562,Ball & Roller Bearings,31-33,17
PERDOCEO EDUCATION,0001046568,PRDO,PERDOCEO EDUCATION Corp,8200,Services-Educational Services,61,17
FEIN 381185150,0000110471,WWW,WOLVERINE WORLD WIDE INC /DE/,3140,"Footwear, (No Rubber)",31-33,17
FEIN 263324763,0001096752,EPC,EDGEWELL PERSONAL CARE Co,2844,"Perfumes, Cosmetics & Other Toilet Preparations",31-33,17
FEIN 900943402,0001707502,SLDB,Solid Biosciences Inc.,2836,"Biological Products, (No Diagnostic Substances)",31-33,17
FEIN 111362020,0000093389,SMP,"STANDARD MOTOR PRODUCTS, INC.",3714,Motor Vehicle Parts & Accessories,31-33,17
FEIN 510371142,0001866633,CCSI,"Consensus Cloud Solutions, Inc.",7372,Services-Prepackaged Software,51,17
FEIN 933029990,0001835856,BETR,Better Home & Finance Holding Co,6163,Loan Brokers,52,17
FEIN 463951329,0001596961,RDNW,"RideNow Group, Inc.",7371,Services-Computer Programming Services,54,17
FEIN 870554725,0001505952,DOMO,"DOMO, INC.",7372,Services-Prepackaged Software,51,17
1 800 FLOWERS COM,0001084869,FLWS,1 800 FLOWERS COM INC,5990,"Retail-Retail Stores, NEC",44-45,17
FEIN 030608147,0001429764,BLNK,Blink Charging Co.,3690,"Miscellaneous Electrical Machinery, Equipment & Supplies",31-33,17
FEIN 330204817,0000101984,UEIC,UNIVERSAL ELECTRONICS INC,3651,Household Audio & Video Equipment,31-33,17
FEIN 472369532,0001534708,BLNE,"Beeline Holdings, Inc.",6162,Mortgage Bankers & Loan Correspondents,52,17
FEIN 384091582,0000797465,STLY,"HG Holdings, Inc.",6798,Real Estate Investment Trusts,52,17
BRITISH AMERICAN TOBACCO,0001303523,BTI,British American Tobacco p.l.c.,2111,Cigarettes,31-33,16
FEIN 340590250,0000072331,NDSN,NORDSON CORP,3569,"General Industrial Machinery & Equipment, NEC",31-33,16
FEIN 882846451,0001944013,CR,Crane Co,3490,Miscellaneous Fabricated Metal Products,31-33,16
JEFFERIES FINANCIAL,0000096223,JEF,Jefferies Financial Group Inc.,6211,"Security Brokers, Dealers & Flotation Companies",52,16
FEIN 610156015,0000020212,CHDN,Churchill Downs Inc,7948,"Services-Racing, Including Track Operation",71,16
FEIN 472509828,0001445305,WK,WORKIVA INC,7372,Services-Prepackaged Software,51,16
FEIN 721123385,0000071829,NPKI,NPK International Inc.,7350,Services-Miscellaneous Equipment Rental & Leasing,56,16
FEIN 680329422,0000930236,RWT,REDWOOD TRUST INC,6798,Real Estate Investment Trusts,52,16
FEIN 474257046,0001653558,PRTH,"Priority Technology Holdings, Inc.",7389,"Services-Business Services, NEC",56,16
FEIN 043145961,0000898437,ANIK,"Anika Therapeutics, Inc.",3841,Surgical & Medical Instruments & Apparatus,31-33,16
TORRID,0001792781,CURV,Torrid Holdings Inc.,5600,Retail-Apparel & Accessory Stores,44-45,16
FEIN 208957988,0001503274,QTRX,Quanterix Corp,3826,Laboratory Analytical Instruments,31-33,16
FEIN 821153150,0001726445,SEER,"Seer, Inc.",3826,Laboratory Analytical Instruments,31-33,16
FEIN 911600822,0000065770,MVIS,"MICROVISION, INC.",3679,"Electronic Components, NEC",31-33,16
FEIN 465663471,0001812173,RBOT,Vicarious Surgical Inc.,3842,"Orthopedic, Prosthetic & Surgical Appliances & Supplies",31-33,16
FEIN 474800749,0002141406,ACCV,Accelevation Holdings Corp.,3620,Electrical Industrial Apparatus,31-33,16
JOHNSON CONTROLS INTERNATIONAL,0000833444,JCI,Johnson Controls International plc,3585,Air-Cond & Warm Air Heatg Equip & Comm & Indl Refrig Equip,31-33,15
INVESCO,0000914208,IVZ,Invesco Ltd.,6282,Investment Advice,52,15
FEIN 161633636,0001236275,QXO,"QXO, Inc.",5030,Wholesale-Lumber & Other Construction Materials,42,15
FEIN 160757636,0000067887,MOG-A,MOOG INC.,3590,Misc Industrial & Commercial Machinery & Equipment,31-33,15
FEIN 362495346,0000916540,DAR,DARLING INGREDIENTS INC.,2070,Fats & Oils,31-33,15
PBF ENERGY,0001534504,PBF,PBF Energy Inc.,2911,Petroleum Refining,31-33,15
FEIN 391098068,0000007789,ASB,ASSOCIATED BANC-CORP,6022,State Commercial Banks,52,15
FEIN 912041398,0001114995,PI,IMPINJ INC,3679,"Electronic Components, NEC",31-33,15
FEIN 475361406,0001845257,LFST,"LifeStance Health Group, Inc.",8000,Services-Health Services,62,15
VONTIER,0001786842,VNT,Vontier Corp,3824,Totalizing Fluid Meters & Counting Devices,31-33,15
FEIN 208617990,0000821483,PARR,"PAR PACIFIC HOLDINGS, INC.",1311,Crude Petroleum & Natural Gas,21,15
FEIN 760509661,0001020710,DXPE,DXP ENTERPRISES INC,5084,Wholesale-Industrial Machinery & Equipment,42,15
ALLEGIANT TRAVEL,0001362468,ALGT,Allegiant Travel CO,4512,"Air Transportation, Scheduled",48-49,15
FEIN 160417150,0000031235,KODK,EASTMAN KODAK CO,3861,Photographic Equipment & Supplies,31-33,15
FEIN 273521219,0001501989,CTMX,"CytomX Therapeutics, Inc.",2834,Pharmaceutical Preparations,31-33,15
FEIN 823562771,0001737287,ALLO,"Allogene Therapeutics, Inc.",2836,"Biological Products, (No Diagnostic Substances)",31-33,15
ADVANSIX,0001673985,ASIX,AdvanSix Inc.,2821,"Plastic Materials, Synth Resins & Nonvulcan Elastomers",31-33,15
LOANDEPOT,0001831631,LDI,"loanDepot, Inc.",6199,Finance Services,52,15
FEIN 042871690,0001661181,ORGO,Organogenesis Holdings Inc.,2834,Pharmaceutical Preparations,31-33,15
FEIN 943389618,0001600641,DIBS,"1stdibs.com, Inc.",5961,Retail-Catalog & Mail-Order Houses,44-45,15
INSTIL BIO,0001789769,TIL,"Instil Bio, Inc.",2836,"Biological Products, (No Diagnostic Substances)",31-33,15
FEIN 473828760,0001680048,MBIO,"MUSTANG BIO, INC.",2834,Pharmaceutical Preparations,31-33,15
ENTERPRISE PRODUCTS PARTNERS,0001061219,EPD,ENTERPRISE PRODUCTS PARTNERS L.P.,4922,Natural Gas Transmission,22,14
FEIN 133321516,0001160106,LYG,Lloyds Banking Group plc,6029,"Commercial Banks, NEC",52,14
MEDLINE,0002046386,MDLN,Medline Inc.,3841,Surgical & Medical Instruments & Apparatus,31-33,14
CHIPOTLE MEXICAN GRILL,0001058090,CMG,CHIPOTLE MEXICAN GRILL INC,5812,Retail-Eating  Places,72,14
HALEON,0001900304,HLN,Haleon plc,2844,"Perfumes, Cosmetics & Other Toilet Preparations",31-33,14
ECHOSTAR,0001415404,ECHO,EchoStar CORP,4899,"Communications Services, NEC",51,14
MAGNA INTERNATIONAL,0000749098,MGA,MAGNA INTERNATIONAL INC,3714,Motor Vehicle Parts & Accessories,31-33,14
FEIN 475654583,0001659166,FTV,Fortive Corp,3823,"Industrial Instruments For Measurement, Display, and Control",31-33,14
FEIN 030550887,0001856525,CNM,"Core & Main, Inc.",5099,"Wholesale-Durable Goods, NEC",42,14
FEIN 204536774,0001357615,KBR,"KBR, INC.",1600,Heavy Construction Other Than Bldg Const - Contractors,23,14
FEIN 350827455,0000038725,FELE,FRANKLIN ELECTRIC CO INC,3621,Motors & Generators,31-33,14
HELMERICH AND PAYNE,0000046765,HP,"Helmerich & Payne, Inc.",1381,Drilling Oil & Gas Wells,21,14
FEIN 203979555,0001809987,MIR,"Mirion Technologies, Inc.",3829,"Measuring & Controlling Devices, NEC",31-33,14
FEIN 133070826,0000949157,CENX,CENTURY ALUMINUM CO,3334,Primary Production of  Aluminum,31-33,14
FEIN 521261113,0000887936,FCN,"FTI CONSULTING, INC",8742,Services-Management Consulting Services,54,14
FEIN 800423634,0001504776,WRBY,Warby Parker Inc.,3851,Ophthalmic Goods,31-33,14
FEIN 954470290,0001857816,GCT,GigaCloud Technology Inc,5961,Retail-Catalog & Mail-Order Houses,44-45,14
FEIN 043537265,0000949870,SAM,BOSTON BEER CO INC,2082,Malt Beverages,31-33,14
FEIN 911663741,0001285819,OMER,OMEROS CORP,2834,Pharmaceutical Preparations,31-33,14
FEIN 822635018,0001842295,MAZE,"Maze Therapeutics, Inc.",2836,"Biological Products, (No Diagnostic Substances)",31-33,14
FEIN 720679819,0001525221,VTOL,Bristow Group Inc.,4522,"Air Transportation, Nonscheduled",48-49,14
FEIN 541887631,0001420800,ENOV,Enovis CORP,3842,"Orthopedic, Prosthetic & Surgical Appliances & Supplies",31-33,14
FEIN 208893125,0001462056,BLZE,"Backblaze, Inc.",7372,Services-Prepackaged Software,51,14
FEIN 823199662,0001828536,NRGV,"Energy Vault Holdings, Inc.",3690,"Miscellaneous Electrical Machinery, Equipment & Supplies",31-33,14
FEIN 464254444,0001625641,LAW,"CS Disco, Inc.",7372,Services-Prepackaged Software,51,14
FEIN 300886670,0001690334,SMHI,SEACOR Marine Holdings Inc.,4412,Deep Sea Foreign Transportation of  Freight,48-49,14
FEIN 205009396,0001393584,AMWL,American Well Corp,7389,"Services-Business Services, NEC",56,14
FEIN 330029027,0000948708,SMSI,"SMITH MICRO SOFTWARE, INC.",7372,Services-Prepackaged Software,51,14
FEIN 272992077,0001505155,UPLD,"Upland Software, Inc.",7372,Services-Prepackaged Software,51,14
FEIN 812944208,0001854270,SNTI,"Senti Biosciences Holdings, Inc.",2836,"Biological Products, (No Diagnostic Substances)",31-33,14
SAP SE,0001000184,SAP,SAP SE,7372,Services-Prepackaged Software,51,13
FEIN 141682544,0001037868,AME,AMETEK INC/,3823,"Industrial Instruments For Measurement, Display, and Control",31-33,13
FEIN 800947107,0001819994,RKLB,Rocket Lab Corp,3760,Guided Missiles & Space Vehicles & Parts,31-33,13
FEIN 590864469,0000079282,BRO,"BROWN & BROWN, INC.",6411,"Insurance Agents, Brokers & Service",52,13
FEIN 610864428,0002052568,LGN,Legence Corp.,1700,Construction - Special Trade Contractors,23,13
IMMUNITYBIO,0001326110,IBRX,"ImmunityBio, Inc.",2836,"Biological Products, (No Diagnostic Substances)",31-33,13
FEIN 390561070,0000310142,SXT,SENSIENT TECHNOLOGIES CORP,2860,Industrial Organic Chemicals,31-33,13
FEIN 465670947,0001609253,CRC,California Resources Corp,1311,Crude Petroleum & Natural Gas,21,13
CHESAPEAKE UTILITIES,0000019745,CPK,CHESAPEAKE UTILITIES CORP,4923,Natural Gas Transmisison & Distribution,22,13
FEIN 043432735,0001756262,TMDX,"TransMedics Group, Inc.",3845,Electromedical & Electrotherapeutic Apparatus,31-33,13
FEIN 680275553,0000887733,CENT,CENTRAL GARDEN & PET CO,5190,Wholesale-Miscellaneous Nondurable Goods,42,13
FEIN 873083236,0001883085,PGY,Pagaya Technologies Ltd.,6199,Finance Services,52,13
FEIN 361823834,0000094049,SCL,STEPAN CO,2840,"Soap, Detergents, Cleang Preparations, Perfumes, Cosmetics",31-33,13
HERBALIFE,0001180262,HLF,HERBALIFE LTD.,5122,"Wholesale-Drugs, Proprietaries & Druggists' Sundries",42,13
FEIN 811334989,0002130606,OBX,"Obsidian Therapeutics, Inc.",2834,Pharmaceutical Preparations,31-33,13
FEIN 460614061,0001598665,HRTG,"Heritage Insurance Holdings, Inc.",6331,"Fire, Marine & Casualty Insurance",52,13
BLOOMIN BRANDS,0001546417,BLMN,"Bloomin' Brands, Inc.",5812,Retail-Eating  Places,72,13
COMMUNITY HEALTH SYSTEMS,0001108109,CYH,COMMUNITY HEALTH SYSTEMS INC,8062,"Services-General Medical & Surgical Hospitals, NEC",62,13
MYRIAD GENETICS,0000899923,MYGN,MYRIAD GENETICS INC,2835,In Vitro & In Vivo Diagnostic Substances,31-33,13
FEIN 953038279,0000049754,DIN,"Dine Brands Global, Inc.",5812,Retail-Eating  Places,72,13
FEIN 208756903,0001517022,AKBA,"Akebia Therapeutics, Inc.",2834,Pharmaceutical Preparations,31-33,13
FEIN 474515206,0001787400,NKTX,"Nkarta, Inc.",2834,Pharmaceutical Preparations,31-33,13
FEIN 132808819,0001898496,GETY,"Getty Images Holdings, Inc.",7389,"Services-Business Services, NEC",56,13
FEIN 870452614,0001132105,SPWH,"SPORTSMAN'S WAREHOUSE HOLDINGS, INC.",5940,Retail-Miscellaneous Shopping Goods Stores,44-45,13
FEIN 830502008,0001383395,SQNS,SEQUANS COMMUNICATIONS,3674,Semiconductors & Related Devices,31-33,13
ACCURAY,0001138723,ARAY,ACCURAY INC,3841,Surgical & Medical Instruments & Apparatus,31-33,13
FEIN 522263942,0001378590,BLIN,"Bridgeline Digital, Inc.",7372,Services-Prepackaged Software,51,13
FEIN 800512509,0001519061,TSEOQ,Trinseo PLC,2821,"Plastic Materials, Synth Resins & Nonvulcan Elastomers",31-33,13
NEWMONT,0001164727,NEM,NEWMONT Corp /DE/,1040,Gold and Silver Ores,21,12
KKR,0001404912,KKR,KKR & Co. Inc.,6282,Investment Advice,52,12
HUBBELL,0000048898,HUBB,HUBBELL INC,3670,Electronic Components & Accessories,31-33,12
SHARKNINJA,0001957132,SN,"SharkNinja, Inc.",3630,Household Appliances,31-33,12
FEIN 650829355,0000015615,MTZ,MASTEC INC,1623,"Water, Sewer, Pipeline, Comm & Power Line Construction",23,12
SEMTECH,0000088941,SMTC,SEMTECH CORP,3674,Semiconductors & Related Devices,31-33,12
FEIN 560950585,0000317540,COKE,"Coca-Cola Consolidated, Inc.",2086,Bottled & Canned Soft Drinks & Carbonated Waters,31-33,12
FEIN 251255406,0000037808,FNB,FNB CORP/PA/,6021,National Commercial Banks,52,12
GXO LOGISTICS,0001852244,GXO,"GXO Logistics, Inc.",4700,Transportation Services,48-49,12
FEIN 510340466,0000887596,CAKE,CHEESECAKE FACTORY INC,5812,Retail-Eating  Places,72,12
FEIN 362334820,0000001750,AIR,AAR CORP,3720,Aircraft & Parts,31-33,12
CHOICE HOTELS INTERNATIONAL,0001046311,CHH,CHOICE HOTELS INTERNATIONAL INC /DE,7011,Hotels & Motels,72,12
NCR ATLEOS,0001974138,NATL,NCR Atleos Corp,3578,Calculating & Accounting Machines (No Electronic Computers),31-33,12
FEIN 270217289,0001504008,BKU,"BankUnited, Inc.",6035,"Savings Institution, Federally Chartered",52,12
FEIN 550805988,0000805928,AXGN,"Axogen, Inc.",3845,Electromedical & Electrotherapeutic Apparatus,31-33,12
FEIN 922483604,0001968915,PHIN,PHINIA INC.,3714,Motor Vehicle Parts & Accessories,31-33,12
FEIN 351057796,0000076605,PATK,PATRICK INDUSTRIES INC,3714,Motor Vehicle Parts & Accessories,31-33,12
FEIN 850862255,0001811063,NUVB,Nuvation Bio Inc.,2834,Pharmaceutical Preparations,31-33,12
FEIN 382799573,0001585364,PRGO,PERRIGO Co plc,2834,Pharmaceutical Preparations,31-33,12
FEIN 811298494,0001899287,AMPX,"Amprius Technologies, Inc.",3690,"Miscellaneous Electrical Machinery, Equipment & Supplies",31-33,12
FEIN 800312140,0001497770,WD,"Walker & Dunlop, Inc.",6199,Finance Services,52,12
FEIN 251588399,0001315257,KOP,Koppers Holdings Inc.,2400,Lumber & Wood Products (No Furniture),31-33,12
FEIN 822157847,0001853921,SCTX,"Scribe Therapeutics, Inc.",2836,"Biological Products, (No Diagnostic Substances)",31-33,12
FEIN 203476468,0001635282,RMNI,"Rimini Street, Inc.",7389,"Services-Business Services, NEC",56,12
FEIN 471314238,0001825079,VELO,"Velo3D, Inc.",3559,"Special Industry Machinery, NEC",31-33,12
FEIN 812139178,0001761612,BCYC,BICYCLE THERAPEUTICS PLC,2834,Pharmaceutical Preparations,31-33,12
FEIN 770448588,0001086434,AUDC,AUDIOCODES LTD,3661,Telephone & Telegraph Apparatus,31-33,12
FEIN 462702363,0001653087,ALEC,"Alector, Inc.",2836,"Biological Products, (No Diagnostic Substances)",31-33,12
FEIN 453728228,0001619856,CRBU,"Caribou Biosciences, Inc.",2836,"Biological Products, (No Diagnostic Substances)",31-33,12
FEIN 352548053,0001460329,FLNT,"Fluent, Inc.",7310,Services-Advertising,56,12
FEIN 834079594,0001786471,SEV,Aptera Motors Corp,3711,Motor Vehicles & Passenger Car Bodies,31-33,12
FEIN 462482575,0001600983,KSCP,"Knightscope, Inc.",3669,"Communications Equipment, NEC",31-33,12
FEIN 813509120,0001951667,CTNT,CHEETAH NET SUPPLY CHAIN SERVICE INC.,5010,Wholesale-Motor Vehicles & Motor Vehicle Parts & Supplies,42,12
FEIN 463062890,0002075141,VSGRY,VusionGroup,,,,12
FEIN 133491492,0000842180,BBVA,"BANCO BILBAO VIZCAYA ARGENTARIA, S.A.",6029,"Commercial Banks, NEC",52,11
QUANTA SERVICES,0001050915,PWR,"QUANTA SERVICES, INC.",1731,Electrical Work,23,11
FEIN 751743247,0000731802,ATO,ATMOS ENERGY CORP,4924,Natural Gas Distribution,22,11
FEIN 270099920,0001300514,LVS,LAS VEGAS SANDS CORP,7011,Hotels & Motels,72,11
FIRST CITIZENS BANCSHARES,0000798941,FCNCA,FIRST CITIZENS BANCSHARES INC /DE/,6022,State Commercial Banks,52,11
FEIN 361984010,0000108312,WWD,"Woodward, Inc.",3620,Electrical Industrial Apparatus,31-33,11
ICON,0001060955,ICLR,ICON PLC,8731,Services-Commercial Physical & Biological Research,54,11
FEIN 821080209,0001711279,KRYS,"Krystal Biotech, Inc.",2836,"Biological Products, (No Diagnostic Substances)",31-33,11
CAESARS ENTERTAINMENT,0001590895,CZR,"Caesars Entertainment, Inc.",7011,Hotels & Motels,72,11
FEIN 201037001,0001094831,BGC,"BGC Group, Inc.",6200,"Security & Commodity Brokers, Dealers, Exchanges & Services",52,11
FEIN 860879572,0001395942,OPLN,"OPENLANE, Inc.",5500,Retail-Auto Dealers & Gasoline Stations,44-45,11
RXO,0001929561,RXO,"RXO, Inc.",4700,Transportation Services,48-49,11
FEIN 770200166,0001616533,PENG,"Penguin Solutions, Inc.",3674,Semiconductors & Related Devices,31-33,11
CHEMOURS,0001627223,CC,Chemours Co,2800,Chemicals & Allied Products,31-33,11
FEIN 205338862,0001419612,SEDG,"SOLAREDGE TECHNOLOGIES, INC.",3674,Semiconductors & Related Devices,31-33,11
FEIN 200808920,0001023024,ANIP,ANI PHARMACEUTICALS INC,2834,Pharmaceutical Preparations,31-33,11
FEIN 311585233,0001968487,WS,"Worthington Steel, Inc.",3310,"Steel Works, Blast Furnaces & Rolling & Finishing Mills",31-33,11
HUNTSMAN,0001307954,HUN,Huntsman CORP,2800,Chemicals & Allied Products,31-33,11
FEIN 582582379,0001128928,FLO,FLOWERS FOODS INC,2000,Food and Kindred Products,31-33,11
FEIN 834210124,0001999480,ANRO,"Alto Neuroscience, Inc.",2834,Pharmaceutical Preparations,31-33,11
FEIN 470554096,0000836157,LNN,LINDSAY CORP,3523,Farm Machinery & Equipment,31-33,11
FEIN 473506994,0001650648,FDMT,"4D Molecular Therapeutics, Inc.",2836,"Biological Products, (No Diagnostic Substances)",31-33,11
FEIN 472547526,0001831915,CTKB,"Cytek Biosciences, Inc.",3826,Laboratory Analytical Instruments,31-33,11
FEIN 813651615,0001499543,NOAH,NOAH HOLDINGS LTD,6282,Investment Advice,52,11
FEIN 391804239,0000933034,STRT,STRATTEC SECURITY CORP,3714,Motor Vehicle Parts & Accessories,31-33,11
FEIN 472483131,0001656081,DAVA,Endava plc,7371,Services-Computer Programming Services,54,11
FEIN 800101064,0000072444,VXRT,"Vaxart, Inc.",2836,"Biological Products, (No Diagnostic Substances)",31-33,11
FEIN 464979424,0001833769,HYPR,"Hyperfine, Inc.",3845,Electromedical & Electrotherapeutic Apparatus,31-33,11
FEIN 260338646,0001855447,TYGO,"TIGO ENERGY, INC.",3674,Semiconductors & Related Devices,31-33,11
FEIN 020496115,0001774675,SKIL,Skillsoft Corp.,7372,Services-Prepackaged Software,51,11
STEM,0001758766,STEM,"STEM, INC.",7373,Services-Computer Integrated Systems Design,54,11
FEIN 453159336,0001738177,CMBMF,Cambium Networks Corp,3663,Radio & Tv Broadcasting & Communications Equipment,31-33,11
FEIN 861617000,0001836875,NVVE,Nuvve Holding Corp.,3690,"Miscellaneous Electrical Machinery, Equipment & Supplies",31-33,11
CIM,0001498547,CMRF,"CIM GROUP, INC.",6798,Real Estate Investment Trusts,52,11
RIO TINTO,0000887028,RTNTF,RIO TINTO LTD,1000,Metal Mining,21,10
FEIN 510068479,0000084839,ROL,ROLLINS INC,7340,Services-To Dwellings & Other Buildings,56,10
EVEREST,0001095073,EG,"EVEREST GROUP, LTD.",6331,"Fire, Marine & Casualty Insurance",52,10
FEIN 381794485,0000062996,MAS,MASCO CORP /DE/,3430,"Heating Equip, Except Elec & Warm Air; & Plumbing Fixtures",31-33,10
UMB FINANCIAL,0000101382,UMBF,UMB FINANCIAL CORP,6021,National Commercial Banks,52,10
PENTAIR,0000077360,PNR,PENTAIR plc,3550,Special Industry Machinery (No Metalworking Machinery),31-33,10
FEIN 232668356,0000884614,UGI,UGI CORP /PA/,4932,Gas & Other Services Combined,22,10
FEIN 371744899,0001590714,ESI,Element Solutions Inc,2890,Miscellaneous Chemical Products,31-33,10
KIRBY,0000056047,KEX,KIRBY CORP,4400,Water Transportation,48-49,10
MATSON,0000003453,MATX,"Matson, Inc.",4400,Water Transportation,48-49,10
ENACT,0001823529,ACT,"Enact Holdings, Inc.",6411,"Insurance Agents, Brokers & Service",52,10
FEIN 274842691,0001438533,TVTX,"Travere Therapeutics, Inc.",2834,Pharmaceutical Preparations,31-33,10
NEW JERSEY RESOURCES,0000356309,NJR,NEW JERSEY RESOURCES CORP,4924,Natural Gas Distribution,22,10
FEIN 870447695,0000856982,MMSI,MERIT MEDICAL SYSTEMS INC,3841,Surgical & Medical Instruments & Apparatus,31-33,10
FEIN 474505725,0001657677,PBLS,"Parabilis Medicines, Inc.",2834,Pharmaceutical Preparations,31-33,10
WYNDHAM HOTELS AND RESORTS,0001722684,WH,"WYNDHAM HOTELS & RESORTS, INC.",7011,Hotels & Motels,72,10
POST,0001530950,POST,"Post Holdings, Inc.",2040,Grain Mill Products,31-33,10
FEIN 942579843,0000752714,MGRC,MCGRATH RENTCORP,7359,"Services-Equipment Rental & Leasing, NEC",56,10
FEIN 261377674,0001609550,INSP,"Inspire Medical Systems, Inc.",3841,Surgical & Medical Instruments & Apparatus,31-33,10
ADMA BIOLOGICS,0001368514,ADMA,"ADMA BIOLOGICS, INC.",2836,"Biological Products, (No Diagnostic Substances)",31-33,10
BRIGHTSTAR LOTTERY,0001619762,BRSL,Brightstar Lottery PLC,7990,Services-Miscellaneous Amusement & Recreation,71,10
FEIN 853383487,0001672688,ABSI,Absci Corp,8731,Services-Commercial Physical & Biological Research,54,10
SALLY BEAUTY,0001368458,SBH,"Sally Beauty Holdings, Inc.",5990,"Retail-Retail Stores, NEC",44-45,10
FEIN 472783641,0001630805,BW,"Babcock & Wilcox Enterprises, Inc.",3433,"Heating Equipment, Except Electric & Warm Air Furnaces",31-33,10
FEIN 651307697,0001375877,CSIQ,Canadian Solar Inc.,3674,Semiconductors & Related Devices,31-33,10
FEIN 160547600,0001005229,CMCO,COLUMBUS MCKINNON CORP,3531,Construction Machinery & Equip,31-33,10
FEIN 770513190,0001162194,LAB,STANDARD BIOTOOLS INC.,2834,Pharmaceutical Preparations,31-33,10
FEIN 650039856,0000873860,ONIT,ONITY GROUP INC.,6162,Mortgage Bankers & Loan Correspondents,52,10
FEIN 870500306,0000896264,USNA,USANA HEALTH SCIENCES INC,2833,Medicinal Chemicals & Botanical Products,31-33,10
FEIN 870565309,0001021561,NUS,"NU SKIN ENTERPRISES, INC.",5122,"Wholesale-Drugs, Proprietaries & Druggists' Sundries",42,10
FEIN 311481870,0001026655,CMT,CORE MOLDING TECHNOLOGIES INC,3089,"Plastics Products, NEC",31-33,10
FEIN 223225071,0001016838,RDCM,RADCOM LTD,3577,"Computer Peripheral Equipment, NEC",31-33,10
DULUTH,0001649744,DLTH,DULUTH HOLDINGS INC.,5600,Retail-Apparel & Accessory Stores,44-45,10
FEIN 710872999,0001200375,CDXS,"CODEXIS, INC.",2860,Industrial Organic Chemicals,31-33,10
FEIN 822520134,0001840439,BMEA,"Biomea Fusion, Inc.",2834,Pharmaceutical Preparations,31-33,10
FEIN 264298300,0001481028,HYSR,"SUNHYDROGEN, INC.",3674,Semiconductors & Related Devices,31-33,10
FEIN 470949915,0001351636,SSTI,"SOUNDTHINKING, INC.",7372,Services-Prepackaged Software,51,10
FEIN 020691684,0001856031,SEAT,Vivid Seats Inc.,7990,Services-Miscellaneous Amusement & Recreation,71,10
FEIN 384034445,0002013807,FOXX,Foxx Development Holdings Inc.,3576,Computer Communications Equipment,31-33,10
FEIN 821432916,0001785056,TRNR,"Interactive Strength, Inc.",3600,Electronic & Other Electrical Equipment (No Computer Equip),31-33,10
GEORGIA POWER,0000041091,GPJA,GEORGIA POWER CO,4911,Electric Services,22,10
FEIN 470901485,0001552800,TTSH,"TILE SHOP HOLDINGS, INC.",5700,"Retail-Home Furniture, Furnishings & Equipment Stores",44-45,10
PHILIP MORRIS INTERNATIONAL,0001413329,PM,Philip Morris International Inc.,2111,Cigarettes,31-33,9
UBS GROUP AG,0001610520,UBS,UBS Group AG,6021,National Commercial Banks,52,9
SONY,0000313838,SONY,Sony Group Corp,3651,Household Audio & Video Equipment,31-33,9
FEIN 521893632,0000936468,LMT,LOCKHEED MARTIN CORP,3760,Guided Missiles & Space Vehicles & Parts,31-33,9
AEGON,0000769218,AEG,AEGON LTD.,6311,Life Insurance,52,9
CNA FINANCIAL,0000021175,CNA,CNA FINANCIAL CORP,6331,"Fire, Marine & Casualty Insurance",52,9
FEIN 610143150,0000014693,BF-B,BROWN FORMAN CORP,2080,Beverages,31-33,9
FEIN 680679777,0001050140,DSGX,DESCARTES SYSTEMS GROUP INC,7372,Services-Prepackaged Software,51,9
FEIN 391344447,0000785786,PLXS,PLEXUS CORP,3672,Printed Circuit Boards,31-33,9
TRANSOCEAN,0001451505,RIG,Transocean Ltd.,1381,Drilling Oil & Gas Wells,21,9
FEIN 731328149,0000824142,AAON,"AAON, INC.",3585,Air-Cond & Warm Air Heatg Equip & Comm & Indl Refrig Equip,31-33,9
FEIN 465308248,0001622229,COGT,"Cogent Biosciences, Inc.",2834,Pharmaceutical Preparations,31-33,9
MURPHY OIL,0000717423,MUR,MURPHY OIL CORP,1311,Crude Petroleum & Natural Gas,21,9
FEIN 821954058,0001710366,CNR,"Core Natural Resources, Inc.",1220,Silver Ores,21,9
PENNYMAC FINANCIAL SERVICES,0001745916,PFSI,"PennyMac Financial Services, Inc.",6162,Mortgage Bankers & Loan Correspondents,52,9
FEIN 010609375,0001144980,ABG,ASBURY AUTOMOTIVE GROUP INC,5500,Retail-Auto Dealers & Gasoline Stations,44-45,9
FEIN 953671242,0001169770,BANC,"BANC OF CALIFORNIA, INC.",6021,National Commercial Banks,52,9
MINERALS TECHNOLOGIES,0000891014,MTX,MINERALS TECHNOLOGIES INC,2810,Industrial Inorganic Chemicals,31-33,9
FEIN 471771508,0001981599,CTRI,"Centuri Holdings, Inc.",4923,Natural Gas Transmisison & Distribution,22,9
FEIN 843766197,0001826457,GLUE,"Monte Rosa Therapeutics, Inc.",2836,"Biological Products, (No Diagnostic Substances)",31-33,9
NAVIENT,0001593538,NAVI,NAVIENT CORP,6211,"Security Brokers, Dealers & Flotation Companies",52,9
FEIN 300409740,0001750284,OLMA,"Olema Pharmaceuticals, Inc.",2834,Pharmaceutical Preparations,31-33,9
FEIN 461385614,0001570562,EOLS,"Evolus, Inc.",2834,Pharmaceutical Preparations,31-33,9
FEIN 362090085,0000065270,MEI,METHODE ELECTRONICS INC,3678,Electronic Connectors,31-33,9
FEIN 461981974,0001768224,ARCT,Arcturus Therapeutics Holdings Inc.,2834,Pharmaceutical Preparations,31-33,9
FEIN 371906173,0001820302,BKKT,"Bakkt, Inc.",6199,Finance Services,52,9
FEIN 043205099,0001177648,ENTA,ENANTA PHARMACEUTICALS INC,2834,Pharmaceutical Preparations,31-33,9
FEIN 061562417,0001098972,AGEN,AGENUS INC,2836,"Biological Products, (No Diagnostic Substances)",31-33,9
FEIN 811173868,0001664710,KROS,"Keros Therapeutics, Inc.",2834,Pharmaceutical Preparations,31-33,9
FEIN 522210438,0001287098,MXCT,"MAXCYTE, INC.",8731,Services-Commercial Physical & Biological Research,54,9
FEIN 541701843,0000075252,ACH,ACCENDRA HEALTH INC/VA/,5047,"Wholesale-Medical, Dental & Hospital Equipment & Supplies",42,9
FEIN 461318953,0001575793,WATT,Energous Corp,3663,Radio & Tv Broadcasting & Communications Equipment,31-33,9
FEIN 042911026,0001015739,AWRE,AWARE INC /MA/,7372,Services-Prepackaged Software,51,9
FEIN 261756290,0001411690,BNGO,"Bionano Genomics, Inc.",3826,Laboratory Analytical Instruments,31-33,9
FEIN 474178385,0001680513,IPTNF,IMPACT ANALYTICS INC.,,,,9
FEIN 863289406,0001499961,BINI,"BOLLINGER INNOVATIONS, INC.",3711,Motor Vehicles & Passenger Car Bodies,31-33,9
ATHENE HOLDING,0001527469,ATH-PA,Athene Holding Ltd.,6311,Life Insurance,52,9
DIGITAL REALTY TRUST,0001297996,DLR,"DIGITAL REALTY TRUST, INC.",6798,Real Estate Investment Trusts,52,8
FEIN 330580106,0000726728,O,REALTY INCOME CORP,6798,Real Estate Investment Trusts,52,8
SUN LIFE FINANCIAL,0001097362,SLF,SUN LIFE FINANCIAL INC,6311,Life Insurance,52,8
WEC ENERGY,0000783325,WEC,"WEC ENERGY GROUP, INC.",4931,Electric & Other Services Combined,22,8
CINCINNATI FINANCIAL,0000020286,CINF,CINCINNATI FINANCIAL CORP,6331,"Fire, Marine & Casualty Insurance",52,8
FEIN 042052042,0000031791,RVTY,"REVVITY, INC.",3826,Laboratory Analytical Instruments,31-33,8
FEIN 231702594,0000078128,WTRG,"Essential Utilities, Inc.",4941,Water Supply,22,8
FEIN 942657368,0000711404,COO,"COOPER COMPANIES, INC.",3851,Ophthalmic Goods,31-33,8
FEIN 980505495,0001377121,PTGX,"Protagonist Therapeutics, Inc",2834,Pharmaceutical Preparations,31-33,8
PRIMO BRANDS,0002042694,PRMB,Primo Brands Corp,2080,Beverages,31-33,8
FEIN 462159271,0001649904,RYTM,"RHYTHM PHARMACEUTICALS, INC.",2834,Pharmaceutical Preparations,31-33,8
FEIN 831281555,0001759425,MIRM,"Mirum Pharmaceuticals, Inc.",2834,Pharmaceutical Preparations,31-33,8
FEIN 880278853,0001296445,ORA,"ORMAT TECHNOLOGIES, INC.",4911,Electric Services,22,8
BOYD GAMING,0000906553,BYD,BOYD GAMING CORP,7011,Hotels & Motels,72,8
CHAMPION HOMES,0000090896,SKY,"Champion Homes, Inc.",2451,Mobile Homes,31-33,8
FEIN 840966648,0001877322,ESAB,ESAB Corp,3569,"General Industrial Machinery & Equipment, NEC",31-33,8
FEIN 472452488,0001819133,TNGX,"Tango Therapeutics, Inc.",2834,Pharmaceutical Preparations,31-33,8
ULTRA CLEAN,0001275014,UCTT,"Ultra Clean Holdings, Inc.",3674,Semiconductors & Related Devices,31-33,8
YETI,0001670592,YETI,"YETI Holdings, Inc.",3949,"Sporting & Athletic Goods, NEC",31-33,8
VERICEL,0000887359,VCEL,Vericel Corp,2836,"Biological Products, (No Diagnostic Substances)",31-33,8
FEIN 824533053,0001758009,QUBT,Quantum Computing Inc.,7372,Services-Prepackaged Software,51,8
FEIN 160977505,0000816956,CNMD,CONMED Corp,3845,Electromedical & Electrotherapeutic Apparatus,31-33,8
FEIN 201117381,0001767258,XPEL,"XPEL, Inc.",3470,"Coating, Engraving & Allied Services",31-33,8
FEIN 330963637,0001137091,PSIX,"POWER SOLUTIONS INTERNATIONAL, INC.",3510,Engines & Turbines,31-33,8
FEIN 522099123,0001050441,EGBN,EAGLE BANCORP INC,6022,State Commercial Banks,52,8
FEIN 133974868,0001055160,MFA,"MFA FINANCIAL, INC.",6798,Real Estate Investment Trusts,52,8
FEIN 454770167,0001785424,KPLT,"Katapult Holdings, Inc.",7359,"Services-Equipment Rental & Leasing, NEC",56,8
FEIN 770683487,0001401667,PBYI,"PUMA BIOTECHNOLOGY, INC.",2834,Pharmaceutical Preparations,31-33,8
FEIN 230628360,0000041719,MAGN,Magnera Corp,2621,Paper Mills,31-33,8
FEIN 043475813,0001281895,RCKT,"ROCKET PHARMACEUTICALS, INC.",2834,Pharmaceutical Preparations,31-33,8
FEIN 010616867,0001421517,ERII,"Energy Recovery, Inc.",3559,"Special Industry Machinery, NEC",31-33,8
FUBOTV,0001484769,FUBO,FuboTV Inc.,7812,Services-Motion Picture & Video Tape Production,51,8
FEIN 472561140,0001720580,ACET,"Adicet Bio, Inc.",2834,Pharmaceutical Preparations,31-33,8
FEIN 560484485,0000018255,CATO,CATO CORP,5621,Retail-Women's Clothing Stores,44-45,8
FEIN 473644819,0001753162,FTHM,Fathom Holdings Inc.,6531,Real Estate Agents & Managers (For Others),53,8
FEIN 863425507,0001859199,AIRE,reAlpha Tech Corp.,6500,Real Estate,53,8
TENNESSEE VALLEY AUTHORITY,0001376986,TVE,Tennessee Valley Authority,4911,Electric Services,22,8
BHP,0000811809,BHP,BHP Group Ltd,1000,Metal Mining,21,7
FEIN 980369454,0001103838,IBN,ICICI BANK LTD,6029,"Commercial Banks, NEC",52,7
ARES MANAGEMENT,0001176948,ARES,Ares Management Corp,6282,Investment Advice,52,7
HUNTINGTON BANCSHARES,0000049196,HBAN,HUNTINGTON BANCSHARES INC /MD/,6021,National Commercial Banks,52,7
AMERICAN WATER WORKS,0001410636,AWK,"American Water Works Company, Inc.",4941,Water Supply,22,7
SMURFIT WESTROCK,0002005951,SW,Smurfit Westrock plc,2650,Paperboard Containers & Boxes,31-33,7
CMS ENERGY,0000811156,CMS,CMS ENERGY CORP,4931,Electric & Other Services Combined,22,7
FEIN 582009004,0001748790,AMCR,Amcor plc,3990,Miscellaneous Manufacturing Industries,31-33,7
ALLIANT ENERGY,0000352541,LNT,ALLIANT ENERGY CORP,4931,Electric & Other Services Combined,22,7
FEIN 410670985,0001796209,APG,APi Group Corp,7340,Services-To Dwellings & Other Buildings,56,7
FEIN 341837021,0001298675,CUBE,CubeSmart,6798,Real Estate Investment Trusts,52,7
AUTOLIV,0001034670,ALV,AUTOLIV INC,3714,Motor Vehicle Parts & Accessories,31-33,7
FEIN 363853103,0000896622,ATR,"APTARGROUP, INC.",3089,"Plastics Products, NEC",31-33,7
FEIN 230366390,0000007431,AWI,ARMSTRONG WORLD INDUSTRIES INC,3089,"Plastics Products, NEC",31-33,7
FEIN 274661265,0002088896,XE,"X-Energy, Inc.",3443,Fabricated Plate Work (Boiler Shops),31-33,7
LANDSTAR SYSTEM,0000853816,LSTR,LANDSTAR SYSTEM INC,4213,Trucking (No Local),48-49,7
FEIN 581111076,0000351569,ABCB,Ameris Bancorp,6022,State Commercial Banks,52,7
CRESCENT ENERGY,0001866175,CRGY,Crescent Energy Co,1311,Crude Petroleum & Natural Gas,21,7
AXOS FINANCIAL,0001299709,AX,"Axos Financial, Inc.",6035,"Savings Institution, Federally Chartered",52,7
FEIN 823168838,0001853868,FRVO,Fervo Energy Co,4911,Electric Services,22,7
NEXSTAR MEDIA,0001142417,NXST,"NEXSTAR MEDIA GROUP, INC.",4833,Television Broadcasting Stations,51,7
FEIN 752964342,0000889900,PTEN,PATTERSON UTI ENERGY INC,1381,Drilling Oil & Gas Wells,21,7
FEIN 364485550,0001650729,SITE,"SiteOne Landscape Supply, Inc.",5040,Wholesale-Professional & Commercial Equipment & Supplies,42,7
FEIN 261482385,0001438472,MIAX,"MIAMI INTERNATIONAL HOLDINGS, INC.",6211,"Security Brokers, Dealers & Flotation Companies",52,7
FEIN 814576210,0001582313,XENE,Xenon Pharmaceuticals Inc.,2834,Pharmaceutical Preparations,31-33,7
OPTION CARE HEALTH,0001014739,OPCH,"Option Care Health, Inc.",8082,Services-Home Health Care Services,62,7
WILLSCOT,0001647088,WSC,WillScot Holdings Corp,7350,Services-Miscellaneous Equipment Rental & Leasing,56,7
FEIN 411532464,0000854775,DGII,DIGI INTERNATIONAL INC,3576,Computer Communications Equipment,31-33,7
BAUSCH HEALTH COMPANIES,0000885590,BHC,Bausch Health Companies Inc.,2834,Pharmaceutical Preparations,31-33,7
FEIN 562010790,0001043509,SAH,SONIC AUTOMOTIVE INC,5500,Retail-Auto Dealers & Gasoline Stations,44-45,7
FEIN 205063536,0001645113,NVCR,NovoCure Ltd,3841,Surgical & Medical Instruments & Apparatus,31-33,7
FEIN 201622502,0001326732,XNCR,Xencor Inc,2834,Pharmaceutical Preparations,31-33,7
SYLVAMO,0001856485,SLVM,Sylvamo Corp,2621,Paper Mills,31-33,7
FRONTIER,0001670076,ULCC,"Frontier Group Holdings, Inc.",4512,"Air Transportation, Scheduled",48-49,7
NABORS INDUSTRIES,0001163739,NBR,NABORS INDUSTRIES LTD,1381,Drilling Oil & Gas Wells,21,7
FEIN 043512838,0001488139,AMRC,"Ameresco, Inc.",1700,Construction - Special Trade Contractors,23,7
FEIN 954340199,0001492165,PFBC,Preferred Bank,,,,7
FEIN 872646288,0000891166,UVE,"UNIVERSAL INSURANCE HOLDINGS, INC.",6331,"Fire, Marine & Casualty Insurance",52,7
FEIN 841652107,0001309402,GPRE,Green Plains Inc.,2860,Industrial Organic Chemicals,31-33,7
FEIN 271159215,0001477815,SG,"Sweetgreen, Inc.",5812,Retail-Eating  Places,72,7
FEIN 320271970,0001501796,AURA,"Aura Biosciences, Inc.",2836,"Biological Products, (No Diagnostic Substances)",31-33,7
AMERICAN INTEGRITY INSURANCE,0002007587,AII,"American Integrity Insurance Group, Inc.",6331,"Fire, Marine & Casualty Insurance",52,7
ADVANTAGE SOLUTIONS,0001776661,ADV,Advantage Solutions Inc.,7389,"Services-Business Services, NEC",56,7
FEIN 811384762,0001678660,PRLD,Prelude Therapeutics Inc,2834,Pharmaceutical Preparations,31-33,7
FEIN 882870106,0001963685,RR,RICHTECH ROBOTICS INC.,3569,"General Industrial Machinery & Equipment, NEC",31-33,7
FEIN 842040295,0001850119,IPSC,"Century Therapeutics, Inc.",2836,"Biological Products, (No Diagnostic Substances)",31-33,7
FEIN 331227980,0001576873,ABAT,AMERICAN BATTERY TECHNOLOGY Co,1400,Mining & Quarrying of  Nonmetallic Minerals (No Fuels),21,7
FEIN 831300510,0001806952,LYEL,"Lyell Immunopharma, Inc.",2834,Pharmaceutical Preparations,31-33,7
FEIN 813789973,0001858848,TNYA,"Tenaya Therapeutics, Inc.",2836,"Biological Products, (No Diagnostic Substances)",31-33,7
FEIN 223720962,0001173204,CNVS,Cineverse Corp.,7841,Services-Video Tape Rental,71,7
FEIN 900511367,0001880613,DRCT,"Direct Digital Holdings, Inc.",7310,Services-Advertising,56,7
FEIN 571164669,0001347123,NONE.,"EBR Systems, Inc.",3841,Surgical & Medical Instruments & Apparatus,31-33,7
NATIONAL RURAL UTILITIES COOPERATIVE FINANCE,0000070502,NRUC,NATIONAL RURAL UTILITIES COOPERATIVE FINANCE CORP /DC/,6159,Miscellaneous Business Credit Institution,52,7
SANDISK,0002023554,SNDK,Sandisk Corp,3572,Computer Storage Devices,31-33,6
MIZUHO FINANCIAL,0001335730,MFG,MIZUHO FINANCIAL GROUP INC,6021,National Commercial Banks,52,6
FEIN 721569235,0001703399,SE,Sea Ltd,7380,Services-Miscellaneous Business Services,56,6
TEVA PHARMACEUTICAL INDUSTRIES,0000818686,TEVA,TEVA PHARMACEUTICAL INDUSTRIES LTD,2834,Pharmaceutical Preparations,31-33,6
FEIN 650341002,0000046619,HEI,HEICO CORP,3724,Aircraft Engines & Engine Parts,31-33,6
UBIQUITI,0001511737,UI,Ubiquiti Inc.,3663,Radio & Tv Broadcasting & Communications Equipment,31-33,6
OTIS WORLDWIDE,0001781335,OTIS,Otis Worldwide Corp,3600,Electronic & Other Electrical Equipment (No Computer Equip),31-33,6
REGIONS FINANCIAL,0001281761,RF,REGIONS FINANCIAL CORP,6021,National Commercial Banks,52,6
VERALTO,0001967680,VLTO,Veralto Corp,3825,Instruments For Meas & Testing of  Electricity & Elec Signals,31-33,6
FEIN 820109423,0000215466,CDE,"Coeur Mining, Inc.",1040,Gold and Silver Ores,21,6
FEIN 731395733,0000895126,EXE,EXPAND ENERGY Corp,1311,Crude Petroleum & Natural Gas,21,6
NEWS,0001564708,NWSA,NEWS CORP,2711,Newspapers: Publishing or  Publishing & Printing,31-33,6
AMERICAN FINANCIAL,0001042046,AFG,AMERICAN FINANCIAL GROUP INC,6331,"Fire, Marine & Casualty Insurance",52,6
POPULAR,0000763901,BPOP,"POPULAR, INC.",6022,State Commercial Banks,52,6
FEIN 223181573,0001135951,RDY,DR REDDYS LABORATORIES LTD,2834,Pharmaceutical Preparations,31-33,6
FEIN 363898269,0001001316,TGTX,"TG THERAPEUTICS, INC.",2834,Pharmaceutical Preparations,31-33,6
WEST FRASER TIMBER,0001402388,WFG,"WEST FRASER TIMBER CO., LTD",2421,"Sawmills & Planting Mills, General",31-33,6
RLI,0000084246,RLI,RLI CORP,6331,"Fire, Marine & Casualty Insurance",52,6
FEIN 132578432,0000009326,BCPC,BALCHEM CORP,2800,Chemicals & Allied Products,31-33,6
FEIN 362669023,0001051512,TDS,TELEPHONE & DATA SYSTEMS INC /DE/,4813,Telephone Communications (No Radiotelephone),51,6
TRAVEL AND LEISURE,0001361658,TNL,Travel & Leisure Co.,7011,Hotels & Motels,72,6
HOWARD HUGHES,0001981792,HHH,Howard Hughes Holdings Inc.,6798,Real Estate Investment Trusts,52,6
I HOMES,0000799292,MHO,"M/I HOMES, INC.",1531,Operative Builders,23,6
VALVOLINE,0001674910,VVV,VALVOLINE INC,2990,Miscellaneous Products of  Petroleum & Coal,31-33,6
FEIN 942424084,0001040470,AEHR,AEHR TEST SYSTEMS,3825,Instruments For Meas & Testing of  Electricity & Elec Signals,31-33,6
FEIN 940362795,0001035201,CWT,CALIFORNIA WATER SERVICE GROUP,4941,Water Supply,22,6
FEIN 834461709,0001777921,AVPT,"AvePoint, Inc.",7372,Services-Prepackaged Software,51,6
FEIN 742211011,0000863436,BHE,BENCHMARK ELECTRONICS INC,3672,Printed Circuit Boards,31-33,6
FEIN 201496201,0001328581,BCC,BOISE CASCADE Co,5030,Wholesale-Lumber & Other Construction Materials,42,6
SUPERNUS PHARMACEUTICALS,0001356576,SUPN,"SUPERNUS PHARMACEUTICALS, INC.",2834,Pharmaceutical Preparations,31-33,6
FEIN 812744449,0001831828,VERA,"Vera Therapeutics, Inc.",2834,Pharmaceutical Preparations,31-33,6
FEIN 453060776,0001529274,ALKT,"ALKAMI TECHNOLOGY, INC.",7372,Services-Prepackaged Software,51,6
DRIVEN BRANDS,0001804745,DRVN,Driven Brands Holdings Inc.,7500,"Services-Automotive Repair, Services & Parking",81,6
INTERFACE,0000715787,TILE,INTERFACE INC,2273,Carpets & Rugs,31-33,6
INSPERITY,0001000753,NSP,"INSPERITY, INC.",7363,Services-Help Supply Services,56,6
NEXTDECADE,0001612720,NEXT,NextDecade Corp,4923,Natural Gas Transmisison & Distribution,22,6
FEIN 471144582,0001623526,STOK,"Stoke Therapeutics, Inc.",2834,Pharmaceutical Preparations,31-33,6
FEIN 362608369,0001564902,PRKS,United Parks & Resorts Inc.,7990,Services-Miscellaneous Amusement & Recreation,71,6
FEIN 822408531,0001720116,RDVT,"Red Violet, Inc.",7372,Services-Prepackaged Software,51,6
SCANSOURCE,0000918965,SCSC,"SCANSOURCE, INC.",5045,Wholesale-Computers & Peripheral Equipment & Software,42,6
FEIN 223410352,0001005210,SPH,SUBURBAN PROPANE PARTNERS LP,5900,Retail-Miscellaneous Retail,44-45,6
FEIN 455343371,0001447028,ABUS,Arbutus Biopharma Corp,2834,Pharmaceutical Preparations,31-33,6
FEIN 956881527,0001095651,SAFE,Safehold Inc.,6798,Real Estate Investment Trusts,52,6
FEIN 900526669,0001714174,BUR,Burford Capital Ltd,6199,Finance Services,52,6
FEIN 522214851,0001841387,CADL,"Candel Therapeutics, Inc.",2836,"Biological Products, (No Diagnostic Substances)",31-33,6
FEIN 473189089,0001851112,RSKD,RISKIFIED LTD.,7389,"Services-Business Services, NEC",56,6
METALLUS,0001598428,MTUS,Metallus Inc.,3312,"Steel Works, Blast Furnaces & Rolling Mills (Coke Ovens)",31-33,6
FEIN 471155768,0001842731,SMWB,SIMILARWEB LTD.,7370,"Services-Computer Programming, Data Processing, Etc.",54,6
FEIN 043404176,0001446847,IRWD,IRONWOOD PHARMACEUTICALS INC,2834,Pharmaceutical Preparations,31-33,6
FEIN 363658792,0001517396,SSYS,STRATASYS LTD.,3577,"Computer Peripheral Equipment, NEC",31-33,6
FEIN 030416362,0001267565,COLL,"COLLEGIUM PHARMACEUTICAL, INC",2834,Pharmaceutical Preparations,31-33,6
FEIN 273269467,0001526119,VSTM,"Verastem, Inc.",2834,Pharmaceutical Preparations,31-33,6
FEIN 522192026,0001158324,CCOI,"COGENT COMMUNICATIONS HOLDINGS, INC.",4899,"Communications Services, NEC",51,6
FEIN 800625749,0001531177,SGHT,"Sight Sciences, Inc.",3841,Surgical & Medical Instruments & Apparatus,31-33,6
FEIN 475617627,0001662579,CCCC,"C4 Therapeutics, Inc.",2836,"Biological Products, (No Diagnostic Substances)",31-33,6
FEIN 204118144,0001868995,CINT,CI&T Inc,7371,Services-Computer Programming Services,54,6
MONRO,0000876427,MNRO,"MONRO, INC.",7500,"Services-Automotive Repair, Services & Parking",81,6
FEIN 262640654,0001438423,MRAM,EVERSPIN TECHNOLOGIES INC.,3674,Semiconductors & Related Devices,31-33,6
FEIN 474721157,0001709941,BIOA,"BioAge Labs, Inc.",2834,Pharmaceutical Preparations,31-33,6
FEIN 203369494,0001378325,CV,"CapsoVision, Inc",3845,Electromedical & Electrotherapeutic Apparatus,31-33,6
FEIN 311364046,0000895456,RCKY,"ROCKY BRANDS, INC.",3140,"Footwear, (No Rubber)",31-33,6
FEIN 411458152,0000728387,CATX,"Perspective Therapeutics, Inc.",2834,Pharmaceutical Preparations,31-33,6
FEIN 880594201,0001780652,CAN,Canaan Inc.,6199,Finance Services,52,6
FEIN 870327982,0000275053,NATR,NATURES SUNSHINE PRODUCTS INC,2834,Pharmaceutical Preparations,31-33,6
FEIN 061249029,0000931148,EAF,GRAFTECH INTERNATIONAL LTD,3620,Electrical Industrial Apparatus,31-33,6
FEIN 853819886,0001835597,PEPG,PepGen Inc.,2834,Pharmaceutical Preparations,31-33,6
FEIN 204206017,0001357874,DTIL,PRECISION BIOSCIENCES INC,2836,"Biological Products, (No Diagnostic Substances)",31-33,6
FEIN 263383295,0001705843,CBUS,"Cibus, Inc.",2870,Agricultural Chemicals,31-33,6
VERITONE,0001615165,VERI,"Veritone, Inc.",7374,Services-Computer Processing & Data Preparation,54,6
FEIN 862862492,0001854139,ZVIA,Zevia PBC,2086,Bottled & Canned Soft Drinks & Carbonated Waters,31-33,6
FEIN 521401755,0000771856,CSBR,"CHAMPIONS ONCOLOGY, INC.",2836,"Biological Products, (No Diagnostic Substances)",31-33,6
FEIN 208121647,0001380106,RPID,"RAPID MICRO BIOSYSTEMS, INC.",3826,Laboratory Analytical Instruments,31-33,6
FEIN 352194038,0001224133,MCHX,MARCHEX INC,7372,Services-Prepackaged Software,51,6
FEIN 471214177,0001624326,PAVM,PAVmed Inc.,3841,Surgical & Medical Instruments & Apparatus,31-33,6
FEIN 471272281,0001933021,PLUT,Plutus Financial Group Ltd,6200,"Security & Commodity Brokers, Dealers, Exchanges & Services",52,6
FEIN 850935006,0001818274,ARAI,Arrive AI Inc.,7340,Services-To Dwellings & Other Buildings,56,6
FEIN 921560014,0001470683,AEHL,Antelope Enterprise Holdings Ltd,4899,"Communications Services, NEC",51,6
FEIN 611885158,0001958713,MI,NFT Ltd,6199,Finance Services,52,6
FEIN 223415036,0001005731,IDT,IDT CORP,4813,Telephone Communications (No Radiotelephone),51,6
FEIN 825117037,0001779977,SEQC,"SeeQC, Inc.",7374,Services-Computer Processing & Data Preparation,54,6
FEIN 720692213,0002134090,AGKO,Aggreko Inc.,4991,Cogeneration Services & Small Power Producers,22,6
FEIN 474881450,0001779372,BEATW,"HeartBeam, Inc.",3841,Surgical & Medical Instruments & Apparatus,31-33,6
ENCORE MEDICAL,0001838003,EMI,"Encore Medical, Inc.",3841,Surgical & Medical Instruments & Apparatus,31-33,6
BERKSHIRE HATHAWAY,0001067983,BRK-B,BERKSHIRE HATHAWAY INC,6331,"Fire, Marine & Casualty Insurance",52,5
UNION PACIFIC,0000100885,UNP,UNION PACIFIC CORP,4011,"Railroads, Line-Haul Operating",48-49,5
INFINEON TECHNOLOGIES AG,0001107457,IFNNY,INFINEON TECHNOLOGIES AG,3674,Semiconductors & Related Devices,31-33,5
LUMENTUM,0001633978,LITE,Lumentum Holdings Inc.,3669,"Communications Equipment, NEC",31-33,5
TRAVELERS COMPANIES,0000086312,TRV,"TRAVELERS COMPANIES, INC.",6331,"Fire, Marine & Casualty Insurance",52,5
SIMON PROPERTY,0001063761,SPG,SIMON PROPERTY GROUP INC.,6798,Real Estate Investment Trusts,52,5
CANADIAN PACIFIC KANSAS CITY,0000016875,CP,CANADIAN PACIFIC KANSAS CITY LTD/CN,4011,"Railroads, Line-Haul Operating",48-49,5
SLB,0000087347,SLB,SLB LIMITED/NV,1389,"Oil & Gas Field Services, NEC",21,5
CANADIAN NATIONAL RAILWAY,0000016868,CNI,CANADIAN NATIONAL RAILWAY CO,4011,"Railroads, Line-Haul Operating",48-49,5
FEIN 141904332,0001389170,TRGP,Targa Resources Corp.,4922,Natural Gas Transmission,22,5
DIAGEO,0000835403,DEO,DIAGEO PLC,2080,Beverages,31-33,5
HONDA MOTOR,0000715153,HMC,HONDA MOTOR CO LTD,3711,Motor Vehicles & Passenger Car Bodies,31-33,5
PULTEGROUP,0000822416,PHM,PULTEGROUP INC/MI/,1531,Operative Builders,23,5
DOW,0001751788,DOW,DOW INC.,2821,"Plastic Materials, Synth Resins & Nonvulcan Elastomers",31-33,5
FEIN 223086739,0001019849,PAG,"PENSKE AUTOMOTIVE GROUP, INC.",5500,Retail-Auto Dealers & Gasoline Stations,44-45,5
BRIDGEBIO PHARMA,0001743881,BBIO,"BridgeBio Pharma, Inc.",2834,Pharmaceutical Preparations,31-33,5
FIDELITY NATIONAL FINANCIAL,0001331875,FNF,"Fidelity National Financial, Inc.",6361,Title Insurance,52,5
WISE,0002099039,WSE,Wise Group plc,7389,"Services-Business Services, NEC",56,5
PAYCOM SOFTWARE,0001590955,PAYC,"Paycom Software, Inc.",7372,Services-Prepackaged Software,51,5
EVERCORE,0001360901,EVR,Evercore Inc.,6282,Investment Advice,52,5
FEIN 592979916,0000764038,SSB,SouthState Bank Corp,6022,State Commercial Banks,52,5
OSCAR HEALTH,0001568651,OSCR,"Oscar Health, Inc.",6324,Hospital & Medical Service Plans,52,5
DYCOM INDUSTRIES,0000067215,DY,DYCOM INDUSTRIES INC,1623,"Water, Sewer, Pipeline, Comm & Power Line Construction",23,5
WYNN RESORTS,0001174922,WYNN,WYNN RESORTS LTD,7011,Hotels & Motels,72,5
FEIN 851071072,0001913510,VFS,VinFast Auto Ltd.,3711,Motor Vehicles & Passenger Car Bodies,31-33,5
VICTORIA S SECRET,0001856437,VSXY,Victoria's Secret & Co.,5621,Retail-Women's Clothing Stores,44-45,5
FRONTDOOR,0001727263,FTDR,"Frontdoor, Inc.",7340,Services-To Dwellings & Other Buildings,56,5
FEIN 364811028,0001795250,SPHR,Sphere Entertainment Co.,7900,Services-Amusement & Recreation Services,71,5
FEIN 381686453,0000103730,VSH,VISHAY INTERTECHNOLOGY INC,3670,Electronic Components & Accessories,31-33,5
ALASKA AIR,0000766421,ALK,"ALASKA AIR GROUP, INC.",4512,"Air Transportation, Scheduled",48-49,5
INTEGER,0001114483,ITGR,Integer Holdings Corp,3845,Electromedical & Electrotherapeutic Apparatus,31-33,5
BRADY,0000746598,BRC,BRADY CORP,3990,Miscellaneous Manufacturing Industries,31-33,5
FEIN 320469673,0001691421,LMND,"Lemonade, Inc.",6331,"Fire, Marine & Casualty Insurance",52,5
CORVEL,0000874866,CRVL,CORVEL CORP,6411,"Insurance Agents, Brokers & Service",52,5
FEIN 881611079,0001921963,ATMU,Atmus Filtration Technologies Inc.,3714,Motor Vehicle Parts & Accessories,31-33,5
LAZARD,0001311370,LAZ,"Lazard, Inc.",6282,Investment Advice,52,5
FEIN 461947033,0001570585,LBTYA,Liberty Global Ltd.,4841,Cable & Other Pay Television Services,51,5
FEIN 205446298,0001818331,WGS,GeneDx Holdings Corp.,8000,Services-Health Services,62,5
FEIN 133191702,0000744218,CLDX,"Celldex Therapeutics, Inc.",2835,In Vitro & In Vivo Diagnostic Substances,31-33,5
FEIN 260084895,0001356090,PGEN,"PRECIGEN, INC.",2834,Pharmaceutical Preparations,31-33,5
FEIN 951797918,0000105132,WDFC,WD 40 CO,2890,Miscellaneous Chemical Products,31-33,5
AMC ENTERTAINMENT,0001411579,AMC,"AMC ENTERTAINMENT HOLDINGS, INC.",7830,Services-Motion Picture Theaters,71,5
FEIN 453587005,0001865631,NN,NEXTNAV INC.,3812,"Search, Detection, Navigation, Guidance, Aeronautical Sys",31-33,5
EZCORP,0000876523,EZPW,EZCORP INC,5900,Retail-Miscellaneous Retail,44-45,5
VESTIS,0001967649,VSTS,Vestis Corp,5190,Wholesale-Miscellaneous Nondurable Goods,42,5
FEIN 042825458,0001158895,LMAT,LEMAITRE VASCULAR INC,3841,Surgical & Medical Instruments & Apparatus,31-33,5
FEIN 843891440,0001984086,SEPN,"Septerna, Inc.",2834,Pharmaceutical Preparations,31-33,5
ICF INTERNATIONAL,0001362004,ICFI,"ICF International, Inc.",8742,Services-Management Consulting Services,54,5
FEIN 471787157,0001796280,ORIC,"Oric Pharmaceuticals, Inc.",2834,Pharmaceutical Preparations,31-33,5
UNIVERSAL,0000102037,UVV,UNIVERSAL CORP /VA/,5150,Wholesale-Farm Product Raw Materials,42,5
UPBOUND,0000933036,UPBD,"UPBOUND GROUP, INC.",7359,"Services-Equipment Rental & Leasing, NEC",56,5
FEIN 261303944,0001437402,ARDX,"ARDELYX, INC.",2834,Pharmaceutical Preparations,31-33,5
QUIDELORTHO,0001906324,QDEL,QuidelOrtho Corp,2835,In Vitro & In Vivo Diagnostic Substances,31-33,5
FEIN 870812245,0001846253,OABI,"OmniAb, Inc.",8731,Services-Commercial Physical & Biological Research,54,5
HELEN OF TROY,0000916789,HELE,HELEN OF TROY LTD,3634,Electric Housewares & Fans,31-33,5
FEIN 272404165,0001517375,SPT,"Sprout Social, Inc.",7372,Services-Prepackaged Software,51,5
VITAL FARMS,0001579733,VITL,"Vital Farms, Inc.",2000,Food and Kindred Products,31-33,5
SERVE ROBOTICS,0001832483,SERV,Serve Robotics Inc. /DE/,3569,"General Industrial Machinery & Equipment, NEC",31-33,5
CAMPING WORLD,0001669779,CWH,"Camping World Holdings, Inc.",5500,Retail-Auto Dealers & Gasoline Stations,44-45,5
FEIN 061357485,0001314102,EYPT,"EyePoint, Inc.",3826,Laboratory Analytical Instruments,31-33,5
FEIN 822439026,0001661998,QTTB,Q32 Bio Inc.,2834,Pharmaceutical Preparations,31-33,5
FULCRUM THERAPEUTICS,0001680581,FULC,"Fulcrum Therapeutics, Inc.",2834,Pharmaceutical Preparations,31-33,5
FEIN 954527222,0001009829,JAKK,JAKKS PACIFIC INC,3944,"Games, Toys & Children's Vehicles (No Dolls & Bicycles)",31-33,5
FEIN 364370966,0001116463,OSUR,ORASURE TECHNOLOGIES INC,3841,Surgical & Medical Instruments & Apparatus,31-33,5
FEIN 208128326,0001432133,KLTR,KALTURA INC,7372,Services-Prepackaged Software,51,5
FEIN 270239450,0001476840,EXFY,"Expensify, Inc.",7372,Services-Prepackaged Software,51,5
FEIN 844071422,0000024090,CIA,"CITIZENS, INC.",6311,Life Insurance,52,5
FEIN 770424412,0001127537,LUNG,Pulmonx Corp,3841,Surgical & Medical Instruments & Apparatus,31-33,5
FEIN 463218129,0001699382,PMVP,"PMV Pharmaceuticals, Inc.",2834,Pharmaceutical Preparations,31-33,5
FEIN 474272481,0001746473,PLRX,"PLIANT THERAPEUTICS, INC.",2834,Pharmaceutical Preparations,31-33,5
FEIN 223240619,0000910406,HAIN,HAIN CELESTIAL GROUP INC,2000,Food and Kindred Products,31-33,5
FEIN 261342810,0001398805,BEEM,Beam Global,3690,"Miscellaneous Electrical Machinery, Equipment & Supplies",31-33,5
CCH,0002074123,CCHH,CCH Holdings Ltd,5812,Retail-Eating  Places,72,5
FEIN 521166660,0001041657,UONE,"URBAN ONE, INC.",4832,Radio Broadcasting Stations,51,5
FEIN 933531172,0002001699,HPAI,Helport AI Ltd,7372,Services-Prepackaged Software,51,5
FEIN 520845822,0000946644,AIM,AIM ImmunoTech Inc.,2836,"Biological Products, (No Diagnostic Substances)",31-33,5
FEIN 464023773,0001584547,GP,GREENPOWER MOTOR Co INC.,3713,Truck & Bus Bodies,31-33,5
FEIN 113588546,0001422892,SGLY,Singularity Future Technology Ltd.,4731,Arrangement of  Transportation of  Freight & Cargo,48-49,5
FEIN 825144171,0001830072,IPW,iPower Inc.,5200,"Retail-Building Materials, Hardware, Garden Supply",44-45,5
FEIN 240755415,0000105418,WMK,WEIS MARKETS INC,5411,Retail-Grocery Stores,44-45,5
FEIN 831918668,0000007323,EAI,"ENTERGY ARKANSAS, LLC",4911,Electric Services,22,5
FEIN 922919297,0001726079,LUCN,"Lucent, Inc.",7389,"Services-Business Services, NEC",56,5
